{"type":"FeatureCollection","features":[{"type":"Feature","properties":{"district":"Srikakulam","district_hi":"श्रीकाकुलम"},"geometry":{"type":"Polygon","coordinates":[[[83.8319,18.3939],[83.8288,18.3962],[83.8238,18.4032],[83.8247,18.406],[83.8307,18.4093],[83.834,18.4143],[83.8341,18.4181],[83.8368,18.4198],[83.8355,18.423],[83.8316,18.4254],[83.8265,18.4281],[83.8222,18.4297],[83.8182,18.4315],[83.8149,18.4342],[83.8121,18.438],[83.8115,18.4404],[83.8123,18.4426],[83.8138,18.4456],[83.8155,18.4532],[83.8173,18.4598],[83.8173,18.4613],[83.8182,18.4633],[83.8203,18.465],[83.8199,18.4667],[83.8189,18.4725],[83.8177,18.4772],[83.8147,18.4795],[83.8148,18.4809],[83.8045,18.4896],[83.7991,18.4943],[83.7952,18.4975],[83.7932,18.5022],[83.7906,18.5069],[83.7895,18.5083],[83.7883,18.5122],[83.7901,18.5168],[83.7926,18.5222],[83.7938,18.5265],[83.797,18.5325],[83.8035,18.5389],[83.803,18.5437],[83.8029,18.5463],[83.8015,18.5498],[83.7988,18.5505],[83.7962,18.5489],[83.7926,18.5449],[83.7895,18.5428],[83.7861,18.5417],[83.7835,18.5433],[83.782,18.5485],[83.7795,18.5573],[83.7778,18.5637],[83.7711,18.5706],[83.7732,18.5825],[83.7747,18.5864],[83.7774,18.5945],[83.7781,18.5989],[83.7805,18.601],[83.7859,18.6022],[83.7886,18.6017],[83.7895,18.6043],[83.7939,18.6074],[83.796,18.6068],[83.7946,18.6046],[83.7937,18.6008],[83.7931,18.5987],[83.7906,18.5968],[83.7874,18.595],[83.7869,18.592],[83.7901,18.5909],[83.7936,18.5903],[83.7972,18.5904],[83.8037,18.5873],[83.8075,18.5877],[83.811,18.5865],[83.8116,18.5837],[83.8121,18.5805],[83.8134,18.5779],[83.818,18.574],[83.8246,18.5716],[83.8279,18.5664],[83.8271,18.5637],[83.8269,18.5606],[83.8273,18.5579],[83.83,18.5562],[83.8336,18.5543],[83.8446,18.5459],[83.8485,18.5423],[83.8492,18.5403],[83.8502,18.5385],[83.8514,18.536],[83.8562,18.5345],[83.8578,18.5346],[83.8597,18.5347],[83.8617,18.5353],[83.8667,18.5376],[83.8691,18.5388],[83.8696,18.5404],[83.8693,18.542],[83.8684,18.5426],[83.8661,18.5421],[83.8642,18.5415],[83.8627,18.5413],[83.8617,18.542],[83.8611,18.5434],[83.8618,18.545],[83.8637,18.546],[83.8675,18.5459],[83.8689,18.5459],[83.8704,18.5466],[83.8717,18.5483],[83.8702,18.5491],[83.8684,18.5502],[83.8688,18.5515],[83.8705,18.5516],[83.8719,18.5509],[83.8734,18.5498],[83.8757,18.5501],[83.8787,18.5522],[83.8796,18.5538],[83.8806,18.5553],[83.8819,18.5565],[83.8827,18.5548],[83.8834,18.553],[83.8839,18.549],[83.8844,18.5469],[83.8856,18.5457],[83.8865,18.5434],[83.888,18.5431],[83.89,18.5433],[83.892,18.5436],[83.8944,18.5432],[83.896,18.5421],[83.8971,18.5401],[83.9004,18.537],[83.9023,18.5363],[83.9035,18.5358],[83.9048,18.5349],[83.906,18.5344],[83.9073,18.5352],[83.9083,18.536],[83.9093,18.5367],[83.909,18.5379],[83.9086,18.5396],[83.9127,18.5411],[83.9153,18.5415],[83.9163,18.5418],[83.9175,18.5422],[83.9178,18.5443],[83.9166,18.5469],[83.9164,18.5524],[83.9156,18.5554],[83.9139,18.5555],[83.9111,18.5555],[83.9108,18.5556],[83.9106,18.5565],[83.9102,18.5577],[83.9091,18.5581],[83.9078,18.5582],[83.9066,18.5588],[83.9064,18.5597],[83.9078,18.5604],[83.907,18.5621],[83.9063,18.5627],[83.9054,18.5634],[83.9037,18.5646],[83.906,18.5665],[83.9066,18.567],[83.9074,18.568],[83.9085,18.5684],[83.9097,18.5675],[83.9119,18.567],[83.9142,18.5671],[83.9155,18.5679],[83.9177,18.5685],[83.9188,18.5683],[83.9208,18.5681],[83.9222,18.5687],[83.9237,18.5699],[83.9246,18.5713],[83.925,18.575],[83.9252,18.5765],[83.9257,18.5776],[83.925,18.5791],[83.9245,18.5798],[83.9213,18.5799],[83.9195,18.5804],[83.9182,18.5816],[83.9152,18.584],[83.9116,18.5852],[83.9108,18.5856],[83.9099,18.5861],[83.9095,18.5864],[83.9097,18.5871],[83.9109,18.5876],[83.9112,18.5885],[83.9098,18.5896],[83.9093,18.5924],[83.9087,18.5939],[83.9076,18.5955],[83.906,18.5968],[83.9055,18.5982],[83.9052,18.6005],[83.9038,18.6028],[83.903,18.6035],[83.9014,18.604],[83.9007,18.6043],[83.8989,18.6053],[83.8988,18.6064],[83.8997,18.607],[83.8998,18.608],[83.8973,18.6096],[83.8951,18.6103],[83.8948,18.6116],[83.8937,18.6129],[83.8929,18.6141],[83.8924,18.615],[83.892,18.616],[83.8923,18.6177],[83.8929,18.6189],[83.8947,18.6195],[83.8972,18.62],[83.8971,18.6233],[83.8964,18.6249],[83.8957,18.6261],[83.8943,18.6274],[83.8924,18.6289],[83.8918,18.6308],[83.8939,18.634],[83.8924,18.6342],[83.8841,18.6379],[83.8804,18.6401],[83.8753,18.6437],[83.8717,18.6475],[83.864,18.6541],[83.8596,18.6584],[83.8584,18.6602],[83.8506,18.6679],[83.8493,18.6718],[83.8468,18.6764],[83.8445,18.6793],[83.8417,18.6827],[83.8411,18.6858],[83.8414,18.6889],[83.8423,18.691],[83.8436,18.6929],[83.8443,18.6946],[83.8436,18.6966],[83.8424,18.6979],[83.8409,18.6993],[83.8396,18.7005],[83.8394,18.7044],[83.8422,18.7071],[83.8393,18.716],[83.8386,18.7209],[83.8401,18.7242],[83.8445,18.7252],[83.8501,18.7263],[83.8542,18.7278],[83.858,18.7295],[83.861,18.7311],[83.862,18.7377],[83.8671,18.7434],[83.8719,18.7436],[83.8743,18.7415],[83.8762,18.7408],[83.8789,18.7404],[83.8812,18.7403],[83.8837,18.7408],[83.8842,18.7326],[83.8886,18.7301],[83.8908,18.728],[83.8921,18.728],[83.8925,18.7291],[83.8916,18.7316],[83.8905,18.7334],[83.8887,18.7356],[83.8876,18.7374],[83.8873,18.7395],[83.8865,18.7422],[83.8854,18.7448],[83.885,18.7476],[83.8847,18.7494],[83.8825,18.7504],[83.8802,18.7501],[83.878,18.7493],[83.8755,18.7495],[83.8736,18.751],[83.8719,18.7521],[83.8702,18.755],[83.8704,18.7619],[83.8703,18.7646],[83.8688,18.7666],[83.8669,18.767],[83.864,18.767],[83.8625,18.7658],[83.8602,18.7656],[83.859,18.7664],[83.8577,18.7676],[83.8562,18.7691],[83.8548,18.7687],[83.8533,18.7676],[83.8488,18.7689],[83.8441,18.7697],[83.8405,18.7712],[83.8377,18.7725],[83.8359,18.7736],[83.8346,18.7753],[83.8347,18.7802],[83.8393,18.7811],[83.8444,18.7844],[83.848,18.7865],[83.85,18.787],[83.8513,18.7881],[83.8523,18.7893],[83.857,18.7897],[83.8598,18.7896],[83.8622,18.7898],[83.8645,18.7905],[83.8664,18.7907],[83.8684,18.7917],[83.8752,18.795],[83.8799,18.7966],[83.8846,18.7963],[83.8891,18.7969],[83.8881,18.8004],[83.8875,18.8028],[83.8844,18.8039],[83.882,18.8049],[83.8798,18.806],[83.8787,18.8071],[83.8794,18.8111],[83.88,18.8143],[83.8792,18.8158],[83.8789,18.8173],[83.8795,18.8179],[83.8817,18.8164],[83.8839,18.8143],[83.8856,18.8128],[83.8868,18.8117],[83.8889,18.8128],[83.8902,18.8147],[83.8911,18.8154],[83.8937,18.8168],[83.8946,18.8142],[83.8983,18.8157],[83.9032,18.8236],[83.9062,18.8252],[83.9097,18.8257],[83.9154,18.8252],[83.9283,18.8204],[83.9303,18.8173],[83.9341,18.8154],[83.9413,18.8157],[83.9434,18.812],[83.9443,18.808],[83.9475,18.8054],[83.9514,18.8051],[83.9567,18.8059],[83.9588,18.8089],[83.9632,18.8119],[83.9717,18.813],[83.977,18.8127],[83.99,18.8089],[83.9992,18.8135],[84.0076,18.8137],[84.015,18.8131],[84.0201,18.8095],[84.0235,18.8103],[84.0273,18.8065],[84.0299,18.8076],[84.0314,18.8101],[84.0347,18.8111],[84.0383,18.8092],[84.0384,18.8044],[84.0419,18.7991],[84.0463,18.7964],[84.0556,18.7925],[84.0552,18.7888],[84.0573,18.7863],[84.0557,18.7834],[84.0568,18.7796],[84.0612,18.7774],[84.0662,18.7771],[84.0681,18.7717],[84.0734,18.7608],[84.0775,18.7588],[84.0855,18.758],[84.087,18.7552],[84.0894,18.7537],[84.0932,18.7543],[84.0964,18.7562],[84.0993,18.7543],[84.1083,18.7618],[84.1151,18.7639],[84.1217,18.7642],[84.1265,18.7621],[84.1305,18.7574],[84.1371,18.762],[84.1355,18.7704],[84.1389,18.7739],[84.1426,18.7759],[84.148,18.7768],[84.1557,18.7809],[84.159,18.7849],[84.1625,18.7851],[84.1669,18.7842],[84.1678,18.7815],[84.1657,18.7783],[84.1702,18.7777],[84.1746,18.7793],[84.1874,18.7781],[84.1891,18.7866],[84.194,18.7887],[84.1979,18.7859],[84.2114,18.7918],[84.2242,18.7964],[84.2289,18.7956],[84.2318,18.7934],[84.2345,18.7963],[84.2382,18.7948],[84.2387,18.7893],[84.2535,18.7826],[84.2597,18.7817],[84.2664,18.784],[84.2717,18.7897],[84.2757,18.7895],[84.2807,18.7917],[84.2828,18.7964],[84.286,18.7989],[84.2914,18.8],[84.3079,18.7909],[84.3118,18.7899],[84.3146,18.7909],[84.3163,18.7877],[84.32,18.7884],[84.3204,18.7914],[84.3232,18.7954],[84.3344,18.7989],[84.3397,18.8012],[84.341,18.8043],[84.337,18.8137],[84.3368,18.8182],[84.3515,18.8211],[84.3482,18.8275],[84.3499,18.8307],[84.3517,18.8319],[84.3593,18.8318],[84.3619,18.8367],[84.3629,18.8393],[84.3545,18.8445],[84.3455,18.8454],[84.3434,18.8506],[84.3416,18.8607],[84.3416,18.8671],[84.3418,18.8729],[84.3434,18.8758],[84.3472,18.875],[84.3518,18.8718],[84.3544,18.8691],[84.3586,18.8632],[84.3616,18.8606],[84.3628,18.8606],[84.3644,18.861],[84.3655,18.8643],[84.3725,18.861],[84.3767,18.8681],[84.3789,18.8725],[84.379,18.8763],[84.3736,18.8808],[84.3687,18.8818],[84.367,18.881],[84.3612,18.8843],[84.3592,18.8869],[84.3589,18.8922],[84.3621,18.892],[84.3787,18.8845],[84.3815,18.8856],[84.3855,18.8832],[84.3906,18.8784],[84.3936,18.8808],[84.395,18.8868],[84.3935,18.8921],[84.3864,18.8945],[84.3816,18.8979],[84.3751,18.8984],[84.3723,18.9023],[84.3727,18.9053],[84.3771,18.9049],[84.3815,18.9031],[84.3858,18.9023],[84.3943,18.8989],[84.4013,18.895],[84.4052,18.8952],[84.4172,18.8997],[84.4194,18.903],[84.4181,18.9073],[84.415,18.9102],[84.4135,18.9152],[84.4169,18.9171],[84.4253,18.9097],[84.4277,18.9139],[84.4367,18.9228],[84.4273,18.9387],[84.4255,18.9447],[84.425,18.947],[84.4275,18.9512],[84.4282,18.9533],[84.4298,18.9547],[84.4314,18.9557],[84.4324,18.957],[84.4327,18.958],[84.4328,18.9604],[84.4321,18.9623],[84.4312,18.9636],[84.4306,18.9648],[84.4305,18.9666],[84.4318,18.9686],[84.4335,18.9691],[84.4359,18.9695],[84.4387,18.9693],[84.4406,18.9686],[84.4417,18.9682],[84.4438,18.9687],[84.4453,18.9699],[84.4461,18.9714],[84.4472,18.9731],[84.45,18.975],[84.4512,18.9761],[84.4523,18.9771],[84.452,18.9782],[84.4503,18.9794],[84.4478,18.9815],[84.4457,18.9838],[84.4451,18.9859],[84.4445,18.9885],[84.4444,18.9903],[84.4429,18.9914],[84.4409,18.9917],[84.4389,18.9921],[84.4362,18.9929],[84.4341,18.9939],[84.4333,18.995],[84.4325,18.9969],[84.433,19.0035],[84.433,19.0054],[84.4318,19.0063],[84.4298,19.0072],[84.4282,19.0087],[84.4262,19.0107],[84.425,19.0121],[84.424,19.0135],[84.422,19.0147],[84.4216,19.0177],[84.4212,19.0201],[84.4211,19.0222],[84.4232,19.0214],[84.4243,19.0207],[84.4253,19.0199],[84.4254,19.0185],[84.4249,19.0181],[84.4244,19.0175],[84.4242,19.0169],[84.4244,19.0162],[84.4246,19.0158],[84.4249,19.0153],[84.4253,19.0143],[84.4255,19.014],[84.4259,19.0137],[84.4266,19.0137],[84.4275,19.0136],[84.4286,19.0136],[84.4295,19.0137],[84.4305,19.0138],[84.4319,19.0138],[84.4325,19.0136],[84.4326,19.0129],[84.433,19.0118],[84.4333,19.0111],[84.4338,19.0108],[84.4347,19.0108],[84.4353,19.0105],[84.4359,19.0101],[84.4364,19.0097],[84.4367,19.0093],[84.437,19.0088],[84.4376,19.0075],[84.4378,19.0071],[84.4383,19.007],[84.4389,19.007],[84.4396,19.0073],[84.4401,19.0077],[84.4408,19.008],[84.4415,19.0078],[84.4417,19.0073],[84.4412,19.0067],[84.4409,19.0063],[84.4407,19.0058],[84.4409,19.0051],[84.4416,19.0042],[84.4419,19.0037],[84.4425,19.0034],[84.4428,19.0033],[84.4435,19.0034],[84.4442,19.0037],[84.4446,19.0041],[84.4451,19.0044],[84.4457,19.0045],[84.4464,19.0044],[84.4472,19.0041],[84.4501,19.0029],[84.4512,19.0025],[84.4524,19.002],[84.453,19.0014],[84.4538,19.0006],[84.4541,19.0002],[84.4553,18.999],[84.4556,18.9982],[84.456,18.9978],[84.4566,18.9975],[84.4576,18.9976],[84.4581,18.9978],[84.4594,18.9979],[84.4602,18.9976],[84.4608,18.9973],[84.4611,18.9969],[84.461,18.9964],[84.4608,18.9958],[84.4605,18.995],[84.4603,18.9945],[84.4604,18.994],[84.4606,18.9936],[84.4612,18.9934],[84.4617,18.9935],[84.462,18.9936],[84.4626,18.9937],[84.4634,18.9932],[84.4637,18.9929],[84.4641,18.9925],[84.4644,18.9921],[84.465,18.992],[84.4653,18.9921],[84.4654,18.9925],[84.4653,18.9931],[84.4651,18.9934],[84.465,18.9936],[84.4648,18.9941],[84.4656,18.9947],[84.4671,18.9943],[84.4677,18.9939],[84.468,18.9937],[84.4701,18.9921],[84.4709,18.9918],[84.4715,18.992],[84.4722,18.9922],[84.4729,18.9924],[84.4737,18.9923],[84.4742,18.9922],[84.4747,18.9919],[84.4748,18.991],[84.475,18.9901],[84.4754,18.9897],[84.4762,18.9896],[84.477,18.9899],[84.4774,18.9902],[84.478,18.9906],[84.4785,18.9911],[84.4798,18.9929],[84.4798,18.9954],[84.4822,18.9992],[84.4827,19.001],[84.4834,19.0038],[84.4836,19.0062],[84.4832,19.0114],[84.4833,19.0154],[84.4848,19.0173],[84.4866,19.0186],[84.4888,19.0197],[84.4907,19.021],[84.4927,19.0246],[84.4945,19.0276],[84.4957,19.0289],[84.498,19.0305],[84.4999,19.0317],[84.5022,19.0323],[84.5033,19.0323],[84.5048,19.0325],[84.506,19.0334],[84.5068,19.0346],[84.5078,19.0362],[84.511,19.039],[84.5119,19.0407],[84.5131,19.042],[84.5137,19.0432],[84.5144,19.0447],[84.5153,19.0461],[84.5161,19.0473],[84.5166,19.0479],[84.5179,19.048],[84.5196,19.0479],[84.5217,19.0479],[84.5239,19.0479],[84.5253,19.0476],[84.5259,19.0468],[84.5269,19.0461],[84.5275,19.0461],[84.5288,19.0464],[84.5314,19.0475],[84.5324,19.0485],[84.5336,19.0489],[84.5344,19.049],[84.5351,19.0492],[84.536,19.0499],[84.5363,19.0505],[84.5388,19.0529],[84.54,19.0538],[84.5409,19.0544],[84.5414,19.0546],[84.545,19.0552],[84.5483,19.0553],[84.5541,19.0557],[84.5572,19.0562],[84.5585,19.0571],[84.5616,19.0603],[84.5631,19.0619],[84.5634,19.0633],[84.5641,19.0645],[84.565,19.066],[84.5663,19.0671],[84.569,19.0693],[84.5703,19.0709],[84.5712,19.0719],[84.5723,19.0727],[84.5732,19.073],[84.5739,19.0729],[84.5739,19.0725],[84.5732,19.0719],[84.5725,19.0713],[84.5721,19.0706],[84.572,19.0698],[84.5723,19.0689],[84.5731,19.0682],[84.574,19.0679],[84.5748,19.0676],[84.5757,19.0675],[84.5766,19.0675],[84.5777,19.068],[84.5783,19.069],[84.5791,19.0706],[84.5796,19.0718],[84.5813,19.0736],[84.582,19.0739],[84.5829,19.0735],[84.5835,19.0726],[84.5836,19.071],[84.5837,19.0688],[84.5834,19.0666],[84.583,19.0653],[84.5826,19.0641],[84.5824,19.0631],[84.5815,19.0605],[84.5822,19.0587],[84.5825,19.0574],[84.5826,19.0561],[84.5821,19.0551],[84.5817,19.0527],[84.5825,19.0511],[84.5827,19.049],[84.5815,19.0481],[84.5807,19.0473],[84.5801,19.0465],[84.5793,19.0451],[84.579,19.0437],[84.5785,19.042],[84.5785,19.0406],[84.5794,19.04],[84.5809,19.0405],[84.5817,19.0412],[84.5829,19.0418],[84.5831,19.0406],[84.5828,19.0397],[84.5824,19.0389],[84.5818,19.0378],[84.582,19.0365],[84.5828,19.035],[84.5828,19.0326],[84.5818,19.0316],[84.5817,19.0304],[84.5832,19.0295],[84.5842,19.0289],[84.5849,19.028],[84.5876,19.0255],[84.589,19.0244],[84.5903,19.0236],[84.5912,19.0231],[84.5932,19.0222],[84.5943,19.0226],[84.5949,19.0238],[84.5956,19.0247],[84.5972,19.0252],[84.5988,19.025],[84.5997,19.0247],[84.6004,19.0246],[84.6011,19.0254],[84.6013,19.0268],[84.6016,19.028],[84.602,19.0295],[84.6019,19.0306],[84.6023,19.0321],[84.6046,19.0347],[84.6049,19.0367],[84.6051,19.0383],[84.6061,19.0412],[84.6063,19.0421],[84.6085,19.0454],[84.6102,19.048],[84.6121,19.0498],[84.6132,19.0512],[84.6134,19.0528],[84.6132,19.0546],[84.6144,19.056],[84.616,19.0555],[84.6168,19.0551],[84.6183,19.055],[84.6194,19.0556],[84.6213,19.0569],[84.6215,19.0583],[84.6208,19.0592],[84.6197,19.0597],[84.6184,19.0603],[84.6177,19.0608],[84.6176,19.0617],[84.619,19.0646],[84.6205,19.0658],[84.6227,19.0661],[84.6246,19.0662],[84.6264,19.066],[84.6292,19.0655],[84.6299,19.0645],[84.6301,19.0629],[84.6301,19.0616],[84.6306,19.0603],[84.6323,19.0598],[84.6342,19.0597],[84.6356,19.0598],[84.6369,19.0602],[84.6375,19.0613],[84.6381,19.0625],[84.6389,19.0635],[84.6402,19.0643],[84.6423,19.0664],[84.6446,19.0665],[84.6467,19.0668],[84.6536,19.0675],[84.6553,19.067],[84.657,19.0658],[84.6577,19.0642],[84.6592,19.0634],[84.6603,19.0637],[84.6613,19.0648],[84.6618,19.0662],[84.6619,19.0684],[84.6623,19.0721],[84.664,19.0741],[84.6661,19.074],[84.6677,19.0741],[84.6686,19.0745],[84.6688,19.0757],[84.6682,19.0769],[84.6659,19.0805],[84.6644,19.0828],[84.664,19.0846],[84.6635,19.0866],[84.6624,19.0884],[84.6607,19.0895],[84.6601,19.0905],[84.6601,19.092],[84.6595,19.0933],[84.6583,19.0933],[84.6568,19.0931],[84.6556,19.093],[84.6548,19.0931],[84.6527,19.0939],[84.6509,19.0946],[84.6493,19.095],[84.6479,19.095],[84.6471,19.0947],[84.6459,19.0937],[84.6437,19.0915],[84.6422,19.0905],[84.6406,19.0897],[84.6388,19.089],[84.6375,19.0881],[84.6365,19.087],[84.6329,19.0849],[84.6315,19.0844],[84.63,19.0844],[84.6274,19.0851],[84.6265,19.0861],[84.6254,19.0876],[84.6246,19.0887],[84.6243,19.0902],[84.6238,19.0918],[84.6232,19.0936],[84.6249,19.0958],[84.6252,19.0975],[84.6252,19.0991],[84.6241,19.1009],[84.6227,19.102],[84.621,19.1022],[84.6197,19.1015],[84.6188,19.1008],[84.618,19.1003],[84.617,19.1],[84.6139,19.0999],[84.6122,19.1001],[84.6109,19.1005],[84.6104,19.1018],[84.6104,19.1031],[84.611,19.1042],[84.6112,19.1053],[84.6103,19.1069],[84.6084,19.1085],[84.6075,19.1115],[84.6065,19.1141],[84.6055,19.1172],[84.6035,19.1207],[84.6026,19.1223],[84.6033,19.1245],[84.6032,19.1258],[84.602,19.1266],[84.6005,19.127],[84.5975,19.1279],[84.5962,19.1289],[84.5952,19.1302],[84.5958,19.1318],[84.5976,19.132],[84.6001,19.1317],[84.6022,19.1315],[84.6052,19.1313],[84.607,19.13],[84.6087,19.1292],[84.6104,19.1285],[84.6138,19.128],[84.6185,19.1274],[84.621,19.1273],[84.6232,19.1272],[84.6274,19.127],[84.6291,19.1272],[84.6307,19.1279],[84.633,19.1287],[84.6384,19.1297],[84.641,19.13],[84.643,19.1297],[84.6441,19.1299],[84.6447,19.132],[84.6452,19.1326],[84.6472,19.1317],[84.6489,19.1308],[84.6512,19.1298],[84.6532,19.1293],[84.6557,19.1292],[84.6577,19.1299],[84.6595,19.131],[84.6609,19.1312],[84.6629,19.1306],[84.6642,19.1303],[84.6655,19.1303],[84.6663,19.1304],[84.6673,19.1311],[84.6685,19.1348],[84.6696,19.1375],[84.6704,19.1425],[84.6708,19.1477],[84.6698,19.1528],[84.6686,19.155],[84.6684,19.1572],[84.6683,19.1584],[84.6687,19.162],[84.67,19.1644],[84.6713,19.1657],[84.6729,19.1662],[84.6755,19.1663],[84.6773,19.1662],[84.6782,19.1659],[84.6796,19.1646],[84.6829,19.1606],[84.685,19.16],[84.6879,19.1603],[84.691,19.1606],[84.6939,19.1605],[84.6995,19.1603],[84.7029,19.1603],[84.7056,19.16],[84.7102,19.159],[84.7126,19.1579],[84.7136,19.1564],[84.7141,19.1548],[84.7142,19.1535],[84.7137,19.1525],[84.7118,19.1494],[84.7111,19.1481],[84.709,19.1476],[84.7068,19.1473],[84.705,19.1473],[84.7029,19.147],[84.7015,19.1465],[84.7011,19.1457],[84.7012,19.1442],[84.7036,19.1429],[84.705,19.1417],[84.7052,19.1402],[84.7047,19.1389],[84.7038,19.1369],[84.7012,19.1342],[84.7004,19.1313],[84.6992,19.1275],[84.7009,19.1256],[84.702,19.1248],[84.7022,19.1235],[84.702,19.1223],[84.702,19.1205],[84.7022,19.119],[84.7036,19.1176],[84.7054,19.1169],[84.7078,19.1154],[84.7102,19.1141],[84.7169,19.1094],[84.7229,19.1039],[84.7342,19.0972],[84.7423,19.0919],[84.7515,19.0844],[84.7568,19.0813],[84.7618,19.0785],[84.7647,19.0774],[84.7622,19.0741],[84.7618,19.0734],[84.7613,19.0728],[84.7608,19.0719],[84.7603,19.0713],[84.7598,19.0705],[84.7593,19.0698],[84.7587,19.0689],[84.7583,19.0684],[84.758,19.0673],[84.7575,19.0668],[84.7567,19.0655],[84.756,19.0644],[84.7555,19.0638],[84.7551,19.0634],[84.7547,19.0626],[84.7542,19.062],[84.7539,19.0613],[84.7534,19.0609],[84.7533,19.0608],[84.7529,19.06],[84.7523,19.0595],[84.7519,19.0586],[84.7513,19.058],[84.7507,19.0573],[84.7502,19.0567],[84.7499,19.0561],[84.7494,19.0555],[84.7489,19.0547],[84.7486,19.0542],[84.7484,19.0539],[84.7481,19.0535],[84.7479,19.0532],[84.7477,19.0529],[84.7473,19.0526],[84.7471,19.0525],[84.7469,19.0522],[84.7465,19.052],[84.7464,19.0516],[84.7463,19.0512],[84.7463,19.051],[84.7463,19.0508],[84.7462,19.0507],[84.7461,19.0505],[84.7458,19.0499],[84.7456,19.0496],[84.7453,19.0493],[84.7449,19.0487],[84.7445,19.0482],[84.7442,19.0479],[84.7438,19.0475],[84.7434,19.0469],[84.743,19.0465],[84.7428,19.046],[84.7424,19.0455],[84.7419,19.0448],[84.7414,19.0442],[84.7407,19.0433],[84.7404,19.0428],[84.7402,19.0425],[84.7396,19.0418],[84.7393,19.0413],[84.7388,19.0406],[84.7385,19.0403],[84.7383,19.04],[84.7374,19.0389],[84.737,19.0385],[84.7367,19.038],[84.7361,19.0372],[84.7359,19.0369],[84.7353,19.0361],[84.7346,19.0353],[84.7341,19.0346],[84.7333,19.0335],[84.7326,19.0327],[84.7321,19.0321],[84.7318,19.0317],[84.7316,19.0315],[84.7314,19.0311],[84.7311,19.0308],[84.7309,19.0305],[84.7306,19.0302],[84.7302,19.0298],[84.7299,19.0294],[84.7293,19.0285],[84.7289,19.0281],[84.7287,19.0278],[84.7281,19.027],[84.7277,19.0265],[84.7273,19.026],[84.7269,19.0254],[84.7264,19.0249],[84.726,19.0244],[84.7256,19.0239],[84.7251,19.0233],[84.7247,19.0226],[84.7243,19.0221],[84.724,19.0217],[84.7238,19.0215],[84.7236,19.0212],[84.723,19.0205],[84.7226,19.0198],[84.722,19.0191],[84.7215,19.0183],[84.7211,19.0178],[84.7208,19.0174],[84.7204,19.0168],[84.7197,19.0159],[84.7189,19.0149],[84.7184,19.0142],[84.7178,19.0133],[84.7174,19.0128],[84.7166,19.0117],[84.7161,19.0112],[84.7156,19.0105],[84.7153,19.0101],[84.7151,19.0097],[84.7147,19.0092],[84.7141,19.0085],[84.7132,19.0074],[84.7128,19.0067],[84.7124,19.0063],[84.7122,19.0059],[84.7117,19.0053],[84.7112,19.0047],[84.7108,19.0042],[84.7105,19.0037],[84.7101,19.0032],[84.7097,19.0027],[84.7091,19.0018],[84.7087,19.0012],[84.7083,19.0007],[84.7079,19.0001],[84.7076,18.9997],[84.7074,18.9995],[84.7071,18.999],[84.7066,18.9984],[84.7062,18.9979],[84.7056,18.9971],[84.7051,18.9965],[84.7045,18.9957],[84.7041,18.9951],[84.7035,18.9944],[84.7031,18.9938],[84.7027,18.9934],[84.7025,18.993],[84.7022,18.9926],[84.7019,18.9922],[84.7017,18.9919],[84.7012,18.9914],[84.7009,18.991],[84.7006,18.9905],[84.7002,18.99],[84.6994,18.989],[84.6989,18.9882],[84.6986,18.9879],[84.6982,18.9874],[84.6979,18.987],[84.6975,18.9863],[84.6971,18.9859],[84.6966,18.9853],[84.696,18.9845],[84.6954,18.9836],[84.6942,18.9823],[84.6936,18.9815],[84.6929,18.9806],[84.6925,18.9802],[84.6921,18.9796],[84.6916,18.979],[84.691,18.9784],[84.6905,18.9777],[84.69,18.9771],[84.6895,18.9765],[84.6889,18.9757],[84.6882,18.9748],[84.6873,18.9737],[84.6868,18.9729],[84.6864,18.9724],[84.6862,18.972],[84.6859,18.9715],[84.6858,18.9713],[84.6856,18.9711],[84.6854,18.9709],[84.6852,18.9707],[84.6851,18.9706],[84.6849,18.9703],[84.6847,18.9702],[84.6846,18.9701],[84.6843,18.9696],[84.6841,18.9692],[84.684,18.9691],[84.6838,18.9686],[84.6836,18.9683],[84.6832,18.9678],[84.6827,18.9672],[84.6823,18.9667],[84.6819,18.9663],[84.6816,18.9659],[84.6813,18.9656],[84.6811,18.9653],[84.6807,18.9649],[84.6802,18.9643],[84.6799,18.9639],[84.6796,18.9635],[84.6792,18.9631],[84.6784,18.9621],[84.678,18.9617],[84.6775,18.9611],[84.6771,18.9607],[84.6766,18.9601],[84.6762,18.9596],[84.6753,18.9587],[84.6749,18.9582],[84.6741,18.9575],[84.6735,18.9568],[84.673,18.9562],[84.6724,18.9556],[84.6719,18.955],[84.6714,18.9545],[84.6707,18.9539],[84.6703,18.9535],[84.67,18.9531],[84.6696,18.9528],[84.6693,18.9524],[84.669,18.9521],[84.6687,18.9518],[84.6684,18.9515],[84.668,18.9512],[84.6677,18.9508],[84.6674,18.9505],[84.6671,18.9503],[84.6664,18.9496],[84.666,18.9492],[84.6654,18.9487],[84.665,18.9483],[84.6644,18.9477],[84.664,18.9474],[84.6633,18.9467],[84.6628,18.9463],[84.6624,18.946],[84.662,18.9457],[84.6616,18.9454],[84.661,18.9448],[84.6606,18.9443],[84.6602,18.944],[84.66,18.9437],[84.659,18.9428],[84.6584,18.9424],[84.6568,18.9409],[84.656,18.9402],[84.6555,18.9398],[84.6549,18.9393],[84.6525,18.9371],[84.6513,18.936],[84.6505,18.9353],[84.6497,18.9345],[84.6492,18.934],[84.6485,18.9335],[84.6479,18.9329],[84.6473,18.9323],[84.6465,18.9317],[84.6459,18.9311],[84.645,18.9303],[84.6448,18.9301],[84.6445,18.9299],[84.6441,18.9295],[84.6436,18.9291],[84.6426,18.9281],[84.642,18.9275],[84.6416,18.9272],[84.6412,18.9268],[84.6406,18.9262],[84.6396,18.9253],[84.6387,18.9246],[84.638,18.924],[84.6377,18.9237],[84.6373,18.9233],[84.6367,18.9229],[84.6362,18.9224],[84.6359,18.9222],[84.6357,18.922],[84.6354,18.9217],[84.6351,18.9214],[84.6348,18.9212],[84.6345,18.9209],[84.6343,18.9206],[84.634,18.9203],[84.6336,18.9199],[84.6333,18.9196],[84.6328,18.919],[84.6321,18.9182],[84.6313,18.9173],[84.6309,18.9168],[84.6306,18.9166],[84.6303,18.9164],[84.6298,18.9161],[84.6297,18.916],[84.6285,18.9151],[84.6278,18.9144],[84.6272,18.914],[84.6268,18.9135],[84.6258,18.9126],[84.6253,18.9122],[84.625,18.912],[84.6248,18.9117],[84.6245,18.9114],[84.6241,18.911],[84.6237,18.9107],[84.6234,18.9104],[84.6228,18.9099],[84.622,18.9093],[84.6217,18.9089],[84.621,18.9083],[84.6206,18.9079],[84.62,18.9072],[84.6196,18.9068],[84.6194,18.9064],[84.619,18.906],[84.6184,18.9053],[84.618,18.905],[84.6176,18.9045],[84.6161,18.9031],[84.6152,18.9021],[84.6146,18.9016],[84.6139,18.901],[84.6136,18.9006],[84.6133,18.9003],[84.6129,18.8999],[84.6125,18.8996],[84.6123,18.8994],[84.612,18.8991],[84.6116,18.8987],[84.6107,18.8978],[84.6101,18.8972],[84.6098,18.8969],[84.6096,18.8967],[84.6093,18.8963],[84.609,18.896],[84.6086,18.8956],[84.608,18.8949],[84.6077,18.8945],[84.6075,18.8943],[84.6073,18.894],[84.607,18.8937],[84.6067,18.8934],[84.6065,18.8931],[84.6061,18.8928],[84.6054,18.8918],[84.605,18.8914],[84.6048,18.8911],[84.6043,18.8905],[84.604,18.8901],[84.6037,18.8897],[84.6025,18.8882],[84.6018,18.8874],[84.6014,18.8869],[84.6009,18.8863],[84.6005,18.8858],[84.6002,18.8854],[84.5997,18.8848],[84.5992,18.8843],[84.5989,18.8839],[84.5987,18.8835],[84.5984,18.883],[84.5979,18.8824],[84.5976,18.882],[84.5973,18.8816],[84.5971,18.8813],[84.5969,18.8811],[84.5961,18.8801],[84.5956,18.8796],[84.5953,18.8791],[84.595,18.8787],[84.5948,18.8784],[84.5945,18.8778],[84.5941,18.8771],[84.5937,18.8766],[84.5929,18.8754],[84.5926,18.8752],[84.5925,18.875],[84.5923,18.8747],[84.5921,18.8743],[84.5917,18.8736],[84.5916,18.8734],[84.5905,18.8719],[84.5902,18.8714],[84.5898,18.8708],[84.5895,18.8703],[84.5891,18.8698],[84.5887,18.8692],[84.5884,18.8687],[84.588,18.8681],[84.5875,18.8675],[84.5872,18.867],[84.5868,18.8663],[84.5864,18.8657],[84.5859,18.8649],[84.5857,18.8645],[84.5851,18.8635],[84.5849,18.863],[84.5846,18.8623],[84.5843,18.8617],[84.5841,18.8614],[84.5839,18.8611],[84.5837,18.8607],[84.5833,18.8599],[84.583,18.8593],[84.5826,18.8587],[84.5825,18.8583],[84.5816,18.8564],[84.5807,18.854],[84.5804,18.8534],[84.58,18.8525],[84.5798,18.852],[84.5793,18.8506],[84.579,18.8501],[84.5787,18.8493],[84.5786,18.8491],[84.5785,18.8489],[84.5783,18.8482],[84.5781,18.8477],[84.5777,18.8469],[84.5775,18.8463],[84.5771,18.8457],[84.5766,18.8447],[84.5762,18.8438],[84.5758,18.8429],[84.5757,18.8424],[84.5755,18.8419],[84.5755,18.8415],[84.5754,18.8412],[84.5754,18.8405],[84.5755,18.8397],[84.5755,18.8391],[84.5755,18.8385],[84.5751,18.8378],[84.5748,18.8373],[84.5745,18.837],[84.574,18.8365],[84.5733,18.8356],[84.5727,18.8351],[84.5725,18.8349],[84.5715,18.8339],[84.571,18.8335],[84.5706,18.8332],[84.5702,18.8328],[84.5699,18.8325],[84.5695,18.8322],[84.5688,18.8315],[84.5685,18.8313],[84.5682,18.831],[84.5678,18.8307],[84.5676,18.8304],[84.5672,18.83],[84.5668,18.8297],[84.5665,18.8293],[84.5659,18.8286],[84.5654,18.828],[84.5647,18.8272],[84.5644,18.8268],[84.5642,18.8265],[84.564,18.8261],[84.5635,18.8254],[84.563,18.8247],[84.5623,18.8238],[84.5615,18.8229],[84.5611,18.8225],[84.5606,18.8219],[84.5604,18.8215],[84.5603,18.8213],[84.5601,18.821],[84.5599,18.8207],[84.5597,18.8202],[84.5591,18.8192],[84.5589,18.8188],[84.5584,18.8177],[84.5579,18.8166],[84.5577,18.8162],[84.5576,18.8155],[84.5574,18.8148],[84.5574,18.8143],[84.5574,18.8138],[84.5573,18.8135],[84.5572,18.8132],[84.5571,18.8128],[84.557,18.8125],[84.5569,18.812],[84.5568,18.8109],[84.5568,18.8099],[84.5568,18.8092],[84.5565,18.8083],[84.5562,18.8077],[84.5561,18.8074],[84.556,18.8071],[84.5558,18.8066],[84.5556,18.8061],[84.5553,18.8051],[84.555,18.8044],[84.5548,18.8033],[84.5544,18.8019],[84.5543,18.8015],[84.5543,18.8012],[84.5542,18.8004],[84.5541,18.7997],[84.5541,18.7992],[84.5541,18.7987],[84.5542,18.798],[84.5542,18.7976],[84.5543,18.7974],[84.5543,18.7973],[84.5543,18.7972],[84.5545,18.7972],[84.5546,18.7971],[84.5546,18.797],[84.5545,18.797],[84.5544,18.797],[84.5543,18.797],[84.5543,18.7969],[84.5542,18.7969],[84.5543,18.7968],[84.5544,18.7968],[84.5545,18.7968],[84.5545,18.7967],[84.5544,18.7967],[84.5544,18.7966],[84.5541,18.7962],[84.5538,18.7955],[84.5535,18.795],[84.5531,18.7944],[84.5529,18.7938],[84.5528,18.7935],[84.5528,18.7931],[84.5528,18.7927],[84.5528,18.7925],[84.5528,18.7924],[84.5522,18.7916],[84.5518,18.7913],[84.5515,18.791],[84.5507,18.79],[84.5504,18.7897],[84.55,18.7892],[84.5485,18.7877],[84.5478,18.7869],[84.5474,18.7865],[84.5471,18.7862],[84.5464,18.7856],[84.546,18.7852],[84.5453,18.7846],[84.5447,18.784],[84.5443,18.7837],[84.5437,18.7831],[84.5432,18.7826],[84.5423,18.7818],[84.5412,18.7809],[84.5406,18.7803],[84.5398,18.7796],[84.5393,18.7792],[84.5387,18.7785],[84.5383,18.7782],[84.5379,18.7778],[84.5372,18.7771],[84.5369,18.7767],[84.5365,18.7764],[84.5361,18.7761],[84.5357,18.7757],[84.5354,18.7754],[84.5351,18.7752],[84.5348,18.7749],[84.5344,18.7745],[84.5335,18.7738],[84.5326,18.7731],[84.5319,18.7725],[84.5313,18.7719],[84.5305,18.7714],[84.53,18.7709],[84.5294,18.7704],[84.5285,18.7697],[84.5276,18.769],[84.5262,18.7679],[84.5256,18.7676],[84.5246,18.7668],[84.523,18.7656],[84.5221,18.765],[84.5212,18.7643],[84.5203,18.7636],[84.5198,18.7632],[84.5186,18.7623],[84.5177,18.7617],[84.5167,18.7609],[84.5158,18.7604],[84.5148,18.7596],[84.5145,18.7594],[84.5142,18.7591],[84.5136,18.7586],[84.5132,18.7584],[84.5127,18.758],[84.5124,18.7578],[84.5119,18.7574],[84.5109,18.7566],[84.51,18.756],[84.5096,18.7557],[84.5091,18.7553],[84.5083,18.7546],[84.5069,18.7535],[84.5063,18.7531],[84.5052,18.7522],[84.5045,18.7516],[84.5039,18.7511],[84.5035,18.7508],[84.5033,18.7506],[84.5029,18.7502],[84.5015,18.7491],[84.5007,18.7482],[84.5001,18.7478],[84.4997,18.7475],[84.4983,18.7461],[84.4975,18.7454],[84.497,18.7449],[84.4965,18.7444],[84.4961,18.744],[84.4954,18.7434],[84.495,18.743],[84.4945,18.7424],[84.4941,18.742],[84.4936,18.7416],[84.4933,18.7413],[84.4924,18.7407],[84.4916,18.7401],[84.4913,18.7394],[84.4903,18.7387],[84.4895,18.7376],[84.4896,18.7369],[84.4889,18.736],[84.4882,18.7351],[84.4879,18.7346],[84.4878,18.7344],[84.4877,18.7342],[84.4875,18.7338],[84.4874,18.7334],[84.4873,18.7333],[84.4872,18.7331],[84.487,18.7329],[84.4865,18.7324],[84.486,18.7318],[84.4856,18.7314],[84.4849,18.7307],[84.4842,18.7298],[84.4839,18.7294],[84.4836,18.729],[84.4829,18.7282],[84.4824,18.7277],[84.4817,18.7271],[84.4809,18.7263],[84.4805,18.7259],[84.4801,18.7255],[84.4791,18.7246],[84.4786,18.7242],[84.478,18.7237],[84.4775,18.7232],[84.4761,18.7218],[84.4754,18.721],[84.4746,18.7201],[84.474,18.7196],[84.4736,18.7192],[84.473,18.7186],[84.4726,18.7182],[84.4721,18.7177],[84.4719,18.7174],[84.4714,18.7169],[84.4709,18.7165],[84.4703,18.7157],[84.47,18.7154],[84.4697,18.715],[84.4689,18.714],[84.4684,18.7134],[84.4679,18.7129],[84.4676,18.7126],[84.4673,18.7124],[84.4669,18.7121],[84.4667,18.7119],[84.4663,18.7114],[84.4658,18.7109],[84.4652,18.7103],[84.4647,18.7097],[84.4644,18.7093],[84.4641,18.709],[84.4637,18.7084],[84.4634,18.7082],[84.4632,18.7079],[84.4629,18.7075],[84.4628,18.7073],[84.4625,18.7069],[84.4622,18.7063],[84.4617,18.7057],[84.4613,18.7049],[84.4611,18.7044],[84.4607,18.7038],[84.4603,18.7032],[84.4598,18.7026],[84.4594,18.702],[84.4588,18.7013],[84.4581,18.7004],[84.4579,18.7001],[84.4576,18.6997],[84.4571,18.699],[84.4564,18.6981],[84.456,18.6974],[84.4556,18.6969],[84.4552,18.6963],[84.4544,18.6953],[84.4541,18.6949],[84.4538,18.6944],[84.4535,18.6939],[84.4533,18.6936],[84.4529,18.693],[84.4528,18.6928],[84.4527,18.6925],[84.4526,18.6923],[84.4523,18.6919],[84.4518,18.6911],[84.4514,18.6905],[84.4509,18.6897],[84.4505,18.6891],[84.4502,18.6885],[84.4499,18.6881],[84.4496,18.6876],[84.4495,18.6874],[84.449,18.6866],[84.4485,18.6857],[84.448,18.6851],[84.4479,18.6849],[84.4477,18.6848],[84.4476,18.6848],[84.4471,18.6841],[84.4466,18.6833],[84.4464,18.683],[84.4463,18.6827],[84.4462,18.6824],[84.446,18.682],[84.4456,18.6812],[84.4452,18.6804],[84.4448,18.6796],[84.4439,18.6778],[84.4434,18.6767],[84.4429,18.6757],[84.4427,18.675],[84.4423,18.6743],[84.4421,18.6736],[84.4419,18.6731],[84.4414,18.6716],[84.4411,18.6704],[84.4409,18.6693],[84.4408,18.6684],[84.4408,18.6678],[84.4407,18.6674],[84.4407,18.6671],[84.4407,18.6669],[84.4407,18.6667],[84.4408,18.6663],[84.4409,18.6659],[84.4411,18.6655],[84.4412,18.6652],[84.4413,18.6649],[84.4413,18.6647],[84.4411,18.664],[84.4408,18.6636],[84.4407,18.6634],[84.4406,18.6632],[84.4406,18.6629],[84.4405,18.6627],[84.4404,18.6626],[84.4402,18.662],[84.4401,18.6616],[84.44,18.6613],[84.4398,18.6611],[84.4394,18.6607],[84.439,18.6602],[84.4387,18.6598],[84.4382,18.6593],[84.4378,18.6589],[84.4374,18.6585],[84.437,18.6582],[84.4362,18.6574],[84.4355,18.6568],[84.4347,18.6561],[84.4342,18.6556],[84.4338,18.6553],[84.4335,18.655],[84.4329,18.6545],[84.4321,18.6537],[84.4315,18.6532],[84.4308,18.6526],[84.4305,18.6523],[84.43,18.6519],[84.4296,18.6516],[84.4293,18.6513],[84.4287,18.6508],[84.4284,18.6505],[84.4281,18.6502],[84.4278,18.65],[84.4273,18.6495],[84.4269,18.6492],[84.4266,18.6489],[84.4262,18.6486],[84.4256,18.6481],[84.4252,18.6477],[84.4248,18.6474],[84.4236,18.6463],[84.4232,18.6459],[84.4228,18.6455],[84.4221,18.645],[84.4217,18.6446],[84.421,18.6439],[84.4199,18.643],[84.4194,18.6425],[84.4185,18.6418],[84.4176,18.6411],[84.4172,18.6407],[84.4168,18.6404],[84.4164,18.64],[84.4162,18.6397],[84.4157,18.6394],[84.4151,18.6388],[84.4144,18.6381],[84.4138,18.6377],[84.4132,18.6371],[84.4126,18.6366],[84.4122,18.6363],[84.4113,18.6356],[84.4107,18.6351],[84.4099,18.6345],[84.4092,18.6338],[84.4085,18.6332],[84.408,18.6327],[84.4074,18.6322],[84.4065,18.6314],[84.406,18.6311],[84.4056,18.6308],[84.4053,18.6305],[84.4046,18.6298],[84.404,18.6291],[84.4034,18.6287],[84.4028,18.628],[84.4018,18.6273],[84.4015,18.627],[84.4011,18.6267],[84.4007,18.6263],[84.3998,18.6256],[84.3994,18.6252],[84.3988,18.6247],[84.3982,18.6241],[84.3973,18.6234],[84.3968,18.6229],[84.3965,18.6225],[84.3963,18.6223],[84.3959,18.622],[84.3956,18.6217],[84.3954,18.6215],[84.3951,18.6213],[84.3948,18.621],[84.3944,18.6207],[84.3935,18.62],[84.3927,18.6192],[84.3918,18.6184],[84.3912,18.6179],[84.3908,18.6174],[84.39,18.6167],[84.3892,18.6159],[84.3884,18.6152],[84.3874,18.6144],[84.387,18.6139],[84.3864,18.6134],[84.386,18.613],[84.3855,18.6126],[84.3851,18.6122],[84.3848,18.6119],[84.3839,18.611],[84.3835,18.6106],[84.3831,18.6102],[84.3814,18.6086],[84.3809,18.6082],[84.3805,18.6077],[84.3799,18.6072],[84.3793,18.6065],[84.3788,18.606],[84.3782,18.6054],[84.3776,18.6048],[84.3772,18.6043],[84.3767,18.6039],[84.3762,18.6033],[84.3759,18.603],[84.3756,18.6026],[84.3754,18.6024],[84.375,18.6017],[84.3748,18.6015],[84.3746,18.6012],[84.374,18.6006],[84.3736,18.6002],[84.373,18.5995],[84.3724,18.5989],[84.3718,18.5983],[84.3711,18.5975],[84.3707,18.5971],[84.3704,18.5968],[84.3698,18.596],[84.3693,18.5955],[84.3687,18.5947],[84.368,18.5938],[84.3675,18.5932],[84.367,18.5926],[84.3668,18.5923],[84.3666,18.5919],[84.3663,18.5914],[84.3659,18.5908],[84.3654,18.59],[84.365,18.5895],[84.3649,18.5893],[84.3647,18.5892],[84.3647,18.5891],[84.3645,18.5888],[84.3641,18.5884],[84.3637,18.5877],[84.3631,18.5867],[84.3629,18.5862],[84.3621,18.585],[84.362,18.5847],[84.3614,18.5839],[84.3611,18.5832],[84.3606,18.5823],[84.3603,18.5818],[84.3598,18.5808],[84.3597,18.5804],[84.3595,18.58],[84.3594,18.5797],[84.3592,18.5794],[84.3592,18.5792],[84.3592,18.579],[84.3592,18.5787],[84.3591,18.5784],[84.359,18.5782],[84.3588,18.5778],[84.3587,18.5777],[84.3586,18.5775],[84.3586,18.5773],[84.3584,18.5765],[84.3582,18.5754],[84.3582,18.5748],[84.3581,18.5743],[84.358,18.5732],[84.358,18.571],[84.358,18.5706],[84.3579,18.5703],[84.3579,18.5701],[84.3579,18.5699],[84.3579,18.5697],[84.3579,18.5696],[84.358,18.5696],[84.358,18.5695],[84.3581,18.5695],[84.3582,18.5694],[84.3582,18.5693],[84.3582,18.5692],[84.3582,18.5691],[84.3581,18.5685],[84.358,18.5682],[84.358,18.568],[84.3579,18.5679],[84.3578,18.5677],[84.3576,18.5676],[84.3573,18.5674],[84.3571,18.5671],[84.3567,18.5666],[84.3566,18.5663],[84.3565,18.566],[84.3566,18.5657],[84.3566,18.5656],[84.3568,18.5653],[84.3569,18.5651],[84.357,18.565],[84.3572,18.5646],[84.3575,18.5641],[84.3575,18.564],[84.3575,18.5639],[84.3573,18.5634],[84.3568,18.5624],[84.3563,18.5611],[84.356,18.5599],[84.3555,18.5586],[84.3554,18.5582],[84.3554,18.5578],[84.3555,18.5574],[84.3556,18.5571],[84.3557,18.5569],[84.3556,18.5568],[84.3552,18.5564],[84.3537,18.555],[84.3524,18.5537],[84.3509,18.5525],[84.3501,18.5519],[84.3487,18.5508],[84.3467,18.5488],[84.3451,18.5475],[84.3426,18.5453],[84.3418,18.5447],[84.3408,18.5439],[84.3403,18.5434],[84.3391,18.5426],[84.3382,18.5419],[84.3373,18.5412],[84.3368,18.5407],[84.3362,18.5403],[84.3355,18.5398],[84.3347,18.5393],[84.3336,18.5385],[84.3328,18.5378],[84.3323,18.5375],[84.3316,18.5369],[84.331,18.5365],[84.3301,18.5358],[84.3289,18.5349],[84.3277,18.5339],[84.3269,18.5332],[84.3263,18.5327],[84.3254,18.532],[84.325,18.5316],[84.3245,18.5312],[84.3242,18.5309],[84.3238,18.5306],[84.323,18.53],[84.3225,18.5296],[84.3216,18.5288],[84.3211,18.5284],[84.3207,18.5281],[84.3204,18.5278],[84.3194,18.5271],[84.3188,18.5266],[84.3183,18.5261],[84.3175,18.5255],[84.317,18.5251],[84.3162,18.5246],[84.3158,18.5242],[84.3154,18.5239],[84.3147,18.5234],[84.3141,18.5229],[84.3136,18.5225],[84.3129,18.522],[84.3122,18.5215],[84.3113,18.5208],[84.3107,18.5204],[84.3101,18.5199],[84.3093,18.5193],[84.3086,18.5189],[84.3075,18.518],[84.3068,18.5175],[84.3059,18.5168],[84.3054,18.5164],[84.3049,18.516],[84.3037,18.5152],[84.3031,18.5147],[84.3024,18.5141],[84.302,18.5138],[84.3015,18.5134],[84.3012,18.5132],[84.3004,18.5126],[84.2999,18.5122],[84.2993,18.5118],[84.2982,18.511],[84.2973,18.5103],[84.2969,18.51],[84.2964,18.5096],[84.296,18.5093],[84.2956,18.5089],[84.2948,18.5083],[84.2942,18.5078],[84.2935,18.5074],[84.2931,18.507],[84.2927,18.5067],[84.2921,18.5062],[84.2915,18.5057],[84.2909,18.5052],[84.2905,18.505],[84.2902,18.5046],[84.2895,18.5041],[84.289,18.5037],[84.2886,18.5034],[84.2881,18.503],[84.2875,18.5025],[84.287,18.5021],[84.2866,18.5017],[84.2861,18.5013],[84.2856,18.5009],[84.2852,18.5006],[84.2846,18.5],[84.284,18.4995],[84.2836,18.4992],[84.2833,18.4988],[84.2827,18.4983],[84.2824,18.498],[84.2819,18.4976],[84.2806,18.4966],[84.2802,18.4962],[84.2799,18.4959],[84.2794,18.4955],[84.279,18.4952],[84.2786,18.4948],[84.2772,18.4936],[84.2766,18.4931],[84.276,18.4926],[84.2755,18.4922],[84.275,18.4918],[84.2744,18.4913],[84.2736,18.4907],[84.2727,18.4898],[84.2722,18.4894],[84.2716,18.489],[84.2709,18.4884],[84.2703,18.4879],[84.2697,18.4874],[84.2693,18.487],[84.2689,18.4867],[84.2684,18.4863],[84.2677,18.4858],[84.2674,18.4854],[84.2669,18.485],[84.2663,18.4845],[84.2659,18.4841],[84.2654,18.4837],[84.2646,18.483],[84.2641,18.4826],[84.263,18.4816],[84.2625,18.4812],[84.2612,18.4801],[84.2605,18.4795],[84.2598,18.4789],[84.2592,18.4783],[84.2583,18.4776],[84.2577,18.477],[84.2571,18.4765],[84.2563,18.4759],[84.2556,18.4752],[84.2548,18.4745],[84.2542,18.474],[84.2537,18.4734],[84.253,18.4729],[84.2524,18.4723],[84.2514,18.4714],[84.2507,18.4709],[84.2502,18.4704],[84.2495,18.4698],[84.2491,18.4694],[84.2488,18.4691],[84.2483,18.4687],[84.2479,18.4683],[84.2471,18.4676],[84.2464,18.467],[84.2457,18.4663],[84.2453,18.4659],[84.2447,18.4654],[84.2443,18.4651],[84.2439,18.4648],[84.2435,18.4644],[84.2427,18.4636],[84.2423,18.4632],[84.2419,18.4629],[84.2416,18.4626],[84.2411,18.4622],[84.2406,18.4617],[84.2401,18.4613],[84.2397,18.4609],[84.2393,18.4606],[84.2386,18.46],[84.238,18.4593],[84.2376,18.4589],[84.2371,18.4585],[84.2367,18.4581],[84.2363,18.4577],[84.2359,18.4574],[84.2355,18.4571],[84.2351,18.4567],[84.2347,18.4564],[84.2335,18.4552],[84.2329,18.4547],[84.2324,18.4542],[84.2318,18.4536],[84.231,18.4529],[84.2305,18.4524],[84.23,18.452],[84.2294,18.4514],[84.229,18.4511],[84.2283,18.4504],[84.2279,18.45],[84.2275,18.4497],[84.2271,18.4493],[84.2268,18.4489],[84.2263,18.4486],[84.2257,18.448],[84.2253,18.4475],[84.2248,18.4471],[84.2243,18.4466],[84.224,18.4463],[84.2236,18.4459],[84.223,18.4453],[84.2224,18.4447],[84.2217,18.444],[84.2209,18.4434],[84.2201,18.4426],[84.2198,18.4423],[84.2196,18.4419],[84.2193,18.4417],[84.2187,18.4409],[84.2186,18.4408],[84.2185,18.4406],[84.2181,18.4403],[84.2177,18.4399],[84.2172,18.4394],[84.2169,18.4391],[84.2167,18.4389],[84.2165,18.4387],[84.216,18.4382],[84.2151,18.4373],[84.2142,18.4366],[84.2137,18.436],[84.2134,18.4356],[84.2129,18.4353],[84.2126,18.435],[84.2122,18.4346],[84.2117,18.4342],[84.2112,18.4337],[84.2105,18.4332],[84.2102,18.4329],[84.2098,18.4326],[84.2094,18.4321],[84.209,18.4318],[84.2086,18.4314],[84.2075,18.4304],[84.2069,18.4298],[84.2064,18.4294],[84.2058,18.4289],[84.2054,18.4285],[84.205,18.4281],[84.2046,18.4277],[84.2041,18.4273],[84.2035,18.4267],[84.2028,18.426],[84.201,18.4244],[84.2006,18.4241],[84.2002,18.4237],[84.1997,18.4232],[84.1991,18.4226],[84.1986,18.4222],[84.1982,18.4218],[84.1977,18.4213],[84.1968,18.4205],[84.1963,18.42],[84.1958,18.4196],[84.1953,18.4191],[84.1949,18.4186],[84.1944,18.4181],[84.1936,18.4173],[84.1929,18.4166],[84.1922,18.4159],[84.1913,18.415],[84.1906,18.4143],[84.1901,18.4137],[84.1894,18.4131],[84.1888,18.4126],[84.188,18.4117],[84.1873,18.4111],[84.1868,18.4105],[84.1861,18.4098],[84.1855,18.4091],[84.1848,18.4084],[84.1842,18.4078],[84.1837,18.4073],[84.1832,18.4068],[84.1826,18.4063],[84.1822,18.4058],[84.1815,18.4051],[84.181,18.4045],[84.1805,18.4041],[84.1795,18.4031],[84.1785,18.4021],[84.178,18.4016],[84.1772,18.4008],[84.1768,18.4004],[84.1763,18.3999],[84.1756,18.3992],[84.1747,18.3983],[84.174,18.3975],[84.1733,18.3968],[84.1724,18.396],[84.1716,18.3952],[84.1711,18.3947],[84.1706,18.3942],[84.1701,18.3936],[84.1692,18.3928],[84.1685,18.3921],[84.1674,18.3909],[84.167,18.3905],[84.1663,18.3898],[84.1659,18.3894],[84.1653,18.3887],[84.1648,18.3881],[84.1643,18.3876],[84.1636,18.3869],[84.1631,18.3864],[84.1626,18.3858],[84.1616,18.3849],[84.1609,18.3842],[84.1603,18.3836],[84.1598,18.383],[84.1589,18.3821],[84.1584,18.3816],[84.1581,18.3813],[84.1577,18.3809],[84.1572,18.3805],[84.1569,18.3801],[84.1563,18.3796],[84.1555,18.3788],[84.1546,18.3779],[84.1542,18.3774],[84.1538,18.3771],[84.1529,18.376],[84.152,18.3749],[84.1514,18.3742],[84.1511,18.3737],[84.1505,18.3729],[84.15,18.3721],[84.1494,18.3714],[84.149,18.3709],[84.1487,18.3702],[84.1483,18.3696],[84.1479,18.3688],[84.1475,18.3678],[84.147,18.3665],[84.1465,18.3653],[84.146,18.364],[84.1454,18.3629],[84.1449,18.3618],[84.1443,18.361],[84.1442,18.3609],[84.1441,18.3607],[84.1441,18.3604],[84.1439,18.3601],[84.1436,18.3597],[84.1435,18.3594],[84.1435,18.3592],[84.1438,18.3587],[84.144,18.3582],[84.144,18.358],[84.144,18.3577],[84.1439,18.3575],[84.1439,18.357],[84.1438,18.3566],[84.1438,18.3559],[84.1438,18.3558],[84.1436,18.3555],[84.1435,18.3554],[84.1434,18.3552],[84.1433,18.3551],[84.1433,18.355],[84.1436,18.3543],[84.1437,18.3542],[84.1438,18.3539],[84.1438,18.3537],[84.1437,18.3535],[84.1434,18.3529],[84.1434,18.3528],[84.1433,18.3527],[84.1429,18.3521],[84.1428,18.3519],[84.1427,18.3517],[84.1425,18.3514],[84.1424,18.3512],[84.1423,18.351],[84.1423,18.3506],[84.1421,18.3504],[84.1418,18.35],[84.141,18.349],[84.1408,18.3488],[84.1406,18.3484],[84.1403,18.3481],[84.1402,18.3478],[84.1401,18.3476],[84.1398,18.3473],[84.1396,18.3467],[84.1394,18.3466],[84.1392,18.3466],[84.1391,18.3467],[84.1391,18.3456],[84.1393,18.3457],[84.1398,18.3461],[84.1399,18.3463],[84.1401,18.3464],[84.1402,18.3465],[84.1402,18.3466],[84.1403,18.3467],[84.1403,18.3469],[84.1407,18.3474],[84.1409,18.3477],[84.141,18.348],[84.1412,18.3484],[84.1413,18.3484],[84.1417,18.3483],[84.1421,18.3485],[84.1423,18.3482],[84.1424,18.348],[84.1424,18.3479],[84.1423,18.3476],[84.1423,18.3475],[84.1418,18.3472],[84.1414,18.3467],[84.1411,18.3462],[84.1409,18.3456],[84.1408,18.3455],[84.1404,18.3452],[84.1403,18.3449],[84.1401,18.3447],[84.14,18.3447],[84.1398,18.3446],[84.1395,18.3446],[84.1394,18.3446],[84.139,18.3443],[84.1388,18.3438],[84.1387,18.3434],[84.1386,18.3428],[84.1385,18.3425],[84.1359,18.339],[84.1334,18.3357],[84.1325,18.3348],[84.1317,18.3338],[84.1309,18.3327],[84.1303,18.3318],[84.13,18.3311],[84.1296,18.3299],[84.1292,18.3281],[84.129,18.3271],[84.1289,18.3263],[84.1289,18.3255],[84.1289,18.325],[84.1287,18.3244],[84.1285,18.3222],[84.1286,18.32],[84.1288,18.3192],[84.1289,18.3184],[84.1292,18.3176],[84.1293,18.3173],[84.1291,18.3169],[84.1288,18.3163],[84.1285,18.3158],[84.1278,18.315],[84.1272,18.3142],[84.1265,18.3136],[84.1257,18.3128],[84.1246,18.3118],[84.124,18.3113],[84.1227,18.3102],[84.1219,18.3096],[84.1208,18.3087],[84.1196,18.3078],[84.1187,18.3071],[84.1179,18.3065],[84.1157,18.3049],[84.1134,18.3034],[84.1112,18.302],[84.1102,18.3013],[84.1089,18.3004],[84.1078,18.2997],[84.1066,18.2989],[84.1054,18.2982],[84.1045,18.2976],[84.1037,18.2972],[84.1025,18.2964],[84.1015,18.2958],[84.1004,18.2952],[84.0999,18.2949],[84.0992,18.2945],[84.0985,18.2941],[84.0978,18.2938],[84.0971,18.2933],[84.0967,18.293],[84.0961,18.2927],[84.0955,18.2924],[84.095,18.2921],[84.0947,18.2919],[84.0943,18.2917],[84.0939,18.2916],[84.0934,18.2913],[84.0931,18.2911],[84.0925,18.2908],[84.0922,18.2906],[84.092,18.2906],[84.0918,18.2906],[84.0916,18.2905],[84.0914,18.2905],[84.0913,18.2904],[84.091,18.2902],[84.0907,18.29],[84.09,18.2895],[84.0889,18.2887],[84.0875,18.2878],[84.0862,18.2871],[84.0857,18.2869],[84.0848,18.2865],[84.0844,18.2862],[84.0837,18.2857],[84.0829,18.2852],[84.0817,18.2846],[84.0814,18.2844],[84.0809,18.2841],[84.08,18.2834],[84.0791,18.2829],[84.0782,18.2822],[84.0771,18.2813],[84.0759,18.2804],[84.0748,18.2794],[84.0743,18.279],[84.0739,18.2787],[84.0734,18.2782],[84.0729,18.2779],[84.0722,18.2774],[84.0713,18.2768],[84.0707,18.2765],[84.0703,18.2762],[84.07,18.2761],[84.0691,18.2756],[84.0683,18.2753],[84.0673,18.2748],[84.0661,18.2742],[84.065,18.2737],[84.0646,18.2735],[84.0638,18.2732],[84.0632,18.2728],[84.0623,18.2723],[84.0608,18.2717],[84.0595,18.2711],[84.058,18.2704],[84.0566,18.2698],[84.0552,18.2691],[84.0537,18.2683],[84.0519,18.2675],[84.0506,18.2668],[84.0493,18.2662],[84.0482,18.2657],[84.0471,18.2651],[84.0457,18.2645],[84.045,18.2642],[84.0441,18.2637],[84.0427,18.2631],[84.0412,18.2623],[84.0396,18.2616],[84.0386,18.2611],[84.038,18.2608],[84.0368,18.2602],[84.0355,18.2596],[84.0341,18.2589],[84.0332,18.2585],[84.0318,18.2578],[84.031,18.2575],[84.03,18.257],[84.0289,18.2565],[84.0276,18.2558],[84.0268,18.2554],[84.0249,18.2545],[84.0234,18.2538],[84.0221,18.2532],[84.021,18.2527],[84.0199,18.2522],[84.0186,18.2516],[84.0172,18.2509],[84.0159,18.2503],[84.0146,18.2497],[84.0136,18.2491],[84.0127,18.2487],[84.0116,18.2481],[84.0107,18.2476],[84.0097,18.2471],[84.0087,18.2466],[84.008,18.2463],[84.0077,18.2462],[84.0074,18.2462],[84.0071,18.2461],[84.0068,18.2459],[84.0067,18.2458],[84.0065,18.2457],[84.0061,18.2454],[84.0052,18.2449],[84.0044,18.2444],[84.0036,18.244],[84.0024,18.2435],[84.0011,18.2429],[84.0002,18.2425],[83.9986,18.2417],[83.9976,18.2412],[83.9968,18.2408],[83.996,18.2405],[83.9951,18.24],[83.9943,18.2396],[83.9933,18.2391],[83.9926,18.2388],[83.992,18.2385],[83.9912,18.2381],[83.9901,18.2375],[83.9892,18.237],[83.9887,18.2368],[83.9883,18.2366],[83.9878,18.2363],[83.9873,18.2361],[83.9866,18.2358],[83.9858,18.2353],[83.9848,18.2348],[83.984,18.2344],[83.9833,18.234],[83.9823,18.2335],[83.9817,18.2332],[83.981,18.2328],[83.98,18.2323],[83.9792,18.2319],[83.9784,18.2315],[83.9776,18.2311],[83.9771,18.2309],[83.9764,18.2305],[83.9754,18.23],[83.9745,18.2294],[83.9738,18.2291],[83.973,18.2287],[83.9721,18.2282],[83.9714,18.2278],[83.9708,18.2274],[83.97,18.2268],[83.9691,18.2262],[83.9687,18.2259],[83.968,18.2256],[83.9671,18.225],[83.9662,18.2246],[83.9655,18.2242],[83.965,18.2239],[83.9642,18.2234],[83.9633,18.2229],[83.9626,18.2226],[83.9616,18.222],[83.961,18.2216],[83.9605,18.2213],[83.9597,18.2207],[83.9591,18.2204],[83.9587,18.2201],[83.9584,18.2198],[83.9579,18.2194],[83.9577,18.2192],[83.9573,18.2189],[83.9569,18.2185],[83.9566,18.2182],[83.956,18.2177],[83.9556,18.2174],[83.9553,18.2171],[83.9548,18.2168],[83.9545,18.2165],[83.9541,18.2162],[83.9533,18.2157],[83.9524,18.2151],[83.9516,18.2146],[83.9509,18.2141],[83.9502,18.2137],[83.9498,18.2134],[83.9493,18.2131],[83.9489,18.2129],[83.9484,18.2127],[83.9477,18.2123],[83.9473,18.2121],[83.9467,18.2118],[83.9461,18.2115],[83.9454,18.2113],[83.9443,18.2109],[83.9435,18.2107],[83.9431,18.2106],[83.9402,18.2103],[83.9374,18.21],[83.9372,18.2099],[83.937,18.2098],[83.9368,18.2097],[83.9362,18.2094],[83.9357,18.2093],[83.9349,18.2091],[83.9339,18.2089],[83.9326,18.2085],[83.9316,18.2083],[83.9305,18.2081],[83.9292,18.2078],[83.9284,18.2076],[83.9274,18.2075],[83.9266,18.2073],[83.9252,18.207],[83.9241,18.2067],[83.923,18.2064],[83.9221,18.2062],[83.9213,18.2059],[83.9204,18.2057],[83.9195,18.2055],[83.9187,18.2053],[83.9177,18.2049],[83.9167,18.2046],[83.9157,18.2043],[83.9145,18.2039],[83.9132,18.2035],[83.9118,18.2031],[83.911,18.2029],[83.9102,18.2027],[83.9088,18.2022],[83.9079,18.2019],[83.9066,18.2015],[83.9061,18.2013],[83.9054,18.2011],[83.9046,18.2008],[83.9038,18.2005],[83.903,18.2003],[83.902,18.2],[83.9011,18.1997],[83.9,18.1993],[83.8986,18.1987],[83.8974,18.1981],[83.8963,18.1976],[83.8954,18.1973],[83.8949,18.1971],[83.8943,18.1969],[83.8936,18.1967],[83.8928,18.1964],[83.8916,18.196],[83.8906,18.1956],[83.8897,18.1952],[83.8881,18.1943],[83.8871,18.1937],[83.8858,18.1932],[83.885,18.1928],[83.8839,18.1923],[83.8834,18.1921],[83.8827,18.1918],[83.8822,18.1915],[83.8818,18.1914],[83.8813,18.1912],[83.8809,18.191],[83.8804,18.1908],[83.8797,18.1905],[83.8793,18.1903],[83.8789,18.1901],[83.8784,18.1898],[83.878,18.1895],[83.8776,18.1892],[83.8771,18.1888],[83.8768,18.1886],[83.8764,18.1883],[83.8761,18.188],[83.8757,18.1875],[83.8754,18.1871],[83.8752,18.1866],[83.8751,18.1863],[83.875,18.1858],[83.8745,18.1851],[83.8739,18.1842],[83.8734,18.1836],[83.8731,18.1832],[83.8728,18.1828],[83.8725,18.1824],[83.8722,18.1821],[83.8718,18.1819],[83.8714,18.1816],[83.8712,18.1814],[83.871,18.1811],[83.8707,18.1809],[83.8698,18.1801],[83.8692,18.1797],[83.8688,18.1795],[83.8683,18.1793],[83.8679,18.179],[83.8675,18.1788],[83.867,18.1786],[83.8667,18.1784],[83.8662,18.1782],[83.8658,18.178],[83.8656,18.1779],[83.8653,18.1777],[83.8651,18.1776],[83.8647,18.1773],[83.8646,18.1772],[83.8644,18.1769],[83.864,18.1767],[83.8637,18.1764],[83.8634,18.1762],[83.8631,18.176],[83.8628,18.1759],[83.8625,18.1757],[83.8621,18.1754],[83.8618,18.1752],[83.8615,18.175],[83.8611,18.1747],[83.8607,18.1746],[83.8604,18.1744],[83.8599,18.1742],[83.8596,18.174],[83.8593,18.1739],[83.8588,18.1737],[83.8582,18.1735],[83.8579,18.1733],[83.8576,18.1732],[83.8572,18.1731],[83.8569,18.173],[83.8565,18.1728],[83.8563,18.1727],[83.856,18.1726],[83.8557,18.1725],[83.8554,18.1725],[83.8551,18.1724],[83.8547,18.1723],[83.8544,18.1722],[83.854,18.1721],[83.8537,18.1719],[83.8533,18.1718],[83.8531,18.1718],[83.8528,18.1717],[83.8524,18.1716],[83.8518,18.1714],[83.8513,18.1713],[83.8508,18.1711],[83.8503,18.171],[83.8498,18.1708],[83.8495,18.1707],[83.8491,18.1705],[83.8487,18.1704],[83.8482,18.1702],[83.8475,18.17],[83.8469,18.1697],[83.8463,18.1696],[83.8457,18.1693],[83.8452,18.1692],[83.8447,18.169],[83.8443,18.1689],[83.844,18.1687],[83.8434,18.1685],[83.8429,18.1683],[83.8421,18.168],[83.8413,18.1677],[83.8408,18.1676],[83.8403,18.1674],[83.8399,18.1672],[83.8394,18.167],[83.8389,18.1668],[83.8384,18.1666],[83.8377,18.1664],[83.8365,18.1659],[83.8355,18.1656],[83.8346,18.1653],[83.8339,18.165],[83.8332,18.1647],[83.8327,18.1645],[83.8321,18.1642],[83.8313,18.164],[83.8307,18.1638],[83.8303,18.1636],[83.8295,18.1633],[83.829,18.1631],[83.8285,18.1629],[83.8279,18.1626],[83.8272,18.1623],[83.8265,18.1621],[83.826,18.1619],[83.8253,18.1616],[83.8246,18.1614],[83.8237,18.161],[83.823,18.1608],[83.8223,18.1605],[83.8215,18.1602],[83.8207,18.1599],[83.82,18.1596],[83.8195,18.1594],[83.8191,18.1593],[83.8187,18.1592],[83.8184,18.1591],[83.8181,18.1589],[83.8177,18.1588],[83.8173,18.1586],[83.8169,18.1584],[83.8164,18.1582],[83.816,18.158],[83.8155,18.1578],[83.815,18.1576],[83.8145,18.1574],[83.8142,18.1572],[83.8137,18.157],[83.8128,18.1567],[83.8123,18.1564],[83.8117,18.1561],[83.8108,18.1558],[83.81,18.1555],[83.8096,18.1553],[83.8093,18.1552],[83.8091,18.1551],[83.8083,18.1549],[83.8079,18.1547],[83.8073,18.1545],[83.8068,18.1543],[83.8062,18.1541],[83.8051,18.1537],[83.804,18.1533],[83.8036,18.1531],[83.8032,18.153],[83.8027,18.1528],[83.802,18.1525],[83.8005,18.1519],[83.7987,18.1511],[83.7982,18.1508],[83.7975,18.1505],[83.794,18.1489],[83.7922,18.1482],[83.7911,18.1477],[83.7906,18.1475],[83.7898,18.1472],[83.7892,18.147],[83.7875,18.1462],[83.7872,18.1461],[83.7863,18.1457],[83.7853,18.1453],[83.7847,18.145],[83.7837,18.1446],[83.7821,18.1439],[83.7809,18.1434],[83.7795,18.1427],[83.7786,18.1422],[83.7774,18.1417],[83.775,18.1405],[83.7726,18.1394],[83.7713,18.1387],[83.7703,18.1382],[83.7686,18.1372],[83.7666,18.1362],[83.7649,18.1354],[83.7625,18.1344],[83.7609,18.1337],[83.759,18.1326],[83.7578,18.132],[83.7565,18.1314],[83.7557,18.1309],[83.7527,18.1295],[83.7508,18.1286],[83.75,18.1282],[83.7492,18.1277],[83.7485,18.1273],[83.7478,18.127],[83.7471,18.1266],[83.7459,18.126],[83.7451,18.1256],[83.7443,18.1252],[83.7424,18.1242],[83.7409,18.1234],[83.7386,18.1223],[83.7356,18.1207],[83.7343,18.12],[83.7317,18.1186],[83.7299,18.1177],[83.7293,18.1173],[83.7277,18.1163],[83.7269,18.1159],[83.7243,18.1145],[83.7226,18.1136],[83.722,18.1132],[83.7212,18.1128],[83.7203,18.1122],[83.7191,18.1116],[83.7186,18.1113],[83.7172,18.1106],[83.7161,18.11],[83.7145,18.1092],[83.7132,18.1085],[83.7107,18.1071],[83.7093,18.1064],[83.7075,18.1054],[83.7069,18.1051],[83.7055,18.1043],[83.7048,18.1039],[83.7041,18.1035],[83.7026,18.1026],[83.701,18.1017],[83.7001,18.1012],[83.6988,18.1004],[83.6969,18.0993],[83.6959,18.0987],[83.6947,18.0981],[83.6933,18.0973],[83.6927,18.097],[83.6914,18.0962],[83.6903,18.0955],[83.6892,18.0949],[83.6886,18.0944],[83.6876,18.0938],[83.6873,18.0936],[83.6862,18.0928],[83.6857,18.0925],[83.6848,18.0918],[83.6832,18.0908],[83.6826,18.0904],[83.6823,18.0902],[83.6822,18.0902],[83.6822,18.0901],[83.6811,18.0891],[83.6805,18.0886],[83.68,18.0883],[83.6794,18.0878],[83.6784,18.0871],[83.6768,18.086],[83.6754,18.0852],[83.6748,18.0849],[83.6739,18.0843],[83.6731,18.0839],[83.6715,18.083],[83.6696,18.0819],[83.6688,18.0815],[83.6683,18.0811],[83.6675,18.0806],[83.665,18.079],[83.6639,18.0783],[83.6628,18.0776],[83.6625,18.0774],[83.6625,18.0773],[83.6624,18.0773],[83.6621,18.0785],[83.6661,18.0817],[83.6644,18.0845],[83.6632,18.0869],[83.6611,18.0884],[83.658,18.0896],[83.6554,18.0909],[83.6535,18.0927],[83.6521,18.0947],[83.6509,18.0966],[83.6501,18.0988],[83.6467,18.1036],[83.6443,18.1055],[83.6429,18.1065],[83.6411,18.107],[83.6393,18.1068],[83.6381,18.1061],[83.6366,18.1058],[83.635,18.1058],[83.6331,18.1066],[83.6314,18.1081],[83.6273,18.1106],[83.6244,18.1116],[83.6228,18.113],[83.6217,18.1147],[83.6218,18.1165],[83.6212,18.1198],[83.6218,18.1215],[83.6232,18.1248],[83.6233,18.1274],[83.6228,18.1288],[83.6204,18.131],[83.6189,18.1325],[83.6185,18.134],[83.6177,18.1358],[83.6158,18.1372],[83.6128,18.1385],[83.612,18.1401],[83.6109,18.1421],[83.6089,18.1421],[83.6078,18.1424],[83.6076,18.1439],[83.6072,18.1457],[83.6057,18.1483],[83.6058,18.1498],[83.6058,18.1528],[83.6044,18.1546],[83.6045,18.1569],[83.6042,18.1584],[83.603,18.1592],[83.6027,18.1602],[83.6028,18.1623],[83.6036,18.1635],[83.605,18.1644],[83.6084,18.1649],[83.6112,18.1659],[83.6125,18.1677],[83.6131,18.1694],[83.6139,18.1719],[83.6145,18.1802],[83.6143,18.1835],[83.6129,18.1848],[83.6119,18.1863],[83.6114,18.1878],[83.6108,18.1894],[83.6104,18.1908],[83.6097,18.1917],[83.6083,18.1919],[83.606,18.1919],[83.6037,18.1919],[83.6034,18.1943],[83.6035,18.1965],[83.6037,18.2002],[83.6042,18.202],[83.6055,18.2027],[83.6052,18.2042],[83.6052,18.2053],[83.6072,18.2067],[83.6083,18.2103],[83.6097,18.2114],[83.6133,18.2115],[83.6174,18.2115],[83.6255,18.2114],[83.6267,18.2137],[83.628,18.2158],[83.6292,18.2172],[83.6318,18.2177],[83.6339,18.2181],[83.6361,18.219],[83.6374,18.2178],[83.6373,18.2164],[83.6376,18.2141],[83.6397,18.2142],[83.6414,18.2141],[83.6423,18.2133],[83.6426,18.2119],[83.643,18.2106],[83.6451,18.2101],[83.6466,18.2091],[83.6481,18.2078],[83.6502,18.2068],[83.6519,18.2066],[83.6541,18.2073],[83.6557,18.209],[83.6564,18.2109],[83.6565,18.2125],[83.6565,18.2148],[83.6558,18.2177],[83.6577,18.2201],[83.6605,18.222],[83.6623,18.2236],[83.6643,18.2253],[83.6667,18.2303],[83.6676,18.2343],[83.6667,18.2364],[83.6652,18.2382],[83.6649,18.2412],[83.6648,18.2447],[83.6658,18.2477],[83.6673,18.257],[83.6682,18.2632],[83.6671,18.2676],[83.672,18.2708],[83.6727,18.2744],[83.6743,18.2797],[83.676,18.2823],[83.6797,18.283],[83.6844,18.2836],[83.6901,18.2841],[83.6932,18.2845],[83.6963,18.2877],[83.7018,18.2884],[83.7044,18.29],[83.7081,18.2927],[83.7104,18.2941],[83.71,18.2955],[83.7084,18.2958],[83.7059,18.2953],[83.7037,18.2957],[83.7017,18.2964],[83.7001,18.2976],[83.6991,18.3],[83.6977,18.3012],[83.6966,18.3015],[83.6966,18.3036],[83.6962,18.3057],[83.6947,18.305],[83.6934,18.3038],[83.6919,18.3035],[83.6899,18.3034],[83.688,18.3038],[83.6868,18.3052],[83.686,18.3068],[83.6846,18.3075],[83.6825,18.3074],[83.6817,18.3082],[83.6817,18.3104],[83.6814,18.3122],[83.6793,18.3124],[83.6776,18.3121],[83.6756,18.3116],[83.6735,18.3111],[83.6714,18.3111],[83.6698,18.3114],[83.6693,18.3125],[83.6691,18.3141],[83.6686,18.3154],[83.6671,18.316],[83.6661,18.3156],[83.6639,18.3151],[83.6621,18.3151],[83.6608,18.3154],[83.6592,18.3159],[83.6588,18.3175],[83.6581,18.3198],[83.656,18.3206],[83.6538,18.3209],[83.6507,18.3209],[83.6472,18.3204],[83.6449,18.3195],[83.6427,18.3199],[83.6401,18.3206],[83.6358,18.3209],[83.6322,18.3211],[83.6284,18.3222],[83.6264,18.3247],[83.6256,18.3283],[83.6252,18.3307],[83.6236,18.3325],[83.6204,18.3324],[83.6152,18.3321],[83.6113,18.3293],[83.6088,18.3274],[83.6069,18.3272],[83.6058,18.328],[83.6058,18.3297],[83.6074,18.3308],[83.6092,18.3326],[83.6103,18.3342],[83.6107,18.3359],[83.6099,18.3372],[83.6076,18.3375],[83.6051,18.3382],[83.6023,18.34],[83.6001,18.3417],[83.5976,18.3425],[83.5957,18.3433],[83.5954,18.3467],[83.5936,18.3482],[83.5923,18.3485],[83.5915,18.3491],[83.5873,18.3529],[83.5872,18.355],[83.5882,18.3573],[83.5894,18.3583],[83.589,18.3606],[83.5901,18.3628],[83.5928,18.3641],[83.5953,18.3656],[83.6011,18.3675],[83.5992,18.3687],[83.5972,18.3702],[83.5975,18.3718],[83.6001,18.3735],[83.6021,18.3748],[83.604,18.3772],[83.6048,18.3818],[83.6068,18.3854],[83.6076,18.3874],[83.6071,18.389],[83.6111,18.3895],[83.6122,18.3888],[83.6128,18.387],[83.614,18.384],[83.616,18.3831],[83.6202,18.3827],[83.6255,18.3826],[83.6332,18.3804],[83.6375,18.3792],[83.6422,18.3808],[83.6507,18.3848],[83.6529,18.3877],[83.6549,18.3893],[83.6593,18.3891],[83.6646,18.3874],[83.6684,18.3878],[83.6719,18.3881],[83.6759,18.3892],[83.6797,18.3877],[83.6838,18.3896],[83.6864,18.3907],[83.6923,18.3915],[83.6996,18.3917],[83.7021,18.3882],[83.7036,18.3865],[83.7073,18.3903],[83.7077,18.4016],[83.7068,18.4049],[83.7046,18.4083],[83.7021,18.4114],[83.7008,18.4139],[83.7015,18.4173],[83.7018,18.4196],[83.702,18.4236],[83.7004,18.4272],[83.702,18.4355],[83.7023,18.4429],[83.7044,18.444],[83.7085,18.4462],[83.7104,18.4465],[83.7151,18.4471],[83.7163,18.4502],[83.72,18.4475],[83.722,18.4448],[83.7247,18.4399],[83.7259,18.4352],[83.7248,18.4326],[83.7218,18.4309],[83.7176,18.4293],[83.7181,18.4265],[83.7194,18.4262],[83.7239,18.4262],[83.7312,18.4308],[83.7321,18.4234],[83.7336,18.422],[83.7362,18.4184],[83.7387,18.4142],[83.7394,18.4093],[83.741,18.4084],[83.7454,18.4069],[83.7504,18.4049],[83.7525,18.3995],[83.7614,18.3898],[83.7643,18.3877],[83.7686,18.383],[83.7714,18.3772],[83.772,18.3762],[83.7759,18.3773],[83.7797,18.3777],[83.7836,18.3768],[83.7879,18.3759],[83.7945,18.3725],[83.7998,18.3724],[83.8033,18.3756],[83.8025,18.3796],[83.8002,18.3825],[83.798,18.3832],[83.7984,18.3856],[83.7988,18.3884],[83.8014,18.3904],[83.8059,18.3907],[83.814,18.3904],[83.8184,18.3892],[83.8235,18.3884],[83.8317,18.388],[83.8318,18.3881],[83.8319,18.3939]]]}},{"type":"Feature","properties":{"district":"Vizianagaram","district_hi":"विज़ियानगरम"},"geometry":{"type":"Polygon","coordinates":[[[83.2588,18.2767],[83.2573,18.2776],[83.2549,18.2781],[83.2534,18.2783],[83.2504,18.2783],[83.2484,18.2789],[83.2455,18.2803],[83.2413,18.2829],[83.2366,18.285],[83.2326,18.2873],[83.2317,18.2875],[83.2296,18.2873],[83.2293,18.2855],[83.2289,18.284],[83.2283,18.2822],[83.2273,18.2814],[83.2244,18.281],[83.2236,18.281],[83.2221,18.2822],[83.2213,18.2834],[83.2195,18.2845],[83.2167,18.2851],[83.2151,18.2851],[83.2131,18.285],[83.2116,18.2848],[83.2111,18.2854],[83.2107,18.2867],[83.2109,18.2879],[83.2121,18.2894],[83.2127,18.2934],[83.213,18.2962],[83.2116,18.2979],[83.2106,18.3006],[83.2118,18.3015],[83.2128,18.3034],[83.212,18.3057],[83.2108,18.3069],[83.2108,18.3089],[83.2134,18.3134],[83.2158,18.3177],[83.2201,18.3224],[83.2206,18.3249],[83.2214,18.328],[83.2216,18.3311],[83.2206,18.3337],[83.2176,18.3343],[83.2137,18.3345],[83.2092,18.3339],[83.2027,18.3328],[83.197,18.3314],[83.1939,18.3302],[83.1921,18.3289],[83.1888,18.3267],[83.1793,18.3213],[83.1775,18.3199],[83.1767,18.3183],[83.1768,18.3158],[83.1767,18.3145],[83.175,18.3133],[83.171,18.313],[83.168,18.3133],[83.1665,18.3137],[83.1664,18.3167],[83.1662,18.319],[83.1631,18.3193],[83.1616,18.3206],[83.1607,18.3231],[83.1619,18.3252],[83.1629,18.3265],[83.1629,18.328],[83.1607,18.3289],[83.1578,18.3266],[83.1533,18.325],[83.1509,18.3249],[83.1501,18.3262],[83.1495,18.3294],[83.1512,18.3344],[83.1518,18.341],[83.154,18.3417],[83.1552,18.3434],[83.1591,18.347],[83.1606,18.3505],[83.1627,18.3544],[83.1632,18.361],[83.1656,18.3635],[83.1703,18.3672],[83.1747,18.3727],[83.1764,18.3736],[83.1795,18.3737],[83.1832,18.3733],[83.1848,18.374],[83.1859,18.376],[83.1913,18.3788],[83.1961,18.3819],[83.199,18.3848],[83.199,18.3869],[83.1973,18.388],[83.195,18.3881],[83.1914,18.3871],[83.1872,18.3869],[83.1839,18.3864],[83.1808,18.3873],[83.1803,18.3889],[83.1822,18.3909],[83.1875,18.3934],[83.1975,18.3991],[83.2009,18.4024],[83.2021,18.405],[83.2036,18.406],[83.2056,18.4081],[83.204,18.4111],[83.2056,18.4148],[83.2076,18.417],[83.2094,18.4189],[83.2105,18.4206],[83.2109,18.4231],[83.2094,18.4234],[83.208,18.4235],[83.2081,18.4264],[83.2073,18.4276],[83.2065,18.4278],[83.2061,18.4285],[83.2061,18.43],[83.2077,18.4313],[83.2087,18.4365],[83.2083,18.4393],[83.2062,18.4424],[83.2038,18.444],[83.2008,18.4442],[83.1992,18.4447],[83.1968,18.4481],[83.1956,18.4507],[83.1931,18.4531],[83.1922,18.4547],[83.1926,18.4594],[83.1953,18.4639],[83.198,18.4674],[83.1982,18.4706],[83.1979,18.4754],[83.2025,18.4771],[83.2067,18.4792],[83.2087,18.479],[83.2092,18.4763],[83.2095,18.4732],[83.2111,18.4705],[83.2122,18.4682],[83.2129,18.467],[83.2204,18.4683],[83.2217,18.4719],[83.2206,18.4781],[83.2182,18.484],[83.2154,18.4884],[83.2159,18.493],[83.2171,18.497],[83.2198,18.5012],[83.2223,18.5065],[83.2267,18.5151],[83.2291,18.5169],[83.236,18.5233],[83.2417,18.5243],[83.2451,18.5252],[83.2493,18.526],[83.2546,18.5276],[83.2582,18.5289],[83.2613,18.5304],[83.2604,18.5343],[83.2617,18.5403],[83.2628,18.5415],[83.2643,18.5422],[83.2668,18.5426],[83.2658,18.5464],[83.2632,18.5507],[83.2626,18.5525],[83.2637,18.5556],[83.2658,18.5582],[83.2671,18.5616],[83.2659,18.5676],[83.2666,18.5709],[83.2697,18.573],[83.2674,18.5736],[83.2636,18.5736],[83.2592,18.574],[83.2591,18.5828],[83.2584,18.5848],[83.2572,18.5865],[83.2544,18.5873],[83.2528,18.5865],[83.251,18.5864],[83.2479,18.5868],[83.2459,18.588],[83.2475,18.5897],[83.251,18.5899],[83.252,18.591],[83.2531,18.5931],[83.2548,18.5944],[83.2571,18.5954],[83.2595,18.5981],[83.2625,18.6031],[83.2658,18.608],[83.269,18.6133],[83.2717,18.6158],[83.2774,18.6219],[83.28,18.6251],[83.2815,18.6278],[83.2859,18.6282],[83.2898,18.6284],[83.2897,18.6206],[83.2913,18.6203],[83.2962,18.6253],[83.3033,18.6287],[83.3077,18.6321],[83.3106,18.6327],[83.313,18.6383],[83.3162,18.6409],[83.3237,18.644],[83.3308,18.6448],[83.3347,18.6452],[83.3371,18.6454],[83.3398,18.6453],[83.3412,18.6441],[83.3413,18.6428],[83.341,18.6417],[83.3404,18.6404],[83.3401,18.6388],[83.3401,18.6373],[83.3406,18.6351],[83.3428,18.633],[83.3433,18.6313],[83.3439,18.6292],[83.3456,18.6255],[83.3472,18.625],[83.3465,18.6227],[83.3465,18.6208],[83.3475,18.6197],[83.3487,18.6185],[83.3485,18.6169],[83.3464,18.6155],[83.3443,18.6122],[83.3448,18.6105],[83.3458,18.6099],[83.3486,18.609],[83.3511,18.6079],[83.3549,18.6061],[83.3557,18.6041],[83.3574,18.5998],[83.3592,18.5984],[83.3616,18.5948],[83.3649,18.5961],[83.3672,18.5974],[83.3704,18.5984],[83.3728,18.5986],[83.3753,18.5991],[83.3775,18.6007],[83.3782,18.603],[83.3776,18.6043],[83.3762,18.6046],[83.3742,18.6041],[83.3725,18.6044],[83.3717,18.606],[83.3724,18.6082],[83.3734,18.6093],[83.3743,18.6116],[83.3752,18.6157],[83.3768,18.6166],[83.3799,18.6159],[83.3809,18.6145],[83.3821,18.6128],[83.384,18.6111],[83.3857,18.6093],[83.389,18.608],[83.3905,18.6096],[83.3914,18.612],[83.3921,18.6134],[83.3965,18.6145],[83.4,18.6183],[83.4026,18.6201],[83.4064,18.6215],[83.4101,18.6231],[83.4129,18.6243],[83.4168,18.625],[83.4172,18.6226],[83.417,18.6201],[83.417,18.6184],[83.4183,18.6176],[83.4211,18.6163],[83.4231,18.6152],[83.4253,18.6143],[83.4282,18.6129],[83.4285,18.611],[83.4289,18.608],[83.4319,18.6096],[83.436,18.6122],[83.4404,18.6152],[83.4428,18.6166],[83.4449,18.6179],[83.4451,18.6213],[83.4455,18.6292],[83.4464,18.6317],[83.4458,18.6336],[83.4449,18.6353],[83.4472,18.6374],[83.4492,18.637],[83.4512,18.6367],[83.4528,18.6372],[83.4531,18.6385],[83.4522,18.6407],[83.4516,18.6453],[83.4514,18.6477],[83.4512,18.6493],[83.4532,18.6497],[83.4548,18.6484],[83.4559,18.6472],[83.4571,18.6465],[83.4596,18.6451],[83.4596,18.6433],[83.4593,18.6412],[83.4587,18.6399],[83.4588,18.6389],[83.4599,18.6376],[83.4605,18.6369],[83.4612,18.6353],[83.4622,18.6333],[83.4631,18.6318],[83.4642,18.6305],[83.4656,18.6293],[83.4672,18.6277],[83.4667,18.6254],[83.4666,18.6235],[83.4671,18.6195],[83.4686,18.6182],[83.47,18.6179],[83.4717,18.6178],[83.4754,18.618],[83.4777,18.6163],[83.4806,18.6154],[83.4824,18.6149],[83.4852,18.6145],[83.4868,18.614],[83.4915,18.6109],[83.4926,18.6085],[83.4924,18.6066],[83.4907,18.604],[83.4904,18.6013],[83.4889,18.5955],[83.4885,18.5899],[83.4868,18.5867],[83.4862,18.584],[83.4836,18.5818],[83.4789,18.5808],[83.4759,18.5793],[83.475,18.5769],[83.4747,18.5748],[83.4745,18.5728],[83.4739,18.5704],[83.4795,18.5675],[83.4847,18.5643],[83.4893,18.5624],[83.4946,18.5578],[83.4976,18.5534],[83.4983,18.5509],[83.4985,18.5479],[83.4987,18.5466],[83.5002,18.5455],[83.5077,18.541],[83.5122,18.5385],[83.5154,18.5369],[83.5166,18.5357],[83.5165,18.5343],[83.5157,18.5328],[83.5164,18.5318],[83.5172,18.5313],[83.5174,18.5265],[83.5162,18.5238],[83.5154,18.5226],[83.5164,18.5216],[83.5196,18.5227],[83.5217,18.5247],[83.5242,18.5258],[83.526,18.5263],[83.5291,18.5269],[83.5309,18.5288],[83.5343,18.5298],[83.5368,18.5289],[83.5385,18.5291],[83.5393,18.5306],[83.5409,18.5334],[83.5419,18.5353],[83.5439,18.5381],[83.5431,18.5386],[83.5403,18.5405],[83.5395,18.542],[83.5391,18.5434],[83.54,18.5461],[83.5402,18.5491],[83.5391,18.5502],[83.5372,18.5503],[83.5352,18.5508],[83.5341,18.55],[83.5341,18.5485],[83.5328,18.5479],[83.5309,18.5483],[83.5286,18.5503],[83.5276,18.5516],[83.5283,18.5529],[83.5291,18.5553],[83.5307,18.5573],[83.5319,18.5585],[83.5324,18.56],[83.533,18.5621],[83.533,18.564],[83.5345,18.566],[83.5361,18.5641],[83.5384,18.5632],[83.5395,18.564],[83.5403,18.5668],[83.5413,18.5703],[83.5418,18.5755],[83.5441,18.578],[83.545,18.5813],[83.5489,18.5809],[83.5519,18.5791],[83.5544,18.5835],[83.5612,18.585],[83.5657,18.5861],[83.5686,18.5873],[83.5706,18.5886],[83.5714,18.5901],[83.5712,18.5931],[83.5677,18.5937],[83.5639,18.5943],[83.5602,18.5946],[83.5576,18.5946],[83.5542,18.5942],[83.5508,18.5944],[83.5515,18.6002],[83.5527,18.6071],[83.5534,18.6099],[83.5535,18.6132],[83.5534,18.6155],[83.5502,18.6211],[83.549,18.6231],[83.5496,18.6255],[83.5505,18.6273],[83.5526,18.6281],[83.5542,18.6281],[83.5558,18.6291],[83.5569,18.6375],[83.5561,18.6391],[83.5545,18.6399],[83.5524,18.6406],[83.5509,18.6423],[83.5515,18.649],[83.5554,18.6555],[83.5588,18.6575],[83.5601,18.6593],[83.5619,18.6667],[83.5603,18.6711],[83.5589,18.6745],[83.5592,18.6766],[83.5554,18.6805],[83.5532,18.6817],[83.5504,18.683],[83.5482,18.6836],[83.5451,18.6842],[83.5431,18.6843],[83.5424,18.6853],[83.5426,18.6876],[83.5421,18.6923],[83.5431,18.6983],[83.5425,18.7011],[83.5416,18.7029],[83.541,18.7047],[83.5404,18.7069],[83.5414,18.7086],[83.5438,18.7095],[83.5473,18.7095],[83.549,18.7091],[83.5497,18.7084],[83.5533,18.7063],[83.5563,18.7037],[83.5594,18.7028],[83.5647,18.7019],[83.5705,18.6994],[83.5728,18.6958],[83.5755,18.6915],[83.5742,18.6892],[83.5738,18.6859],[83.5732,18.6808],[83.5749,18.6754],[83.5778,18.6736],[83.5837,18.6715],[83.5868,18.6706],[83.5872,18.6657],[83.5899,18.662],[83.595,18.6606],[83.5994,18.6597],[83.603,18.6592],[83.6058,18.658],[83.6054,18.6537],[83.6061,18.6493],[83.6078,18.6484],[83.6117,18.648],[83.6156,18.6471],[83.6194,18.6439],[83.6232,18.6396],[83.6226,18.6305],[83.6236,18.6287],[83.6272,18.6275],[83.6305,18.6255],[83.6324,18.623],[83.6352,18.6178],[83.6367,18.6144],[83.6367,18.6106],[83.637,18.6064],[83.6379,18.6043],[83.6443,18.6013],[83.6473,18.5969],[83.6475,18.5923],[83.648,18.5917],[83.6497,18.5908],[83.6517,18.5897],[83.6539,18.5892],[83.6556,18.5883],[83.6581,18.5876],[83.6597,18.5863],[83.6611,18.5848],[83.6634,18.5836],[83.6678,18.5821],[83.6725,18.5815],[83.6747,18.5819],[83.6778,18.5826],[83.6794,18.5836],[83.6819,18.5839],[83.6855,18.5837],[83.6883,18.5832],[83.6903,18.5821],[83.6926,18.5802],[83.7033,18.5708],[83.7215,18.5711],[83.7368,18.5724],[83.7407,18.5778],[83.7443,18.5828],[83.75,18.5859],[83.7536,18.5854],[83.7558,18.5813],[83.7617,18.5756],[83.7711,18.5706],[83.7778,18.5637],[83.7795,18.5573],[83.782,18.5485],[83.7835,18.5433],[83.7861,18.5417],[83.7895,18.5428],[83.7926,18.5449],[83.7962,18.5489],[83.7988,18.5505],[83.8015,18.5498],[83.8029,18.5463],[83.803,18.5437],[83.8035,18.5389],[83.797,18.5325],[83.7938,18.5265],[83.7926,18.5222],[83.7901,18.5168],[83.7883,18.5122],[83.7895,18.5083],[83.7906,18.5069],[83.7932,18.5022],[83.7952,18.4975],[83.7991,18.4943],[83.8045,18.4896],[83.8148,18.4809],[83.8147,18.4795],[83.8177,18.4772],[83.8189,18.4725],[83.8199,18.4667],[83.8203,18.465],[83.8182,18.4633],[83.8173,18.4613],[83.8173,18.4598],[83.8155,18.4532],[83.8138,18.4456],[83.8123,18.4426],[83.8115,18.4404],[83.8121,18.438],[83.8149,18.4342],[83.8182,18.4315],[83.8222,18.4297],[83.8265,18.4281],[83.8316,18.4254],[83.8355,18.423],[83.8368,18.4198],[83.8341,18.4181],[83.834,18.4143],[83.8307,18.4093],[83.8247,18.406],[83.8238,18.4032],[83.8288,18.3962],[83.8319,18.3939],[83.8318,18.3881],[83.8317,18.388],[83.8235,18.3884],[83.8184,18.3892],[83.814,18.3904],[83.8059,18.3907],[83.8014,18.3904],[83.7988,18.3884],[83.7984,18.3856],[83.798,18.3832],[83.8002,18.3825],[83.8025,18.3796],[83.8033,18.3756],[83.7998,18.3724],[83.7945,18.3725],[83.7879,18.3759],[83.7836,18.3768],[83.7797,18.3777],[83.7759,18.3773],[83.772,18.3762],[83.7714,18.3772],[83.7686,18.383],[83.7643,18.3877],[83.7614,18.3898],[83.7525,18.3995],[83.7504,18.4049],[83.7454,18.4069],[83.741,18.4084],[83.7394,18.4093],[83.7387,18.4142],[83.7362,18.4184],[83.7336,18.422],[83.7321,18.4234],[83.7312,18.4308],[83.7239,18.4262],[83.7194,18.4262],[83.7181,18.4265],[83.7176,18.4293],[83.7218,18.4309],[83.7248,18.4326],[83.7259,18.4352],[83.7247,18.4399],[83.722,18.4448],[83.72,18.4475],[83.7163,18.4502],[83.7151,18.4471],[83.7104,18.4465],[83.7085,18.4462],[83.7044,18.444],[83.7023,18.4429],[83.702,18.4355],[83.7004,18.4272],[83.702,18.4236],[83.7018,18.4196],[83.7015,18.4173],[83.7008,18.4139],[83.7021,18.4114],[83.7046,18.4083],[83.7068,18.4049],[83.7077,18.4016],[83.7073,18.3903],[83.7036,18.3865],[83.7021,18.3882],[83.6996,18.3917],[83.6923,18.3915],[83.6864,18.3907],[83.6838,18.3896],[83.6797,18.3877],[83.6759,18.3892],[83.6719,18.3881],[83.6684,18.3878],[83.6646,18.3874],[83.6593,18.3891],[83.6549,18.3893],[83.6529,18.3877],[83.6507,18.3848],[83.6422,18.3808],[83.6375,18.3792],[83.6332,18.3804],[83.6255,18.3826],[83.6202,18.3827],[83.616,18.3831],[83.614,18.384],[83.6128,18.387],[83.6122,18.3888],[83.6111,18.3895],[83.6071,18.389],[83.6076,18.3874],[83.6068,18.3854],[83.6048,18.3818],[83.604,18.3772],[83.6021,18.3748],[83.6001,18.3735],[83.5975,18.3718],[83.5972,18.3702],[83.5992,18.3687],[83.6011,18.3675],[83.5953,18.3656],[83.5928,18.3641],[83.5901,18.3628],[83.589,18.3606],[83.5894,18.3583],[83.5882,18.3573],[83.5872,18.355],[83.5873,18.3529],[83.5915,18.3491],[83.5923,18.3485],[83.5936,18.3482],[83.5954,18.3467],[83.5957,18.3433],[83.5976,18.3425],[83.6001,18.3417],[83.6023,18.34],[83.6051,18.3382],[83.6076,18.3375],[83.6099,18.3372],[83.6107,18.3359],[83.6103,18.3342],[83.6092,18.3326],[83.6074,18.3308],[83.6058,18.3297],[83.6058,18.328],[83.6069,18.3272],[83.6088,18.3274],[83.6113,18.3293],[83.6152,18.3321],[83.6204,18.3324],[83.6236,18.3325],[83.6252,18.3307],[83.6256,18.3283],[83.6264,18.3247],[83.6284,18.3222],[83.6322,18.3211],[83.6358,18.3209],[83.6401,18.3206],[83.6427,18.3199],[83.6449,18.3195],[83.6472,18.3204],[83.6507,18.3209],[83.6538,18.3209],[83.656,18.3206],[83.6581,18.3198],[83.6588,18.3175],[83.6592,18.3159],[83.6608,18.3154],[83.6621,18.3151],[83.6639,18.3151],[83.6661,18.3156],[83.6671,18.316],[83.6686,18.3154],[83.6691,18.3141],[83.6693,18.3125],[83.6698,18.3114],[83.6714,18.3111],[83.6735,18.3111],[83.6756,18.3116],[83.6776,18.3121],[83.6793,18.3124],[83.6814,18.3122],[83.6817,18.3104],[83.6817,18.3082],[83.6825,18.3074],[83.6846,18.3075],[83.686,18.3068],[83.6868,18.3052],[83.688,18.3038],[83.6899,18.3034],[83.6919,18.3035],[83.6934,18.3038],[83.6947,18.305],[83.6962,18.3057],[83.6966,18.3036],[83.6966,18.3015],[83.6977,18.3012],[83.6991,18.3],[83.7001,18.2976],[83.7017,18.2964],[83.7037,18.2957],[83.7059,18.2953],[83.7084,18.2958],[83.71,18.2955],[83.7104,18.2941],[83.7081,18.2927],[83.7044,18.29],[83.7018,18.2884],[83.6963,18.2877],[83.6932,18.2845],[83.6901,18.2841],[83.6844,18.2836],[83.6797,18.283],[83.676,18.2823],[83.6743,18.2797],[83.6727,18.2744],[83.672,18.2708],[83.6671,18.2676],[83.6682,18.2632],[83.6673,18.257],[83.6658,18.2477],[83.6648,18.2447],[83.6649,18.2412],[83.6652,18.2382],[83.6667,18.2364],[83.6676,18.2343],[83.6667,18.2303],[83.6643,18.2253],[83.6623,18.2236],[83.6605,18.222],[83.6577,18.2201],[83.6558,18.2177],[83.6565,18.2148],[83.6565,18.2125],[83.6564,18.2109],[83.6557,18.209],[83.6541,18.2073],[83.6519,18.2066],[83.6502,18.2068],[83.6481,18.2078],[83.6466,18.2091],[83.6451,18.2101],[83.643,18.2106],[83.6426,18.2119],[83.6423,18.2133],[83.6414,18.2141],[83.6397,18.2142],[83.6376,18.2141],[83.6373,18.2164],[83.6374,18.2178],[83.6361,18.219],[83.6339,18.2181],[83.6318,18.2177],[83.6292,18.2172],[83.628,18.2158],[83.6267,18.2137],[83.6255,18.2114],[83.6174,18.2115],[83.6133,18.2115],[83.6097,18.2114],[83.6083,18.2103],[83.6072,18.2067],[83.6052,18.2053],[83.6052,18.2042],[83.6055,18.2027],[83.6042,18.202],[83.6037,18.2002],[83.6035,18.1965],[83.6034,18.1943],[83.6037,18.1919],[83.606,18.1919],[83.6083,18.1919],[83.6097,18.1917],[83.6104,18.1908],[83.6108,18.1894],[83.6114,18.1878],[83.6119,18.1863],[83.6129,18.1848],[83.6143,18.1835],[83.6145,18.1802],[83.6139,18.1719],[83.6131,18.1694],[83.6125,18.1677],[83.6112,18.1659],[83.6084,18.1649],[83.605,18.1644],[83.6036,18.1635],[83.6028,18.1623],[83.6027,18.1602],[83.603,18.1592],[83.6042,18.1584],[83.6045,18.1569],[83.6044,18.1546],[83.6058,18.1528],[83.6058,18.1498],[83.6057,18.1483],[83.6072,18.1457],[83.6076,18.1439],[83.6078,18.1424],[83.6089,18.1421],[83.6109,18.1421],[83.612,18.1401],[83.6128,18.1385],[83.6158,18.1372],[83.6177,18.1358],[83.6185,18.134],[83.6189,18.1325],[83.6204,18.131],[83.6228,18.1288],[83.6233,18.1274],[83.6232,18.1248],[83.6218,18.1215],[83.6212,18.1198],[83.6218,18.1165],[83.6217,18.1147],[83.6228,18.113],[83.6244,18.1116],[83.6273,18.1106],[83.6314,18.1081],[83.6331,18.1066],[83.635,18.1058],[83.6366,18.1058],[83.6381,18.1061],[83.6393,18.1068],[83.6411,18.107],[83.6429,18.1065],[83.6443,18.1055],[83.6467,18.1036],[83.6501,18.0988],[83.6509,18.0966],[83.6521,18.0947],[83.6535,18.0927],[83.6554,18.0909],[83.658,18.0896],[83.6611,18.0884],[83.6632,18.0869],[83.6644,18.0845],[83.6661,18.0817],[83.6621,18.0785],[83.6624,18.0773],[83.6594,18.0751],[83.659,18.0748],[83.6583,18.0742],[83.6578,18.0737],[83.6572,18.0731],[83.6571,18.0729],[83.6569,18.0724],[83.6568,18.0721],[83.6567,18.0719],[83.6565,18.0717],[83.6561,18.0713],[83.6555,18.0709],[83.6547,18.0704],[83.6533,18.0695],[83.652,18.0687],[83.6512,18.0683],[83.6506,18.0679],[83.6498,18.0674],[83.6489,18.0669],[83.648,18.0664],[83.6473,18.0659],[83.6467,18.0654],[83.646,18.0646],[83.6457,18.0644],[83.6455,18.0642],[83.6453,18.0639],[83.645,18.0636],[83.6446,18.0631],[83.6441,18.0627],[83.6437,18.0624],[83.6433,18.0621],[83.6424,18.0615],[83.6414,18.0609],[83.6403,18.0602],[83.6395,18.0597],[83.6385,18.059],[83.6376,18.0584],[83.6365,18.0578],[83.6356,18.0572],[83.6347,18.0565],[83.634,18.0558],[83.633,18.0546],[83.6323,18.0542],[83.6316,18.0538],[83.6303,18.053],[83.629,18.0523],[83.6277,18.0516],[83.627,18.0512],[83.6263,18.0508],[83.6254,18.0504],[83.6248,18.0501],[83.6241,18.0497],[83.6232,18.0491],[83.6215,18.048],[83.6206,18.0475],[83.6198,18.0471],[83.6193,18.0469],[83.6187,18.0465],[83.6179,18.046],[83.6172,18.0456],[83.6166,18.0452],[83.616,18.0449],[83.6153,18.0445],[83.6147,18.0442],[83.6143,18.0439],[83.6133,18.0434],[83.6123,18.0428],[83.6116,18.0425],[83.611,18.0421],[83.6103,18.0417],[83.6097,18.0414],[83.6091,18.041],[83.6088,18.0408],[83.6077,18.04],[83.607,18.0395],[83.606,18.0388],[83.6049,18.038],[83.6038,18.0372],[83.6029,18.0365],[83.6023,18.036],[83.6014,18.035],[83.6008,18.0344],[83.6002,18.0339],[83.5996,18.0333],[83.5991,18.0328],[83.5988,18.0324],[83.5985,18.0322],[83.5983,18.032],[83.5973,18.0314],[83.5964,18.0308],[83.5956,18.03],[83.5947,18.0292],[83.5941,18.0286],[83.5934,18.0281],[83.5929,18.0277],[83.5926,18.0275],[83.5922,18.0271],[83.5916,18.0267],[83.5909,18.0261],[83.5902,18.0255],[83.5884,18.0245],[83.5874,18.0238],[83.5864,18.0231],[83.5855,18.0224],[83.5843,18.0216],[83.5836,18.0211],[83.5824,18.0203],[83.5812,18.0194],[83.58,18.0185],[83.5793,18.018],[83.5788,18.0176],[83.578,18.0169],[83.5777,18.0166],[83.5773,18.0163],[83.5771,18.0163],[83.5763,18.0158],[83.5755,18.0153],[83.5753,18.0151],[83.5747,18.0145],[83.5741,18.0139],[83.5734,18.0134],[83.573,18.0133],[83.5728,18.0132],[83.5725,18.013],[83.5721,18.0127],[83.5718,18.0124],[83.5712,18.012],[83.5708,18.0117],[83.5704,18.0114],[83.5695,18.0107],[83.5691,18.0103],[83.5682,18.0094],[83.5677,18.009],[83.5671,18.0083],[83.5664,18.0075],[83.5658,18.0068],[83.5655,18.0064],[83.5651,18.0058],[83.5645,18.005],[83.5639,18.0041],[83.5631,18.0032],[83.5623,18.0023],[83.5616,18.0014],[83.5608,18.0003],[83.5604,17.9995],[83.56,17.9988],[83.5597,17.998],[83.5595,17.9975],[83.5594,17.9969],[83.5593,17.9963],[83.5594,17.9957],[83.5595,17.9938],[83.5595,17.9926],[83.5596,17.9913],[83.5597,17.991],[83.5598,17.9907],[83.56,17.9903],[83.5603,17.9898],[83.5608,17.9891],[83.561,17.9888],[83.5612,17.9886],[83.5612,17.9885],[83.5613,17.9885],[83.5613,17.9884],[83.5612,17.9883],[83.561,17.9881],[83.5605,17.9875],[83.5602,17.9869],[83.5597,17.986],[83.5596,17.9857],[83.5593,17.9848],[83.5589,17.9842],[83.5588,17.984],[83.5588,17.9839],[83.5587,17.9833],[83.5586,17.9829],[83.5584,17.9826],[83.5581,17.9822],[83.5576,17.9815],[83.5568,17.9806],[83.5563,17.9802],[83.5559,17.9798],[83.5552,17.9792],[83.5545,17.9787],[83.5535,17.978],[83.5527,17.9773],[83.5521,17.9766],[83.5514,17.9758],[83.5506,17.9749],[83.5502,17.9744],[83.5494,17.9734],[83.5488,17.9725],[83.5484,17.9717],[83.5479,17.9707],[83.5475,17.9699],[83.5472,17.9692],[83.547,17.9687],[83.5467,17.9679],[83.5465,17.9676],[83.5463,17.9673],[83.5457,17.9666],[83.5452,17.9659],[83.5447,17.9652],[83.5441,17.9644],[83.544,17.9641],[83.544,17.9637],[83.5439,17.9635],[83.5438,17.9635],[83.5434,17.963],[83.5428,17.9625],[83.5421,17.9619],[83.5415,17.961],[83.5407,17.9603],[83.5399,17.9595],[83.5394,17.959],[83.539,17.9587],[83.5385,17.9582],[83.5378,17.9577],[83.5369,17.9571],[83.5363,17.9566],[83.5356,17.9561],[83.5347,17.9554],[83.5341,17.9549],[83.5339,17.9546],[83.5334,17.9543],[83.5331,17.9539],[83.5327,17.9535],[83.5323,17.953],[83.5322,17.9528],[83.5321,17.9526],[83.5321,17.9523],[83.5321,17.9518],[83.532,17.9515],[83.5319,17.9513],[83.5317,17.9511],[83.5314,17.9509],[83.531,17.9506],[83.5306,17.9502],[83.5301,17.9499],[83.5296,17.9496],[83.529,17.9493],[83.5278,17.9487],[83.527,17.9483],[83.5255,17.9477],[83.5252,17.9475],[83.5247,17.9472],[83.5224,17.9495],[83.5201,17.952],[83.5187,17.9533],[83.5168,17.9535],[83.5149,17.9524],[83.5135,17.9522],[83.5109,17.9544],[83.5096,17.9553],[83.5047,17.9535],[83.5021,17.9535],[83.4999,17.9526],[83.4972,17.9514],[83.4942,17.9514],[83.4902,17.9515],[83.4833,17.9498],[83.477,17.9522],[83.4756,17.9535],[83.4746,17.9558],[83.4747,17.9575],[83.4745,17.9602],[83.4741,17.9622],[83.4733,17.9637],[83.4722,17.9654],[83.471,17.9659],[83.4685,17.9664],[83.4653,17.966],[83.4624,17.965],[83.4606,17.9632],[83.4591,17.9621],[83.4564,17.9613],[83.4536,17.9609],[83.4523,17.9598],[83.451,17.9579],[83.45,17.9551],[83.4509,17.9517],[83.4506,17.9489],[83.4494,17.9462],[83.4478,17.946],[83.4443,17.9463],[83.4422,17.9466],[83.4394,17.9472],[83.4382,17.9474],[83.4376,17.9463],[83.4385,17.9445],[83.4434,17.942],[83.4441,17.9416],[83.4458,17.9404],[83.4469,17.9379],[83.4469,17.9361],[83.4461,17.9341],[83.4452,17.9325],[83.4447,17.9303],[83.4454,17.9286],[83.4467,17.9278],[83.4486,17.9272],[83.4493,17.9259],[83.447,17.9239],[83.4448,17.9239],[83.4431,17.9249],[83.4428,17.9267],[83.4418,17.9287],[83.4393,17.9317],[83.4338,17.9364],[83.4301,17.9357],[83.4289,17.9392],[83.4241,17.9407],[83.4219,17.9415],[83.4214,17.9434],[83.4209,17.9453],[83.4189,17.9477],[83.4157,17.9519],[83.4125,17.9579],[83.4094,17.9607],[83.4072,17.9629],[83.407,17.9644],[83.4072,17.9674],[83.4078,17.9693],[83.4096,17.9703],[83.4125,17.9705],[83.4134,17.9713],[83.4128,17.9736],[83.4131,17.9791],[83.4136,17.982],[83.4141,17.9847],[83.4145,17.9867],[83.4155,17.9878],[83.4172,17.9879],[83.4199,17.9878],[83.4206,17.9889],[83.4208,17.9901],[83.4212,17.9911],[83.4231,17.992],[83.4239,17.9932],[83.4241,17.9999],[83.4237,18.0023],[83.4224,18.0035],[83.4213,18.0057],[83.4209,18.0072],[83.4199,18.0097],[83.4203,18.0137],[83.4191,18.015],[83.4167,18.0156],[83.4138,18.0164],[83.4084,18.0161],[83.405,18.0167],[83.3986,18.0167],[83.3943,18.017],[83.3936,18.0179],[83.3948,18.0221],[83.3956,18.0262],[83.3991,18.0327],[83.4015,18.036],[83.4021,18.038],[83.4029,18.0407],[83.4035,18.0427],[83.4042,18.0455],[83.4043,18.0482],[83.4036,18.0498],[83.4026,18.0519],[83.4029,18.0542],[83.4043,18.0568],[83.4036,18.0578],[83.4028,18.0577],[83.4008,18.055],[83.3982,18.053],[83.3971,18.051],[83.3925,18.0507],[83.39,18.0508],[83.3874,18.0511],[83.3846,18.0513],[83.3822,18.0513],[83.3793,18.0522],[83.3757,18.0517],[83.3738,18.0526],[83.371,18.0545],[83.3653,18.0578],[83.3658,18.0604],[83.3678,18.0637],[83.3654,18.0644],[83.3616,18.0646],[83.3584,18.0645],[83.3566,18.061],[83.3552,18.0586],[83.3519,18.0574],[83.3523,18.0553],[83.3536,18.0536],[83.3546,18.0516],[83.3539,18.0487],[83.3505,18.0493],[83.3484,18.0499],[83.3463,18.0508],[83.3443,18.0506],[83.3433,18.0483],[83.3417,18.0466],[83.3398,18.0456],[83.3375,18.0458],[83.3357,18.0464],[83.3307,18.0423],[83.3284,18.0404],[83.324,18.038],[83.3212,18.0352],[83.3205,18.0327],[83.3194,18.0298],[83.3186,18.0272],[83.3177,18.0261],[83.3155,18.0266],[83.3138,18.0279],[83.3114,18.029],[83.31,18.03],[83.3071,18.0315],[83.3047,18.0307],[83.3054,18.0277],[83.3083,18.0257],[83.3111,18.0242],[83.3111,18.0222],[83.3108,18.0196],[83.3133,18.0175],[83.3153,18.0165],[83.3157,18.0105],[83.3146,18.0057],[83.3134,18.0054],[83.3108,18.0044],[83.308,18.0035],[83.3066,18.0042],[83.3056,18.0062],[83.3042,18.0077],[83.2995,18.0072],[83.2963,18.0073],[83.2928,18.0078],[83.2904,18.009],[83.2884,18.0048],[83.2888,18.0026],[83.2901,18.0015],[83.2924,18.0003],[83.2953,17.9989],[83.2958,17.9965],[83.2935,17.9958],[83.2904,17.998],[83.2875,17.9998],[83.2843,18.0012],[83.2828,18.0017],[83.2822,18.004],[83.2819,18.0079],[83.2739,18.0077],[83.2737,18.0056],[83.2729,18.0031],[83.271,17.9991],[83.2675,17.997],[83.2665,17.9884],[83.2629,17.9847],[83.2601,17.9791],[83.255,17.975],[83.252,17.9741],[83.2522,17.9724],[83.2527,17.9691],[83.2531,17.9666],[83.2496,17.9614],[83.2442,17.9512],[83.2416,17.9506],[83.2382,17.9506],[83.2349,17.9506],[83.2316,17.9497],[83.2265,17.9473],[83.2258,17.9459],[83.2274,17.9433],[83.2341,17.9369],[83.2341,17.9333],[83.234,17.9302],[83.2342,17.9275],[83.2359,17.925],[83.2436,17.9248],[83.2475,17.9284],[83.2491,17.9264],[83.2559,17.921],[83.26,17.9169],[83.2583,17.9152],[83.2556,17.9146],[83.2506,17.9104],[83.2449,17.9067],[83.2399,17.9036],[83.2387,17.9002],[83.2376,17.8954],[83.2353,17.8901],[83.2318,17.8843],[83.2309,17.8822],[83.2309,17.8789],[83.2309,17.8778],[83.2308,17.876],[83.2293,17.8744],[83.2271,17.8743],[83.2222,17.8745],[83.2175,17.8755],[83.218,17.8767],[83.2185,17.8786],[83.2186,17.8801],[83.2183,17.8822],[83.2159,17.883],[83.2135,17.8829],[83.211,17.8815],[83.2113,17.8771],[83.2107,17.8752],[83.2094,17.8709],[83.2069,17.8665],[83.2061,17.8636],[83.208,17.863],[83.211,17.8624],[83.2138,17.8619],[83.2141,17.8612],[83.209,17.857],[83.2075,17.8539],[83.2067,17.8488],[83.2055,17.848],[83.2031,17.8483],[83.2004,17.8479],[83.197,17.8489],[83.1946,17.8506],[83.191,17.8519],[83.1877,17.8529],[83.186,17.8529],[83.1864,17.8463],[83.1844,17.8463],[83.1811,17.8468],[83.1771,17.8469],[83.1751,17.8474],[83.1729,17.8482],[83.1705,17.8483],[83.1685,17.8485],[83.1673,17.849],[83.1653,17.8492],[83.1646,17.8484],[83.1642,17.846],[83.163,17.8442],[83.1622,17.8418],[83.1612,17.8415],[83.1606,17.8412],[83.1587,17.8424],[83.1569,17.8436],[83.1543,17.8449],[83.1509,17.8455],[83.1468,17.8455],[83.146,17.8458],[83.1462,17.8469],[83.1475,17.851],[83.1479,17.853],[83.1484,17.8553],[83.149,17.8587],[83.1473,17.864],[83.1464,17.8678],[83.1462,17.8708],[83.1439,17.8727],[83.1414,17.8741],[83.139,17.8757],[83.1356,17.8759],[83.1328,17.8753],[83.1296,17.8742],[83.1282,17.8768],[83.1271,17.8788],[83.1266,17.8806],[83.1262,17.8827],[83.125,17.8873],[83.125,17.8909],[83.125,17.8941],[83.1255,17.8984],[83.1266,17.9022],[83.1244,17.9034],[83.1236,17.9043],[83.1245,17.9064],[83.1248,17.9079],[83.1236,17.9102],[83.1221,17.9108],[83.1198,17.9117],[83.1204,17.9176],[83.1185,17.9184],[83.1162,17.9192],[83.113,17.9208],[83.1094,17.9224],[83.1092,17.9241],[83.1094,17.9267],[83.1094,17.9298],[83.1087,17.9326],[83.1087,17.9345],[83.1101,17.9371],[83.1111,17.9382],[83.1107,17.9391],[83.103,17.941],[83.0996,17.9409],[83.0954,17.9406],[83.0909,17.9404],[83.0872,17.9399],[83.0847,17.9414],[83.0838,17.943],[83.0808,17.9449],[83.0789,17.9458],[83.0755,17.9461],[83.0721,17.9455],[83.0684,17.9452],[83.0681,17.9473],[83.0677,17.9519],[83.0657,17.9527],[83.0629,17.9531],[83.0619,17.9533],[83.0604,17.9545],[83.0595,17.957],[83.0582,17.9595],[83.056,17.9622],[83.052,17.9648],[83.049,17.9654],[83.0475,17.9649],[83.0451,17.9666],[83.0397,17.9687],[83.0382,17.9699],[83.036,17.973],[83.0305,17.974],[83.0262,17.9725],[83.0245,17.9705],[83.0206,17.9713],[83.0148,17.9751],[83.0122,17.976],[83.0082,17.9767],[83.0084,17.9791],[83.0087,17.9813],[83.0088,17.9832],[83.0082,17.9847],[83.0069,17.9884],[83.0078,17.9901],[83.0089,17.9921],[83.0095,17.9938],[83.0115,17.9958],[83.0121,17.9973],[83.0122,18.0007],[83.0122,18.0029],[83.0117,18.0056],[83.0098,18.0075],[83.0087,18.0092],[83.0085,18.0119],[83.0092,18.0142],[83.0106,18.0175],[83.0109,18.0205],[83.0098,18.0216],[83.0084,18.0232],[83.009,18.0261],[83.0111,18.0284],[83.0134,18.0297],[83.0153,18.0309],[83.0162,18.0326],[83.0161,18.0343],[83.0145,18.0359],[83.0133,18.0365],[83.0111,18.0351],[83.009,18.0339],[83.0093,18.0359],[83.0108,18.0382],[83.0127,18.0404],[83.0158,18.0437],[83.016,18.046],[83.0168,18.0488],[83.0192,18.0517],[83.0203,18.0541],[83.0239,18.0566],[83.0269,18.0591],[83.0299,18.0608],[83.0377,18.0615],[83.0455,18.0624],[83.05,18.0635],[83.0512,18.0646],[83.0509,18.0666],[83.0494,18.068],[83.0486,18.0693],[83.0481,18.0716],[83.0511,18.0724],[83.0556,18.0723],[83.0633,18.0724],[83.0699,18.0734],[83.072,18.077],[83.0741,18.0822],[83.0746,18.0856],[83.0791,18.0864],[83.0889,18.0877],[83.0923,18.0885],[83.0981,18.09],[83.1025,18.0914],[83.1068,18.0937],[83.1086,18.0955],[83.114,18.0965],[83.1214,18.0973],[83.1256,18.0973],[83.1282,18.0981],[83.1299,18.0997],[83.1305,18.1018],[83.1301,18.1042],[83.1295,18.1069],[83.1287,18.1091],[83.1272,18.1101],[83.1239,18.1105],[83.1208,18.1105],[83.117,18.1102],[83.1145,18.1095],[83.1124,18.1087],[83.1087,18.1083],[83.1063,18.1086],[83.1044,18.1104],[83.1052,18.1119],[83.1082,18.1123],[83.112,18.1116],[83.1158,18.1113],[83.1177,18.1135],[83.1208,18.115],[83.1235,18.1158],[83.1237,18.1176],[83.1236,18.1203],[83.1217,18.1217],[83.1176,18.1244],[83.115,18.1263],[83.1112,18.1286],[83.1082,18.1304],[83.1043,18.1325],[83.1026,18.1342],[83.1029,18.1372],[83.104,18.1397],[83.1058,18.1406],[83.1092,18.1404],[83.1122,18.1398],[83.113,18.139],[83.1137,18.1436],[83.1139,18.1457],[83.1159,18.1491],[83.1184,18.1545],[83.118,18.156],[83.1173,18.1572],[83.115,18.1576],[83.1117,18.1578],[83.1086,18.1576],[83.1092,18.1593],[83.1108,18.161],[83.1135,18.1644],[83.1178,18.1674],[83.1193,18.1689],[83.1189,18.1709],[83.117,18.1729],[83.1155,18.1761],[83.1142,18.1783],[83.1123,18.1798],[83.1096,18.1801],[83.1081,18.1817],[83.1076,18.1836],[83.1065,18.1856],[83.1059,18.188],[83.1081,18.1883],[83.1125,18.1882],[83.1175,18.1877],[83.1211,18.1854],[83.1228,18.1828],[83.1256,18.1808],[83.1286,18.1794],[83.1313,18.1775],[83.1342,18.1753],[83.1353,18.1768],[83.1351,18.1795],[83.1357,18.1822],[83.1408,18.1865],[83.1436,18.1872],[83.1466,18.1863],[83.1499,18.1865],[83.1518,18.1881],[83.1569,18.1913],[83.1531,18.1912],[83.1516,18.1923],[83.1497,18.1916],[83.1471,18.1913],[83.1466,18.1936],[83.146,18.1979],[83.1483,18.1963],[83.15,18.1968],[83.1517,18.198],[83.1531,18.1991],[83.1563,18.1989],[83.159,18.1999],[83.1593,18.2024],[83.1584,18.2043],[83.1579,18.2065],[83.1578,18.2093],[83.1615,18.2093],[83.1647,18.2094],[83.1675,18.2108],[83.169,18.2128],[83.1692,18.2158],[83.1691,18.2211],[83.1723,18.2214],[83.1735,18.2232],[83.1735,18.2258],[83.1755,18.2276],[83.1776,18.2264],[83.1788,18.2244],[83.1793,18.222],[83.1856,18.2223],[83.1836,18.2196],[83.1818,18.2182],[83.1823,18.2163],[83.1837,18.2143],[83.1854,18.2094],[83.1853,18.2056],[83.1859,18.204],[83.1874,18.2021],[83.1892,18.1997],[83.1909,18.1974],[83.1935,18.1975],[83.1964,18.199],[83.2051,18.1934],[83.2088,18.19],[83.2097,18.1893],[83.2228,18.1892],[83.2242,18.1906],[83.2256,18.1925],[83.2256,18.1962],[83.2235,18.1978],[83.2207,18.1991],[83.2172,18.2005],[83.2161,18.2031],[83.221,18.2113],[83.222,18.214],[83.222,18.2159],[83.2207,18.218],[83.2198,18.2193],[83.2194,18.2212],[83.2199,18.223],[83.2213,18.2234],[83.2236,18.2223],[83.2257,18.2205],[83.2278,18.2179],[83.2279,18.2144],[83.2277,18.2116],[83.2275,18.2083],[83.2287,18.2059],[83.2307,18.2049],[83.237,18.2037],[83.243,18.2028],[83.2424,18.2223],[83.2371,18.223],[83.2332,18.2231],[83.2333,18.2358],[83.2351,18.2362],[83.2381,18.2347],[83.2381,18.233],[83.2381,18.231],[83.2393,18.23],[83.2412,18.2298],[83.2441,18.2291],[83.248,18.2284],[83.2515,18.2275],[83.2549,18.2254],[83.2566,18.2241],[83.2586,18.2208],[83.2602,18.2184],[83.2626,18.2165],[83.265,18.2161],[83.2665,18.2166],[83.2666,18.2188],[83.2658,18.23],[83.2649,18.234],[83.2619,18.2364],[83.2611,18.2385],[83.2602,18.2444],[83.259,18.2516],[83.2616,18.2619],[83.2623,18.2697],[83.262,18.2734],[83.2599,18.2759],[83.2588,18.2767]],[[83.6315,18.5326],[83.6315,18.5338],[83.6302,18.5358],[83.6311,18.5372],[83.633,18.5387],[83.6334,18.5555],[83.632,18.5594],[83.631,18.5601],[83.6297,18.561],[83.6249,18.5614],[83.6218,18.561],[83.6173,18.561],[83.6154,18.5601],[83.6128,18.5593],[83.6087,18.559],[83.6069,18.5603],[83.605,18.5618],[83.6008,18.5619],[83.5934,18.562],[83.5877,18.5619],[83.5849,18.5628],[83.5828,18.5638],[83.5812,18.5655],[83.58,18.5672],[83.5786,18.5682],[83.5751,18.5649],[83.573,18.5636],[83.5695,18.5625],[83.5659,18.5613],[83.5628,18.5603],[83.5604,18.5593],[83.559,18.5573],[83.5593,18.5539],[83.5582,18.5511],[83.5582,18.5479],[83.5597,18.5432],[83.5604,18.5407],[83.5597,18.5387],[83.5617,18.5381],[83.566,18.5346],[83.5687,18.5316],[83.5779,18.5325],[83.5812,18.5344],[83.5857,18.5354],[83.5888,18.5351],[83.5931,18.5337],[83.5994,18.5337],[83.603,18.5332],[83.6079,18.5311],[83.6115,18.53],[83.6178,18.529],[83.6214,18.5297],[83.6244,18.5299],[83.6265,18.5296],[83.6312,18.5296],[83.6315,18.5326]]]}},{"type":"Feature","properties":{"district":"Visakhapatnam","district_hi":"विशाखापट्टनम"},"geometry":{"type":"MultiPolygon","coordinates":[[[[83.2402,17.6196],[83.2402,17.6197],[83.2401,17.6198],[83.2401,17.6199],[83.2401,17.6201],[83.2402,17.6201],[83.2404,17.6202],[83.2405,17.6202],[83.2406,17.6202],[83.2407,17.6202],[83.2406,17.6202],[83.2406,17.6201],[83.2405,17.62],[83.2406,17.6198],[83.2404,17.6197],[83.2403,17.6196],[83.2402,17.6196]]],[[[83.1635,17.5599],[83.1635,17.56],[83.1635,17.5599],[83.1636,17.5599],[83.1636,17.5598],[83.1635,17.5598],[83.1635,17.5599]]],[[[83.154,17.734],[83.1535,17.7358],[83.1586,17.7418],[83.1605,17.7523],[83.1622,17.7596],[83.1615,17.7659],[83.1574,17.7714],[83.1581,17.7768],[83.1627,17.7794],[83.1624,17.7832],[83.161,17.7873],[83.162,17.7933],[83.1614,17.8034],[83.1626,17.8224],[83.1624,17.8338],[83.1612,17.8415],[83.1622,17.8418],[83.163,17.8442],[83.1642,17.846],[83.1646,17.8484],[83.1653,17.8492],[83.1673,17.849],[83.1685,17.8485],[83.1705,17.8483],[83.1729,17.8482],[83.1751,17.8474],[83.1771,17.8469],[83.1811,17.8468],[83.1844,17.8463],[83.1864,17.8463],[83.186,17.8529],[83.1877,17.8529],[83.191,17.8519],[83.1946,17.8506],[83.197,17.8489],[83.2004,17.8479],[83.2031,17.8483],[83.2055,17.848],[83.2067,17.8488],[83.2075,17.8539],[83.209,17.857],[83.2141,17.8612],[83.2138,17.8619],[83.211,17.8624],[83.208,17.863],[83.2061,17.8636],[83.2069,17.8665],[83.2094,17.8709],[83.2107,17.8752],[83.2113,17.8771],[83.211,17.8815],[83.2135,17.8829],[83.2159,17.883],[83.2183,17.8822],[83.2186,17.8801],[83.2185,17.8786],[83.218,17.8767],[83.2175,17.8755],[83.2222,17.8745],[83.2271,17.8743],[83.2293,17.8744],[83.2308,17.876],[83.2309,17.8778],[83.2309,17.8789],[83.2309,17.8822],[83.2318,17.8843],[83.2353,17.8901],[83.2376,17.8954],[83.2387,17.9002],[83.2399,17.9036],[83.2449,17.9067],[83.2506,17.9104],[83.2556,17.9146],[83.2583,17.9152],[83.26,17.9169],[83.2559,17.921],[83.2491,17.9264],[83.2475,17.9284],[83.2436,17.9248],[83.2359,17.925],[83.2342,17.9275],[83.234,17.9302],[83.2341,17.9333],[83.2341,17.9369],[83.2274,17.9433],[83.2258,17.9459],[83.2265,17.9473],[83.2316,17.9497],[83.2349,17.9506],[83.2382,17.9506],[83.2416,17.9506],[83.2442,17.9512],[83.2496,17.9614],[83.2531,17.9666],[83.2527,17.9691],[83.2522,17.9724],[83.252,17.9741],[83.255,17.975],[83.2601,17.9791],[83.2629,17.9847],[83.2665,17.9884],[83.2675,17.997],[83.271,17.9991],[83.2729,18.0031],[83.2737,18.0056],[83.2739,18.0077],[83.2819,18.0079],[83.2822,18.004],[83.2828,18.0017],[83.2843,18.0012],[83.2875,17.9998],[83.2904,17.998],[83.2935,17.9958],[83.2958,17.9965],[83.2953,17.9989],[83.2924,18.0003],[83.2901,18.0015],[83.2888,18.0026],[83.2884,18.0048],[83.2904,18.009],[83.2928,18.0078],[83.2963,18.0073],[83.2995,18.0072],[83.3042,18.0077],[83.3056,18.0062],[83.3066,18.0042],[83.308,18.0035],[83.3108,18.0044],[83.3134,18.0054],[83.3146,18.0057],[83.3157,18.0105],[83.3153,18.0165],[83.3133,18.0175],[83.3108,18.0196],[83.3111,18.0222],[83.3111,18.0242],[83.3083,18.0257],[83.3054,18.0277],[83.3047,18.0307],[83.3071,18.0315],[83.31,18.03],[83.3114,18.029],[83.3138,18.0279],[83.3155,18.0266],[83.3177,18.0261],[83.3186,18.0272],[83.3194,18.0298],[83.3205,18.0327],[83.3212,18.0352],[83.324,18.038],[83.3284,18.0404],[83.3307,18.0423],[83.3357,18.0464],[83.3375,18.0458],[83.3398,18.0456],[83.3417,18.0466],[83.3433,18.0483],[83.3443,18.0506],[83.3463,18.0508],[83.3484,18.0499],[83.3505,18.0493],[83.3539,18.0487],[83.3546,18.0516],[83.3536,18.0536],[83.3523,18.0553],[83.3519,18.0574],[83.3552,18.0586],[83.3566,18.061],[83.3584,18.0645],[83.3616,18.0646],[83.3654,18.0644],[83.3678,18.0637],[83.3658,18.0604],[83.3653,18.0578],[83.371,18.0545],[83.3738,18.0526],[83.3757,18.0517],[83.3793,18.0522],[83.3822,18.0513],[83.3846,18.0513],[83.3874,18.0511],[83.39,18.0508],[83.3925,18.0507],[83.3971,18.051],[83.3982,18.053],[83.4008,18.055],[83.4028,18.0577],[83.4036,18.0578],[83.4043,18.0568],[83.4029,18.0542],[83.4026,18.0519],[83.4036,18.0498],[83.4043,18.0482],[83.4042,18.0455],[83.4035,18.0427],[83.4029,18.0407],[83.4021,18.038],[83.4015,18.036],[83.3991,18.0327],[83.3956,18.0262],[83.3948,18.0221],[83.3936,18.0179],[83.3943,18.017],[83.3986,18.0167],[83.405,18.0167],[83.4084,18.0161],[83.4138,18.0164],[83.4167,18.0156],[83.4191,18.015],[83.4203,18.0137],[83.4199,18.0097],[83.4209,18.0072],[83.4213,18.0057],[83.4224,18.0035],[83.4237,18.0023],[83.4241,17.9999],[83.4239,17.9932],[83.4231,17.992],[83.4212,17.9911],[83.4208,17.9901],[83.4206,17.9889],[83.4199,17.9878],[83.4172,17.9879],[83.4155,17.9878],[83.4145,17.9867],[83.4141,17.9847],[83.4136,17.982],[83.4131,17.9791],[83.4128,17.9736],[83.4134,17.9713],[83.4125,17.9705],[83.4096,17.9703],[83.4078,17.9693],[83.4072,17.9674],[83.407,17.9644],[83.4072,17.9629],[83.4094,17.9607],[83.4125,17.9579],[83.4157,17.9519],[83.4189,17.9477],[83.4209,17.9453],[83.4214,17.9434],[83.4219,17.9415],[83.4241,17.9407],[83.4289,17.9392],[83.4301,17.9357],[83.4338,17.9364],[83.4393,17.9317],[83.4418,17.9287],[83.4428,17.9267],[83.4431,17.9249],[83.4448,17.9239],[83.447,17.9239],[83.4493,17.9259],[83.4486,17.9272],[83.4467,17.9278],[83.4454,17.9286],[83.4447,17.9303],[83.4452,17.9325],[83.4461,17.9341],[83.4469,17.9361],[83.4469,17.9379],[83.4458,17.9404],[83.4441,17.9416],[83.4434,17.942],[83.4385,17.9445],[83.4376,17.9463],[83.4382,17.9474],[83.4394,17.9472],[83.4422,17.9466],[83.4443,17.9463],[83.4478,17.946],[83.4494,17.9462],[83.4506,17.9489],[83.4509,17.9517],[83.45,17.9551],[83.451,17.9579],[83.4523,17.9598],[83.4536,17.9609],[83.4564,17.9613],[83.4591,17.9621],[83.4606,17.9632],[83.4624,17.965],[83.4653,17.966],[83.4685,17.9664],[83.471,17.9659],[83.4722,17.9654],[83.4733,17.9637],[83.4741,17.9622],[83.4745,17.9602],[83.4747,17.9575],[83.4746,17.9558],[83.4756,17.9535],[83.477,17.9522],[83.4833,17.9498],[83.4902,17.9515],[83.4942,17.9514],[83.4972,17.9514],[83.4999,17.9526],[83.5021,17.9535],[83.5047,17.9535],[83.5096,17.9553],[83.5109,17.9544],[83.5135,17.9522],[83.5149,17.9524],[83.5168,17.9535],[83.5187,17.9533],[83.5201,17.952],[83.5224,17.9495],[83.5247,17.9472],[83.5245,17.9471],[83.5237,17.9467],[83.523,17.9464],[83.5222,17.9459],[83.5208,17.9451],[83.5197,17.9443],[83.5187,17.9437],[83.5181,17.9433],[83.5176,17.9429],[83.5169,17.9425],[83.5159,17.9418],[83.5145,17.9407],[83.5142,17.9405],[83.5139,17.9402],[83.5136,17.9399],[83.5133,17.9395],[83.513,17.939],[83.5128,17.9387],[83.5128,17.9384],[83.5129,17.9382],[83.513,17.9382],[83.513,17.9381],[83.5129,17.9381],[83.5127,17.938],[83.5125,17.9378],[83.5118,17.9376],[83.5109,17.9371],[83.5091,17.9363],[83.5082,17.9358],[83.5076,17.9355],[83.5067,17.935],[83.5059,17.9346],[83.5052,17.9343],[83.5037,17.9336],[83.5027,17.9331],[83.5019,17.9328],[83.5012,17.9324],[83.5004,17.9321],[83.5,17.9319],[83.4995,17.9316],[83.4985,17.9311],[83.4969,17.9303],[83.4961,17.9298],[83.4953,17.9293],[83.4943,17.9288],[83.4936,17.9284],[83.4927,17.9278],[83.4919,17.9273],[83.4911,17.9268],[83.4909,17.9267],[83.4908,17.9266],[83.4898,17.9261],[83.4885,17.9253],[83.4873,17.9244],[83.4869,17.9242],[83.4865,17.9238],[83.4861,17.9235],[83.4856,17.9232],[83.4852,17.9229],[83.4845,17.9225],[83.4836,17.922],[83.4823,17.9213],[83.4811,17.9206],[83.4789,17.9194],[83.4777,17.9187],[83.4773,17.9183],[83.4771,17.9182],[83.4757,17.9173],[83.4734,17.9158],[83.4718,17.9147],[83.471,17.9141],[83.4704,17.9137],[83.4695,17.9131],[83.469,17.9127],[83.4681,17.912],[83.4674,17.9115],[83.4664,17.9107],[83.4659,17.9102],[83.4638,17.9085],[83.463,17.9078],[83.4623,17.9072],[83.4613,17.9064],[83.4609,17.906],[83.4598,17.9051],[83.4593,17.9046],[83.4585,17.9041],[83.4582,17.9038],[83.458,17.9035],[83.4577,17.9031],[83.4572,17.9023],[83.4571,17.902],[83.4569,17.9017],[83.4565,17.9011],[83.4562,17.9007],[83.456,17.9003],[83.4557,17.8997],[83.4555,17.899],[83.4552,17.8983],[83.4551,17.8977],[83.4549,17.8972],[83.4548,17.8968],[83.4547,17.8964],[83.4547,17.8959],[83.4546,17.8955],[83.4547,17.8949],[83.4547,17.8947],[83.4548,17.8943],[83.4548,17.8939],[83.4549,17.8936],[83.4549,17.8932],[83.4549,17.8931],[83.455,17.8929],[83.4551,17.8928],[83.4553,17.8927],[83.4555,17.8928],[83.4558,17.8928],[83.4559,17.8928],[83.4559,17.8927],[83.4559,17.8926],[83.4559,17.8925],[83.4558,17.8922],[83.4558,17.8919],[83.4557,17.8917],[83.4558,17.8915],[83.456,17.8912],[83.4563,17.8909],[83.4564,17.8908],[83.4563,17.8907],[83.4562,17.8906],[83.4561,17.8905],[83.456,17.8904],[83.4559,17.8902],[83.4558,17.89],[83.4556,17.8897],[83.4554,17.8895],[83.4552,17.8892],[83.4551,17.8889],[83.455,17.8887],[83.455,17.8885],[83.455,17.8884],[83.4551,17.8881],[83.4552,17.888],[83.4552,17.8878],[83.4552,17.8877],[83.455,17.8876],[83.4548,17.8875],[83.4545,17.8874],[83.4542,17.8873],[83.454,17.8872],[83.4538,17.8871],[83.4537,17.8869],[83.4533,17.8866],[83.4527,17.8861],[83.4521,17.8857],[83.4515,17.8852],[83.4509,17.8848],[83.4503,17.8843],[83.45,17.8838],[83.4495,17.8832],[83.4492,17.8827],[83.4489,17.8824],[83.4486,17.8821],[83.4483,17.8818],[83.448,17.8814],[83.4477,17.8811],[83.4472,17.8806],[83.4467,17.88],[83.4464,17.8796],[83.4462,17.8792],[83.446,17.8789],[83.4459,17.8785],[83.4459,17.8783],[83.4459,17.8782],[83.4459,17.878],[83.4458,17.8778],[83.4457,17.8777],[83.4456,17.8775],[83.4454,17.8773],[83.4452,17.877],[83.4451,17.8769],[83.4449,17.8767],[83.4447,17.8764],[83.4445,17.8762],[83.4444,17.8759],[83.4443,17.8756],[83.4443,17.8755],[83.4443,17.8753],[83.4442,17.8751],[83.4442,17.8749],[83.4442,17.8747],[83.4442,17.8746],[83.4442,17.8745],[83.4442,17.8744],[83.4441,17.8741],[83.4441,17.874],[83.4441,17.8738],[83.4441,17.8736],[83.444,17.8735],[83.444,17.8734],[83.4438,17.8733],[83.4437,17.8732],[83.4434,17.873],[83.4432,17.8729],[83.4428,17.8727],[83.4424,17.8725],[83.4421,17.8724],[83.4418,17.8722],[83.4415,17.8721],[83.4411,17.8719],[83.4409,17.8717],[83.4406,17.8715],[83.44,17.871],[83.4391,17.8705],[83.4378,17.8697],[83.4377,17.8696],[83.437,17.8693],[83.4361,17.8688],[83.4352,17.8683],[83.4343,17.8678],[83.4334,17.8672],[83.4324,17.8667],[83.4315,17.8661],[83.4308,17.8656],[83.43,17.8651],[83.4291,17.8645],[83.4283,17.8641],[83.4276,17.8636],[83.4266,17.8629],[83.426,17.8625],[83.4255,17.8622],[83.425,17.8618],[83.4245,17.8615],[83.4241,17.8611],[83.4235,17.8607],[83.4229,17.8602],[83.4222,17.8597],[83.4214,17.859],[83.4207,17.8583],[83.4201,17.8578],[83.4196,17.8573],[83.4194,17.8572],[83.4188,17.8566],[83.4185,17.8563],[83.4182,17.856],[83.4177,17.8555],[83.4173,17.855],[83.4168,17.8546],[83.4164,17.8541],[83.4158,17.8533],[83.4154,17.8529],[83.4151,17.8526],[83.4149,17.8522],[83.4143,17.8515],[83.4136,17.8505],[83.4133,17.85],[83.4128,17.8493],[83.4124,17.8484],[83.4119,17.8475],[83.4117,17.8469],[83.4112,17.8459],[83.411,17.8452],[83.4108,17.8446],[83.4106,17.8439],[83.4105,17.8432],[83.4104,17.8425],[83.4103,17.8418],[83.4103,17.8414],[83.4103,17.8407],[83.4103,17.8402],[83.4103,17.8399],[83.4104,17.8396],[83.4104,17.8393],[83.4105,17.8388],[83.4106,17.8386],[83.4108,17.8381],[83.411,17.8377],[83.4111,17.8374],[83.4112,17.8373],[83.4114,17.8371],[83.4116,17.8369],[83.4118,17.8368],[83.4121,17.8367],[83.4123,17.8366],[83.4125,17.8365],[83.4128,17.836],[83.4131,17.8357],[83.4134,17.8353],[83.4136,17.835],[83.4137,17.835],[83.4138,17.835],[83.4139,17.835],[83.414,17.835],[83.4143,17.835],[83.4144,17.835],[83.4145,17.835],[83.4146,17.8351],[83.4147,17.8351],[83.4147,17.8352],[83.4148,17.8352],[83.4149,17.8352],[83.415,17.8352],[83.4151,17.8352],[83.4152,17.8352],[83.4153,17.8352],[83.4154,17.8352],[83.4156,17.8352],[83.4158,17.8352],[83.416,17.8351],[83.4162,17.835],[83.4163,17.835],[83.4164,17.8349],[83.4165,17.8349],[83.4165,17.8348],[83.4165,17.8347],[83.4165,17.8346],[83.4164,17.8344],[83.4164,17.8343],[83.4164,17.8342],[83.4164,17.8341],[83.4165,17.8341],[83.4165,17.834],[83.4166,17.8339],[83.4165,17.8338],[83.4165,17.8336],[83.4166,17.8334],[83.4165,17.8333],[83.4164,17.8332],[83.4163,17.8329],[83.4162,17.8327],[83.4162,17.8325],[83.4162,17.8324],[83.4162,17.8322],[83.4161,17.8321],[83.4161,17.832],[83.4161,17.8319],[83.4161,17.8317],[83.4161,17.8314],[83.4162,17.8313],[83.4162,17.8312],[83.4162,17.831],[83.4162,17.8309],[83.4163,17.8308],[83.4163,17.8307],[83.4163,17.8306],[83.4163,17.8305],[83.4163,17.8304],[83.4163,17.8303],[83.4162,17.83],[83.4161,17.8299],[83.4161,17.8297],[83.416,17.8295],[83.416,17.8292],[83.416,17.8291],[83.416,17.829],[83.416,17.8287],[83.4161,17.8286],[83.4161,17.8285],[83.4161,17.8284],[83.4161,17.8283],[83.4161,17.8282],[83.4161,17.828],[83.4161,17.8279],[83.4161,17.8277],[83.4162,17.8274],[83.4162,17.8272],[83.4163,17.827],[83.4163,17.8268],[83.4163,17.8267],[83.4164,17.8264],[83.4164,17.8262],[83.4165,17.826],[83.4165,17.8255],[83.4164,17.8251],[83.4164,17.8249],[83.4164,17.8248],[83.4164,17.8246],[83.4164,17.8245],[83.4164,17.8244],[83.4164,17.8243],[83.4165,17.8243],[83.4165,17.8242],[83.4165,17.8241],[83.4165,17.824],[83.4166,17.8239],[83.4166,17.8237],[83.4165,17.8233],[83.4165,17.8231],[83.4164,17.8229],[83.4164,17.8228],[83.4164,17.8226],[83.4164,17.8225],[83.4164,17.8224],[83.4164,17.8223],[83.4164,17.8222],[83.4163,17.8221],[83.4163,17.822],[83.4161,17.8219],[83.416,17.8218],[83.4158,17.8218],[83.4157,17.8217],[83.4156,17.8216],[83.4154,17.8214],[83.4153,17.8211],[83.415,17.8207],[83.4148,17.8203],[83.4146,17.8198],[83.4143,17.8193],[83.4141,17.819],[83.414,17.8188],[83.4138,17.8186],[83.4136,17.8182],[83.4134,17.8179],[83.4134,17.8178],[83.4132,17.8175],[83.4131,17.8174],[83.413,17.8173],[83.4129,17.8171],[83.4126,17.8167],[83.4124,17.8164],[83.4122,17.816],[83.412,17.8156],[83.4118,17.8151],[83.4116,17.8146],[83.4114,17.8142],[83.4112,17.8136],[83.411,17.8133],[83.4109,17.8129],[83.4108,17.8124],[83.4105,17.8119],[83.4103,17.8115],[83.4102,17.8113],[83.4101,17.8111],[83.4101,17.811],[83.41,17.8108],[83.4099,17.8106],[83.4098,17.8103],[83.4096,17.8102],[83.4094,17.81],[83.4091,17.8098],[83.4089,17.8095],[83.4085,17.8091],[83.4078,17.8085],[83.4073,17.808],[83.4069,17.8077],[83.4065,17.8073],[83.4055,17.8062],[83.4051,17.8058],[83.4049,17.8055],[83.4046,17.8051],[83.4043,17.8049],[83.4037,17.8045],[83.4034,17.8042],[83.4029,17.8039],[83.4026,17.8036],[83.4024,17.8035],[83.4022,17.8034],[83.4021,17.8033],[83.4016,17.8029],[83.4014,17.8027],[83.401,17.8024],[83.4006,17.8022],[83.4003,17.8019],[83.3998,17.8016],[83.3991,17.8013],[83.3986,17.8008],[83.3982,17.8005],[83.3982,17.8003],[83.3981,17.8002],[83.398,17.8001],[83.3979,17.7999],[83.3979,17.7998],[83.3978,17.7997],[83.3977,17.7995],[83.3977,17.7994],[83.3977,17.7993],[83.3976,17.7992],[83.3975,17.7991],[83.3975,17.799],[83.3975,17.7989],[83.3975,17.7986],[83.3975,17.7984],[83.3974,17.7983],[83.3973,17.7983],[83.3971,17.7982],[83.397,17.7981],[83.3969,17.798],[83.3967,17.7978],[83.3966,17.7977],[83.3965,17.7976],[83.3964,17.7975],[83.3963,17.7975],[83.3961,17.7974],[83.396,17.7973],[83.3957,17.7971],[83.3954,17.7969],[83.3949,17.7966],[83.3945,17.7964],[83.394,17.796],[83.3937,17.7957],[83.393,17.7952],[83.3928,17.7949],[83.3925,17.7946],[83.3921,17.794],[83.3917,17.7937],[83.3915,17.7934],[83.3911,17.7929],[83.3908,17.7926],[83.3906,17.7924],[83.3905,17.7922],[83.3902,17.7919],[83.3901,17.7917],[83.3898,17.7913],[83.3894,17.7906],[83.3893,17.7903],[83.3891,17.7901],[83.389,17.7899],[83.3887,17.7894],[83.3885,17.7891],[83.3883,17.7889],[83.388,17.7886],[83.3878,17.7884],[83.3877,17.7882],[83.3875,17.7879],[83.3872,17.7876],[83.3868,17.7871],[83.3865,17.7866],[83.3861,17.786],[83.3859,17.7855],[83.3857,17.7849],[83.3856,17.7845],[83.3855,17.7841],[83.3854,17.7838],[83.3853,17.7834],[83.3852,17.7831],[83.3851,17.7828],[83.3851,17.7824],[83.3852,17.7818],[83.3854,17.7813],[83.3857,17.7808],[83.3859,17.7804],[83.3861,17.7803],[83.3864,17.7802],[83.3865,17.7801],[83.3866,17.7801],[83.3868,17.78],[83.3868,17.7798],[83.3867,17.7796],[83.3865,17.7793],[83.3864,17.7791],[83.3863,17.7789],[83.3862,17.7787],[83.3861,17.7787],[83.386,17.7785],[83.3859,17.7784],[83.3858,17.7783],[83.3857,17.7781],[83.3856,17.7779],[83.3854,17.7775],[83.3851,17.7773],[83.385,17.7772],[83.3848,17.7771],[83.3847,17.777],[83.3846,17.7769],[83.3845,17.7768],[83.3844,17.7768],[83.3843,17.7767],[83.3841,17.7766],[83.384,17.7765],[83.3838,17.7763],[83.3836,17.7762],[83.3835,17.7762],[83.3834,17.7761],[83.3832,17.776],[83.3831,17.7759],[83.383,17.7759],[83.3828,17.7759],[83.3827,17.7759],[83.3825,17.7759],[83.3823,17.7758],[83.3821,17.7757],[83.3819,17.7755],[83.3815,17.7753],[83.3813,17.7751],[83.3806,17.7746],[83.3804,17.7745],[83.3801,17.7742],[83.3798,17.7739],[83.3795,17.7736],[83.3793,17.7734],[83.3792,17.7731],[83.3791,17.7729],[83.379,17.7728],[83.3791,17.7727],[83.3792,17.7726],[83.3792,17.7725],[83.3791,17.7725],[83.3789,17.7725],[83.3788,17.7726],[83.3787,17.7726],[83.3786,17.7726],[83.3785,17.7726],[83.3782,17.7726],[83.3781,17.7725],[83.3779,17.7724],[83.3778,17.7723],[83.3776,17.7721],[83.3774,17.772],[83.3773,17.7718],[83.3772,17.7717],[83.3771,17.7716],[83.3769,17.7714],[83.3767,17.7712],[83.3766,17.771],[83.3765,17.7709],[83.3764,17.7708],[83.3763,17.7707],[83.3761,17.7705],[83.3759,17.7703],[83.3757,17.7702],[83.3756,17.7701],[83.3754,17.7701],[83.3753,17.77],[83.3751,17.7699],[83.3749,17.7698],[83.3748,17.7697],[83.3746,17.7696],[83.3746,17.7695],[83.3745,17.7695],[83.3743,17.7694],[83.3742,17.7694],[83.374,17.7693],[83.3739,17.7692],[83.3737,17.7691],[83.3736,17.769],[83.3736,17.7689],[83.3735,17.7687],[83.3734,17.7687],[83.3733,17.7686],[83.3732,17.7686],[83.373,17.7686],[83.3729,17.7686],[83.3727,17.7686],[83.3726,17.7685],[83.3724,17.7684],[83.3717,17.7681],[83.3712,17.7677],[83.3707,17.7674],[83.3699,17.7669],[83.3692,17.7666],[83.3689,17.7664],[83.3687,17.7663],[83.3684,17.7662],[83.368,17.766],[83.3676,17.7659],[83.3674,17.7658],[83.3672,17.7657],[83.367,17.7655],[83.3668,17.7654],[83.3663,17.7652],[83.3644,17.7642],[83.3637,17.7639],[83.3634,17.7637],[83.3632,17.7635],[83.3628,17.7633],[83.3623,17.763],[83.3619,17.7628],[83.3612,17.7624],[83.3609,17.7622],[83.3606,17.7619],[83.3602,17.7617],[83.3598,17.7614],[83.3594,17.7611],[83.359,17.7607],[83.3587,17.7605],[83.3585,17.7603],[83.3579,17.7599],[83.3575,17.7596],[83.3569,17.7591],[83.3565,17.7588],[83.356,17.7584],[83.3557,17.7581],[83.3553,17.7577],[83.3547,17.7571],[83.3545,17.7567],[83.3544,17.7564],[83.3543,17.7562],[83.3543,17.7561],[83.3543,17.7559],[83.3542,17.7557],[83.3541,17.7556],[83.354,17.7555],[83.3538,17.7553],[83.3537,17.7551],[83.3536,17.7549],[83.3536,17.7548],[83.3537,17.7547],[83.354,17.7546],[83.3541,17.7545],[83.3541,17.7544],[83.354,17.7545],[83.3539,17.7545],[83.3537,17.7546],[83.3536,17.7546],[83.3535,17.7546],[83.3534,17.7546],[83.3534,17.7547],[83.3533,17.7548],[83.3532,17.7548],[83.3531,17.7548],[83.353,17.7546],[83.3529,17.7545],[83.3528,17.7544],[83.3527,17.7542],[83.3525,17.754],[83.3524,17.7538],[83.3522,17.7536],[83.3519,17.7531],[83.3516,17.7528],[83.3515,17.7525],[83.3513,17.7523],[83.3512,17.7521],[83.3511,17.752],[83.3508,17.7515],[83.3506,17.7511],[83.3504,17.7507],[83.3503,17.7503],[83.3502,17.75],[83.3501,17.7496],[83.3501,17.7493],[83.3502,17.7491],[83.3502,17.749],[83.3502,17.7489],[83.3503,17.7488],[83.3505,17.7486],[83.3506,17.7485],[83.3506,17.7484],[83.3507,17.7483],[83.3507,17.7482],[83.3507,17.7481],[83.3507,17.748],[83.3506,17.748],[83.3506,17.7479],[83.3505,17.7478],[83.3504,17.7477],[83.3504,17.7475],[83.3504,17.7474],[83.3504,17.7473],[83.3504,17.7471],[83.3505,17.7469],[83.3506,17.7468],[83.3506,17.7467],[83.3505,17.7466],[83.3504,17.7466],[83.3503,17.7465],[83.3501,17.7464],[83.35,17.7462],[83.3499,17.746],[83.3499,17.7459],[83.3499,17.7458],[83.3499,17.7457],[83.3499,17.7456],[83.3499,17.7455],[83.3498,17.7455],[83.3498,17.7456],[83.3497,17.7457],[83.3496,17.7457],[83.3493,17.7455],[83.3492,17.7455],[83.3491,17.7454],[83.349,17.7453],[83.3488,17.7452],[83.3487,17.7452],[83.3486,17.7451],[83.3485,17.7451],[83.3484,17.745],[83.3483,17.745],[83.3482,17.7448],[83.348,17.7447],[83.3479,17.7446],[83.3478,17.7445],[83.3476,17.7443],[83.3474,17.744],[83.3471,17.7437],[83.3469,17.7434],[83.3466,17.7431],[83.3464,17.7429],[83.3462,17.7426],[83.346,17.7424],[83.3458,17.7421],[83.3454,17.7416],[83.3452,17.7413],[83.3449,17.7409],[83.3446,17.7404],[83.3444,17.7398],[83.3442,17.7395],[83.344,17.7391],[83.3439,17.7387],[83.3437,17.7384],[83.3436,17.738],[83.3435,17.7374],[83.3433,17.7366],[83.3432,17.7362],[83.3432,17.7357],[83.3432,17.7353],[83.3433,17.7349],[83.3433,17.7347],[83.3434,17.7346],[83.3434,17.7344],[83.3434,17.7343],[83.3434,17.7341],[83.3433,17.734],[83.3434,17.7332],[83.3434,17.7328],[83.3434,17.7324],[83.3434,17.7318],[83.3435,17.7314],[83.3435,17.7312],[83.3435,17.731],[83.3436,17.7307],[83.3438,17.7305],[83.3442,17.7299],[83.3444,17.7296],[83.3445,17.7294],[83.3446,17.7292],[83.3448,17.729],[83.3449,17.7288],[83.3451,17.7286],[83.3453,17.7286],[83.3454,17.7286],[83.3455,17.7287],[83.3456,17.7286],[83.3457,17.7285],[83.3458,17.7285],[83.346,17.7285],[83.3461,17.7285],[83.3461,17.7286],[83.3462,17.7286],[83.3463,17.7285],[83.3464,17.7284],[83.3465,17.7283],[83.3466,17.7281],[83.3467,17.7278],[83.3467,17.7277],[83.3467,17.7276],[83.3466,17.7275],[83.3465,17.7273],[83.3464,17.7272],[83.3463,17.727],[83.3461,17.7268],[83.3459,17.7266],[83.3458,17.7265],[83.3457,17.7263],[83.3456,17.726],[83.3455,17.7259],[83.3455,17.7258],[83.3453,17.7258],[83.3452,17.7258],[83.345,17.7257],[83.3449,17.7256],[83.3446,17.7254],[83.3444,17.7253],[83.3441,17.725],[83.3438,17.7246],[83.3436,17.7243],[83.3434,17.7241],[83.3431,17.7238],[83.3425,17.7234],[83.3416,17.7229],[83.3412,17.7226],[83.341,17.7225],[83.3408,17.7224],[83.3405,17.7223],[83.3398,17.7219],[83.3393,17.7215],[83.3389,17.7212],[83.3387,17.721],[83.3385,17.7208],[83.3385,17.7207],[83.3384,17.7206],[83.3383,17.7206],[83.3382,17.7205],[83.3382,17.7204],[83.3381,17.7203],[83.338,17.7203],[83.3379,17.7203],[83.3378,17.7203],[83.3373,17.7201],[83.3371,17.72],[83.3366,17.7197],[83.3363,17.7196],[83.3357,17.7193],[83.3354,17.7191],[83.3351,17.719],[83.3348,17.7188],[83.3345,17.7187],[83.3343,17.7186],[83.3341,17.7186],[83.3339,17.7187],[83.3335,17.7186],[83.3333,17.7186],[83.3332,17.7186],[83.3325,17.7182],[83.3318,17.7179],[83.3313,17.7176],[83.3311,17.7175],[83.3302,17.7171],[83.3288,17.7165],[83.3287,17.7164],[83.3286,17.7164],[83.3284,17.7164],[83.3283,17.7163],[83.3277,17.716],[83.3266,17.7155],[83.3259,17.7151],[83.3252,17.7147],[83.3246,17.7144],[83.3239,17.7141],[83.3235,17.7139],[83.3232,17.7137],[83.3226,17.7133],[83.3219,17.7129],[83.3209,17.7122],[83.3202,17.7117],[83.3198,17.7115],[83.3196,17.7113],[83.3192,17.711],[83.319,17.7108],[83.3189,17.7108],[83.3188,17.7107],[83.3186,17.7108],[83.3185,17.7107],[83.3184,17.7107],[83.3182,17.7106],[83.318,17.7105],[83.3176,17.7104],[83.3175,17.7104],[83.3174,17.7103],[83.317,17.7101],[83.3167,17.7098],[83.3165,17.7096],[83.3162,17.7094],[83.3158,17.7091],[83.3156,17.7088],[83.3154,17.7088],[83.3152,17.7087],[83.3151,17.7086],[83.3148,17.7083],[83.3144,17.7078],[83.3142,17.7076],[83.3139,17.7074],[83.3135,17.7072],[83.3132,17.707],[83.3127,17.7069],[83.3125,17.7067],[83.3122,17.7064],[83.3119,17.7062],[83.3111,17.7056],[83.3109,17.7054],[83.3106,17.7053],[83.3104,17.7052],[83.3103,17.7052],[83.3101,17.7051],[83.3099,17.7051],[83.3098,17.705],[83.3096,17.7049],[83.3093,17.7046],[83.3091,17.7044],[83.309,17.7043],[83.3089,17.7041],[83.3087,17.7039],[83.3086,17.7038],[83.3085,17.7036],[83.3084,17.7035],[83.3084,17.7033],[83.3085,17.7032],[83.3084,17.7031],[83.3083,17.7031],[83.3083,17.703],[83.3082,17.703],[83.3081,17.7029],[83.308,17.7027],[83.308,17.7025],[83.308,17.7024],[83.308,17.7019],[83.308,17.7014],[83.308,17.701],[83.308,17.7007],[83.3079,17.7005],[83.3077,17.7003],[83.3075,17.7001],[83.3074,17.7001],[83.3074,17.7002],[83.3074,17.7003],[83.3075,17.7004],[83.3076,17.7005],[83.3077,17.7006],[83.3078,17.7007],[83.3078,17.701],[83.3078,17.7012],[83.3077,17.7013],[83.3074,17.7014],[83.3071,17.7015],[83.3068,17.7016],[83.3066,17.7016],[83.3063,17.7016],[83.3061,17.7015],[83.3059,17.7015],[83.3057,17.7014],[83.3056,17.7013],[83.3053,17.701],[83.3051,17.7008],[83.305,17.7006],[83.3051,17.7004],[83.3052,17.7],[83.3054,17.6999],[83.3056,17.6998],[83.3059,17.6996],[83.306,17.6995],[83.3061,17.6995],[83.306,17.6994],[83.3058,17.6995],[83.3056,17.6996],[83.3054,17.6997],[83.3053,17.6996],[83.3054,17.6993],[83.3055,17.6988],[83.3057,17.6982],[83.3058,17.6977],[83.3059,17.6976],[83.3058,17.6975],[83.3057,17.6975],[83.3057,17.6976],[83.3056,17.6977],[83.3055,17.6977],[83.3054,17.6977],[83.3053,17.6977],[83.3051,17.6986],[83.3051,17.6987],[83.305,17.6988],[83.3049,17.6991],[83.3048,17.6994],[83.3048,17.6995],[83.3047,17.6995],[83.3045,17.6994],[83.3045,17.6995],[83.3044,17.6995],[83.3047,17.6985],[83.3046,17.6985],[83.3046,17.6984],[83.3045,17.6984],[83.3045,17.6986],[83.3044,17.6985],[83.3042,17.6991],[83.3041,17.6991],[83.3042,17.6985],[83.304,17.6992],[83.3037,17.699],[83.3035,17.6989],[83.3012,17.6972],[83.3004,17.6965],[83.3014,17.696],[83.3018,17.6963],[83.3019,17.6962],[83.3015,17.6959],[83.3022,17.6956],[83.3028,17.696],[83.3021,17.6954],[83.3021,17.6953],[83.3025,17.695],[83.3026,17.695],[83.3034,17.6956],[83.3035,17.6955],[83.3027,17.6949],[83.3028,17.6949],[83.3032,17.6946],[83.3033,17.6945],[83.3041,17.6951],[83.3042,17.695],[83.3034,17.6944],[83.304,17.6941],[83.3048,17.6946],[83.3049,17.6946],[83.3041,17.694],[83.3047,17.6936],[83.3048,17.6936],[83.3049,17.6935],[83.305,17.6935],[83.305,17.6936],[83.3059,17.6943],[83.3059,17.696],[83.306,17.696],[83.3061,17.696],[83.3064,17.6961],[83.3065,17.6964],[83.3067,17.6966],[83.307,17.6969],[83.3072,17.6971],[83.3075,17.6972],[83.3077,17.6974],[83.3078,17.6974],[83.3078,17.6975],[83.3079,17.6975],[83.308,17.6975],[83.3081,17.6975],[83.3081,17.6974],[83.3081,17.6973],[83.3081,17.6972],[83.308,17.6971],[83.3079,17.6971],[83.3078,17.6971],[83.3076,17.6971],[83.3075,17.697],[83.3073,17.697],[83.3072,17.6968],[83.3071,17.6967],[83.3069,17.6966],[83.3068,17.6964],[83.3067,17.6963],[83.3066,17.6962],[83.3066,17.696],[83.3065,17.6958],[83.3065,17.6956],[83.3065,17.6954],[83.3065,17.6953],[83.3064,17.695],[83.3064,17.6946],[83.3064,17.6941],[83.3064,17.6938],[83.3064,17.6934],[83.3064,17.693],[83.3064,17.6924],[83.3064,17.6921],[83.3064,17.6918],[83.3064,17.6914],[83.3063,17.691],[83.3063,17.6903],[83.3063,17.6895],[83.3063,17.6889],[83.3063,17.6885],[83.3063,17.6883],[83.3063,17.6882],[83.3062,17.6882],[83.3061,17.6882],[83.3061,17.6883],[83.3061,17.6884],[83.3061,17.6885],[83.3061,17.6886],[83.3061,17.6889],[83.3061,17.6893],[83.3061,17.6896],[83.3061,17.6897],[83.3059,17.6896],[83.3057,17.6896],[83.3056,17.6896],[83.3054,17.6896],[83.3053,17.6896],[83.3053,17.6895],[83.3052,17.6895],[83.3052,17.6896],[83.3051,17.6896],[83.3051,17.6895],[83.305,17.6894],[83.3048,17.6894],[83.2999,17.6936],[83.2988,17.6945],[83.2989,17.6946],[83.2989,17.6947],[83.2987,17.6947],[83.2987,17.6948],[83.2986,17.6948],[83.2986,17.6949],[83.2985,17.6949],[83.2985,17.695],[83.2984,17.695],[83.2983,17.695],[83.2982,17.6949],[83.2981,17.6948],[83.298,17.6948],[83.2978,17.6946],[83.2977,17.6946],[83.2976,17.6944],[83.2972,17.694],[83.2968,17.6936],[83.2965,17.6934],[83.2964,17.6932],[83.2963,17.6931],[83.2963,17.6929],[83.2963,17.6927],[83.2962,17.6925],[83.2963,17.6924],[83.2966,17.6922],[83.2951,17.6894],[83.2948,17.6895],[83.2948,17.6896],[83.2944,17.6898],[83.2943,17.6898],[83.2944,17.6897],[83.2932,17.6893],[83.2932,17.6894],[83.2928,17.6893],[83.2926,17.6892],[83.2922,17.6891],[83.2917,17.689],[83.2913,17.689],[83.2909,17.689],[83.2906,17.6889],[83.2903,17.6889],[83.2903,17.6888],[83.2902,17.6888],[83.2898,17.6887],[83.2895,17.6887],[83.2892,17.6887],[83.2889,17.6886],[83.2888,17.6885],[83.2885,17.6886],[83.2884,17.6886],[83.288,17.6886],[83.2875,17.6887],[83.2872,17.6887],[83.287,17.6888],[83.2868,17.6889],[83.2864,17.6889],[83.2862,17.6889],[83.2859,17.6889],[83.286,17.6893],[83.2858,17.6893],[83.2857,17.6889],[83.2848,17.6891],[83.284,17.6892],[83.284,17.6893],[83.2836,17.6894],[83.2835,17.6894],[83.2835,17.6896],[83.2834,17.6896],[83.2833,17.6897],[83.2833,17.6898],[83.2834,17.6897],[83.2834,17.6898],[83.2835,17.6899],[83.2834,17.6899],[83.2834,17.69],[83.2829,17.6901],[83.2828,17.6901],[83.2826,17.6903],[83.2824,17.6906],[83.2825,17.6908],[83.2826,17.6909],[83.2829,17.6913],[83.2829,17.6914],[83.283,17.6915],[83.2831,17.6915],[83.2834,17.6915],[83.2836,17.6915],[83.2846,17.6915],[83.2852,17.6915],[83.2861,17.6914],[83.2864,17.6913],[83.2866,17.6913],[83.2869,17.6913],[83.2873,17.6913],[83.288,17.6912],[83.2884,17.6912],[83.2885,17.6912],[83.2886,17.6912],[83.2886,17.6914],[83.2887,17.6916],[83.2888,17.6918],[83.2888,17.692],[83.2887,17.692],[83.2881,17.6919],[83.288,17.6918],[83.2878,17.6918],[83.2875,17.6918],[83.2871,17.6918],[83.2861,17.6918],[83.2846,17.6918],[83.2846,17.6919],[83.2839,17.6919],[83.2838,17.692],[83.2837,17.6931],[83.2836,17.6931],[83.2836,17.6932],[83.2836,17.6934],[83.2836,17.6936],[83.2836,17.6938],[83.2835,17.6947],[83.2833,17.6965],[83.2832,17.6972],[83.2827,17.7018],[83.2853,17.7062],[83.2839,17.7077],[83.2838,17.7079],[83.2837,17.7082],[83.2837,17.7084],[83.2834,17.7118],[83.2829,17.7118],[83.2826,17.7119],[83.2825,17.7118],[83.2818,17.7118],[83.282,17.7094],[83.2822,17.7068],[83.2803,17.7053],[83.2815,17.6952],[83.28,17.6951],[83.2792,17.6965],[83.2791,17.6966],[83.2783,17.6978],[83.2783,17.6979],[83.2786,17.6983],[83.2789,17.6986],[83.2791,17.6989],[83.2787,17.6994],[83.2766,17.7031],[83.2763,17.7033],[83.2763,17.7032],[83.2744,17.7045],[83.2744,17.7046],[83.2737,17.7058],[83.2737,17.7057],[83.2736,17.7059],[83.2733,17.7058],[83.2734,17.7056],[83.2724,17.7071],[83.2728,17.7073],[83.2727,17.7075],[83.2727,17.7077],[83.2725,17.7083],[83.2725,17.7085],[83.2726,17.7087],[83.2728,17.709],[83.273,17.7094],[83.2733,17.7095],[83.2734,17.7097],[83.2734,17.7099],[83.2734,17.7102],[83.2733,17.7108],[83.2731,17.7112],[83.273,17.7115],[83.2729,17.7117],[83.272,17.7127],[83.2719,17.7127],[83.2717,17.7128],[83.2709,17.7129],[83.2707,17.7129],[83.2706,17.7129],[83.2697,17.713],[83.2693,17.7129],[83.2691,17.7129],[83.2689,17.7128],[83.2687,17.7127],[83.2686,17.7126],[83.2686,17.7125],[83.2684,17.7124],[83.2683,17.7123],[83.2682,17.7122],[83.2681,17.7121],[83.2681,17.712],[83.2681,17.7119],[83.268,17.7118],[83.2679,17.7117],[83.2679,17.7115],[83.2679,17.7099],[83.27,17.7086],[83.2699,17.7085],[83.2688,17.7092],[83.2687,17.7089],[83.2686,17.7089],[83.2674,17.7097],[83.2676,17.71],[83.2662,17.7108],[83.2666,17.7115],[83.2661,17.7118],[83.2656,17.7112],[83.2651,17.7115],[83.2651,17.7116],[83.2649,17.7117],[83.2649,17.7116],[83.2648,17.7116],[83.2646,17.7117],[83.2645,17.7117],[83.2644,17.7118],[83.2643,17.7118],[83.2638,17.7121],[83.2623,17.7099],[83.2624,17.7098],[83.2625,17.7097],[83.2626,17.7096],[83.2628,17.7095],[83.2636,17.7106],[83.2639,17.7105],[83.264,17.7103],[83.2643,17.7102],[83.2638,17.709],[83.2652,17.7083],[83.2656,17.7081],[83.2657,17.7081],[83.2657,17.7079],[83.2657,17.7078],[83.2657,17.7077],[83.2658,17.7076],[83.2657,17.7075],[83.2657,17.7074],[83.2658,17.7074],[83.2658,17.7073],[83.2659,17.7071],[83.2659,17.707],[83.266,17.7069],[83.2659,17.7069],[83.266,17.7068],[83.266,17.7065],[83.2661,17.7063],[83.2624,17.7055],[83.2629,17.7036],[83.265,17.704],[83.2678,17.7045],[83.2715,17.7053],[83.2725,17.7036],[83.2723,17.7036],[83.2721,17.704],[83.2719,17.7039],[83.2721,17.7036],[83.2714,17.7031],[83.2715,17.7027],[83.2725,17.7031],[83.2727,17.7031],[83.2733,17.702],[83.2735,17.702],[83.2737,17.7016],[83.2736,17.7016],[83.2723,17.7014],[83.2724,17.7012],[83.2721,17.7011],[83.274,17.6979],[83.2757,17.6982],[83.2774,17.6954],[83.2773,17.6953],[83.2774,17.6952],[83.2777,17.695],[83.2779,17.6948],[83.2782,17.6944],[83.2782,17.6943],[83.2781,17.6943],[83.278,17.6942],[83.2774,17.6943],[83.2774,17.6942],[83.274,17.6951],[83.2741,17.6952],[83.2724,17.6956],[83.2724,17.6954],[83.2708,17.6958],[83.2708,17.6959],[83.2706,17.696],[83.2705,17.6961],[83.2704,17.6961],[83.2703,17.6961],[83.2703,17.696],[83.2702,17.696],[83.2699,17.6961],[83.2696,17.6962],[83.2693,17.6962],[83.2692,17.6962],[83.2688,17.6957],[83.2688,17.6956],[83.2687,17.6955],[83.2687,17.6953],[83.2686,17.6951],[83.2687,17.695],[83.2688,17.6949],[83.2693,17.6948],[83.2693,17.6947],[83.2694,17.6945],[83.274,17.6934],[83.2741,17.6933],[83.2741,17.693],[83.2742,17.6928],[83.2743,17.6928],[83.2745,17.6935],[83.2787,17.6925],[83.2786,17.692],[83.2789,17.6915],[83.2788,17.6914],[83.279,17.6912],[83.2791,17.6913],[83.2791,17.6912],[83.279,17.6912],[83.2792,17.6909],[83.2793,17.691],[83.2794,17.6909],[83.2793,17.6909],[83.2795,17.6907],[83.2797,17.6908],[83.2799,17.6906],[83.2802,17.6903],[83.2807,17.6896],[83.2805,17.6895],[83.2808,17.6891],[83.2793,17.6893],[83.2792,17.6892],[83.2792,17.6886],[83.2812,17.6883],[83.2812,17.6882],[83.281,17.6882],[83.2809,17.6879],[83.2812,17.6878],[83.2812,17.6877],[83.2816,17.6877],[83.2816,17.6878],[83.2817,17.6878],[83.2817,17.6877],[83.282,17.6876],[83.282,17.6877],[83.2821,17.6877],[83.2821,17.6876],[83.2824,17.6875],[83.2825,17.6876],[83.2838,17.6875],[83.2838,17.6874],[83.2843,17.6873],[83.2849,17.6873],[83.2853,17.6872],[83.2856,17.6872],[83.2857,17.6871],[83.2858,17.6872],[83.2859,17.6873],[83.2859,17.6872],[83.286,17.6872],[83.286,17.6873],[83.2861,17.6872],[83.2861,17.6871],[83.2863,17.6871],[83.2864,17.6871],[83.2866,17.6872],[83.2868,17.6872],[83.2869,17.6871],[83.287,17.6871],[83.287,17.687],[83.2869,17.687],[83.2868,17.687],[83.2867,17.6864],[83.2868,17.6863],[83.2869,17.6862],[83.2871,17.6862],[83.2872,17.6867],[83.2875,17.6866],[83.2876,17.6866],[83.2877,17.6867],[83.2877,17.687],[83.2878,17.687],[83.288,17.687],[83.2881,17.6869],[83.2882,17.6868],[83.2883,17.6868],[83.2883,17.6869],[83.2884,17.687],[83.2887,17.687],[83.2887,17.6869],[83.2888,17.6868],[83.2891,17.6869],[83.2894,17.6869],[83.2897,17.6871],[83.2901,17.6873],[83.2905,17.6873],[83.2909,17.6874],[83.2913,17.6874],[83.2914,17.6874],[83.2918,17.6874],[83.2921,17.6874],[83.2927,17.6874],[83.2931,17.6874],[83.2935,17.6872],[83.2938,17.687],[83.2941,17.6865],[83.2942,17.6863],[83.2944,17.6851],[83.2944,17.685],[83.2945,17.685],[83.2947,17.6849],[83.295,17.6848],[83.2953,17.6848],[83.2956,17.6848],[83.2959,17.6849],[83.2961,17.6849],[83.2963,17.685],[83.2964,17.6852],[83.2965,17.6852],[83.2966,17.6853],[83.2978,17.6861],[83.2979,17.6861],[83.2979,17.6862],[83.298,17.6862],[83.2981,17.6862],[83.2981,17.6861],[83.298,17.6861],[83.2977,17.6857],[83.2974,17.6855],[83.2972,17.6853],[83.297,17.685],[83.2969,17.6847],[83.2967,17.6843],[83.2967,17.6839],[83.2967,17.6837],[83.2965,17.6834],[83.2964,17.6831],[83.2964,17.683],[83.2964,17.6829],[83.2963,17.6828],[83.2963,17.6827],[83.2964,17.6826],[83.2966,17.6826],[83.2966,17.6825],[83.2967,17.6825],[83.2966,17.6825],[83.2965,17.6825],[83.2963,17.6825],[83.2962,17.6824],[83.2961,17.6824],[83.296,17.6822],[83.2958,17.682],[83.2956,17.6818],[83.2954,17.6815],[83.2952,17.6812],[83.2951,17.681],[83.2951,17.6808],[83.2952,17.6807],[83.2953,17.6806],[83.2954,17.6806],[83.2955,17.6804],[83.2956,17.6803],[83.2956,17.6802],[83.2957,17.6801],[83.2957,17.6797],[83.2957,17.6795],[83.2957,17.6794],[83.2956,17.6793],[83.2956,17.6792],[83.2956,17.6791],[83.2956,17.679],[83.2956,17.6789],[83.2955,17.6787],[83.2955,17.6786],[83.2955,17.6785],[83.2954,17.6784],[83.2954,17.6783],[83.2953,17.6782],[83.2953,17.6781],[83.2953,17.678],[83.2953,17.6779],[83.2953,17.6778],[83.2953,17.6777],[83.2952,17.6775],[83.2952,17.6773],[83.2952,17.6772],[83.2952,17.6771],[83.2952,17.677],[83.2953,17.6768],[83.2953,17.6767],[83.2953,17.6766],[83.2953,17.6764],[83.2952,17.6763],[83.2951,17.6762],[83.2951,17.6761],[83.295,17.676],[83.2949,17.6759],[83.2948,17.6758],[83.2948,17.6757],[83.2948,17.6756],[83.2947,17.6755],[83.2947,17.6754],[83.2946,17.6753],[83.2946,17.6752],[83.2946,17.6751],[83.2946,17.675],[83.2946,17.6749],[83.2945,17.6749],[83.2944,17.6748],[83.2943,17.6747],[83.2942,17.6745],[83.2941,17.6744],[83.2941,17.6743],[83.294,17.6741],[83.294,17.674],[83.2939,17.6739],[83.2937,17.6737],[83.2936,17.6736],[83.2934,17.6735],[83.2933,17.6734],[83.2932,17.6734],[83.2931,17.6733],[83.2929,17.6732],[83.2928,17.673],[83.2927,17.6729],[83.2926,17.6728],[83.2925,17.6728],[83.2925,17.6727],[83.2924,17.6727],[83.2923,17.6726],[83.2922,17.6726],[83.2921,17.6725],[83.2919,17.6725],[83.2918,17.6724],[83.2917,17.6723],[83.2916,17.6722],[83.2914,17.672],[83.291,17.6716],[83.2906,17.6713],[83.2904,17.6712],[83.2901,17.671],[83.2899,17.6709],[83.2898,17.6707],[83.2897,17.6706],[83.2896,17.6706],[83.2895,17.6705],[83.2895,17.6704],[83.2893,17.6703],[83.2892,17.6702],[83.2892,17.6701],[83.289,17.67],[83.289,17.6699],[83.2889,17.6698],[83.2888,17.6697],[83.2887,17.6695],[83.2886,17.6694],[83.2885,17.6693],[83.2883,17.6692],[83.2882,17.669],[83.288,17.6689],[83.2877,17.6686],[83.2874,17.6683],[83.2871,17.6681],[83.2869,17.6678],[83.2865,17.6675],[83.2862,17.6673],[83.286,17.6672],[83.2859,17.6671],[83.2856,17.6669],[83.2854,17.6667],[83.2851,17.6665],[83.285,17.6663],[83.2848,17.6661],[83.2845,17.6657],[83.2842,17.6649],[83.2839,17.6643],[83.2837,17.6638],[83.2836,17.6635],[83.2836,17.6633],[83.2836,17.6631],[83.2837,17.663],[83.2838,17.6629],[83.2838,17.6628],[83.2837,17.6626],[83.2837,17.6624],[83.2835,17.6621],[83.2833,17.6619],[83.2831,17.6616],[83.283,17.6613],[83.2829,17.6611],[83.2828,17.6608],[83.2821,17.6602],[83.2816,17.6601],[83.2813,17.6601],[83.281,17.66],[83.2805,17.6597],[83.2802,17.6596],[83.28,17.6597],[83.2796,17.6596],[83.2793,17.6595],[83.279,17.6593],[83.2785,17.659],[83.2775,17.6585],[83.2772,17.6583],[83.2758,17.6576],[83.2728,17.6561],[83.2703,17.6549],[83.2686,17.6541],[83.2673,17.6534],[83.2661,17.6528],[83.2648,17.652],[83.2643,17.6517],[83.264,17.6515],[83.2638,17.6513],[83.2638,17.6512],[83.2637,17.6512],[83.2634,17.6513],[83.2633,17.6513],[83.2632,17.6513],[83.263,17.6511],[83.2625,17.6507],[83.2612,17.6497],[83.2608,17.6493],[83.2607,17.6491],[83.2607,17.649],[83.2607,17.6488],[83.2608,17.6486],[83.2609,17.6483],[83.2608,17.6481],[83.2608,17.6479],[83.2608,17.6476],[83.2607,17.6476],[83.2606,17.6475],[83.2604,17.6473],[83.2601,17.6471],[83.2599,17.6469],[83.2598,17.6466],[83.2596,17.6463],[83.2596,17.6461],[83.2597,17.6459],[83.2599,17.6458],[83.26,17.6457],[83.26,17.6455],[83.2599,17.6455],[83.2598,17.6456],[83.2597,17.6455],[83.2596,17.6454],[83.2596,17.6452],[83.2595,17.6449],[83.2595,17.6447],[83.2596,17.6448],[83.2597,17.6446],[83.2596,17.6446],[83.2595,17.6445],[83.2595,17.6443],[83.2593,17.644],[83.2595,17.644],[83.2595,17.6439],[83.2594,17.6438],[83.2593,17.6439],[83.2592,17.6438],[83.2593,17.6438],[83.2593,17.6437],[83.2592,17.6437],[83.2591,17.6438],[83.259,17.6438],[83.2589,17.6438],[83.2588,17.6437],[83.2587,17.6436],[83.2588,17.6435],[83.2586,17.6434],[83.2585,17.6434],[83.2583,17.6433],[83.2582,17.6432],[83.2581,17.643],[83.2576,17.6426],[83.2575,17.6426],[83.2573,17.6426],[83.257,17.6424],[83.2569,17.6423],[83.2566,17.6421],[83.2564,17.6419],[83.2562,17.6418],[83.2562,17.6417],[83.256,17.6417],[83.2558,17.6416],[83.2557,17.6415],[83.2555,17.6416],[83.2554,17.6416],[83.2551,17.6415],[83.2549,17.6415],[83.2544,17.6413],[83.254,17.6411],[83.2538,17.641],[83.2538,17.6409],[83.2534,17.6405],[83.2533,17.6404],[83.253,17.6404],[83.2527,17.6402],[83.2527,17.6401],[83.2525,17.64],[83.2524,17.64],[83.2523,17.64],[83.2524,17.6399],[83.2522,17.6398],[83.2522,17.6399],[83.2521,17.6399],[83.252,17.6399],[83.2518,17.6398],[83.2518,17.6397],[83.2515,17.6395],[83.2512,17.6394],[83.251,17.6393],[83.2508,17.6393],[83.2506,17.6392],[83.2504,17.639],[83.2502,17.6389],[83.2499,17.6388],[83.2498,17.6388],[83.2494,17.6386],[83.2493,17.6385],[83.2489,17.6384],[83.2485,17.6382],[83.2482,17.638],[83.2478,17.6378],[83.2473,17.6376],[83.247,17.6373],[83.2465,17.637],[83.2461,17.6367],[83.2458,17.6365],[83.2455,17.6364],[83.2453,17.6362],[83.245,17.636],[83.2444,17.6354],[83.2443,17.6352],[83.2441,17.6349],[83.2439,17.6347],[83.2437,17.6344],[83.2437,17.6342],[83.2437,17.6341],[83.2462,17.6297],[83.2468,17.6286],[83.2469,17.6284],[83.2469,17.6283],[83.2469,17.6282],[83.2468,17.6282],[83.2467,17.6282],[83.2466,17.6283],[83.2466,17.6284],[83.2466,17.6286],[83.2465,17.6287],[83.2452,17.6309],[83.2441,17.6329],[83.2433,17.6345],[83.2432,17.6345],[83.2431,17.6345],[83.243,17.6344],[83.2424,17.6343],[83.242,17.6341],[83.2415,17.6339],[83.2412,17.6337],[83.2406,17.6333],[83.2393,17.6322],[83.2388,17.6316],[83.2383,17.6311],[83.2371,17.6297],[83.2367,17.6291],[83.2362,17.6287],[83.236,17.6284],[83.2358,17.6282],[83.2355,17.6279],[83.2352,17.6277],[83.2345,17.6272],[83.2343,17.6267],[83.2346,17.6266],[83.2345,17.6263],[83.2341,17.6264],[83.2317,17.6273],[83.2318,17.6276],[83.2317,17.6276],[83.2316,17.6276],[83.2314,17.6275],[83.2313,17.6274],[83.2312,17.6273],[83.2303,17.6257],[83.2303,17.6256],[83.2304,17.6255],[83.2305,17.6254],[83.2306,17.6256],[83.233,17.6247],[83.2327,17.6241],[83.2324,17.6235],[83.232,17.6228],[83.2295,17.6234],[83.2296,17.6236],[83.2294,17.6236],[83.2293,17.6236],[83.2292,17.6236],[83.2291,17.6236],[83.2291,17.6235],[83.229,17.6229],[83.2287,17.6221],[83.2287,17.6219],[83.2287,17.6218],[83.2288,17.6217],[83.2289,17.6216],[83.2291,17.6216],[83.2291,17.6219],[83.2345,17.6206],[83.2345,17.6203],[83.2343,17.62],[83.2343,17.6199],[83.2344,17.6197],[83.2346,17.6196],[83.2357,17.6192],[83.2364,17.6189],[83.2365,17.6189],[83.2366,17.6189],[83.2366,17.6188],[83.2366,17.6184],[83.2366,17.6179],[83.2365,17.6179],[83.2364,17.6178],[83.2363,17.6176],[83.2365,17.6172],[83.237,17.6165],[83.2373,17.6162],[83.2375,17.616],[83.2377,17.6159],[83.238,17.6158],[83.2382,17.616],[83.2382,17.6161],[83.2385,17.616],[83.2384,17.6158],[83.2383,17.6157],[83.2382,17.6155],[83.2382,17.6154],[83.2383,17.6154],[83.2391,17.6161],[83.24,17.6169],[83.2426,17.6193],[83.2458,17.6222],[83.2472,17.6235],[83.2473,17.6236],[83.2473,17.6237],[83.2474,17.6239],[83.2476,17.624],[83.2477,17.624],[83.2478,17.6239],[83.2478,17.6238],[83.2478,17.6237],[83.2477,17.6235],[83.2476,17.6235],[83.2474,17.6233],[83.2466,17.6226],[83.2421,17.6185],[83.2412,17.6176],[83.2411,17.6175],[83.2379,17.6146],[83.2376,17.6144],[83.2376,17.6142],[83.2376,17.614],[83.2376,17.6139],[83.2377,17.6138],[83.2378,17.6137],[83.2379,17.6136],[83.238,17.6135],[83.2381,17.6135],[83.2382,17.6135],[83.2383,17.6135],[83.2384,17.6134],[83.2383,17.6133],[83.2382,17.6133],[83.2382,17.6132],[83.2381,17.6131],[83.238,17.6129],[83.2379,17.6128],[83.2379,17.6127],[83.2381,17.6127],[83.2381,17.6126],[83.2379,17.6125],[83.2379,17.6124],[83.2378,17.6124],[83.2377,17.6123],[83.2377,17.6122],[83.2377,17.6121],[83.2376,17.6121],[83.2375,17.6121],[83.2376,17.612],[83.2377,17.612],[83.2376,17.6119],[83.2375,17.6118],[83.2374,17.6118],[83.2373,17.6118],[83.2373,17.6117],[83.237,17.6114],[83.2367,17.6112],[83.2366,17.6112],[83.2365,17.6112],[83.2364,17.6112],[83.2364,17.6113],[83.2363,17.6113],[83.2362,17.6113],[83.2362,17.6114],[83.2363,17.6115],[83.2362,17.6115],[83.2362,17.6116],[83.2361,17.6116],[83.2361,17.6117],[83.2359,17.6117],[83.2357,17.6116],[83.2356,17.6115],[83.2354,17.6114],[83.2351,17.6112],[83.2348,17.6109],[83.2346,17.6107],[83.2344,17.6106],[83.2342,17.6104],[83.2338,17.61],[83.2334,17.6097],[83.2332,17.6096],[83.2329,17.6094],[83.2325,17.6091],[83.2324,17.6089],[83.232,17.6085],[83.2318,17.6083],[83.2317,17.6081],[83.2316,17.6081],[83.2316,17.608],[83.2314,17.6078],[83.2312,17.6077],[83.2311,17.6077],[83.231,17.6075],[83.2309,17.6075],[83.2307,17.6074],[83.2305,17.6071],[83.2303,17.607],[83.2301,17.6069],[83.2299,17.6069],[83.2292,17.6066],[83.2291,17.6065],[83.229,17.6065],[83.2285,17.6064],[83.2283,17.6063],[83.2279,17.6061],[83.2278,17.606],[83.2275,17.6058],[83.2272,17.6055],[83.2269,17.6051],[83.2268,17.605],[83.2267,17.6048],[83.2266,17.6046],[83.2266,17.6044],[83.2266,17.6042],[83.2267,17.6041],[83.2268,17.6041],[83.2269,17.6041],[83.2271,17.604],[83.2271,17.6039],[83.227,17.6039],[83.227,17.6038],[83.227,17.6037],[83.2269,17.6037],[83.2268,17.6038],[83.2266,17.6038],[83.2265,17.6038],[83.2264,17.6039],[83.2263,17.604],[83.2263,17.6041],[83.2262,17.6042],[83.226,17.6042],[83.2258,17.6042],[83.2256,17.6041],[83.2251,17.6038],[83.2244,17.6033],[83.2238,17.6029],[83.223,17.6024],[83.2226,17.602],[83.2225,17.602],[83.2224,17.602],[83.2223,17.602],[83.2222,17.6018],[83.2221,17.6018],[83.2219,17.6018],[83.2218,17.6018],[83.2211,17.6014],[83.2199,17.6006],[83.2196,17.6004],[83.2193,17.6002],[83.2189,17.6],[83.2188,17.5999],[83.2185,17.5997],[83.2184,17.5996],[83.2183,17.5995],[83.2181,17.5994],[83.2177,17.5991],[83.2175,17.5989],[83.2172,17.5987],[83.2167,17.5983],[83.2162,17.5978],[83.2159,17.5975],[83.2157,17.5972],[83.2155,17.5969],[83.2154,17.5965],[83.2154,17.5964],[83.2155,17.5962],[83.2154,17.5961],[83.2154,17.5959],[83.2156,17.5957],[83.2156,17.5956],[83.2157,17.5955],[83.2157,17.5953],[83.2156,17.5951],[83.2156,17.5948],[83.2156,17.5946],[83.2155,17.5946],[83.2155,17.5945],[83.2154,17.5945],[83.2153,17.5944],[83.2152,17.5944],[83.2151,17.5943],[83.2151,17.5942],[83.2149,17.594],[83.2149,17.5939],[83.2149,17.5938],[83.2147,17.5938],[83.2146,17.5938],[83.2143,17.5937],[83.2142,17.5936],[83.214,17.5935],[83.2138,17.5933],[83.2136,17.5931],[83.2133,17.5928],[83.2132,17.5927],[83.2132,17.5926],[83.2131,17.5925],[83.2132,17.5924],[83.2132,17.5923],[83.2133,17.5922],[83.2133,17.5921],[83.2133,17.592],[83.2133,17.5919],[83.2132,17.5918],[83.2133,17.5918],[83.2134,17.5917],[83.2134,17.5916],[83.2133,17.5915],[83.2133,17.5914],[83.2132,17.5914],[83.2131,17.5914],[83.2131,17.5913],[83.2132,17.5913],[83.2132,17.5912],[83.2131,17.5911],[83.213,17.591],[83.2129,17.591],[83.2128,17.591],[83.2128,17.5909],[83.2127,17.591],[83.2126,17.591],[83.2126,17.5909],[83.2125,17.5909],[83.2124,17.5909],[83.2123,17.591],[83.2122,17.5909],[83.2121,17.5909],[83.212,17.5909],[83.2119,17.5909],[83.2118,17.5908],[83.2117,17.5908],[83.2116,17.5908],[83.2114,17.5907],[83.2113,17.5906],[83.2112,17.5905],[83.2111,17.5905],[83.211,17.5906],[83.2109,17.5906],[83.2109,17.5905],[83.211,17.5905],[83.211,17.5904],[83.2109,17.5904],[83.2108,17.5904],[83.2107,17.5905],[83.2106,17.5905],[83.2104,17.5906],[83.2103,17.5906],[83.2102,17.5906],[83.2101,17.5906],[83.2099,17.5905],[83.2094,17.5901],[83.2088,17.5898],[83.2083,17.5895],[83.2079,17.5893],[83.2073,17.589],[83.2067,17.5887],[83.2057,17.5882],[83.2052,17.588],[83.2036,17.5872],[83.2029,17.5869],[83.2018,17.5864],[83.2012,17.5861],[83.2008,17.5859],[83.2004,17.5857],[83.2001,17.5856],[83.1996,17.5854],[83.1989,17.5851],[83.1982,17.5848],[83.1975,17.5844],[83.1964,17.584],[83.1951,17.5834],[83.1946,17.5832],[83.1941,17.583],[83.193,17.5825],[83.1921,17.5822],[83.1908,17.5817],[83.1898,17.5813],[83.1867,17.58],[83.1849,17.5792],[83.1833,17.5784],[83.182,17.5778],[83.1809,17.5774],[83.1801,17.577],[83.1792,17.5766],[83.1787,17.5764],[83.1774,17.5757],[83.1766,17.5753],[83.176,17.575],[83.1751,17.5745],[83.1744,17.5741],[83.1738,17.5737],[83.173,17.5732],[83.1722,17.5726],[83.1714,17.572],[83.1708,17.5713],[83.1705,17.5706],[83.1702,17.5697],[83.1701,17.569],[83.1703,17.5686],[83.1703,17.5683],[83.1705,17.5681],[83.1706,17.5681],[83.1708,17.5681],[83.1711,17.5683],[83.1714,17.5687],[83.1716,17.5689],[83.1717,17.569],[83.1718,17.569],[83.1718,17.5689],[83.1718,17.5688],[83.1718,17.5686],[83.1717,17.5685],[83.1717,17.5684],[83.1718,17.5684],[83.1719,17.5684],[83.1719,17.5683],[83.1718,17.5683],[83.1717,17.5682],[83.1718,17.5682],[83.1718,17.5681],[83.1717,17.5681],[83.1717,17.568],[83.1717,17.5679],[83.1718,17.5678],[83.1718,17.5677],[83.1718,17.5676],[83.1719,17.5675],[83.172,17.5672],[83.172,17.5671],[83.1718,17.567],[83.1717,17.5668],[83.1715,17.5667],[83.1712,17.5666],[83.171,17.5666],[83.1707,17.5668],[83.1706,17.5669],[83.1703,17.5669],[83.1701,17.5668],[83.1698,17.5667],[83.169,17.566],[83.1683,17.5655],[83.1678,17.5651],[83.1671,17.5644],[83.1667,17.5638],[83.1666,17.5637],[83.1664,17.5636],[83.1661,17.5634],[83.1659,17.5633],[83.1656,17.5632],[83.1651,17.5628],[83.165,17.5627],[83.1649,17.5627],[83.1648,17.5627],[83.1645,17.5626],[83.1642,17.5625],[83.1639,17.5623],[83.1637,17.5621],[83.1632,17.5617],[83.1628,17.5612],[83.1626,17.5609],[83.1624,17.5607],[83.1622,17.5605],[83.1621,17.5604],[83.162,17.5604],[83.1619,17.5605],[83.1617,17.5605],[83.1614,17.5606],[83.1609,17.5606],[83.1606,17.5605],[83.16,17.5603],[83.1597,17.5602],[83.159,17.5599],[83.1585,17.5597],[83.1581,17.5596],[83.1567,17.5592],[83.1559,17.5589],[83.155,17.5586],[83.1548,17.5585],[83.1544,17.5584],[83.1539,17.5582],[83.153,17.558],[83.1521,17.5577],[83.1514,17.5575],[83.1505,17.5573],[83.1497,17.5571],[83.1482,17.5566],[83.1469,17.5563],[83.146,17.556],[83.1446,17.5557],[83.1438,17.5555],[83.1434,17.5554],[83.1428,17.5552],[83.1419,17.5549],[83.1412,17.5548],[83.1406,17.5547],[83.1403,17.5546],[83.1402,17.5544],[83.14,17.5543],[83.1398,17.5542],[83.1394,17.5541],[83.1385,17.5538],[83.1377,17.5538],[83.1371,17.5537],[83.1365,17.5537],[83.136,17.5535],[83.1352,17.5532],[83.1342,17.5529],[83.1332,17.5526],[83.1322,17.5523],[83.1306,17.5518],[83.1289,17.5513],[83.1267,17.5507],[83.1246,17.5501],[83.1236,17.5498],[83.1226,17.5495],[83.1218,17.5493],[83.1198,17.5486],[83.1181,17.5479],[83.118,17.5479],[83.117,17.5476],[83.1156,17.5472],[83.1136,17.5465],[83.1151,17.5557],[83.1173,17.5655],[83.1209,17.5818],[83.1238,17.5959],[83.1248,17.6007],[83.1266,17.6028],[83.1283,17.6042],[83.1294,17.606],[83.1275,17.6075],[83.1283,17.6106],[83.1284,17.6128],[83.1298,17.6152],[83.1329,17.6187],[83.1368,17.6249],[83.1424,17.6343],[83.1455,17.6383],[83.1479,17.6418],[83.1469,17.647],[83.1452,17.6534],[83.1449,17.657],[83.1472,17.6605],[83.1511,17.6663],[83.153,17.669],[83.1529,17.6745],[83.1467,17.674],[83.1429,17.6746],[83.1422,17.6759],[83.1415,17.6794],[83.1407,17.6822],[83.139,17.6837],[83.1379,17.6865],[83.1345,17.6864],[83.1303,17.6858],[83.1276,17.6846],[83.1238,17.6825],[83.1206,17.6823],[83.1178,17.6833],[83.115,17.6856],[83.1128,17.6897],[83.1117,17.6928],[83.1139,17.6967],[83.1171,17.6985],[83.1206,17.6983],[83.1218,17.7005],[83.1218,17.7049],[83.1214,17.7118],[83.1211,17.7148],[83.1245,17.7153],[83.1278,17.7148],[83.1313,17.7143],[83.1338,17.7141],[83.1355,17.7151],[83.1365,17.7175],[83.1405,17.7176],[83.1439,17.7177],[83.1465,17.7185],[83.1501,17.7217],[83.1514,17.7253],[83.1528,17.7304],[83.154,17.734]]]]}},{"type":"Feature","properties":{"district":"East Godavari","district_hi":"पूर्वी गोदावरी"},"geometry":{"type":"Polygon","coordinates":[[[81.6184,17.179],[81.6217,17.1775],[81.627,17.1761],[81.6318,17.1748],[81.6357,17.1727],[81.6397,17.1704],[81.6429,17.1696],[81.6454,17.1692],[81.6497,17.1698],[81.6529,17.1707],[81.6608,17.1728],[81.655,17.1881],[81.6407,17.211],[81.64,17.2246],[81.6423,17.233],[81.6508,17.2425],[81.6562,17.2509],[81.6563,17.2544],[81.655,17.2642],[81.6587,17.2753],[81.6689,17.2732],[81.6713,17.2734],[81.6759,17.2721],[81.683,17.2723],[81.6852,17.2703],[81.6806,17.2601],[81.6807,17.257],[81.6793,17.2527],[81.6832,17.2485],[81.6849,17.2441],[81.6846,17.2403],[81.6826,17.2375],[81.681,17.2352],[81.6821,17.2316],[81.6872,17.2307],[81.6913,17.2309],[81.6956,17.2312],[81.6999,17.2314],[81.7034,17.2297],[81.7058,17.2267],[81.7091,17.2243],[81.7133,17.2224],[81.7169,17.2222],[81.7189,17.2244],[81.7177,17.2276],[81.7179,17.2319],[81.7186,17.2339],[81.7208,17.2345],[81.7252,17.234],[81.7292,17.234],[81.7338,17.2348],[81.7394,17.2361],[81.7441,17.2382],[81.7501,17.2388],[81.7519,17.2341],[81.7532,17.2342],[81.7553,17.2361],[81.7569,17.2383],[81.7563,17.2422],[81.7587,17.245],[81.7617,17.2476],[81.7661,17.2491],[81.7724,17.2486],[81.7734,17.2455],[81.777,17.2467],[81.7797,17.2481],[81.7833,17.2492],[81.7876,17.2449],[81.7915,17.2443],[81.7968,17.2442],[81.8025,17.2449],[81.806,17.2487],[81.8075,17.2534],[81.8087,17.2604],[81.8143,17.2598],[81.826,17.2595],[81.826,17.2785],[81.825,17.2844],[81.8228,17.2879],[81.8246,17.2941],[81.8246,17.2984],[81.8243,17.3041],[81.8262,17.3084],[81.8292,17.3099],[81.8314,17.3082],[81.8325,17.3078],[81.8453,17.3098],[81.8447,17.3059],[81.8468,17.3018],[81.8507,17.2997],[81.8552,17.299],[81.8591,17.2977],[81.8586,17.2948],[81.8592,17.2918],[81.8626,17.2897],[81.8654,17.2893],[81.8678,17.2883],[81.8706,17.2924],[81.873,17.2944],[81.8758,17.2949],[81.8789,17.2947],[81.8806,17.2973],[81.881,17.3015],[81.8811,17.3049],[81.8798,17.3072],[81.8786,17.3089],[81.8791,17.312],[81.8825,17.3149],[81.8901,17.3183],[81.8937,17.317],[81.8981,17.3138],[81.9024,17.3109],[81.9053,17.3095],[81.909,17.3073],[81.911,17.3051],[81.9142,17.3055],[81.9174,17.3074],[81.92,17.3098],[81.9232,17.3135],[81.9243,17.3122],[81.9243,17.3097],[81.9234,17.3063],[81.9217,17.3026],[81.9197,17.297],[81.9165,17.2869],[81.9156,17.283],[81.9246,17.2817],[81.9433,17.2833],[81.9566,17.2884],[81.9646,17.2938],[81.965,17.3027],[81.9744,17.304],[81.9739,17.3101],[81.9756,17.3145],[81.9859,17.3134],[81.9954,17.3107],[82.0029,17.3098],[82.0083,17.3163],[82.0134,17.3114],[82.0261,17.3118],[82.0329,17.3072],[82.0375,17.3034],[82.0378,17.2967],[82.0394,17.2882],[82.0362,17.2889],[82.0341,17.2887],[82.032,17.2882],[82.0279,17.2878],[82.0239,17.2874],[82.0219,17.2856],[82.0204,17.2818],[82.0142,17.2735],[82.0114,17.2712],[82.0078,17.2687],[82.007,17.2665],[82.0073,17.2646],[82.0064,17.263],[82.0033,17.2623],[82.0,17.2618],[81.9944,17.2615],[81.9886,17.2628],[81.9863,17.2624],[81.9809,17.2622],[81.9752,17.2621],[81.9705,17.2625],[81.9668,17.2626],[81.9642,17.2581],[81.9629,17.2556],[81.9618,17.253],[81.9604,17.2518],[81.9571,17.2512],[81.9534,17.2512],[81.9525,17.2499],[81.9522,17.2429],[81.9527,17.239],[81.9523,17.2362],[81.9502,17.2337],[81.9457,17.2295],[81.9452,17.2241],[81.9447,17.2218],[81.9432,17.219],[81.9419,17.2169],[81.9411,17.2139],[81.9395,17.2095],[81.9384,17.2047],[81.9379,17.2034],[81.9361,17.2018],[81.9345,17.2012],[81.9312,17.2011],[81.9229,17.2012],[81.9198,17.1989],[81.916,17.1959],[81.9129,17.1924],[81.9076,17.1865],[81.9046,17.1814],[81.9033,17.1786],[81.9019,17.1756],[81.9021,17.1723],[81.9069,17.1726],[81.9105,17.1723],[81.9116,17.1715],[81.9105,17.1695],[81.9087,17.168],[81.9085,17.1647],[81.9098,17.1627],[81.9117,17.1603],[81.9135,17.1562],[81.915,17.1519],[81.915,17.1444],[81.9137,17.1424],[81.9112,17.1413],[81.91,17.1378],[81.9109,17.134],[81.9125,17.1322],[81.9159,17.1305],[81.919,17.1282],[81.9187,17.1204],[81.9184,17.1152],[81.9201,17.1107],[81.9242,17.1049],[81.9384,17.1059],[81.9422,17.1088],[81.9475,17.1092],[81.9506,17.111],[81.9527,17.1145],[81.9559,17.1172],[81.9602,17.1182],[81.9654,17.1192],[81.9712,17.1202],[81.979,17.1212],[81.9837,17.1215],[81.99,17.1199],[81.9941,17.1185],[81.9977,17.1208],[82.0008,17.1194],[82.0071,17.1153],[82.0134,17.1095],[82.0296,17.1013],[82.0378,17.0963],[82.0429,17.0935],[82.0457,17.0913],[82.0449,17.0805],[82.0466,17.0757],[82.0474,17.0744],[82.0462,17.0734],[82.0415,17.0692],[82.0347,17.0655],[82.0303,17.0622],[82.0326,17.0531],[82.0348,17.0492],[82.0335,17.0445],[82.0321,17.0391],[82.0339,17.0368],[82.0368,17.038],[82.0383,17.0402],[82.0407,17.0411],[82.0431,17.0399],[82.0468,17.0411],[82.0484,17.0396],[82.0522,17.0392],[82.0547,17.0402],[82.0568,17.0414],[82.0601,17.0398],[82.0626,17.04],[82.0654,17.0411],[82.0684,17.0413],[82.0724,17.0411],[82.0762,17.0406],[82.0776,17.0384],[82.0778,17.0333],[82.0776,17.0308],[82.0754,17.0267],[82.0722,17.0251],[82.0695,17.0227],[82.069,17.0177],[82.0682,17.0155],[82.0652,17.0134],[82.0592,17.0121],[82.0604,17.0101],[82.0616,17.0074],[82.0621,17.0044],[82.0615,17.0019],[82.0603,16.9992],[82.059,16.9961],[82.0611,16.9941],[82.0646,16.9927],[82.0658,16.99],[82.0661,16.9877],[82.0678,16.9728],[82.0725,16.963],[82.0729,16.9608],[82.0724,16.9558],[82.0686,16.9506],[82.0641,16.9462],[82.0645,16.9394],[82.0644,16.9309],[82.0569,16.9157],[82.0567,16.9097],[82.0573,16.9048],[82.0558,16.8995],[82.056,16.8968],[82.0592,16.8954],[82.0628,16.896],[82.0673,16.8976],[82.0721,16.899],[82.0727,16.8909],[82.0732,16.885],[82.0715,16.8809],[82.0698,16.8792],[82.0646,16.8805],[82.0606,16.8804],[82.0592,16.8791],[82.0582,16.8759],[82.0534,16.8763],[82.0502,16.8778],[82.0468,16.8806],[82.0456,16.8818],[82.044,16.8835],[82.0419,16.8865],[82.0429,16.8903],[82.0437,16.8919],[82.0445,16.8955],[82.0421,16.898],[82.0403,16.8992],[82.0384,16.9004],[82.0388,16.9047],[82.0385,16.9073],[82.0352,16.9065],[82.0344,16.9041],[82.034,16.9014],[82.0316,16.8992],[82.0304,16.8983],[82.029,16.8984],[82.0273,16.8999],[82.0271,16.9024],[82.0281,16.9041],[82.0263,16.9062],[82.0176,16.9064],[82.017,16.9103],[82.0126,16.9112],[82.0101,16.9133],[82.0093,16.9162],[82.0052,16.9187],[82.0011,16.9196],[81.9992,16.9158],[81.9963,16.912],[81.994,16.9081],[81.9919,16.9026],[81.9906,16.8964],[81.9847,16.8965],[81.9818,16.8928],[81.9824,16.8873],[81.9852,16.8756],[81.9839,16.8731],[81.9831,16.8697],[81.9822,16.8662],[81.9803,16.8651],[81.9757,16.8651],[81.9715,16.8643],[81.9716,16.8608],[81.974,16.8585],[81.9758,16.8572],[81.9763,16.8551],[81.9742,16.8524],[81.9719,16.849],[81.9695,16.8413],[81.9677,16.8369],[81.9659,16.8297],[81.9636,16.8251],[81.9617,16.8247],[81.959,16.8247],[81.9559,16.8257],[81.9546,16.8302],[81.9548,16.8325],[81.9552,16.8356],[81.9538,16.8372],[81.9519,16.8382],[81.9502,16.841],[81.9512,16.8484],[81.9513,16.8523],[81.9572,16.8705],[81.9527,16.8761],[81.9554,16.8913],[81.9564,16.8933],[81.9564,16.8975],[81.9544,16.9036],[81.9438,16.9104],[81.9408,16.9121],[81.937,16.9139],[81.935,16.9164],[81.9348,16.9191],[81.9369,16.9223],[81.9377,16.9322],[81.9371,16.946],[81.94,16.9512],[81.9384,16.9543],[81.937,16.9571],[81.9362,16.961],[81.9381,16.9658],[81.938,16.9675],[81.9358,16.9661],[81.9325,16.9667],[81.931,16.9701],[81.9287,16.9724],[81.9247,16.9695],[81.9219,16.969],[81.9193,16.971],[81.9191,16.9748],[81.918,16.9802],[81.9158,16.9766],[81.9139,16.9708],[81.9127,16.9667],[81.9045,16.9605],[81.9044,16.956],[81.9047,16.95],[81.9032,16.949],[81.8978,16.949],[81.8917,16.9498],[81.8881,16.9517],[81.8849,16.9498],[81.8837,16.9466],[81.88,16.9443],[81.8762,16.9432],[81.8693,16.9429],[81.8639,16.9418],[81.8602,16.9406],[81.8581,16.9381],[81.8628,16.9341],[81.865,16.9235],[81.8665,16.9225],[81.8674,16.9163],[81.8624,16.9119],[81.8615,16.9047],[81.8665,16.9024],[81.8737,16.9028],[81.8786,16.9022],[81.8802,16.8962],[81.881,16.8869],[81.8778,16.8821],[81.8719,16.8806],[81.8687,16.8765],[81.8654,16.8693],[81.8637,16.8649],[81.8665,16.8581],[81.8624,16.8571],[81.8595,16.8568],[81.8535,16.8568],[81.8503,16.858],[81.849,16.8611],[81.8475,16.8631],[81.8466,16.8659],[81.8469,16.8679],[81.846,16.8705],[81.8433,16.8712],[81.8418,16.8715],[81.8397,16.8718],[81.8376,16.8721],[81.8351,16.8731],[81.8329,16.8743],[81.8296,16.8752],[81.8273,16.874],[81.8272,16.87],[81.828,16.8667],[81.8266,16.8661],[81.8243,16.8663],[81.8223,16.8673],[81.8191,16.8692],[81.8143,16.8685],[81.8132,16.8675],[81.8105,16.8657],[81.8045,16.8643],[81.8038,16.8695],[81.8037,16.8799],[81.8012,16.8851],[81.7981,16.8881],[81.7936,16.8924],[81.79,16.8965],[81.7881,16.9037],[81.788,16.908],[81.7864,16.9225],[81.7864,16.9295],[81.7871,16.9329],[81.7884,16.9338],[81.7853,16.9365],[81.784,16.938],[81.7699,16.9373],[81.7544,16.9368],[81.7529,16.9398],[81.7516,16.9407],[81.7443,16.9475],[81.7395,16.946],[81.7332,16.9232],[81.7375,16.9003],[81.7371,16.8828],[81.753,16.865],[81.7584,16.8555],[81.7608,16.8512],[81.764,16.8343],[81.7589,16.831],[81.7559,16.8228],[81.7593,16.8146],[81.7591,16.7847],[81.7654,16.7717],[81.7828,16.762],[81.7899,16.7581],[81.7974,16.7376],[81.7977,16.7142],[81.7991,16.7077],[81.801,16.6992],[81.7931,16.6972],[81.7879,16.6961],[81.7883,16.6857],[81.7827,16.6849],[81.7787,16.6836],[81.7735,16.6824],[81.7686,16.6818],[81.7663,16.6803],[81.7619,16.6785],[81.7599,16.6871],[81.7603,16.6965],[81.7575,16.7015],[81.7529,16.7072],[81.7515,16.7136],[81.7506,16.7174],[81.752,16.7224],[81.7541,16.7276],[81.7496,16.7307],[81.7433,16.7301],[81.7386,16.7248],[81.7307,16.7286],[81.7218,16.7304],[81.7218,16.7349],[81.7218,16.7427],[81.7237,16.7552],[81.7263,16.7623],[81.7273,16.7669],[81.7134,16.7685],[81.708,16.7681],[81.7001,16.7675],[81.6951,16.7671],[81.6921,16.7663],[81.6891,16.7658],[81.6864,16.7635],[81.6867,16.7648],[81.6858,16.7677],[81.6842,16.7693],[81.6819,16.769],[81.6811,16.7662],[81.6808,16.7639],[81.6794,16.7624],[81.6771,16.7635],[81.6765,16.7656],[81.6765,16.7681],[81.675,16.77],[81.674,16.7683],[81.6728,16.7669],[81.6706,16.7675],[81.6697,16.7697],[81.6692,16.7723],[81.6688,16.775],[81.6674,16.7762],[81.6522,16.7775],[81.6474,16.7786],[81.6463,16.7815],[81.6464,16.7842],[81.6447,16.7868],[81.6413,16.7868],[81.6387,16.787],[81.6357,16.7887],[81.6323,16.7913],[81.6303,16.7934],[81.6273,16.7955],[81.6265,16.798],[81.6291,16.7999],[81.6354,16.8093],[81.6371,16.8133],[81.6374,16.8168],[81.6374,16.8213],[81.6356,16.8259],[81.6422,16.8295],[81.6492,16.8344],[81.6533,16.8405],[81.6535,16.8459],[81.6561,16.8538],[81.6499,16.8555],[81.6451,16.8565],[81.6413,16.8583],[81.639,16.8585],[81.6387,16.8561],[81.6367,16.8559],[81.6367,16.8586],[81.6369,16.8603],[81.6343,16.8623],[81.6324,16.864],[81.6307,16.8662],[81.6305,16.8696],[81.6305,16.8735],[81.6306,16.8786],[81.629,16.8814],[81.626,16.8857],[81.6253,16.8917],[81.6231,16.8934],[81.6205,16.8942],[81.6188,16.8949],[81.6177,16.8958],[81.6173,16.8977],[81.6169,16.899],[81.6118,16.8989],[81.6091,16.8994],[81.6085,16.9018],[81.6085,16.9048],[81.6065,16.9064],[81.6042,16.9058],[81.6014,16.9046],[81.6003,16.9047],[81.5982,16.9051],[81.5967,16.9056],[81.5925,16.9062],[81.5917,16.9055],[81.5897,16.9039],[81.5869,16.9028],[81.5838,16.903],[81.5809,16.9041],[81.5782,16.9037],[81.5756,16.9028],[81.5734,16.9031],[81.5721,16.9068],[81.5675,16.9134],[81.5595,16.9176],[81.5524,16.9197],[81.5505,16.9264],[81.5506,16.9323],[81.5492,16.9365],[81.5458,16.9399],[81.5444,16.9433],[81.5425,16.9459],[81.5409,16.9478],[81.5385,16.9505],[81.5366,16.9484],[81.5337,16.9473],[81.5307,16.946],[81.5277,16.9441],[81.5255,16.9453],[81.5206,16.9479],[81.5182,16.9491],[81.5146,16.9516],[81.5111,16.9545],[81.5076,16.9564],[81.5031,16.9573],[81.5016,16.9598],[81.4987,16.9641],[81.4947,16.9662],[81.4928,16.9601],[81.4919,16.9546],[81.4896,16.9522],[81.4872,16.9486],[81.4866,16.9438],[81.4879,16.9393],[81.4884,16.9354],[81.4883,16.9268],[81.4868,16.9171],[81.4854,16.9116],[81.4834,16.9083],[81.4798,16.906],[81.4759,16.9031],[81.472,16.8984],[81.4622,16.8999],[81.4614,16.9],[81.4485,16.9016],[81.4416,16.9015],[81.4432,16.8979],[81.4444,16.8961],[81.446,16.894],[81.4485,16.8933],[81.4508,16.8931],[81.4526,16.8898],[81.4512,16.8873],[81.4483,16.8864],[81.4446,16.8832],[81.4404,16.8782],[81.4357,16.8749],[81.4295,16.8735],[81.4244,16.8708],[81.4189,16.8704],[81.4156,16.8707],[81.4129,16.8705],[81.4091,16.8705],[81.4071,16.8717],[81.4058,16.8721],[81.4018,16.8721],[81.3992,16.8717],[81.3974,16.87],[81.3956,16.868],[81.3931,16.8673],[81.3922,16.8676],[81.3897,16.8684],[81.3884,16.871],[81.3881,16.8739],[81.3879,16.8763],[81.3862,16.8801],[81.3896,16.8864],[81.3906,16.891],[81.3916,16.896],[81.3911,16.9],[81.389,16.9042],[81.3887,16.909],[81.3857,16.909],[81.3824,16.9095],[81.3794,16.9104],[81.3738,16.9111],[81.3714,16.9089],[81.3672,16.9028],[81.3633,16.8988],[81.3376,16.8993],[81.3362,16.8996],[81.3333,16.9002],[81.3326,16.9025],[81.3322,16.9066],[81.3307,16.9113],[81.327,16.9164],[81.3257,16.9202],[81.329,16.9259],[81.3299,16.9286],[81.3293,16.9309],[81.3257,16.9321],[81.3205,16.9325],[81.3158,16.9324],[81.3097,16.9323],[81.3038,16.933],[81.2991,16.9358],[81.2928,16.9372],[81.2929,16.9409],[81.2979,16.9498],[81.2981,16.9525],[81.3004,16.9552],[81.3034,16.9571],[81.3072,16.9589],[81.3104,16.9623],[81.312,16.9674],[81.317,16.9742],[81.3245,16.9815],[81.3285,16.9844],[81.3303,16.9868],[81.3332,16.9896],[81.3373,16.9912],[81.3412,16.9924],[81.3461,16.9926],[81.3493,16.9907],[81.3527,16.9875],[81.3571,16.9861],[81.3614,16.9849],[81.3648,16.9856],[81.368,16.9886],[81.3699,16.9927],[81.3712,16.9977],[81.372,17.005],[81.3716,17.0103],[81.3708,17.0131],[81.3686,17.0168],[81.3669,17.0207],[81.3667,17.0244],[81.3681,17.0275],[81.3695,17.0304],[81.371,17.032],[81.3731,17.0334],[81.376,17.0338],[81.3793,17.0338],[81.3828,17.0383],[81.3839,17.0393],[81.3857,17.0411],[81.386,17.0426],[81.389,17.043],[81.3916,17.0423],[81.3942,17.0425],[81.3957,17.0432],[81.3965,17.045],[81.3976,17.0466],[81.3999,17.0469],[81.4032,17.0466],[81.4084,17.0453],[81.4106,17.045],[81.4126,17.0464],[81.413,17.0489],[81.4156,17.051],[81.4183,17.0507],[81.4226,17.049],[81.4245,17.0475],[81.4283,17.0455],[81.4317,17.0444],[81.4337,17.0432],[81.4343,17.0424],[81.4344,17.0409],[81.4335,17.0375],[81.4335,17.0342],[81.4338,17.032],[81.4359,17.0302],[81.4374,17.0291],[81.439,17.0273],[81.4389,17.0251],[81.4392,17.0215],[81.4407,17.0214],[81.4421,17.0201],[81.4421,17.0181],[81.442,17.0147],[81.4428,17.0127],[81.4447,17.0111],[81.4471,17.0085],[81.4509,17.0077],[81.4542,17.0081],[81.4563,17.0135],[81.4564,17.0158],[81.4562,17.0187],[81.4562,17.0215],[81.4534,17.029],[81.4515,17.0312],[81.4492,17.0331],[81.4477,17.0348],[81.4486,17.037],[81.4501,17.0381],[81.4509,17.0424],[81.4508,17.0447],[81.447,17.0451],[81.4445,17.0457],[81.4423,17.0469],[81.4396,17.0505],[81.4347,17.0565],[81.4332,17.0591],[81.4311,17.0613],[81.4299,17.0633],[81.4301,17.0662],[81.4307,17.0687],[81.4323,17.0709],[81.4338,17.073],[81.4369,17.076],[81.4396,17.0773],[81.4434,17.0784],[81.4469,17.078],[81.4488,17.0767],[81.4515,17.0773],[81.4533,17.0794],[81.4548,17.0831],[81.4561,17.0892],[81.4572,17.0929],[81.4574,17.0962],[81.4558,17.0983],[81.4517,17.0992],[81.4483,17.099],[81.4464,17.1016],[81.4463,17.104],[81.4465,17.1085],[81.4495,17.1128],[81.4532,17.1158],[81.4581,17.1155],[81.4615,17.1144],[81.4658,17.1147],[81.4686,17.1174],[81.4689,17.1224],[81.4692,17.127],[81.4734,17.1309],[81.4759,17.1343],[81.476,17.1371],[81.4758,17.1509],[81.4741,17.1559],[81.4718,17.1585],[81.4706,17.1628],[81.4707,17.1664],[81.4693,17.1658],[81.4657,17.1633],[81.4633,17.1617],[81.4603,17.1605],[81.4569,17.1601],[81.4556,17.161],[81.457,17.1633],[81.4616,17.1671],[81.4639,17.1692],[81.4665,17.1712],[81.4684,17.1725],[81.4709,17.1746],[81.4737,17.1747],[81.4753,17.1751],[81.4762,17.1761],[81.476,17.1786],[81.4749,17.18],[81.4732,17.1811],[81.4725,17.1827],[81.4747,17.1836],[81.4773,17.1867],[81.479,17.1878],[81.4814,17.1882],[81.4837,17.1884],[81.4857,17.1891],[81.4871,17.1902],[81.4885,17.1913],[81.4895,17.1925],[81.4916,17.1937],[81.4936,17.1943],[81.4953,17.1947],[81.4973,17.196],[81.4981,17.1982],[81.4983,17.2021],[81.5038,17.2027],[81.5071,17.2026],[81.5115,17.2017],[81.5146,17.2015],[81.5179,17.203],[81.5201,17.2043],[81.5226,17.2054],[81.5246,17.2079],[81.5262,17.209],[81.5287,17.2086],[81.5313,17.208],[81.5336,17.2077],[81.5357,17.2077],[81.5391,17.2085],[81.5394,17.2108],[81.5392,17.2124],[81.5415,17.2124],[81.543,17.2139],[81.5434,17.2158],[81.5466,17.2168],[81.5499,17.215],[81.5521,17.2139],[81.5557,17.2128],[81.5582,17.2119],[81.5618,17.2112],[81.5654,17.2105],[81.5675,17.2098],[81.5706,17.2097],[81.5764,17.2094],[81.5798,17.2095],[81.5822,17.2102],[81.5838,17.2117],[81.5875,17.2132],[81.5899,17.2143],[81.5916,17.2134],[81.5923,17.2108],[81.5926,17.2087],[81.5922,17.2068],[81.5906,17.2056],[81.5891,17.2049],[81.5876,17.2039],[81.5873,17.2025],[81.5871,17.1998],[81.5871,17.1976],[81.5886,17.1938],[81.5902,17.1929],[81.5921,17.1924],[81.5928,17.1913],[81.5934,17.189],[81.5936,17.1871],[81.5937,17.1836],[81.5958,17.1819],[81.5976,17.1804],[81.5992,17.1801],[81.6014,17.1808],[81.6032,17.1813],[81.6052,17.1813],[81.6074,17.1817],[81.609,17.1822],[81.6107,17.1831],[81.6125,17.1825],[81.6153,17.1813],[81.6169,17.1802],[81.6184,17.179]]]}},{"type":"Feature","properties":{"district":"West Godavari","district_hi":"पश्चिमी गोदावरी"},"geometry":{"type":"Polygon","coordinates":[[[81.3453,16.5731],[81.3451,16.5745],[81.3454,16.5758],[81.3457,16.5764],[81.3462,16.5775],[81.3466,16.5786],[81.3468,16.5801],[81.3462,16.5821],[81.3459,16.5831],[81.3459,16.5841],[81.3461,16.5851],[81.3461,16.5865],[81.3464,16.5878],[81.3458,16.5912],[81.3461,16.5923],[81.3484,16.5924],[81.3524,16.5918],[81.3534,16.5919],[81.3538,16.5925],[81.3541,16.5936],[81.3537,16.5947],[81.3526,16.5952],[81.352,16.596],[81.3521,16.5969],[81.3528,16.5977],[81.3544,16.5978],[81.3559,16.5972],[81.3572,16.5973],[81.3568,16.5993],[81.3562,16.6014],[81.3562,16.6035],[81.356,16.605],[81.3555,16.607],[81.3549,16.609],[81.3541,16.6101],[81.3518,16.61],[81.3501,16.6096],[81.349,16.6083],[81.3473,16.6055],[81.3462,16.6046],[81.3447,16.6041],[81.3436,16.6063],[81.3423,16.6085],[81.3399,16.6094],[81.3369,16.6112],[81.3343,16.6139],[81.3311,16.6165],[81.3275,16.6207],[81.3261,16.6252],[81.3267,16.6279],[81.3296,16.632],[81.3304,16.6423],[81.3314,16.6568],[81.3331,16.668],[81.334,16.6792],[81.332,16.682],[81.3277,16.6892],[81.3313,16.6899],[81.3336,16.6905],[81.3356,16.692],[81.339,16.6924],[81.3422,16.6924],[81.346,16.6927],[81.3484,16.6935],[81.3514,16.694],[81.3534,16.6927],[81.3528,16.6804],[81.3503,16.6791],[81.3449,16.6767],[81.3408,16.6749],[81.3412,16.6732],[81.34,16.6724],[81.3391,16.6716],[81.3394,16.6705],[81.3407,16.669],[81.342,16.6642],[81.3427,16.6611],[81.3435,16.66],[81.3474,16.6605],[81.3511,16.6623],[81.3551,16.6641],[81.3583,16.6656],[81.3618,16.6662],[81.3708,16.6668],[81.3826,16.6677],[81.3911,16.6676],[81.398,16.6683],[81.4066,16.6673],[81.4137,16.666],[81.418,16.6665],[81.4209,16.6667],[81.4266,16.665],[81.4341,16.6637],[81.4379,16.6646],[81.444,16.6651],[81.4458,16.6675],[81.4474,16.6706],[81.4493,16.6722],[81.4533,16.6741],[81.4546,16.6757],[81.4552,16.6783],[81.4592,16.6774],[81.461,16.6774],[81.4649,16.6786],[81.4689,16.6799],[81.4721,16.6805],[81.4736,16.6792],[81.477,16.6772],[81.4811,16.6761],[81.4843,16.6751],[81.4896,16.6755],[81.4933,16.6753],[81.4959,16.6737],[81.4991,16.672],[81.5006,16.6709],[81.5001,16.6689],[81.4985,16.6673],[81.4985,16.6657],[81.5012,16.6647],[81.504,16.6639],[81.5063,16.6644],[81.5071,16.6664],[81.5076,16.6683],[81.5102,16.668],[81.512,16.6686],[81.5134,16.6711],[81.5135,16.6729],[81.5146,16.6758],[81.5179,16.6757],[81.5201,16.6744],[81.524,16.6743],[81.5336,16.6742],[81.5333,16.6696],[81.5333,16.6682],[81.5373,16.6681],[81.5398,16.6673],[81.541,16.6649],[81.5418,16.6623],[81.5411,16.6599],[81.5401,16.6577],[81.5414,16.6552],[81.5438,16.6538],[81.545,16.652],[81.5469,16.6476],[81.5497,16.646],[81.5514,16.6452],[81.5544,16.6458],[81.5593,16.6498],[81.5641,16.6555],[81.5617,16.6596],[81.5574,16.6652],[81.5552,16.6681],[81.5534,16.6697],[81.5555,16.6732],[81.5562,16.6762],[81.5567,16.6794],[81.5585,16.6816],[81.5649,16.6817],[81.5696,16.683],[81.5719,16.6847],[81.5719,16.6873],[81.5723,16.6927],[81.5763,16.6929],[81.5792,16.6959],[81.5811,16.6999],[81.5859,16.703],[81.5912,16.7045],[81.5953,16.7062],[81.5992,16.7044],[81.6002,16.7079],[81.5978,16.7106],[81.5966,16.7139],[81.597,16.7184],[81.5967,16.7217],[81.5942,16.7241],[81.589,16.7229],[81.5837,16.7231],[81.5765,16.7245],[81.5731,16.7252],[81.5697,16.7275],[81.5664,16.7314],[81.5665,16.7356],[81.5687,16.7392],[81.569,16.7437],[81.5667,16.7459],[81.5664,16.753],[81.566,16.758],[81.5646,16.7614],[81.5582,16.762],[81.5543,16.7621],[81.5525,16.7584],[81.5519,16.7545],[81.5513,16.7501],[81.5504,16.7462],[81.5499,16.7427],[81.5479,16.7395],[81.5458,16.7378],[81.5422,16.7379],[81.5357,16.7398],[81.5302,16.7399],[81.5283,16.7366],[81.5247,16.7344],[81.5215,16.7353],[81.5192,16.736],[81.5175,16.7382],[81.5138,16.7359],[81.5107,16.7312],[81.5063,16.7288],[81.501,16.7284],[81.4985,16.7294],[81.495,16.7329],[81.4925,16.7343],[81.4861,16.7372],[81.4823,16.7367],[81.4798,16.7349],[81.4768,16.7326],[81.4738,16.7321],[81.4711,16.7341],[81.4696,16.7293],[81.4678,16.728],[81.4632,16.7286],[81.4598,16.7276],[81.4551,16.7266],[81.4511,16.7262],[81.4481,16.7256],[81.4476,16.727],[81.4483,16.7316],[81.4487,16.7351],[81.4439,16.7392],[81.4433,16.746],[81.443,16.7512],[81.4412,16.7583],[81.4442,16.7588],[81.4487,16.7584],[81.4545,16.7575],[81.4624,16.7544],[81.4656,16.7558],[81.4682,16.7587],[81.4722,16.7598],[81.4759,16.76],[81.4807,16.7597],[81.4788,16.762],[81.4768,16.7644],[81.476,16.7683],[81.4766,16.7723],[81.4769,16.7752],[81.4767,16.7771],[81.4752,16.7786],[81.4741,16.7797],[81.4732,16.781],[81.4739,16.783],[81.4776,16.7893],[81.4798,16.7931],[81.4817,16.7967],[81.4833,16.799],[81.4898,16.7972],[81.4931,16.8053],[81.4957,16.8107],[81.4972,16.8148],[81.4946,16.816],[81.4909,16.8169],[81.4877,16.8179],[81.4867,16.8194],[81.4875,16.8212],[81.4883,16.8234],[81.4883,16.8261],[81.4866,16.8287],[81.4816,16.8342],[81.4808,16.8406],[81.48,16.8464],[81.4787,16.8509],[81.4774,16.8535],[81.4768,16.8595],[81.4766,16.8627],[81.4746,16.8648],[81.4703,16.8656],[81.4658,16.8678],[81.4619,16.8692],[81.4592,16.8709],[81.4585,16.8722],[81.4595,16.8752],[81.46,16.878],[81.4603,16.8862],[81.4619,16.8918],[81.4614,16.9],[81.4622,16.8999],[81.472,16.8984],[81.4759,16.9031],[81.4798,16.906],[81.4834,16.9083],[81.4854,16.9116],[81.4868,16.9171],[81.4883,16.9268],[81.4884,16.9354],[81.4879,16.9393],[81.4866,16.9438],[81.4872,16.9486],[81.4896,16.9522],[81.4919,16.9546],[81.4928,16.9601],[81.4947,16.9662],[81.4987,16.9641],[81.5016,16.9598],[81.5031,16.9573],[81.5076,16.9564],[81.5111,16.9545],[81.5146,16.9516],[81.5182,16.9491],[81.5206,16.9479],[81.5255,16.9453],[81.5277,16.9441],[81.5307,16.946],[81.5337,16.9473],[81.5366,16.9484],[81.5385,16.9505],[81.5409,16.9478],[81.5425,16.9459],[81.5444,16.9433],[81.5458,16.9399],[81.5492,16.9365],[81.5506,16.9323],[81.5505,16.9264],[81.5524,16.9197],[81.5595,16.9176],[81.5675,16.9134],[81.5721,16.9068],[81.5734,16.9031],[81.5756,16.9028],[81.5782,16.9037],[81.5809,16.9041],[81.5838,16.903],[81.5869,16.9028],[81.5897,16.9039],[81.5917,16.9055],[81.5925,16.9062],[81.5967,16.9056],[81.5982,16.9051],[81.6003,16.9047],[81.6014,16.9046],[81.6042,16.9058],[81.6065,16.9064],[81.6085,16.9048],[81.6085,16.9018],[81.6091,16.8994],[81.6118,16.8989],[81.6169,16.899],[81.6173,16.8977],[81.6177,16.8958],[81.6188,16.8949],[81.6205,16.8942],[81.6231,16.8934],[81.6253,16.8917],[81.626,16.8857],[81.629,16.8814],[81.6306,16.8786],[81.6305,16.8735],[81.6305,16.8696],[81.6307,16.8662],[81.6324,16.864],[81.6343,16.8623],[81.6369,16.8603],[81.6367,16.8586],[81.6367,16.8559],[81.6387,16.8561],[81.639,16.8585],[81.6413,16.8583],[81.6451,16.8565],[81.6499,16.8555],[81.6561,16.8538],[81.6535,16.8459],[81.6533,16.8405],[81.6492,16.8344],[81.6422,16.8295],[81.6356,16.8259],[81.6374,16.8213],[81.6374,16.8168],[81.6371,16.8133],[81.6354,16.8093],[81.6291,16.7999],[81.6265,16.798],[81.6273,16.7955],[81.6303,16.7934],[81.6323,16.7913],[81.6357,16.7887],[81.6387,16.787],[81.6413,16.7868],[81.6447,16.7868],[81.6464,16.7842],[81.6463,16.7815],[81.6474,16.7786],[81.6522,16.7775],[81.6674,16.7762],[81.6688,16.775],[81.6692,16.7723],[81.6697,16.7697],[81.6706,16.7675],[81.6728,16.7669],[81.674,16.7683],[81.675,16.77],[81.6765,16.7681],[81.6765,16.7656],[81.6771,16.7635],[81.6794,16.7624],[81.6808,16.7639],[81.6811,16.7662],[81.6819,16.769],[81.6842,16.7693],[81.6858,16.7677],[81.6867,16.7648],[81.6864,16.7635],[81.6891,16.7658],[81.6921,16.7663],[81.6951,16.7671],[81.7001,16.7675],[81.708,16.7681],[81.7134,16.7685],[81.7273,16.7669],[81.7263,16.7623],[81.7237,16.7552],[81.7218,16.7427],[81.7218,16.7349],[81.7218,16.7304],[81.7307,16.7286],[81.7386,16.7248],[81.7433,16.7301],[81.7496,16.7307],[81.7541,16.7276],[81.752,16.7224],[81.7506,16.7174],[81.7515,16.7136],[81.7529,16.7072],[81.7575,16.7015],[81.7603,16.6965],[81.7599,16.6871],[81.7619,16.6785],[81.7663,16.6803],[81.7686,16.6818],[81.7735,16.6824],[81.7787,16.6836],[81.7827,16.6849],[81.7883,16.6857],[81.7879,16.6961],[81.7931,16.6972],[81.801,16.6992],[81.8145,16.6864],[81.8298,16.6832],[81.8387,16.6766],[81.8392,16.6677],[81.8431,16.6555],[81.846,16.6463],[81.8501,16.6288],[81.8577,16.614],[81.8605,16.6072],[81.8598,16.5906],[81.8579,16.5813],[81.8578,16.5754],[81.8594,16.5682],[81.8564,16.5628],[81.8544,16.5549],[81.8574,16.5464],[81.8565,16.5387],[81.855,16.5268],[81.8508,16.5085],[81.8507,16.506],[81.8502,16.4947],[81.8451,16.4851],[81.8262,16.4767],[81.8136,16.4713],[81.797,16.4678],[81.7922,16.4638],[81.7878,16.4602],[81.7863,16.4524],[81.7747,16.4388],[81.7657,16.4295],[81.758,16.4216],[81.7502,16.4176],[81.7491,16.4171],[81.7357,16.4206],[81.7305,16.4268],[81.7235,16.4418],[81.722,16.4432],[81.7216,16.4435],[81.7196,16.4448],[81.7162,16.4446],[81.7132,16.4437],[81.7107,16.4416],[81.7008,16.4214],[81.701,16.4141],[81.7102,16.3894],[81.7192,16.3735],[81.7201,16.3718],[81.7205,16.3623],[81.7217,16.3366],[81.7189,16.3201],[81.7193,16.3136],[81.7178,16.3137],[81.7173,16.3138],[81.7163,16.3138],[81.7154,16.3138],[81.7126,16.3135],[81.7123,16.3132],[81.7118,16.3129],[81.7115,16.3128],[81.7113,16.3128],[81.7107,16.3129],[81.7103,16.3129],[81.71,16.3129],[81.7095,16.3131],[81.7094,16.3132],[81.7091,16.3133],[81.7088,16.3135],[81.7084,16.3136],[81.7082,16.3136],[81.708,16.3138],[81.7075,16.3143],[81.7074,16.3144],[81.7073,16.3144],[81.707,16.3145],[81.7063,16.3147],[81.7057,16.315],[81.7053,16.3151],[81.7049,16.3152],[81.7045,16.3153],[81.7039,16.3154],[81.7035,16.3155],[81.703,16.3156],[81.7026,16.3157],[81.7022,16.3157],[81.7021,16.3157],[81.702,16.3158],[81.7019,16.3158],[81.7014,16.3161],[81.701,16.3163],[81.7006,16.3164],[81.7003,16.3166],[81.6999,16.3168],[81.6994,16.3169],[81.699,16.317],[81.6981,16.3172],[81.6975,16.3173],[81.6967,16.3175],[81.6959,16.3177],[81.6951,16.3181],[81.6946,16.3183],[81.6941,16.3184],[81.6937,16.3185],[81.6934,16.3186],[81.6931,16.3188],[81.6927,16.319],[81.6924,16.3191],[81.6922,16.3192],[81.6919,16.3192],[81.6917,16.3193],[81.6916,16.3194],[81.6915,16.3195],[81.6914,16.3195],[81.6913,16.3195],[81.691,16.3196],[81.6908,16.3197],[81.6907,16.3199],[81.6907,16.3201],[81.6906,16.3201],[81.6905,16.3202],[81.6904,16.3203],[81.6896,16.3206],[81.6892,16.3208],[81.689,16.321],[81.6885,16.3216],[81.6883,16.322],[81.6881,16.3223],[81.688,16.3225],[81.688,16.3226],[81.6881,16.3227],[81.6882,16.3228],[81.6883,16.3229],[81.6883,16.3233],[81.6882,16.3235],[81.6881,16.3237],[81.688,16.3237],[81.6879,16.3239],[81.6879,16.3241],[81.6879,16.3243],[81.6878,16.3244],[81.6877,16.3247],[81.6874,16.325],[81.6873,16.3251],[81.6871,16.3253],[81.6871,16.3254],[81.6871,16.3255],[81.6871,16.3256],[81.6861,16.3272],[81.6856,16.328],[81.6852,16.3287],[81.6851,16.3288],[81.6851,16.329],[81.685,16.3291],[81.6849,16.3291],[81.6849,16.3292],[81.6848,16.3293],[81.6847,16.3296],[81.6843,16.3303],[81.6839,16.3309],[81.6833,16.3316],[81.6825,16.3323],[81.6823,16.3326],[81.682,16.3328],[81.6815,16.333],[81.6808,16.3331],[81.6805,16.3331],[81.6795,16.3332],[81.6787,16.3333],[81.6775,16.3332],[81.6767,16.3332],[81.6758,16.3334],[81.675,16.3334],[81.6742,16.3335],[81.6737,16.3336],[81.6724,16.3337],[81.6712,16.3338],[81.67,16.3339],[81.6687,16.334],[81.6681,16.3341],[81.666,16.3343],[81.665,16.3343],[81.6637,16.3344],[81.6621,16.3345],[81.6606,16.3346],[81.6596,16.3347],[81.6586,16.3348],[81.6576,16.3349],[81.6565,16.335],[81.6554,16.335],[81.654,16.3352],[81.6526,16.3353],[81.6512,16.3354],[81.6507,16.3355],[81.6498,16.3356],[81.6492,16.3356],[81.6484,16.3358],[81.6478,16.3359],[81.6467,16.3359],[81.6452,16.3361],[81.6441,16.3362],[81.6436,16.3363],[81.6431,16.3363],[81.6423,16.3364],[81.6419,16.3364],[81.6411,16.3364],[81.6405,16.3365],[81.6399,16.3366],[81.6391,16.3366],[81.6379,16.3368],[81.6364,16.3369],[81.635,16.337],[81.6339,16.3371],[81.6322,16.3373],[81.6316,16.3373],[81.6311,16.3374],[81.6306,16.3374],[81.6294,16.3376],[81.6278,16.3377],[81.6264,16.3378],[81.6247,16.3379],[81.624,16.338],[81.6224,16.3382],[81.6207,16.3383],[81.619,16.3384],[81.6166,16.3386],[81.6142,16.3389],[81.6125,16.3391],[81.6121,16.3391],[81.6115,16.3392],[81.6106,16.3393],[81.6101,16.3393],[81.6094,16.3394],[81.6086,16.3394],[81.6078,16.3395],[81.607,16.3395],[81.6061,16.3397],[81.6005,16.3404],[81.5982,16.3406],[81.5959,16.3411],[81.5941,16.3414],[81.5922,16.3416],[81.5853,16.3423],[81.5827,16.3425],[81.5805,16.3427],[81.5782,16.3429],[81.5744,16.3433],[81.5729,16.3435],[81.571,16.3436],[81.5689,16.3437],[81.5671,16.3438],[81.5658,16.3439],[81.5642,16.344],[81.5628,16.3443],[81.5619,16.3444],[81.5556,16.3448],[81.5554,16.3535],[81.5529,16.3643],[81.5519,16.3683],[81.5501,16.3717],[81.549,16.3745],[81.5474,16.3768],[81.5461,16.3784],[81.544,16.3791],[81.5355,16.3788],[81.5308,16.3792],[81.5275,16.3799],[81.5246,16.3807],[81.5222,16.3806],[81.5198,16.3785],[81.5166,16.3767],[81.5149,16.3729],[81.511,16.3705],[81.5087,16.3701],[81.5059,16.3703],[81.5035,16.3705],[81.5006,16.3708],[81.4958,16.3713],[81.4923,16.3718],[81.4905,16.3729],[81.4874,16.376],[81.4865,16.378],[81.4853,16.38],[81.485,16.3824],[81.4851,16.3845],[81.4842,16.3865],[81.4819,16.3885],[81.4787,16.3903],[81.4753,16.3909],[81.475,16.3921],[81.474,16.3934],[81.4727,16.3949],[81.4711,16.3977],[81.47,16.3982],[81.4689,16.3986],[81.4678,16.3984],[81.4664,16.3982],[81.464,16.3984],[81.4602,16.4005],[81.4587,16.402],[81.4575,16.4035],[81.4568,16.4042],[81.4557,16.4047],[81.4541,16.4052],[81.4524,16.4053],[81.4497,16.4039],[81.446,16.4007],[81.4438,16.3996],[81.442,16.3986],[81.4403,16.3982],[81.4391,16.3982],[81.4371,16.3986],[81.4358,16.3997],[81.4348,16.4005],[81.4335,16.4021],[81.4322,16.4054],[81.4306,16.4084],[81.4294,16.4097],[81.428,16.4101],[81.4271,16.4105],[81.4264,16.4111],[81.426,16.4119],[81.426,16.413],[81.4263,16.4158],[81.4262,16.4169],[81.4261,16.418],[81.426,16.4188],[81.4251,16.4194],[81.4241,16.4199],[81.4226,16.4202],[81.4212,16.4202],[81.4193,16.4199],[81.4163,16.4189],[81.414,16.419],[81.4111,16.4197],[81.4094,16.4217],[81.408,16.423],[81.4063,16.4241],[81.4039,16.4259],[81.4011,16.4279],[81.3998,16.4305],[81.3993,16.4319],[81.399,16.4333],[81.3992,16.4343],[81.3996,16.435],[81.4002,16.4358],[81.4009,16.4366],[81.4014,16.4374],[81.401,16.4384],[81.4004,16.4388],[81.399,16.4389],[81.3976,16.4385],[81.3957,16.4379],[81.394,16.4384],[81.3922,16.4386],[81.3897,16.4402],[81.3889,16.441],[81.3873,16.442],[81.3859,16.4426],[81.3852,16.4434],[81.3854,16.4442],[81.3862,16.4447],[81.3871,16.4449],[81.3876,16.4454],[81.3874,16.4462],[81.3868,16.4469],[81.3857,16.4472],[81.3837,16.4474],[81.3815,16.4479],[81.3799,16.4494],[81.3787,16.4508],[81.3773,16.4529],[81.3753,16.4564],[81.3738,16.4574],[81.3726,16.4584],[81.3723,16.4596],[81.3725,16.4606],[81.3732,16.4615],[81.3739,16.4627],[81.3763,16.4651],[81.377,16.4657],[81.3774,16.4666],[81.3773,16.4674],[81.3766,16.4684],[81.376,16.4693],[81.3751,16.4703],[81.374,16.4721],[81.3735,16.4729],[81.3724,16.4736],[81.3706,16.474],[81.3694,16.4742],[81.3684,16.4747],[81.3678,16.4759],[81.3675,16.4783],[81.3673,16.4828],[81.3674,16.484],[81.3681,16.4857],[81.3686,16.4866],[81.369,16.488],[81.3692,16.4893],[81.3693,16.4907],[81.37,16.4927],[81.3712,16.4944],[81.3714,16.4952],[81.3713,16.4964],[81.371,16.4975],[81.3701,16.4984],[81.3691,16.499],[81.3681,16.4996],[81.367,16.4999],[81.3657,16.5001],[81.3651,16.5007],[81.3646,16.5017],[81.3642,16.5029],[81.3638,16.5041],[81.3637,16.5056],[81.3615,16.5071],[81.3601,16.5072],[81.3579,16.5068],[81.3559,16.5062],[81.3536,16.505],[81.352,16.5046],[81.3503,16.5046],[81.3484,16.5049],[81.3472,16.5056],[81.3464,16.5066],[81.3456,16.5067],[81.3451,16.5055],[81.3448,16.5051],[81.344,16.5043],[81.3434,16.5039],[81.3404,16.5041],[81.3382,16.5045],[81.3368,16.5058],[81.3344,16.5073],[81.3336,16.5079],[81.3321,16.5092],[81.3314,16.5108],[81.3318,16.5123],[81.3331,16.5136],[81.3346,16.514],[81.3358,16.514],[81.3372,16.5135],[81.338,16.5133],[81.3383,16.5143],[81.3378,16.5156],[81.3375,16.5166],[81.3372,16.5178],[81.3372,16.5187],[81.3374,16.5201],[81.3382,16.5222],[81.3384,16.5254],[81.3388,16.5275],[81.3394,16.528],[81.3407,16.5285],[81.3418,16.529],[81.3426,16.5296],[81.3428,16.5305],[81.3426,16.5317],[81.3421,16.5337],[81.3423,16.5373],[81.3424,16.5403],[81.3434,16.5435],[81.3438,16.5481],[81.3442,16.5497],[81.3459,16.5526],[81.3463,16.5543],[81.3454,16.5573],[81.345,16.5592],[81.3467,16.5623],[81.3473,16.5644],[81.3473,16.5692],[81.3468,16.5704],[81.3462,16.5717],[81.3453,16.5731]]]}},{"type":"Feature","properties":{"district":"Krishna","district_hi":"कृष्णा"},"geometry":{"type":"MultiPolygon","coordinates":[[[[80.757,16.5229],[80.7457,16.522],[80.7382,16.5235],[80.7313,16.5251],[80.7261,16.5268],[80.7224,16.5295],[80.7124,16.5361],[80.698,16.5401],[80.6887,16.5433],[80.6874,16.548],[80.6896,16.5549],[80.694,16.5638],[80.6974,16.5703],[80.6975,16.5749],[80.7,16.5811],[80.7031,16.5923],[80.7008,16.597],[80.6982,16.6023],[80.6959,16.6061],[80.6953,16.6097],[80.6954,16.6125],[80.6962,16.6169],[80.6974,16.6198],[80.6977,16.6294],[80.7049,16.6286],[80.7069,16.6283],[80.7125,16.6276],[80.7197,16.6269],[80.7282,16.6256],[80.7352,16.6265],[80.7371,16.6272],[80.7374,16.6273],[80.7412,16.6284],[80.7448,16.629],[80.7488,16.6299],[80.7535,16.6318],[80.7576,16.632],[80.7615,16.6302],[80.7665,16.628],[80.7689,16.6271],[80.7717,16.6284],[80.7752,16.6266],[80.7804,16.6247],[80.7818,16.6264],[80.7841,16.6293],[80.7856,16.6329],[80.7871,16.6366],[80.7888,16.6392],[80.7917,16.6418],[80.7954,16.6422],[80.7957,16.6398],[80.7963,16.637],[80.7995,16.6366],[80.8022,16.6379],[80.8057,16.6409],[80.8105,16.6465],[80.8143,16.6507],[80.8188,16.6533],[80.8222,16.6543],[80.8268,16.6531],[80.8294,16.6518],[80.8316,16.6483],[80.8355,16.6458],[80.8363,16.6431],[80.8343,16.6391],[80.8317,16.6358],[80.8313,16.6302],[80.8324,16.6241],[80.835,16.6172],[80.8385,16.6137],[80.8415,16.6136],[80.843,16.6135],[80.8482,16.6127],[80.8499,16.6141],[80.8522,16.6169],[80.8545,16.6205],[80.8563,16.6225],[80.8596,16.6244],[80.8632,16.6257],[80.866,16.6247],[80.8701,16.622],[80.8739,16.6191],[80.8764,16.6191],[80.8784,16.6216],[80.8821,16.6258],[80.8839,16.63],[80.8861,16.6354],[80.8854,16.6562],[80.8828,16.6614],[80.879,16.6647],[80.8757,16.6653],[80.8704,16.6664],[80.866,16.6682],[80.8597,16.6705],[80.8572,16.6779],[80.8572,16.6826],[80.8576,16.6859],[80.8576,16.6885],[80.8586,16.6909],[80.8605,16.6922],[80.864,16.6923],[80.8692,16.6911],[80.8732,16.6905],[80.8748,16.6899],[80.8768,16.6921],[80.8756,16.6951],[80.8756,16.7031],[80.8751,16.7056],[80.8742,16.7071],[80.873,16.7088],[80.8723,16.7102],[80.872,16.7119],[80.8734,16.7121],[80.8758,16.7141],[80.8802,16.715],[80.8848,16.714],[80.8886,16.7129],[80.8915,16.7123],[80.8944,16.7123],[80.8998,16.7122],[80.9022,16.7136],[80.9052,16.7148],[80.9073,16.7149],[80.9084,16.714],[80.9075,16.7122],[80.9062,16.7104],[80.9061,16.7087],[80.907,16.7073],[80.9095,16.7057],[80.9131,16.7012],[80.9167,16.6987],[80.9193,16.6972],[80.9223,16.6963],[80.9253,16.6951],[80.928,16.6942],[80.9304,16.6925],[80.9311,16.6913],[80.9311,16.6874],[80.9314,16.6798],[80.9326,16.6776],[80.9336,16.6759],[80.9362,16.6744],[80.9385,16.6744],[80.9412,16.6742],[80.9434,16.6737],[80.9455,16.6729],[80.9484,16.6728],[80.9537,16.6716],[80.9544,16.6713],[80.9541,16.669],[80.9543,16.6654],[80.9555,16.6648],[80.9564,16.6634],[80.9582,16.6614],[80.9587,16.6605],[80.9633,16.655],[80.9686,16.6478],[80.9701,16.6431],[80.9718,16.6369],[80.9739,16.6321],[80.9737,16.6273],[80.9747,16.6251],[80.9786,16.6233],[80.987,16.6107],[80.9917,16.604],[80.9952,16.6],[80.9976,16.5975],[81.001,16.5957],[81.0008,16.5916],[81.0016,16.5887],[81.0048,16.587],[81.0064,16.5862],[81.0076,16.5819],[81.0085,16.5771],[81.0096,16.5724],[81.0107,16.565],[81.0116,16.5608],[81.0125,16.5613],[81.0155,16.5619],[81.0172,16.5622],[81.0187,16.5621],[81.0191,16.561],[81.0194,16.5598],[81.0194,16.5585],[81.0192,16.5575],[81.0206,16.5573],[81.0218,16.5571],[81.0231,16.5571],[81.0238,16.5574],[81.0244,16.5584],[81.0252,16.5592],[81.0254,16.5598],[81.0252,16.5611],[81.0282,16.5622],[81.031,16.5627],[81.036,16.5644],[81.0365,16.5635],[81.0371,16.5627],[81.0391,16.5623],[81.0401,16.5619],[81.0403,16.5662],[81.0435,16.5671],[81.0465,16.5687],[81.0487,16.57],[81.0502,16.5703],[81.0622,16.5708],[81.0654,16.5718],[81.0693,16.5747],[81.0727,16.5752],[81.0763,16.5754],[81.0787,16.5757],[81.0805,16.5766],[81.0827,16.5788],[81.0864,16.5815],[81.0893,16.5832],[81.093,16.5848],[81.0943,16.5859],[81.0945,16.588],[81.0943,16.5898],[81.094,16.5909],[81.0926,16.5917],[81.0903,16.592],[81.0884,16.5926],[81.0871,16.5958],[81.0882,16.602],[81.089,16.6045],[81.0903,16.6059],[81.094,16.6059],[81.0975,16.6058],[81.1011,16.6056],[81.1024,16.6033],[81.1067,16.5994],[81.1097,16.5966],[81.1117,16.5952],[81.1123,16.5948],[81.1105,16.5913],[81.1106,16.589],[81.1103,16.5852],[81.1106,16.5811],[81.1113,16.5791],[81.1164,16.579],[81.1157,16.5728],[81.1133,16.5727],[81.1107,16.5731],[81.1065,16.5722],[81.1035,16.5709],[81.1011,16.568],[81.1005,16.5649],[81.1001,16.5621],[81.0995,16.559],[81.1007,16.5575],[81.1031,16.5577],[81.106,16.5571],[81.1066,16.5537],[81.1055,16.5514],[81.1048,16.5496],[81.1051,16.5463],[81.1057,16.5436],[81.1058,16.5416],[81.1036,16.5391],[81.1025,16.5343],[81.1025,16.5259],[81.1027,16.5227],[81.1056,16.5205],[81.1089,16.5191],[81.1141,16.5163],[81.1169,16.5158],[81.118,16.5139],[81.1156,16.5108],[81.1141,16.5056],[81.1121,16.4995],[81.1096,16.4988],[81.1067,16.4984],[81.1047,16.4965],[81.102,16.4941],[81.0985,16.4932],[81.0948,16.4941],[81.0908,16.4961],[81.0893,16.4957],[81.0878,16.4928],[81.0879,16.4906],[81.0853,16.4867],[81.0853,16.4824],[81.0858,16.4809],[81.0872,16.4797],[81.0896,16.4778],[81.092,16.4761],[81.0914,16.4725],[81.0939,16.4694],[81.0912,16.4664],[81.0896,16.4649],[81.0882,16.4626],[81.0905,16.4607],[81.0894,16.4576],[81.0847,16.4509],[81.0834,16.4449],[81.0822,16.4429],[81.0814,16.4417],[81.0815,16.4402],[81.0827,16.438],[81.0829,16.4364],[81.0816,16.4342],[81.0766,16.4361],[81.0755,16.4368],[81.0741,16.4386],[81.073,16.4396],[81.0701,16.4404],[81.0679,16.4412],[81.0652,16.4426],[81.0629,16.442],[81.0615,16.4398],[81.0566,16.4397],[81.0489,16.4388],[81.0475,16.4374],[81.046,16.4353],[81.0456,16.4245],[81.0464,16.4232],[81.0478,16.4225],[81.0494,16.422],[81.0513,16.4215],[81.0535,16.4207],[81.0553,16.4201],[81.0577,16.419],[81.0588,16.4174],[81.0599,16.4155],[81.0612,16.4145],[81.0644,16.4129],[81.0632,16.4094],[81.0629,16.4067],[81.0632,16.4043],[81.0622,16.4021],[81.0641,16.4],[81.0649,16.3997],[81.0666,16.3989],[81.0688,16.3984],[81.07,16.3982],[81.0723,16.3987],[81.0747,16.3993],[81.0765,16.3992],[81.0786,16.3985],[81.0799,16.3954],[81.0793,16.3938],[81.079,16.3916],[81.0804,16.3898],[81.083,16.3869],[81.0868,16.3849],[81.0885,16.3841],[81.0911,16.383],[81.0932,16.3828],[81.0951,16.3833],[81.0966,16.3842],[81.099,16.3845],[81.1013,16.3839],[81.1032,16.3833],[81.1045,16.385],[81.1084,16.3885],[81.1092,16.3895],[81.1112,16.3902],[81.113,16.3892],[81.1144,16.3876],[81.1153,16.386],[81.117,16.3844],[81.1197,16.3835],[81.1232,16.3831],[81.128,16.3828],[81.1325,16.3809],[81.1347,16.3806],[81.1368,16.3793],[81.1395,16.3779],[81.1419,16.3786],[81.1434,16.3797],[81.145,16.3812],[81.1465,16.3835],[81.1482,16.3882],[81.1516,16.3955],[81.153,16.395],[81.1552,16.3941],[81.1569,16.3946],[81.1575,16.3969],[81.158,16.3997],[81.1589,16.4025],[81.1594,16.4046],[81.1603,16.4068],[81.1625,16.4065],[81.1647,16.4058],[81.169,16.4051],[81.173,16.4049],[81.1748,16.4048],[81.1752,16.4034],[81.1751,16.4006],[81.1748,16.3966],[81.1739,16.3932],[81.1739,16.3896],[81.1754,16.3884],[81.1781,16.3877],[81.1811,16.3871],[81.1852,16.3864],[81.1889,16.386],[81.1937,16.3852],[81.2002,16.3844],[81.2044,16.3827],[81.2052,16.3855],[81.2068,16.395],[81.2079,16.4092],[81.2131,16.4191],[81.2165,16.4224],[81.2206,16.424],[81.223,16.4249],[81.2305,16.429],[81.2309,16.4267],[81.2302,16.4239],[81.231,16.4211],[81.2334,16.419],[81.2374,16.415],[81.2417,16.4128],[81.2456,16.4109],[81.2483,16.4087],[81.253,16.406],[81.2557,16.4047],[81.259,16.4112],[81.2647,16.4187],[81.2732,16.4242],[81.2777,16.4292],[81.2794,16.43],[81.282,16.4284],[81.2871,16.4298],[81.2938,16.4359],[81.2971,16.4387],[81.3001,16.4397],[81.302,16.44],[81.3053,16.4406],[81.3046,16.4439],[81.3033,16.4468],[81.3006,16.4496],[81.2978,16.4512],[81.2953,16.4528],[81.2946,16.4543],[81.2964,16.4552],[81.3012,16.4559],[81.3051,16.4569],[81.3081,16.4576],[81.3157,16.4609],[81.3198,16.461],[81.3218,16.461],[81.3216,16.4567],[81.3223,16.4533],[81.3238,16.4515],[81.3249,16.45],[81.3251,16.4473],[81.3257,16.4407],[81.3253,16.4343],[81.3241,16.4308],[81.3232,16.4291],[81.321,16.4272],[81.3196,16.4252],[81.3194,16.423],[81.32,16.4213],[81.3229,16.4201],[81.3246,16.4195],[81.333,16.4164],[81.3462,16.4083],[81.3667,16.4081],[81.3866,16.4115],[81.388,16.4187],[81.3967,16.4259],[81.4011,16.4279],[81.4039,16.4259],[81.4063,16.4241],[81.408,16.423],[81.4094,16.4217],[81.4111,16.4197],[81.414,16.419],[81.4163,16.4189],[81.4193,16.4199],[81.4212,16.4202],[81.4226,16.4202],[81.4241,16.4199],[81.4251,16.4194],[81.426,16.4188],[81.4261,16.418],[81.4262,16.4169],[81.4263,16.4158],[81.426,16.413],[81.426,16.4119],[81.4264,16.4111],[81.4271,16.4105],[81.428,16.4101],[81.4294,16.4097],[81.4306,16.4084],[81.4322,16.4054],[81.4335,16.4021],[81.4348,16.4005],[81.4358,16.3997],[81.4371,16.3986],[81.4391,16.3982],[81.4403,16.3982],[81.442,16.3986],[81.4438,16.3996],[81.446,16.4007],[81.4497,16.4039],[81.4524,16.4053],[81.4541,16.4052],[81.4557,16.4047],[81.4568,16.4042],[81.4575,16.4035],[81.4587,16.402],[81.4602,16.4005],[81.464,16.3984],[81.4664,16.3982],[81.4678,16.3984],[81.4689,16.3986],[81.47,16.3982],[81.4711,16.3977],[81.4727,16.3949],[81.474,16.3934],[81.475,16.3921],[81.4753,16.3909],[81.4787,16.3903],[81.4819,16.3885],[81.4842,16.3865],[81.4851,16.3845],[81.485,16.3824],[81.4853,16.38],[81.4865,16.378],[81.4874,16.376],[81.4905,16.3729],[81.4923,16.3718],[81.4958,16.3713],[81.5006,16.3708],[81.5035,16.3705],[81.5059,16.3703],[81.5087,16.3701],[81.511,16.3705],[81.5149,16.3729],[81.5166,16.3767],[81.5198,16.3785],[81.5222,16.3806],[81.5246,16.3807],[81.5275,16.3799],[81.5308,16.3792],[81.5355,16.3788],[81.544,16.3791],[81.5461,16.3784],[81.5474,16.3768],[81.549,16.3745],[81.5501,16.3717],[81.5519,16.3683],[81.5529,16.3643],[81.5554,16.3535],[81.5556,16.3448],[81.5531,16.345],[81.5521,16.3451],[81.5492,16.3454],[81.5477,16.3456],[81.5461,16.3459],[81.5444,16.3464],[81.5435,16.3467],[81.5426,16.3472],[81.5399,16.3478],[81.538,16.3482],[81.5373,16.3484],[81.5362,16.3487],[81.5356,16.3488],[81.5349,16.3489],[81.5322,16.3488],[81.5299,16.3486],[81.5283,16.3485],[81.5269,16.3485],[81.5247,16.3486],[81.5228,16.3487],[81.5206,16.3487],[81.5191,16.3487],[81.5175,16.3487],[81.5157,16.3487],[81.5137,16.3487],[81.512,16.3487],[81.5107,16.3487],[81.5097,16.3487],[81.5084,16.3488],[81.5068,16.3488],[81.5047,16.3488],[81.502,16.3488],[81.4996,16.3488],[81.4972,16.3489],[81.4954,16.3492],[81.4938,16.3496],[81.493,16.3501],[81.4888,16.3511],[81.4847,16.3522],[81.4833,16.3521],[81.4821,16.352],[81.4813,16.352],[81.4805,16.3519],[81.4797,16.352],[81.4787,16.3524],[81.4768,16.3526],[81.4758,16.3525],[81.4746,16.3524],[81.4724,16.3521],[81.4703,16.3519],[81.4694,16.3518],[81.4616,16.3513],[81.4595,16.3511],[81.4574,16.3508],[81.4567,16.3508],[81.4546,16.3506],[81.4538,16.3505],[81.4527,16.3504],[81.452,16.3503],[81.4477,16.3497],[81.4469,16.3497],[81.4458,16.3496],[81.4434,16.3493],[81.4399,16.3488],[81.4385,16.3486],[81.4366,16.3485],[81.4349,16.3484],[81.4335,16.3482],[81.43,16.3475],[81.4291,16.3473],[81.4268,16.3468],[81.4261,16.3467],[81.4252,16.3465],[81.4246,16.3464],[81.4236,16.3462],[81.421,16.3458],[81.4185,16.3453],[81.4167,16.345],[81.416,16.3448],[81.4155,16.3447],[81.4144,16.3445],[81.4133,16.3443],[81.4124,16.3441],[81.4118,16.344],[81.4087,16.3434],[81.4081,16.3433],[81.4053,16.3428],[81.4041,16.3427],[81.4036,16.3427],[81.4032,16.3426],[81.402,16.3426],[81.4015,16.3427],[81.4009,16.3429],[81.4004,16.3429],[81.3934,16.3422],[81.3928,16.3414],[81.3923,16.341],[81.3906,16.3404],[81.3901,16.3402],[81.3877,16.3394],[81.3865,16.339],[81.3861,16.3389],[81.3808,16.3373],[81.3801,16.3371],[81.3796,16.337],[81.3785,16.3367],[81.3779,16.3365],[81.3766,16.3361],[81.3761,16.336],[81.3748,16.3356],[81.3718,16.3347],[81.3711,16.3344],[81.3683,16.3334],[81.367,16.333],[81.3653,16.3323],[81.3645,16.3321],[81.3616,16.331],[81.3584,16.3297],[81.358,16.3296],[81.3568,16.3291],[81.356,16.3288],[81.3554,16.3286],[81.3534,16.3278],[81.3519,16.3272],[81.3496,16.3263],[81.3488,16.326],[81.3483,16.3258],[81.3477,16.3255],[81.3459,16.3247],[81.3453,16.3245],[81.3436,16.3238],[81.3425,16.3233],[81.3419,16.3231],[81.3405,16.3225],[81.34,16.3223],[81.3384,16.3216],[81.3377,16.3213],[81.3369,16.3209],[81.336,16.3205],[81.3345,16.3198],[81.3338,16.3195],[81.331,16.3182],[81.3305,16.318],[81.3289,16.3172],[81.3285,16.317],[81.3278,16.3167],[81.3265,16.3161],[81.326,16.3158],[81.3253,16.3155],[81.3245,16.3151],[81.3241,16.3149],[81.3217,16.3137],[81.321,16.3133],[81.32,16.3128],[81.3186,16.3121],[81.317,16.3112],[81.3165,16.3109],[81.3156,16.3104],[81.3147,16.3099],[81.3138,16.3095],[81.3131,16.309],[81.3123,16.3086],[81.3114,16.308],[81.3107,16.3076],[81.3096,16.307],[81.3084,16.3063],[81.3074,16.3057],[81.3064,16.3051],[81.3056,16.3046],[81.3052,16.3043],[81.3045,16.3039],[81.3035,16.3033],[81.3022,16.3025],[81.3014,16.302],[81.3001,16.3012],[81.2991,16.3006],[81.2982,16.3],[81.2976,16.2996],[81.2968,16.299],[81.2959,16.2985],[81.295,16.2979],[81.2939,16.297],[81.2927,16.2963],[81.292,16.2958],[81.2905,16.2948],[81.2899,16.2943],[81.289,16.2937],[81.2884,16.2932],[81.2878,16.2927],[81.2873,16.2924],[81.2868,16.292],[81.2853,16.2909],[81.2842,16.2899],[81.2833,16.2893],[81.2818,16.2881],[81.2811,16.2876],[81.2802,16.2868],[81.2792,16.2861],[81.278,16.2851],[81.2773,16.2845],[81.2767,16.284],[81.2759,16.2834],[81.2751,16.2828],[81.2746,16.2824],[81.2739,16.2817],[81.2733,16.2813],[81.2729,16.2808],[81.2719,16.28],[81.2712,16.2793],[81.2687,16.2766],[81.266,16.2738],[81.264,16.2714],[81.2627,16.2701],[81.2622,16.2695],[81.2618,16.269],[81.2609,16.2681],[81.2601,16.2672],[81.2595,16.2665],[81.2589,16.2659],[81.2586,16.2655],[81.2579,16.2648],[81.2574,16.2643],[81.257,16.2638],[81.2565,16.2632],[81.256,16.2627],[81.2557,16.2624],[81.2555,16.2621],[81.2552,16.2616],[81.2549,16.2612],[81.2546,16.2608],[81.2544,16.2604],[81.2541,16.2601],[81.254,16.26],[81.2539,16.2599],[81.2536,16.2595],[81.2534,16.2592],[81.2531,16.2589],[81.2528,16.2585],[81.2523,16.258],[81.2519,16.2575],[81.2515,16.2569],[81.251,16.2564],[81.2505,16.2557],[81.2499,16.2551],[81.2497,16.2548],[81.2495,16.2544],[81.2491,16.254],[81.2489,16.2536],[81.2485,16.2532],[81.2482,16.2527],[81.2478,16.2522],[81.2472,16.2513],[81.2468,16.2508],[81.2463,16.25],[81.2458,16.2494],[81.2452,16.2487],[81.2448,16.2481],[81.2442,16.2472],[81.2437,16.2465],[81.2432,16.2459],[81.2428,16.2453],[81.2422,16.2445],[81.2416,16.2438],[81.2411,16.2431],[81.2405,16.2424],[81.2399,16.2416],[81.2395,16.2411],[81.239,16.2403],[81.2387,16.2396],[81.2384,16.239],[81.2378,16.238],[81.2346,16.233],[81.2339,16.2315],[81.2331,16.2303],[81.2319,16.2286],[81.2313,16.2277],[81.2302,16.226],[81.2292,16.2244],[81.2284,16.223],[81.2279,16.2222],[81.2274,16.2213],[81.2267,16.2201],[81.2258,16.2186],[81.2251,16.2172],[81.2244,16.2158],[81.2238,16.2147],[81.2231,16.2132],[81.2222,16.2116],[81.2216,16.2103],[81.2211,16.2093],[81.2204,16.2079],[81.2199,16.2068],[81.2189,16.205],[81.2182,16.2036],[81.2177,16.2026],[81.2172,16.2017],[81.2151,16.1985],[81.2105,16.1901],[81.2087,16.1871],[81.2076,16.1848],[81.2071,16.1822],[81.2066,16.1794],[81.2066,16.176],[81.2074,16.173],[81.2077,16.1726],[81.2086,16.1716],[81.2091,16.171],[81.2099,16.1699],[81.2101,16.1675],[81.2099,16.1638],[81.2085,16.1568],[81.2084,16.1551],[81.2079,16.1534],[81.2076,16.1523],[81.2073,16.1512],[81.2071,16.1505],[81.207,16.1498],[81.2068,16.1492],[81.2066,16.1483],[81.2064,16.1476],[81.2061,16.1467],[81.2059,16.1456],[81.2055,16.1447],[81.1998,16.1303],[81.1988,16.1278],[81.1973,16.1241],[81.1963,16.1218],[81.1958,16.1204],[81.1953,16.1194],[81.1948,16.1183],[81.1945,16.1175],[81.194,16.1162],[81.1938,16.1158],[81.1937,16.1155],[81.1933,16.1149],[81.1928,16.114],[81.1921,16.1125],[81.1918,16.1118],[81.1914,16.1111],[81.1911,16.1104],[81.1907,16.1098],[81.1904,16.1092],[81.1896,16.1077],[81.1894,16.1073],[81.1891,16.1067],[81.1887,16.1061],[81.1884,16.1053],[81.1881,16.1046],[81.1877,16.1039],[81.1873,16.1032],[81.1867,16.1021],[81.1865,16.1017],[81.1862,16.1013],[81.186,16.1008],[81.1858,16.1004],[81.1856,16.1],[81.185,16.0988],[81.1844,16.0978],[81.184,16.0971],[81.1836,16.0964],[81.1834,16.0958],[81.1819,16.0932],[81.1816,16.0926],[81.1812,16.0919],[81.1801,16.0902],[81.1798,16.0895],[81.1796,16.0889],[81.1791,16.0879],[81.1784,16.0869],[81.1779,16.086],[81.1774,16.0851],[81.1767,16.0839],[81.1762,16.0831],[81.1758,16.0822],[81.1756,16.082],[81.1751,16.0811],[81.1743,16.0802],[81.1736,16.0787],[81.1732,16.0779],[81.1724,16.0767],[81.1708,16.074],[81.1687,16.0705],[81.168,16.0695],[81.1673,16.0683],[81.167,16.0679],[81.1663,16.0668],[81.1659,16.0662],[81.1653,16.0652],[81.1648,16.0645],[81.1641,16.0633],[81.1633,16.0622],[81.1628,16.0613],[81.1618,16.0598],[81.1615,16.0593],[81.161,16.0585],[81.1606,16.0578],[81.1601,16.0569],[81.1598,16.0564],[81.1591,16.0552],[81.1589,16.0547],[81.1583,16.0537],[81.158,16.0532],[81.1575,16.0522],[81.1573,16.0519],[81.1571,16.0514],[81.157,16.0511],[81.1565,16.0501],[81.1558,16.0486],[81.1555,16.0481],[81.1554,16.0478],[81.1547,16.0464],[81.1542,16.0453],[81.1539,16.0447],[81.1534,16.0436],[81.1527,16.0423],[81.1521,16.0414],[81.1515,16.0404],[81.1509,16.0394],[81.1504,16.0385],[81.1501,16.0381],[81.1499,16.0377],[81.1497,16.0374],[81.1494,16.0371],[81.1492,16.0368],[81.1491,16.0366],[81.1489,16.0364],[81.1487,16.036],[81.1484,16.0357],[81.1482,16.0353],[81.1479,16.035],[81.1478,16.0348],[81.1476,16.0346],[81.1473,16.0342],[81.1471,16.0339],[81.1468,16.0335],[81.1461,16.0326],[81.1458,16.0322],[81.1454,16.0315],[81.1448,16.0306],[81.1443,16.0298],[81.1439,16.0292],[81.1436,16.0288],[81.1433,16.0283],[81.1432,16.028],[81.143,16.0276],[81.1429,16.0274],[81.1427,16.0271],[81.1426,16.0268],[81.1424,16.0263],[81.1423,16.0259],[81.1423,16.0255],[81.1423,16.0253],[81.142,16.0248],[81.1415,16.0238],[81.1411,16.023],[81.1407,16.0222],[81.1403,16.0215],[81.1399,16.0205],[81.1396,16.0197],[81.1394,16.0191],[81.1394,16.0187],[81.1395,16.0183],[81.1395,16.0182],[81.1394,16.0181],[81.1393,16.0178],[81.139,16.0173],[81.1389,16.017],[81.1387,16.0164],[81.1386,16.0153],[81.1385,16.0148],[81.1383,16.0141],[81.1379,16.0132],[81.1377,16.0125],[81.1376,16.0118],[81.1378,16.0109],[81.1378,16.0102],[81.1377,16.0094],[81.1377,16.0083],[81.1376,16.0076],[81.1376,16.0071],[81.1376,16.006],[81.1376,16.0053],[81.1377,16.0047],[81.1377,16.0041],[81.1377,16.0036],[81.1378,16.0031],[81.1378,16.0025],[81.1378,16.0022],[81.1376,16.0018],[81.1376,16.0014],[81.1376,16.001],[81.1377,16.0006],[81.1377,16.0002],[81.1377,15.9995],[81.1376,15.9988],[81.1375,15.9982],[81.1373,15.9976],[81.1373,15.997],[81.1374,15.9964],[81.1376,15.9958],[81.1377,15.9951],[81.1379,15.9946],[81.138,15.9943],[81.1379,15.9937],[81.1379,15.9934],[81.1381,15.9929],[81.1383,15.9924],[81.1384,15.9922],[81.1383,15.9919],[81.1383,15.9916],[81.1384,15.9913],[81.1386,15.9909],[81.1387,15.9907],[81.1388,15.9906],[81.1387,15.9904],[81.1387,15.9901],[81.1386,15.9896],[81.1387,15.9891],[81.1387,15.9888],[81.1388,15.9885],[81.1389,15.9883],[81.139,15.988],[81.139,15.9879],[81.139,15.9878],[81.139,15.9877],[81.1391,15.9877],[81.1393,15.9873],[81.1393,15.987],[81.1394,15.9868],[81.1394,15.9865],[81.1395,15.9863],[81.1395,15.9862],[81.1396,15.9859],[81.1396,15.9857],[81.1396,15.9853],[81.1395,15.9849],[81.1395,15.9845],[81.1395,15.9839],[81.1395,15.9831],[81.1395,15.9823],[81.1396,15.9817],[81.1398,15.9809],[81.1398,15.9806],[81.1399,15.98],[81.1399,15.9794],[81.1399,15.9785],[81.14,15.9779],[81.1402,15.9774],[81.1402,15.9767],[81.1401,15.9761],[81.1398,15.9755],[81.1395,15.9751],[81.1392,15.9748],[81.139,15.9746],[81.1387,15.9744],[81.1385,15.9742],[81.138,15.9737],[81.1374,15.9731],[81.1372,15.9728],[81.137,15.9727],[81.1368,15.9726],[81.1363,15.9724],[81.1358,15.9723],[81.135,15.9715],[81.1336,15.9701],[81.1309,15.967],[81.1308,15.9664],[81.1305,15.9657],[81.1303,15.9653],[81.1298,15.9648],[81.129,15.9641],[81.1259,15.9614],[81.1236,15.9594],[81.1226,15.9587],[81.1216,15.958],[81.1186,15.9559],[81.117,15.9547],[81.1159,15.954],[81.1139,15.9526],[81.1124,15.9516],[81.1123,15.9515],[81.1089,15.949],[81.1073,15.9478],[81.106,15.9468],[81.1045,15.9456],[81.103,15.9443],[81.1017,15.9431],[81.1004,15.9419],[81.0995,15.941],[81.099,15.9405],[81.0984,15.94],[81.098,15.9396],[81.0977,15.9394],[81.0973,15.939],[81.0969,15.9387],[81.0966,15.9385],[81.0961,15.9381],[81.0957,15.9376],[81.0952,15.937],[81.0949,15.9366],[81.0946,15.9364],[81.0944,15.9362],[81.0942,15.936],[81.0938,15.9356],[81.0934,15.9353],[81.0932,15.935],[81.0929,15.9348],[81.0926,15.9345],[81.0924,15.9343],[81.0921,15.934],[81.0918,15.9337],[81.0914,15.9335],[81.0912,15.9332],[81.091,15.933],[81.0908,15.9328],[81.0906,15.9326],[81.0904,15.9324],[81.0901,15.9322],[81.0899,15.932],[81.0896,15.9317],[81.089,15.9311],[81.0882,15.9302],[81.0878,15.9298],[81.087,15.9289],[81.0866,15.9286],[81.0861,15.928],[81.0856,15.9275],[81.0852,15.9271],[81.0848,15.9268],[81.0844,15.9263],[81.084,15.926],[81.0835,15.9255],[81.083,15.925],[81.0821,15.9243],[81.0816,15.9238],[81.0811,15.9234],[81.0801,15.9227],[81.0796,15.9222],[81.0793,15.9218],[81.0789,15.9212],[81.0784,15.9208],[81.0781,15.9205],[81.0777,15.92],[81.0772,15.9196],[81.0769,15.9192],[81.0766,15.9189],[81.0764,15.9188],[81.0762,15.9186],[81.0758,15.9181],[81.0754,15.9178],[81.0751,15.9174],[81.0745,15.9168],[81.0735,15.9158],[81.0725,15.9146],[81.072,15.9141],[81.0718,15.9139],[81.0714,15.9135],[81.0711,15.9133],[81.0709,15.9133],[81.0704,15.9132],[81.0699,15.9129],[81.0696,15.9125],[81.0696,15.912],[81.0695,15.9116],[81.0693,15.911],[81.0692,15.9105],[81.0691,15.9103],[81.069,15.9101],[81.0689,15.9101],[81.0687,15.9098],[81.0685,15.9096],[81.0684,15.9094],[81.0684,15.9093],[81.0682,15.9092],[81.0681,15.909],[81.068,15.9089],[81.0677,15.9085],[81.0675,15.9082],[81.0673,15.9081],[81.0671,15.9078],[81.0664,15.9069],[81.0663,15.9068],[81.0659,15.9064],[81.0655,15.9062],[81.0643,15.905],[81.0629,15.9032],[81.0608,15.9006],[81.0602,15.8999],[81.0596,15.8992],[81.0586,15.898],[81.0582,15.8975],[81.0577,15.897],[81.057,15.8961],[81.0567,15.8956],[81.0562,15.895],[81.0559,15.8946],[81.0552,15.8938],[81.0547,15.8932],[81.0542,15.8926],[81.0537,15.892],[81.0532,15.8915],[81.0528,15.891],[81.0523,15.8904],[81.052,15.8901],[81.0518,15.8897],[81.0514,15.8892],[81.0509,15.8886],[81.0505,15.8882],[81.0503,15.8879],[81.0499,15.8874],[81.0496,15.8871],[81.0493,15.8868],[81.0487,15.886],[81.048,15.8851],[81.0474,15.8845],[81.0464,15.8831],[81.0459,15.8826],[81.0456,15.8822],[81.0453,15.8818],[81.045,15.8814],[81.0447,15.8809],[81.0441,15.8803],[81.0435,15.8796],[81.0432,15.879],[81.043,15.8788],[81.0429,15.8786],[81.0427,15.8784],[81.0424,15.878],[81.042,15.8777],[81.0417,15.8774],[81.0415,15.8773],[81.0413,15.8771],[81.0412,15.877],[81.0411,15.8769],[81.0409,15.8767],[81.0408,15.8765],[81.0407,15.8764],[81.0406,15.8763],[81.0404,15.8762],[81.0403,15.876],[81.0401,15.8758],[81.0397,15.8755],[81.0395,15.8754],[81.0391,15.875],[81.0385,15.8745],[81.0377,15.8737],[81.0371,15.8732],[81.0364,15.8727],[81.0363,15.8726],[81.0362,15.8725],[81.0361,15.8725],[81.036,15.8725],[81.0359,15.8726],[81.0358,15.8726],[81.0356,15.8725],[81.0355,15.8724],[81.0354,15.8723],[81.0353,15.8722],[81.0353,15.8721],[81.0351,15.8718],[81.0343,15.871],[81.0337,15.8704],[81.0333,15.8701],[81.033,15.8697],[81.0324,15.8691],[81.0316,15.8682],[81.0309,15.8675],[81.0305,15.8671],[81.0302,15.8668],[81.0298,15.8664],[81.0292,15.8656],[81.0289,15.8652],[81.0285,15.8649],[81.0275,15.8638],[81.0267,15.8629],[81.0264,15.8625],[81.026,15.862],[81.0254,15.8616],[81.0248,15.8607],[81.0244,15.8603],[81.024,15.8599],[81.0234,15.8593],[81.0231,15.859],[81.0225,15.8583],[81.0213,15.8569],[81.0207,15.8563],[81.0197,15.8552],[81.0192,15.8547],[81.0188,15.8542],[81.0183,15.8536],[81.0179,15.8532],[81.0175,15.8528],[81.017,15.8521],[81.0165,15.8516],[81.0161,15.8511],[81.0158,15.8507],[81.0155,15.8504],[81.0149,15.8495],[81.0146,15.8493],[81.0143,15.8489],[81.014,15.8485],[81.0136,15.8481],[81.0132,15.8474],[81.0128,15.8469],[81.0125,15.8465],[81.0124,15.8463],[81.0121,15.846],[81.012,15.8458],[81.0117,15.8455],[81.0111,15.8445],[81.0108,15.8441],[81.0104,15.8436],[81.0098,15.8428],[81.0094,15.8422],[81.0091,15.8418],[81.0083,15.8407],[81.0073,15.8394],[81.0067,15.8386],[81.0063,15.8383],[81.0058,15.8377],[81.0051,15.8369],[81.0042,15.8357],[81.0031,15.8338],[81.0024,15.8323],[81.0017,15.8301],[81.001,15.8273],[81.0009,15.8264],[81.0007,15.8252],[81.0005,15.8242],[81.0002,15.8233],[81.0002,15.8227],[81.0001,15.8219],[80.9999,15.8213],[80.9998,15.8209],[80.9997,15.8206],[80.9996,15.8202],[80.9995,15.8193],[80.9996,15.8184],[80.9995,15.8177],[80.9993,15.8165],[80.9992,15.8161],[80.9991,15.8154],[80.9991,15.8151],[80.9992,15.8144],[80.9994,15.8136],[80.9995,15.8128],[80.9994,15.8121],[80.9994,15.8114],[80.9994,15.8111],[80.9994,15.811],[80.9992,15.811],[80.9983,15.8111],[80.9968,15.8103],[80.9956,15.8094],[80.9944,15.808],[80.9942,15.8071],[80.9944,15.8051],[80.9948,15.8032],[80.995,15.8022],[80.9963,15.799],[80.9985,15.7958],[80.999,15.7944],[80.9989,15.7932],[80.9992,15.7923],[81.0,15.791],[81.0006,15.7884],[81.0019,15.7861],[81.005,15.7829],[81.0054,15.782],[81.006,15.7809],[81.0063,15.7803],[81.0069,15.7801],[81.0076,15.7799],[81.008,15.7802],[81.008,15.7807],[81.0081,15.7813],[81.0081,15.7825],[81.0079,15.783],[81.0075,15.7834],[81.007,15.7838],[81.0069,15.7842],[81.007,15.7846],[81.0069,15.7851],[81.0066,15.7858],[81.0063,15.7863],[81.006,15.7873],[81.0056,15.7879],[81.0055,15.7882],[81.0056,15.7883],[81.0058,15.7883],[81.0062,15.7878],[81.0067,15.7871],[81.0076,15.7849],[81.0082,15.7836],[81.009,15.7821],[81.0096,15.781],[81.0102,15.7802],[81.0107,15.7788],[81.0109,15.778],[81.0115,15.7766],[81.0117,15.7761],[81.0121,15.7759],[81.0124,15.776],[81.0129,15.7764],[81.0141,15.7768],[81.0144,15.7769],[81.0146,15.7771],[81.0144,15.7776],[81.0142,15.7779],[81.0143,15.7782],[81.0143,15.7785],[81.0143,15.7786],[81.0144,15.7786],[81.0147,15.7786],[81.0147,15.7788],[81.0146,15.7791],[81.0145,15.7794],[81.0144,15.7798],[81.0143,15.7803],[81.0141,15.7814],[81.014,15.7818],[81.0138,15.7822],[81.0138,15.7826],[81.0138,15.7832],[81.0136,15.7834],[81.0134,15.7835],[81.0132,15.7837],[81.0132,15.7838],[81.0134,15.784],[81.0135,15.784],[81.0137,15.7839],[81.0138,15.7839],[81.0141,15.7835],[81.0146,15.7827],[81.0148,15.782],[81.0151,15.781],[81.0153,15.7801],[81.0157,15.779],[81.0159,15.7783],[81.0162,15.7778],[81.0164,15.7772],[81.0169,15.7764],[81.0172,15.7736],[81.0175,15.7713],[81.0176,15.7703],[81.0177,15.7694],[81.0175,15.769],[81.0172,15.7685],[81.0167,15.7679],[81.0158,15.7674],[81.0149,15.7672],[81.0144,15.7672],[81.0137,15.7672],[81.0128,15.7677],[81.0125,15.7681],[81.0122,15.7683],[81.0104,15.7682],[81.0057,15.7635],[81.0008,15.7586],[80.9999,15.7569],[80.9986,15.7552],[80.9977,15.7546],[80.9964,15.7536],[80.9935,15.7518],[80.9923,15.7511],[80.9906,15.7501],[80.9882,15.749],[80.985,15.7472],[80.9833,15.746],[80.9815,15.7451],[80.9803,15.7444],[80.9798,15.7442],[80.9782,15.7437],[80.9777,15.7436],[80.9766,15.7429],[80.976,15.7424],[80.9759,15.7424],[80.9752,15.7416],[80.9738,15.7398],[80.9714,15.7378],[80.9703,15.7371],[80.9681,15.7361],[80.9669,15.7354],[80.9599,15.7313],[80.9588,15.7306],[80.9558,15.729],[80.9537,15.7279],[80.9522,15.7273],[80.9497,15.7263],[80.9466,15.7247],[80.9424,15.7227],[80.9396,15.7213],[80.9363,15.7202],[80.9328,15.7211],[80.9246,15.7236],[80.9242,15.7232],[80.9224,15.7226],[80.9216,15.7223],[80.9206,15.7222],[80.92,15.7221],[80.9191,15.7217],[80.9182,15.7214],[80.9149,15.7207],[80.9123,15.7201],[80.91,15.7197],[80.9087,15.7195],[80.9062,15.719],[80.9034,15.7184],[80.9015,15.7182],[80.8976,15.7177],[80.8935,15.7172],[80.8886,15.7168],[80.8843,15.716],[80.882,15.7156],[80.8786,15.7152],[80.8751,15.7148],[80.8722,15.7144],[80.87,15.7143],[80.868,15.7138],[80.8651,15.7136],[80.8628,15.7134],[80.8616,15.7136],[80.8606,15.7134],[80.8595,15.7131],[80.8577,15.7128],[80.8561,15.7126],[80.8525,15.7125],[80.8491,15.7124],[80.847,15.7125],[80.8437,15.7123],[80.8417,15.7125],[80.839,15.7127],[80.8377,15.7129],[80.8367,15.7131],[80.8321,15.7137],[80.8308,15.7138],[80.8331,15.7182],[80.8322,15.7396],[80.8346,15.7545],[80.8486,15.7842],[80.8545,15.8005],[80.8569,15.8185],[80.8648,15.8333],[80.8739,15.8471],[80.8896,15.8729],[80.898,15.8842],[80.8978,15.8983],[80.8998,15.9097],[80.9024,15.9191],[80.9028,15.9301],[80.9034,15.9383],[80.9101,15.9555],[80.9098,15.9622],[80.9061,15.9706],[80.9028,15.9753],[80.8983,15.9817],[80.8997,15.9936],[80.8986,15.9993],[80.8916,16.0089],[80.8923,16.0167],[80.8947,16.0283],[80.8951,16.0348],[80.8949,16.0419],[80.8945,16.0465],[80.8914,16.0527],[80.8907,16.055],[80.8891,16.0599],[80.8868,16.0642],[80.8822,16.0712],[80.8804,16.0776],[80.8764,16.0799],[80.8742,16.0824],[80.8737,16.0867],[80.8744,16.092],[80.874,16.0958],[80.8732,16.1025],[80.8697,16.1066],[80.8684,16.1131],[80.8661,16.1199],[80.8606,16.1254],[80.8485,16.1342],[80.8457,16.1391],[80.8444,16.1442],[80.841,16.1532],[80.8401,16.1566],[80.8384,16.1629],[80.8384,16.1634],[80.8385,16.1639],[80.8394,16.167],[80.8408,16.1785],[80.8411,16.1815],[80.8404,16.1858],[80.8394,16.1901],[80.8386,16.1921],[80.8331,16.2012],[80.8304,16.2084],[80.8289,16.2119],[80.8263,16.218],[80.8247,16.2256],[80.8255,16.2312],[80.8269,16.2392],[80.8273,16.2426],[80.8275,16.2438],[80.8275,16.244],[80.8276,16.2442],[80.8277,16.2445],[80.8279,16.2452],[80.828,16.2454],[80.828,16.2456],[80.8278,16.2464],[80.8262,16.249],[80.8245,16.2538],[80.8236,16.2552],[80.8225,16.2568],[80.8201,16.2605],[80.8186,16.262],[80.8138,16.2654],[80.81,16.2662],[80.8069,16.2655],[80.8036,16.267],[80.801,16.2696],[80.7999,16.2719],[80.7979,16.2769],[80.7955,16.2821],[80.792,16.2855],[80.7887,16.2866],[80.785,16.2866],[80.7796,16.2854],[80.7761,16.2866],[80.773,16.2907],[80.7711,16.2925],[80.7679,16.2963],[80.7676,16.2985],[80.7667,16.3015],[80.7647,16.3034],[80.7611,16.3042],[80.7579,16.3068],[80.7574,16.3088],[80.759,16.3126],[80.7597,16.3162],[80.7587,16.32],[80.7573,16.3213],[80.7545,16.3221],[80.754,16.3248],[80.7534,16.3285],[80.7514,16.3336],[80.7495,16.3375],[80.7475,16.3385],[80.742,16.3383],[80.7337,16.3388],[80.7312,16.3405],[80.7302,16.3433],[80.729,16.3457],[80.729,16.3495],[80.7261,16.3559],[80.7231,16.3606],[80.7222,16.3615],[80.7185,16.3651],[80.717,16.3692],[80.7163,16.3725],[80.7175,16.3752],[80.719,16.3794],[80.7182,16.3851],[80.7173,16.3896],[80.716,16.3977],[80.7154,16.3998],[80.7091,16.406],[80.7059,16.4096],[80.7042,16.4099],[80.7022,16.4096],[80.7009,16.4103],[80.6995,16.411],[80.698,16.4128],[80.6956,16.4143],[80.6947,16.4147],[80.6945,16.4166],[80.6949,16.4221],[80.6934,16.4249],[80.6891,16.4291],[80.688,16.431],[80.6866,16.4334],[80.6854,16.4362],[80.6845,16.4371],[80.6827,16.4389],[80.6821,16.4397],[80.6794,16.4451],[80.679,16.448],[80.6774,16.451],[80.6764,16.4531],[80.6767,16.456],[80.6756,16.4591],[80.6729,16.4603],[80.6703,16.4601],[80.6664,16.4601],[80.6592,16.4626],[80.6546,16.4657],[80.6488,16.4686],[80.6427,16.4709],[80.6499,16.4819],[80.6578,16.4882],[80.6615,16.4901],[80.6637,16.4913],[80.67,16.488],[80.672,16.4855],[80.677,16.4846],[80.6827,16.4845],[80.6879,16.4863],[80.6816,16.4886],[80.6776,16.4916],[80.6753,16.4946],[80.6785,16.4988],[80.682,16.5055],[80.6748,16.5082],[80.6706,16.5105],[80.6675,16.5141],[80.6668,16.5178],[80.6625,16.5219],[80.6629,16.5227],[80.6657,16.5281],[80.6658,16.5306],[80.662,16.5373],[80.6594,16.5428],[80.6629,16.5505],[80.6641,16.5497],[80.6663,16.5495],[80.6689,16.5489],[80.6718,16.5481],[80.6761,16.5469],[80.6798,16.5455],[80.6812,16.5443],[80.6815,16.5354],[80.6801,16.5295],[80.6797,16.5251],[80.681,16.5216],[80.6862,16.5182],[80.6942,16.515],[80.701,16.5129],[80.7068,16.5098],[80.7153,16.5072],[80.7186,16.5062],[80.7219,16.4993],[80.7296,16.4968],[80.736,16.4962],[80.7426,16.498],[80.7479,16.4998],[80.75,16.5058],[80.7541,16.5135],[80.7551,16.5179],[80.757,16.5229]]],[[[80.9948,16.7292],[80.9937,16.7274],[80.9923,16.7248],[80.9917,16.7235],[80.9904,16.7225],[80.9892,16.7219],[80.9884,16.7222],[80.9873,16.7225],[80.9859,16.7227],[80.984,16.7227],[80.9823,16.7221],[80.9778,16.7235],[80.9745,16.725],[80.9716,16.7261],[80.9692,16.7266],[80.9677,16.7258],[80.9667,16.7242],[80.9663,16.7233],[80.9609,16.7148],[80.9587,16.7095],[80.9569,16.7049],[80.9551,16.7017],[80.9529,16.7001],[80.9509,16.6987],[80.9488,16.6989],[80.9459,16.7021],[80.9438,16.7053],[80.9419,16.7083],[80.9399,16.7106],[80.9371,16.7123],[80.9353,16.7116],[80.9337,16.7099],[80.9306,16.7097],[80.9295,16.7113],[80.9293,16.7147],[80.9306,16.7194],[80.9325,16.7237],[80.9383,16.7331],[80.9463,16.741],[80.9504,16.7474],[80.9487,16.7532],[80.9567,16.7576],[80.9636,16.7621],[80.971,16.7628],[80.9765,16.7603],[80.9795,16.7572],[80.9851,16.7552],[80.9905,16.7539],[81.0008,16.75],[81.0006,16.7491],[80.9994,16.7431],[80.9981,16.7385],[80.9966,16.7339],[80.9957,16.7306],[80.9948,16.7292]]],[[[80.9715,16.6679],[80.9728,16.6715],[80.974,16.6758],[80.9768,16.6776],[80.9801,16.6784],[80.9844,16.6796],[80.9862,16.6804],[80.9907,16.6809],[81.0067,16.672],[81.002,16.6674],[80.9998,16.6648],[81.0044,16.661],[81.0093,16.6579],[81.0144,16.6547],[81.0168,16.6527],[81.0177,16.651],[81.0182,16.6484],[81.0164,16.6449],[81.0135,16.6396],[81.0106,16.636],[81.0087,16.6348],[81.0063,16.6335],[81.0043,16.6331],[81.0023,16.6332],[81.0006,16.6335],[80.9964,16.6378],[80.9887,16.6445],[80.9812,16.6548],[80.9785,16.6579],[80.9779,16.6609],[80.9752,16.6647],[80.9715,16.6679]]]]}},{"type":"Feature","properties":{"district":"Guntur","district_hi":"गुंटूर"},"geometry":{"type":"Polygon","coordinates":[[[80.325,16.4648],[80.3305,16.464],[80.3386,16.4641],[80.3408,16.466],[80.3423,16.4648],[80.3436,16.4629],[80.344,16.4621],[80.3537,16.4626],[80.3568,16.4613],[80.3615,16.461],[80.3638,16.4599],[80.3658,16.4598],[80.3669,16.4607],[80.368,16.4634],[80.369,16.465],[80.3698,16.4657],[80.3779,16.4659],[80.3784,16.4707],[80.3789,16.4732],[80.3795,16.4751],[80.3808,16.4786],[80.3926,16.4787],[80.3994,16.4803],[80.4161,16.4796],[80.4203,16.479],[80.4248,16.4789],[80.4207,16.4827],[80.419,16.485],[80.419,16.4893],[80.4189,16.4945],[80.4199,16.5013],[80.4199,16.5056],[80.4175,16.5063],[80.4131,16.507],[80.4074,16.5082],[80.4083,16.5198],[80.4092,16.5227],[80.4086,16.5258],[80.4061,16.5274],[80.407,16.5296],[80.4082,16.5316],[80.4095,16.533],[80.411,16.5354],[80.4126,16.5391],[80.4152,16.5453],[80.4168,16.5501],[80.42,16.5508],[80.4225,16.5506],[80.4261,16.5531],[80.4269,16.5558],[80.4286,16.5582],[80.4295,16.5592],[80.4264,16.5616],[80.4243,16.5658],[80.4257,16.5697],[80.4272,16.5767],[80.4277,16.5785],[80.4306,16.5765],[80.4503,16.5735],[80.4602,16.5742],[80.4608,16.5743],[80.4717,16.5707],[80.4805,16.5718],[80.4822,16.5727],[80.4831,16.573],[80.4862,16.5728],[80.4942,16.5739],[80.5084,16.5669],[80.5219,16.5699],[80.544,16.553],[80.5589,16.5403],[80.585,16.5233],[80.587,16.522],[80.5984,16.5138],[80.6047,16.5082],[80.6055,16.5078],[80.6136,16.5046],[80.6232,16.4931],[80.6272,16.4901],[80.6298,16.4806],[80.6299,16.4771],[80.6301,16.4756],[80.632,16.4748],[80.6357,16.475],[80.6372,16.4743],[80.6393,16.4734],[80.6411,16.472],[80.6427,16.4709],[80.6488,16.4686],[80.6546,16.4657],[80.6592,16.4626],[80.6664,16.4601],[80.6703,16.4601],[80.6729,16.4603],[80.6756,16.4591],[80.6767,16.456],[80.6764,16.4531],[80.6774,16.451],[80.679,16.448],[80.6794,16.4451],[80.6821,16.4397],[80.6827,16.4389],[80.6845,16.4371],[80.6854,16.4362],[80.6866,16.4334],[80.688,16.431],[80.6891,16.4291],[80.6934,16.4249],[80.6949,16.4221],[80.6945,16.4166],[80.6947,16.4147],[80.6956,16.4143],[80.698,16.4128],[80.6995,16.411],[80.7009,16.4103],[80.7022,16.4096],[80.7042,16.4099],[80.7059,16.4096],[80.7091,16.406],[80.7154,16.3998],[80.716,16.3977],[80.7173,16.3896],[80.7182,16.3851],[80.719,16.3794],[80.7175,16.3752],[80.7163,16.3725],[80.717,16.3692],[80.7185,16.3651],[80.7222,16.3615],[80.7231,16.3606],[80.7261,16.3559],[80.729,16.3495],[80.729,16.3457],[80.7302,16.3433],[80.7312,16.3405],[80.7337,16.3388],[80.742,16.3383],[80.7475,16.3385],[80.7495,16.3375],[80.7514,16.3336],[80.7534,16.3285],[80.754,16.3248],[80.7545,16.3221],[80.7573,16.3213],[80.7587,16.32],[80.7597,16.3162],[80.759,16.3126],[80.7574,16.3088],[80.7579,16.3068],[80.7611,16.3042],[80.7647,16.3034],[80.7667,16.3015],[80.7676,16.2985],[80.7679,16.2963],[80.7711,16.2925],[80.773,16.2907],[80.7761,16.2866],[80.7796,16.2854],[80.785,16.2866],[80.7887,16.2866],[80.792,16.2855],[80.7955,16.2821],[80.7979,16.2769],[80.7999,16.2719],[80.801,16.2696],[80.8036,16.267],[80.8069,16.2655],[80.81,16.2662],[80.8138,16.2654],[80.8186,16.262],[80.8201,16.2605],[80.8225,16.2568],[80.8236,16.2552],[80.8245,16.2538],[80.8262,16.249],[80.8278,16.2464],[80.828,16.2456],[80.828,16.2454],[80.8279,16.2452],[80.8277,16.2445],[80.8276,16.2442],[80.8275,16.244],[80.8275,16.2438],[80.8273,16.2426],[80.8024,16.2426],[80.7926,16.2421],[80.7897,16.2425],[80.7883,16.2436],[80.7862,16.245],[80.7841,16.2457],[80.7812,16.2461],[80.7796,16.2474],[80.7788,16.2496],[80.7787,16.2513],[80.7797,16.2527],[80.7819,16.2532],[80.7835,16.2537],[80.7839,16.2554],[80.7823,16.2563],[80.7804,16.2569],[80.7784,16.2566],[80.777,16.2553],[80.7762,16.2532],[80.7746,16.251],[80.7737,16.251],[80.7717,16.2504],[80.7687,16.2515],[80.765,16.2527],[80.7634,16.2534],[80.7609,16.254],[80.7591,16.2538],[80.7582,16.2517],[80.7574,16.2493],[80.7566,16.2481],[80.7557,16.2477],[80.7543,16.2474],[80.7533,16.2474],[80.7513,16.2479],[80.7499,16.2478],[80.7489,16.2462],[80.7481,16.2444],[80.7488,16.242],[80.7521,16.2413],[80.7505,16.238],[80.7487,16.2354],[80.7484,16.2321],[80.7435,16.2322],[80.7422,16.2326],[80.7393,16.2333],[80.7373,16.2338],[80.7362,16.2352],[80.7361,16.2373],[80.7359,16.2392],[80.7348,16.2408],[80.7329,16.2423],[80.7305,16.2436],[80.7281,16.2449],[80.7258,16.2434],[80.7237,16.2426],[80.7202,16.244],[80.7189,16.2434],[80.7177,16.2402],[80.7175,16.2356],[80.7165,16.2321],[80.7137,16.2303],[80.7095,16.2306],[80.7051,16.2301],[80.7026,16.2298],[80.7007,16.2278],[80.6982,16.2277],[80.6954,16.2274],[80.6924,16.2268],[80.6916,16.2213],[80.6916,16.2133],[80.6903,16.2115],[80.6879,16.2041],[80.6863,16.1989],[80.6791,16.1984],[80.6774,16.1975],[80.6759,16.1954],[80.6741,16.1931],[80.6717,16.1895],[80.6705,16.1858],[80.6674,16.1848],[80.6651,16.1864],[80.6629,16.1881],[80.6618,16.191],[80.6605,16.1948],[80.6503,16.1948],[80.6486,16.1949],[80.6487,16.1997],[80.6481,16.2015],[80.6477,16.2033],[80.6475,16.2052],[80.6471,16.2062],[80.6462,16.2076],[80.6449,16.211],[80.6443,16.2125],[80.6432,16.2139],[80.6413,16.2141],[80.6401,16.2131],[80.6382,16.212],[80.6355,16.2122],[80.6339,16.2125],[80.6312,16.215],[80.6266,16.2173],[80.6227,16.2192],[80.6217,16.2201],[80.6206,16.2226],[80.6126,16.2226],[80.6092,16.2235],[80.6082,16.2254],[80.6071,16.2276],[80.6056,16.2298],[80.6045,16.2323],[80.6041,16.2341],[80.6033,16.2351],[80.6012,16.2354],[80.5992,16.2355],[80.5968,16.2358],[80.5959,16.2363],[80.5939,16.2368],[80.5922,16.237],[80.5908,16.2363],[80.5906,16.2349],[80.5905,16.2331],[80.5902,16.2319],[80.5891,16.2285],[80.5868,16.2275],[80.5857,16.2273],[80.5838,16.228],[80.5823,16.2262],[80.5818,16.2244],[80.5789,16.2206],[80.5754,16.2103],[80.5748,16.209],[80.5732,16.2061],[80.5674,16.2026],[80.5591,16.1961],[80.5581,16.1909],[80.5582,16.1875],[80.5612,16.1816],[80.5615,16.1805],[80.5624,16.1795],[80.5633,16.1784],[80.5639,16.1773],[80.5638,16.1761],[80.563,16.1753],[80.5619,16.1751],[80.5604,16.1751],[80.5587,16.1754],[80.5565,16.1762],[80.5543,16.177],[80.5527,16.1769],[80.5504,16.1749],[80.5492,16.1731],[80.5486,16.1715],[80.5484,16.1697],[80.5477,16.1683],[80.5451,16.1655],[80.5497,16.164],[80.5525,16.1631],[80.5523,16.1595],[80.5518,16.1551],[80.551,16.1508],[80.5499,16.1482],[80.5486,16.1463],[80.5465,16.144],[80.5449,16.1426],[80.5435,16.1409],[80.5434,16.139],[80.5445,16.1364],[80.5464,16.1349],[80.5509,16.1337],[80.5544,16.1331],[80.5563,16.1369],[80.5567,16.1406],[80.5577,16.1428],[80.5593,16.1446],[80.56,16.1469],[80.562,16.1492],[80.5625,16.1518],[80.5694,16.1509],[80.5722,16.1511],[80.5714,16.1469],[80.5705,16.1417],[80.5705,16.1365],[80.5695,16.1344],[80.5686,16.1315],[80.5693,16.122],[80.5807,16.1156],[80.5815,16.1125],[80.5817,16.1107],[80.5833,16.109],[80.5857,16.1062],[80.5873,16.1043],[80.5887,16.1028],[80.5911,16.1019],[80.5928,16.1021],[80.5949,16.1012],[80.5972,16.0999],[80.5947,16.0932],[80.5922,16.0777],[80.5927,16.0657],[80.5912,16.0634],[80.5909,16.0563],[80.5913,16.0557],[80.5942,16.0529],[80.5969,16.0526],[80.5972,16.0504],[80.5979,16.0494],[80.599,16.0478],[80.5944,16.0468],[80.5901,16.0462],[80.586,16.0431],[80.5842,16.0416],[80.5842,16.0395],[80.5849,16.0379],[80.586,16.0365],[80.587,16.0353],[80.5872,16.0334],[80.5864,16.0312],[80.5842,16.0284],[80.582,16.0257],[80.5793,16.0255],[80.5766,16.0263],[80.5742,16.027],[80.5718,16.0273],[80.5688,16.0284],[80.566,16.0301],[80.5632,16.0304],[80.5625,16.0292],[80.5624,16.0268],[80.5619,16.0219],[80.5618,16.0176],[80.5621,16.0124],[80.5602,16.0121],[80.5538,16.0121],[80.5494,16.0116],[80.5479,16.0067],[80.5452,16.0072],[80.5435,16.0083],[80.5407,16.0089],[80.5394,16.0081],[80.5386,16.0056],[80.5379,16.0034],[80.5369,16.0014],[80.5346,15.9975],[80.5311,15.9975],[80.5288,15.9981],[80.527,15.9998],[80.5268,16.0015],[80.5274,16.0036],[80.5284,16.006],[80.5295,16.0079],[80.5306,16.0095],[80.5309,16.0108],[80.5303,16.0133],[80.5222,16.0138],[80.5199,16.0111],[80.5171,16.0088],[80.5153,16.0073],[80.5142,16.0061],[80.5135,16.0042],[80.5127,16.0015],[80.5115,16.0024],[80.5102,16.0028],[80.5081,16.003],[80.5062,16.0022],[80.5036,16.0004],[80.4997,15.998],[80.4985,15.996],[80.4969,15.9964],[80.4956,15.9973],[80.4951,15.9987],[80.4973,16.0012],[80.4992,16.0029],[80.5,16.0042],[80.4984,16.0063],[80.4964,16.0076],[80.4937,16.0084],[80.4903,16.0094],[80.4881,16.0103],[80.4858,16.0105],[80.4831,16.0099],[80.4813,16.0088],[80.4794,16.008],[80.4778,16.0078],[80.4755,16.0082],[80.4678,16.0087],[80.4635,16.0095],[80.4607,16.0092],[80.4585,16.0086],[80.456,16.0064],[80.4552,16.0038],[80.455,16.0014],[80.4556,15.9994],[80.4582,15.9957],[80.4581,15.994],[80.4561,15.9935],[80.4551,15.9916],[80.4546,15.9885],[80.454,15.9858],[80.4537,15.9823],[80.4491,15.9827],[80.4458,15.9832],[80.4427,15.9832],[80.4352,15.9831],[80.4268,15.9818],[80.4254,15.989],[80.4252,15.9911],[80.4262,15.9999],[80.4194,16.0006],[80.4138,16.0014],[80.4119,16.002],[80.4107,16.0016],[80.4095,16.0013],[80.4087,16.0022],[80.4086,16.0032],[80.4064,16.0026],[80.4049,16.0037],[80.4029,16.0036],[80.3937,16.0066],[80.3918,16.0071],[80.3907,16.0081],[80.3902,16.0092],[80.3889,16.0104],[80.3858,16.0116],[80.3828,16.0115],[80.3766,16.0124],[80.3719,16.0134],[80.3723,16.0153],[80.3716,16.0163],[80.3661,16.0171],[80.3665,16.0193],[80.3641,16.0208],[80.3618,16.0214],[80.359,16.0222],[80.3585,16.0227],[80.3586,16.027],[80.3546,16.0278],[80.3492,16.0281],[80.3458,16.0287],[80.3437,16.0223],[80.3408,16.0205],[80.3376,16.02],[80.3355,16.0153],[80.3303,16.0174],[80.3256,16.019],[80.3265,16.0213],[80.3279,16.0252],[80.3232,16.0266],[80.3143,16.0292],[80.3164,16.0388],[80.3183,16.0449],[80.3107,16.0474],[80.31,16.0511],[80.3074,16.052],[80.3059,16.0544],[80.3019,16.0558],[80.3006,16.0518],[80.3009,16.0501],[80.2935,16.0537],[80.2922,16.051],[80.2885,16.05],[80.2834,16.0496],[80.2714,16.0509],[80.2671,16.0517],[80.2657,16.0522],[80.2624,16.0536],[80.262,16.0479],[80.2615,16.046],[80.2577,16.0478],[80.2534,16.0497],[80.2483,16.0515],[80.2402,16.0525],[80.2372,16.0375],[80.2358,16.0377],[80.2351,16.0369],[80.23,16.0379],[80.2307,16.0431],[80.2318,16.047],[80.2314,16.0618],[80.2344,16.0737],[80.2313,16.08],[80.2272,16.0857],[80.2274,16.0875],[80.2299,16.0868],[80.2332,16.0855],[80.2362,16.0857],[80.2376,16.0861],[80.2411,16.0872],[80.2468,16.0908],[80.2503,16.0889],[80.2496,16.0919],[80.2503,16.0953],[80.2527,16.0932],[80.2538,16.0906],[80.2571,16.0917],[80.2595,16.0953],[80.262,16.0966],[80.2684,16.0966],[80.2723,16.0947],[80.2761,16.0931],[80.2787,16.0908],[80.28,16.0904],[80.2832,16.093],[80.2887,16.0988],[80.2871,16.1054],[80.2844,16.108],[80.2797,16.1115],[80.2773,16.1134],[80.2752,16.1153],[80.2738,16.1186],[80.2715,16.1199],[80.2671,16.1219],[80.2649,16.1237],[80.2665,16.1263],[80.2707,16.1289],[80.2754,16.1297],[80.2761,16.1331],[80.2754,16.1355],[80.2755,16.1383],[80.277,16.1408],[80.2784,16.1425],[80.2766,16.1439],[80.2756,16.1449],[80.2754,16.1464],[80.2753,16.148],[80.2746,16.1495],[80.2742,16.151],[80.2743,16.1556],[80.2764,16.1593],[80.2778,16.1615],[80.28,16.1624],[80.2822,16.1626],[80.2848,16.1626],[80.2866,16.1626],[80.2884,16.1629],[80.29,16.1634],[80.292,16.1655],[80.2925,16.1683],[80.2925,16.1702],[80.2933,16.1716],[80.2943,16.1733],[80.2942,16.1795],[80.2901,16.1906],[80.286,16.1947],[80.2825,16.1977],[80.2806,16.1979],[80.2748,16.1992],[80.2745,16.2012],[80.2758,16.2038],[80.2758,16.2074],[80.2767,16.2096],[80.2788,16.2157],[80.2808,16.2181],[80.284,16.2182],[80.2876,16.2168],[80.2893,16.2167],[80.2919,16.2185],[80.2948,16.2215],[80.3012,16.2303],[80.3086,16.2374],[80.3126,16.2437],[80.3159,16.2468],[80.318,16.2476],[80.32,16.2472],[80.3241,16.2539],[80.3286,16.2639],[80.3373,16.2688],[80.3422,16.2758],[80.3452,16.2827],[80.3473,16.2897],[80.3494,16.2934],[80.3474,16.2951],[80.3522,16.2974],[80.3528,16.305],[80.3537,16.3076],[80.354,16.3142],[80.3487,16.316],[80.3442,16.3098],[80.3425,16.3038],[80.3375,16.2991],[80.3334,16.3048],[80.3339,16.3101],[80.3307,16.3152],[80.3255,16.3112],[80.3212,16.3076],[80.3152,16.3033],[80.3129,16.2997],[80.3119,16.2971],[80.3106,16.2951],[80.3118,16.2931],[80.3142,16.2934],[80.3126,16.2906],[80.3115,16.2864],[80.3097,16.2862],[80.3069,16.2868],[80.3021,16.2854],[80.3003,16.2815],[80.3004,16.2787],[80.3012,16.2778],[80.3016,16.2765],[80.2995,16.2754],[80.298,16.275],[80.2955,16.2742],[80.2939,16.2726],[80.2925,16.2692],[80.2918,16.2678],[80.2904,16.2655],[80.2892,16.2638],[80.2874,16.2632],[80.2849,16.2617],[80.283,16.2605],[80.28,16.2588],[80.2772,16.2567],[80.274,16.255],[80.2735,16.2553],[80.2721,16.257],[80.2717,16.2586],[80.2716,16.2605],[80.272,16.2619],[80.2734,16.2636],[80.2746,16.2651],[80.2761,16.2667],[80.2756,16.2678],[80.2696,16.2699],[80.2662,16.2698],[80.2645,16.2687],[80.2632,16.2698],[80.2596,16.2704],[80.2571,16.2712],[80.2548,16.2723],[80.2486,16.2732],[80.2457,16.2742],[80.2436,16.2734],[80.2394,16.2702],[80.2383,16.2686],[80.2391,16.2675],[80.2414,16.2665],[80.2423,16.2656],[80.2415,16.2633],[80.2401,16.2605],[80.2359,16.2542],[80.2329,16.2486],[80.2311,16.2476],[80.2284,16.2477],[80.2223,16.2488],[80.2194,16.2494],[80.2186,16.2511],[80.2191,16.2537],[80.2199,16.2557],[80.2205,16.2578],[80.2187,16.2601],[80.2098,16.2614],[80.2032,16.2628],[80.2009,16.2645],[80.1976,16.2668],[80.1956,16.2684],[80.1938,16.2701],[80.1929,16.2714],[80.193,16.2755],[80.1925,16.277],[80.1874,16.2775],[80.1833,16.2779],[80.1806,16.2786],[80.1778,16.2784],[80.1782,16.2773],[80.1787,16.2759],[80.1793,16.2752],[80.1806,16.2734],[80.1809,16.2712],[80.1809,16.2688],[80.1805,16.266],[80.1796,16.2651],[80.1769,16.2639],[80.1748,16.2633],[80.172,16.2628],[80.1687,16.2653],[80.1665,16.2675],[80.164,16.2705],[80.1598,16.2689],[80.1566,16.2656],[80.1553,16.2633],[80.1552,16.2596],[80.1537,16.2576],[80.1516,16.259],[80.1499,16.2601],[80.148,16.2618],[80.1454,16.2634],[80.1435,16.2651],[80.141,16.2667],[80.1354,16.2692],[80.1279,16.2714],[80.1275,16.2791],[80.1268,16.2832],[80.1256,16.2854],[80.1258,16.2918],[80.1236,16.2948],[80.1226,16.2977],[80.1234,16.3008],[80.1247,16.3042],[80.1254,16.3066],[80.1259,16.3081],[80.127,16.3107],[80.1302,16.3084],[80.1332,16.3061],[80.136,16.3044],[80.14,16.3029],[80.1423,16.3024],[80.1581,16.3025],[80.1611,16.3078],[80.1627,16.3102],[80.1632,16.3118],[80.1611,16.3128],[80.159,16.315],[80.1599,16.3189],[80.1611,16.3252],[80.1637,16.3256],[80.167,16.3255],[80.1708,16.3248],[80.1733,16.3239],[80.1758,16.3227],[80.1768,16.3243],[80.1774,16.3266],[80.1771,16.3292],[80.1788,16.3336],[80.1794,16.3382],[80.1806,16.3409],[80.1811,16.3472],[80.1822,16.3514],[80.1822,16.3574],[80.1847,16.3577],[80.1888,16.357],[80.1928,16.3559],[80.1958,16.3542],[80.1969,16.3522],[80.198,16.3503],[80.1986,16.3488],[80.1992,16.3465],[80.2004,16.3441],[80.2036,16.3415],[80.2053,16.3415],[80.2097,16.3403],[80.2135,16.3395],[80.2159,16.3389],[80.2185,16.3396],[80.2209,16.3414],[80.2223,16.3436],[80.2219,16.3455],[80.2206,16.3466],[80.2194,16.3476],[80.2192,16.3498],[80.2202,16.3503],[80.2229,16.3518],[80.2243,16.3531],[80.2255,16.3547],[80.2268,16.3572],[80.2266,16.3598],[80.228,16.3613],[80.2299,16.3628],[80.2318,16.3648],[80.2302,16.3653],[80.2282,16.3661],[80.2257,16.3677],[80.2257,16.3695],[80.2282,16.3737],[80.231,16.3789],[80.2315,16.3817],[80.2307,16.3832],[80.2295,16.3848],[80.2285,16.387],[80.2271,16.3876],[80.225,16.3873],[80.2213,16.3877],[80.2199,16.3893],[80.2199,16.391],[80.2207,16.3934],[80.2222,16.3941],[80.2241,16.3941],[80.2261,16.3949],[80.2278,16.3988],[80.2293,16.4026],[80.232,16.4066],[80.2378,16.4099],[80.2442,16.4125],[80.2531,16.4143],[80.2596,16.4149],[80.2629,16.4146],[80.2682,16.4142],[80.2719,16.4147],[80.2748,16.4185],[80.2762,16.4222],[80.277,16.4265],[80.2771,16.4291],[80.2781,16.4301],[80.2801,16.4303],[80.2832,16.4302],[80.2869,16.4291],[80.2915,16.4283],[80.2993,16.4275],[80.3013,16.4281],[80.3035,16.4306],[80.3053,16.4339],[80.308,16.4349],[80.3083,16.4386],[80.3096,16.4406],[80.3083,16.4418],[80.3081,16.4432],[80.3086,16.4443],[80.3092,16.4456],[80.3097,16.4538],[80.3123,16.4551],[80.3138,16.4561],[80.3163,16.46],[80.3175,16.4619],[80.3178,16.4634],[80.3205,16.4644],[80.3224,16.4649],[80.325,16.4648]]]}},{"type":"Feature","properties":{"district":"Kurnool","district_hi":"कर्नूल"},"geometry":{"type":"Polygon","coordinates":[[[77.7235,15.3853],[77.7205,15.3847],[77.7176,15.3813],[77.7158,15.381],[77.7129,15.3812],[77.7088,15.3817],[77.7062,15.3824],[77.7045,15.3829],[77.7025,15.3835],[77.7006,15.3849],[77.6979,15.3876],[77.6967,15.3875],[77.6949,15.3868],[77.6941,15.3865],[77.6927,15.3871],[77.6922,15.3878],[77.6902,15.3895],[77.6885,15.3908],[77.6868,15.3926],[77.6846,15.3932],[77.6824,15.3929],[77.6806,15.3918],[77.6797,15.39],[77.6797,15.3884],[77.6798,15.387],[77.6794,15.3861],[77.6781,15.3849],[77.6769,15.3841],[77.6729,15.3811],[77.6724,15.3788],[77.6735,15.3775],[77.6743,15.3765],[77.6741,15.375],[77.6728,15.3741],[77.6721,15.3727],[77.671,15.3668],[77.6699,15.3615],[77.6696,15.3597],[77.668,15.3581],[77.6665,15.3565],[77.6648,15.3549],[77.6642,15.3513],[77.6617,15.3488],[77.6585,15.3472],[77.6565,15.3433],[77.6551,15.3413],[77.6545,15.3399],[77.6542,15.3382],[77.6549,15.3369],[77.6568,15.3357],[77.6601,15.3346],[77.6621,15.3336],[77.6655,15.3325],[77.6662,15.3316],[77.6698,15.3261],[77.6732,15.3226],[77.675,15.3207],[77.6774,15.3187],[77.6802,15.3184],[77.682,15.3189],[77.6836,15.3199],[77.6852,15.32],[77.6871,15.3202],[77.6887,15.3196],[77.69,15.3182],[77.6903,15.3168],[77.6901,15.3155],[77.6892,15.3139],[77.6894,15.3128],[77.6901,15.3117],[77.6907,15.3106],[77.689,15.3024],[77.688,15.295],[77.6838,15.2822],[77.6813,15.2698],[77.6811,15.2639],[77.6819,15.2577],[77.6828,15.2545],[77.6839,15.2498],[77.6851,15.247],[77.6831,15.2458],[77.681,15.2459],[77.6787,15.2446],[77.6761,15.2409],[77.6756,15.2389],[77.6787,15.2361],[77.6793,15.2347],[77.6782,15.2328],[77.6764,15.2291],[77.6743,15.2301],[77.6693,15.2323],[77.6666,15.2329],[77.6648,15.2339],[77.6631,15.2339],[77.6619,15.2332],[77.6591,15.233],[77.6576,15.2321],[77.6558,15.232],[77.6542,15.2321],[77.6529,15.2322],[77.6512,15.2317],[77.6502,15.2309],[77.6496,15.2297],[77.6495,15.2283],[77.6494,15.2269],[77.6477,15.2255],[77.6455,15.2249],[77.6435,15.2238],[77.642,15.2233],[77.6407,15.223],[77.6395,15.2227],[77.6384,15.2225],[77.6372,15.2214],[77.6369,15.2206],[77.6367,15.2176],[77.6364,15.2132],[77.6357,15.2103],[77.6354,15.2085],[77.6351,15.2074],[77.6344,15.2069],[77.6334,15.2068],[77.6309,15.2068],[77.6287,15.2074],[77.6253,15.2068],[77.6244,15.2056],[77.6237,15.2052],[77.6232,15.2054],[77.6218,15.2058],[77.6208,15.2057],[77.6198,15.2053],[77.6184,15.2055],[77.6171,15.2062],[77.6163,15.2067],[77.615,15.2065],[77.6149,15.2055],[77.6151,15.2047],[77.6155,15.2037],[77.6152,15.2025],[77.6144,15.2013],[77.6134,15.2002],[77.6107,15.1964],[77.6106,15.1948],[77.6105,15.1931],[77.6111,15.1898],[77.6116,15.1841],[77.6112,15.1839],[77.6068,15.1843],[77.6048,15.1843],[77.6005,15.1836],[77.5959,15.1836],[77.5936,15.184],[77.5915,15.1845],[77.5901,15.1849],[77.5837,15.1876],[77.5801,15.1898],[77.5771,15.1928],[77.5748,15.196],[77.5758,15.1976],[77.5757,15.1988],[77.5736,15.199],[77.5722,15.1987],[77.5714,15.1992],[77.5699,15.2004],[77.5687,15.2017],[77.5672,15.2025],[77.5656,15.2027],[77.5638,15.2028],[77.5605,15.2044],[77.5556,15.2053],[77.5514,15.2065],[77.549,15.2076],[77.5436,15.2084],[77.5415,15.2095],[77.5398,15.2111],[77.5374,15.2131],[77.5358,15.2152],[77.533,15.2182],[77.5306,15.2209],[77.5291,15.222],[77.5273,15.2235],[77.5253,15.2238],[77.5221,15.2241],[77.5141,15.2236],[77.5111,15.2232],[77.5087,15.2228],[77.5061,15.2225],[77.5022,15.222],[77.4996,15.2208],[77.4986,15.2199],[77.4981,15.2185],[77.4976,15.217],[77.4971,15.2156],[77.4951,15.2152],[77.4911,15.2145],[77.4859,15.2133],[77.4849,15.2126],[77.4846,15.2109],[77.4841,15.2092],[77.4832,15.2081],[77.4815,15.2079],[77.4797,15.2081],[77.4776,15.2088],[77.4761,15.2104],[77.4746,15.2116],[77.4732,15.2131],[77.4692,15.2159],[77.466,15.217],[77.4607,15.2172],[77.457,15.2182],[77.4552,15.2193],[77.4541,15.22],[77.4521,15.221],[77.451,15.2202],[77.4506,15.2184],[77.4505,15.2169],[77.4479,15.2132],[77.4476,15.2117],[77.4481,15.2103],[77.4491,15.2089],[77.4498,15.2076],[77.4503,15.2066],[77.4506,15.2056],[77.45,15.2054],[77.4488,15.2057],[77.4474,15.2058],[77.4456,15.2061],[77.4431,15.2069],[77.4407,15.2076],[77.4383,15.2079],[77.435,15.2095],[77.4348,15.2121],[77.4345,15.214],[77.4344,15.217],[77.4339,15.2187],[77.4311,15.2204],[77.4288,15.221],[77.4246,15.2222],[77.4214,15.2225],[77.4174,15.223],[77.4139,15.2239],[77.4112,15.2241],[77.4102,15.224],[77.4087,15.2237],[77.4068,15.2224],[77.4067,15.2203],[77.4062,15.2184],[77.4041,15.2181],[77.4025,15.218],[77.397,15.2175],[77.3933,15.2175],[77.3902,15.2179],[77.3858,15.2189],[77.3821,15.22],[77.3782,15.2208],[77.3742,15.222],[77.3676,15.2227],[77.3635,15.2226],[77.3633,15.2196],[77.3629,15.2165],[77.3603,15.209],[77.359,15.2032],[77.3574,15.2007],[77.354,15.1995],[77.3534,15.1969],[77.352,15.1923],[77.3499,15.1822],[77.3508,15.1805],[77.351,15.1787],[77.3504,15.1774],[77.3479,15.1765],[77.3439,15.1762],[77.3384,15.1763],[77.3347,15.1757],[77.3322,15.1747],[77.328,15.1747],[77.3253,15.1756],[77.322,15.1758],[77.3171,15.1761],[77.3164,15.176],[77.3156,15.1725],[77.313,15.1636],[77.3114,15.1578],[77.3101,15.1545],[77.3069,15.1541],[77.3007,15.1542],[77.2998,15.1544],[77.2977,15.1473],[77.2955,15.1387],[77.2919,15.1315],[77.2867,15.1316],[77.277,15.1311],[77.2727,15.1315],[77.2705,15.1317],[77.2663,15.1363],[77.2642,15.14],[77.2629,15.1413],[77.2595,15.1422],[77.2551,15.1428],[77.2533,15.1431],[77.2458,15.1443],[77.2362,15.1436],[77.232,15.1435],[77.2299,15.1441],[77.2269,15.1461],[77.2249,15.1469],[77.222,15.148],[77.2174,15.1506],[77.2154,15.1515],[77.2144,15.152],[77.2125,15.1539],[77.2079,15.1552],[77.2032,15.1574],[77.1999,15.1585],[77.1961,15.1582],[77.189,15.1571],[77.1855,15.153],[77.1848,15.1509],[77.1814,15.1444],[77.181,15.1428],[77.1778,15.1422],[77.1741,15.1419],[77.1711,15.1432],[77.1676,15.1444],[77.1648,15.1455],[77.1609,15.1458],[77.1592,15.145],[77.1584,15.1441],[77.1576,15.1413],[77.1397,15.1421],[77.1362,15.1488],[77.1411,15.1554],[77.162,15.155],[77.1687,15.1746],[77.1625,15.1996],[77.1455,15.2241],[77.125,15.2273],[77.1277,15.2393],[77.1371,15.2406],[77.1446,15.2576],[77.1696,15.2571],[77.1683,15.2652],[77.1496,15.2719],[77.1522,15.2915],[77.1209,15.294],[77.1139,15.3334],[77.077,15.3258],[77.0624,15.328],[77.0635,15.3326],[77.0655,15.3364],[77.0656,15.3396],[77.0636,15.3421],[77.0634,15.3432],[77.0641,15.3453],[77.0625,15.3472],[77.0614,15.3491],[77.0583,15.3507],[77.0562,15.352],[77.053,15.3519],[77.0509,15.3528],[77.05,15.355],[77.0488,15.3564],[77.0456,15.3577],[77.0421,15.361],[77.0405,15.3644],[77.0396,15.3709],[77.0394,15.372],[77.0402,15.3734],[77.0429,15.375],[77.0432,15.3755],[77.0434,15.3758],[77.0436,15.3766],[77.0437,15.3789],[77.0455,15.383],[77.0464,15.3858],[77.046,15.3878],[77.046,15.3921],[77.0389,15.3981],[77.0324,15.4013],[77.0296,15.4039],[77.0285,15.4064],[77.0285,15.4093],[77.0306,15.4134],[77.034,15.4186],[77.0344,15.4229],[77.0319,15.4307],[77.0308,15.4333],[77.029,15.4351],[77.0283,15.4377],[77.0276,15.4393],[77.027,15.4408],[77.0231,15.4445],[77.0188,15.4467],[77.0177,15.4483],[77.0153,15.4494],[77.0103,15.4494],[77.0066,15.4519],[77.0051,15.4579],[77.0054,15.4628],[77.003,15.4674],[77.0,15.4712],[76.9978,15.4761],[76.9913,15.4833],[76.9794,15.4886],[76.9747,15.4945],[76.9756,15.502],[76.9741,15.5081],[77.027,15.5037],[77.0293,15.5806],[77.0316,15.6031],[77.0351,15.6382],[77.0748,15.6453],[77.0873,15.6573],[77.1221,15.6292],[77.1305,15.6636],[77.1226,15.6687],[77.0819,15.6952],[77.09,15.7131],[77.0819,15.7149],[77.0819,15.7256],[77.0529,15.7291],[77.0489,15.7389],[77.0489,15.754],[77.0587,15.763],[77.0543,15.7653],[77.0613,15.7849],[77.0681,15.7827],[77.0703,15.8003],[77.0644,15.803],[77.0655,15.8277],[77.0556,15.8246],[77.0282,15.836],[77.0333,15.8533],[77.0351,15.8556],[77.0669,15.9035],[77.0766,15.9099],[77.0824,15.917],[77.1105,15.93],[77.1419,15.9414],[77.1445,15.9426],[77.1824,15.9542],[77.2479,15.9638],[77.2642,15.9589],[77.2685,15.9576],[77.2855,15.9532],[77.2992,15.9582],[77.3564,15.9501],[77.377,15.9404],[77.4275,15.9484],[77.452,15.9397],[77.4665,15.9345],[77.5114,15.9283],[77.5133,15.9281],[77.5145,15.9276],[77.5154,15.9273],[77.5175,15.9268],[77.5194,15.9266],[77.5246,15.9261],[77.5269,15.926],[77.5293,15.9258],[77.5307,15.9256],[77.5332,15.9251],[77.5344,15.9247],[77.5352,15.9242],[77.5367,15.9233],[77.5375,15.9229],[77.538,15.9227],[77.5387,15.9223],[77.5392,15.9222],[77.5397,15.9222],[77.5418,15.922],[77.5432,15.9218],[77.5452,15.9211],[77.5469,15.9206],[77.5487,15.9204],[77.5508,15.9202],[77.5522,15.9202],[77.5535,15.9202],[77.5563,15.9204],[77.5573,15.9204],[77.5583,15.9203],[77.5592,15.9202],[77.5601,15.9201],[77.5625,15.9201],[77.5649,15.9202],[77.5658,15.9202],[77.5695,15.9198],[77.5713,15.9195],[77.5727,15.9195],[77.5764,15.9195],[77.5794,15.9195],[77.5809,15.9195],[77.5814,15.9194],[77.5821,15.9191],[77.5826,15.9188],[77.5831,15.9185],[77.585,15.9168],[77.5858,15.9163],[77.5869,15.9158],[77.5897,15.914],[77.5911,15.9134],[77.5916,15.9133],[77.5921,15.9132],[77.5933,15.913],[77.5956,15.9129],[77.5967,15.913],[77.5983,15.9133],[77.5999,15.9139],[77.6013,15.9147],[77.6036,15.916],[77.6055,15.9169],[77.6079,15.918],[77.6099,15.9187],[77.6108,15.9188],[77.6118,15.9188],[77.6126,15.9186],[77.6132,15.9184],[77.6154,15.9171],[77.6188,15.9153],[77.6206,15.9141],[77.6232,15.9118],[77.6253,15.9101],[77.627,15.908],[77.6294,15.9056],[77.6338,15.9011],[77.6354,15.899],[77.6362,15.8979],[77.6368,15.8971],[77.6372,15.8968],[77.6375,15.8966],[77.6379,15.8963],[77.6388,15.896],[77.6404,15.8956],[77.6428,15.8944],[77.6437,15.8939],[77.6451,15.8931],[77.6475,15.8917],[77.6505,15.8903],[77.6532,15.889],[77.6559,15.8878],[77.6577,15.8871],[77.6589,15.8869],[77.66,15.8866],[77.6606,15.8865],[77.6614,15.8866],[77.6619,15.8867],[77.6629,15.8869],[77.6643,15.887],[77.6669,15.8871],[77.6687,15.8869],[77.6708,15.8864],[77.6719,15.8863],[77.6731,15.8862],[77.6768,15.8862],[77.6779,15.8861],[77.6785,15.8859],[77.6809,15.8848],[77.6818,15.8846],[77.6828,15.8844],[77.6848,15.8844],[77.6875,15.8846],[77.6907,15.8846],[77.6938,15.8845],[77.6945,15.8846],[77.6952,15.8848],[77.696,15.8852],[77.6977,15.886],[77.7001,15.8874],[77.7027,15.889],[77.7056,15.891],[77.7067,15.8918],[77.7085,15.8928],[77.7104,15.8937],[77.7112,15.8944],[77.7126,15.8953],[77.7135,15.8955],[77.7143,15.8958],[77.7167,15.8962],[77.719,15.8965],[77.7234,15.8969],[77.7257,15.8967],[77.7275,15.8964],[77.7293,15.8959],[77.7312,15.8952],[77.7335,15.894],[77.737,15.8908],[77.7383,15.8899],[77.7394,15.8892],[77.7411,15.8884],[77.7428,15.8879],[77.7443,15.8873],[77.7463,15.8869],[77.7484,15.8863],[77.749,15.8863],[77.7497,15.8864],[77.7528,15.8859],[77.7566,15.8858],[77.759,15.8856],[77.7605,15.8856],[77.7617,15.8858],[77.7623,15.8861],[77.7639,15.8869],[77.7646,15.8871],[77.7655,15.8872],[77.7671,15.8871],[77.7685,15.887],[77.7699,15.8864],[77.7722,15.8853],[77.7758,15.8832],[77.7784,15.8815],[77.7797,15.8799],[77.781,15.8786],[77.7819,15.8779],[77.7825,15.8776],[77.7831,15.8775],[77.7839,15.8776],[77.7858,15.8776],[77.7887,15.8778],[77.7914,15.878],[77.7924,15.8778],[77.7947,15.8775],[77.7974,15.8769],[77.8009,15.8761],[77.8028,15.8756],[77.804,15.8755],[77.8047,15.8755],[77.8053,15.8756],[77.8072,15.876],[77.8109,15.877],[77.8133,15.878],[77.8142,15.8783],[77.8157,15.8785],[77.8179,15.8787],[77.8189,15.8789],[77.8199,15.8791],[77.8212,15.8794],[77.8232,15.8801],[77.8258,15.881],[77.8283,15.8819],[77.8314,15.8831],[77.8341,15.8844],[77.8372,15.8856],[77.8382,15.8859],[77.8387,15.886],[77.8398,15.886],[77.8408,15.8857],[77.8433,15.8847],[77.845,15.8839],[77.8458,15.8834],[77.8458,15.8835],[77.8468,15.8832],[77.8474,15.8832],[77.8496,15.8831],[77.8507,15.8832],[77.8514,15.8833],[77.8523,15.8835],[77.8531,15.8838],[77.8539,15.884],[77.8554,15.8842],[77.8566,15.8843],[77.8579,15.8846],[77.8587,15.8849],[77.8595,15.8852],[77.8602,15.8855],[77.8612,15.886],[77.8621,15.887],[77.863,15.888],[77.864,15.8895],[77.8651,15.8913],[77.8657,15.8923],[77.8666,15.8936],[77.8683,15.8957],[77.8687,15.8962],[77.8691,15.8968],[77.8708,15.8986],[77.8725,15.9001],[77.8729,15.9006],[77.874,15.9017],[77.8764,15.9039],[77.877,15.9048],[77.8776,15.9054],[77.8793,15.9064],[77.8803,15.9067],[77.8831,15.9068],[77.8867,15.9069],[77.8895,15.9067],[77.8906,15.9065],[77.8918,15.906],[77.8936,15.9051],[77.8971,15.9035],[77.9004,15.9019],[77.904,15.8999],[77.9065,15.8984],[77.9085,15.8972],[77.911,15.8957],[77.9131,15.8944],[77.9167,15.8927],[77.9189,15.8919],[77.9215,15.8907],[77.9247,15.8891],[77.9277,15.8877],[77.9306,15.8864],[77.9334,15.8854],[77.9359,15.8848],[77.9379,15.8842],[77.9389,15.8841],[77.9411,15.8841],[77.9417,15.8843],[77.9424,15.8845],[77.9441,15.8848],[77.9457,15.8852],[77.9476,15.8855],[77.9489,15.8854],[77.9508,15.8853],[77.9543,15.8851],[77.9569,15.885],[77.9598,15.8849],[77.9659,15.8844],[77.9667,15.8844],[77.969,15.8848],[77.9706,15.8849],[77.972,15.8847],[77.9744,15.8844],[77.9764,15.8836],[77.9778,15.8828],[77.9801,15.8809],[77.9849,15.8767],[77.9872,15.8744],[77.989,15.873],[77.9911,15.8714],[77.9926,15.8706],[77.9944,15.8692],[77.9957,15.868],[77.9967,15.8674],[77.9984,15.8666],[78.0002,15.8662],[78.0026,15.8654],[78.0052,15.8645],[78.0078,15.8634],[78.0087,15.8631],[78.0101,15.865],[78.0115,15.8683],[78.0121,15.8699],[78.0128,15.8716],[78.0129,15.8718],[78.0133,15.8727],[78.0137,15.8736],[78.014,15.8741],[78.0143,15.8755],[78.0145,15.8756],[78.0151,15.8771],[78.0157,15.8783],[78.0165,15.8803],[78.0175,15.8823],[78.0182,15.8839],[78.0192,15.886],[78.0193,15.8862],[78.0199,15.8875],[78.0201,15.8881],[78.0205,15.8888],[78.0211,15.8901],[78.0212,15.8903],[78.0215,15.8912],[78.0216,15.8914],[78.0224,15.893],[78.0225,15.8934],[78.0226,15.8936],[78.023,15.8948],[78.0232,15.8952],[78.0233,15.8957],[78.024,15.8974],[78.0248,15.8994],[78.0255,15.9009],[78.0255,15.901],[78.0259,15.9024],[78.0261,15.903],[78.0263,15.903],[78.0268,15.9029],[78.029,15.9027],[78.0307,15.9026],[78.0308,15.9029],[78.0326,15.9026],[78.0329,15.9038],[78.0332,15.905],[78.0339,15.907],[78.0347,15.9068],[78.037,15.9062],[78.0393,15.9059],[78.042,15.9052],[78.0428,15.9051],[78.0436,15.9049],[78.0439,15.9049],[78.0446,15.9047],[78.0449,15.9046],[78.045,15.9046],[78.0457,15.9026],[78.0458,15.8999],[78.0462,15.8929],[78.0465,15.8863],[78.0467,15.8823],[78.0469,15.8772],[78.0472,15.8762],[78.0512,15.876],[78.0552,15.8758],[78.0567,15.8761],[78.0567,15.8757],[78.0569,15.8757],[78.0569,15.8755],[78.0568,15.873],[78.0568,15.8729],[78.0567,15.8727],[78.0566,15.8713],[78.0565,15.8711],[78.0561,15.8696],[78.0561,15.8668],[78.0561,15.8667],[78.0562,15.8666],[78.0566,15.8666],[78.0568,15.8665],[78.0573,15.8662],[78.0574,15.8662],[78.0587,15.8657],[78.0588,15.8657],[78.059,15.8656],[78.0602,15.8652],[78.0604,15.8651],[78.0605,15.8651],[78.0618,15.8647],[78.0626,15.8644],[78.0635,15.8641],[78.0648,15.8637],[78.065,15.8636],[78.0718,15.8624],[78.0722,15.8622],[78.0719,15.8597],[78.0718,15.8585],[78.0728,15.8583],[78.0723,15.856],[78.0719,15.8531],[78.0718,15.8517],[78.0744,15.8501],[78.075,15.8487],[78.0753,15.8485],[78.0757,15.8484],[78.0769,15.8482],[78.0795,15.8475],[78.0824,15.8469],[78.082,15.846],[78.082,15.8459],[78.0821,15.8458],[78.0836,15.8455],[78.0837,15.8454],[78.0838,15.8454],[78.0853,15.8451],[78.0855,15.8451],[78.0854,15.845],[78.0854,15.8448],[78.0853,15.8447],[78.0853,15.8446],[78.0851,15.8439],[78.0851,15.8438],[78.085,15.8436],[78.0848,15.843],[78.0848,15.8429],[78.0847,15.8428],[78.0842,15.8411],[78.0842,15.841],[78.0843,15.8409],[78.0851,15.8406],[78.0851,15.8405],[78.087,15.84],[78.0871,15.8399],[78.0894,15.8393],[78.0896,15.8392],[78.0896,15.839],[78.0903,15.8387],[78.0905,15.8386],[78.0908,15.8385],[78.0911,15.8384],[78.092,15.8382],[78.0921,15.8382],[78.0922,15.8381],[78.093,15.8378],[78.0932,15.8378],[78.0943,15.8375],[78.0944,15.8375],[78.0946,15.8374],[78.0949,15.8373],[78.0951,15.8373],[78.0963,15.8367],[78.0965,15.8367],[78.0966,15.8366],[78.0971,15.8366],[78.0972,15.8365],[78.0973,15.8365],[78.0981,15.8364],[78.0983,15.8363],[78.0984,15.8374],[78.099,15.8373],[78.0993,15.8373],[78.0996,15.8375],[78.1008,15.8381],[78.1016,15.8386],[78.1024,15.8386],[78.1047,15.8387],[78.1088,15.8387],[78.1111,15.8388],[78.1114,15.8396],[78.114,15.839],[78.1172,15.8386],[78.1192,15.8383],[78.1195,15.8386],[78.12,15.8386],[78.1198,15.8378],[78.1198,15.8376],[78.1198,15.8374],[78.1199,15.8374],[78.1207,15.8372],[78.1208,15.8372],[78.121,15.8372],[78.1216,15.8371],[78.1217,15.8371],[78.1218,15.8371],[78.122,15.8371],[78.123,15.8371],[78.1232,15.8371],[78.1239,15.8371],[78.1254,15.8372],[78.1256,15.8372],[78.1257,15.8372],[78.1258,15.8371],[78.1265,15.8371],[78.1265,15.8368],[78.1276,15.8366],[78.1279,15.8367],[78.1287,15.8373],[78.1288,15.8374],[78.1289,15.8373],[78.1294,15.8374],[78.1303,15.8374],[78.1304,15.8374],[78.1306,15.8374],[78.132,15.8371],[78.1336,15.8369],[78.1342,15.8376],[78.1348,15.8388],[78.135,15.8404],[78.1348,15.8436],[78.1346,15.8451],[78.1336,15.8479],[78.1319,15.8504],[78.1303,15.852],[78.1309,15.8529],[78.1318,15.8531],[78.1321,15.8534],[78.1324,15.8534],[78.1332,15.8534],[78.1339,15.8537],[78.1351,15.854],[78.1371,15.8547],[78.1381,15.855],[78.1384,15.855],[78.1399,15.8547],[78.142,15.8544],[78.1421,15.8544],[78.1426,15.8543],[78.1427,15.8543],[78.1429,15.8544],[78.1444,15.8555],[78.1454,15.8556],[78.15,15.8555],[78.1504,15.8554],[78.1517,15.8554],[78.1577,15.8548],[78.1587,15.854],[78.1612,15.8545],[78.1613,15.8546],[78.1615,15.8546],[78.1635,15.8546],[78.1647,15.8547],[78.1648,15.8548],[78.165,15.8548],[78.1656,15.855],[78.1664,15.855],[78.1666,15.855],[78.1667,15.855],[78.167,15.855],[78.1682,15.8552],[78.1684,15.8553],[78.1685,15.8553],[78.1693,15.8555],[78.1697,15.8529],[78.1689,15.8505],[78.1679,15.8471],[78.1681,15.8457],[78.1688,15.8448],[78.1699,15.8438],[78.1713,15.8426],[78.173,15.8408],[78.1732,15.8385],[78.1712,15.8364],[78.1713,15.8351],[78.1719,15.8346],[78.173,15.8339],[78.1746,15.8326],[78.1753,15.8311],[78.1751,15.8293],[78.173,15.828],[78.171,15.828],[78.1694,15.8276],[78.1685,15.8237],[78.1668,15.822],[78.1646,15.8207],[78.1622,15.8195],[78.1606,15.8186],[78.1584,15.8182],[78.1571,15.8181],[78.1553,15.8182],[78.1541,15.8181],[78.1543,15.8172],[78.1558,15.8162],[78.157,15.8152],[78.1579,15.8141],[78.1589,15.8123],[78.1591,15.8093],[78.1593,15.8073],[78.1602,15.8061],[78.1622,15.8042],[78.1659,15.8019],[78.1698,15.8004],[78.1718,15.7996],[78.1746,15.7987],[78.1807,15.7981],[78.1837,15.7984],[78.1855,15.7984],[78.1877,15.798],[78.1901,15.7976],[78.1928,15.7972],[78.1955,15.7955],[78.1972,15.7948],[78.1997,15.7932],[78.202,15.7919],[78.2041,15.7904],[78.2053,15.7895],[78.2037,15.7831],[78.1996,15.7823],[78.197,15.7819],[78.1968,15.7785],[78.1965,15.7765],[78.1928,15.7763],[78.1886,15.7765],[78.186,15.7763],[78.1852,15.7737],[78.1849,15.7721],[78.1808,15.7723],[78.1772,15.772],[78.1766,15.7692],[78.1759,15.7664],[78.1742,15.7644],[78.171,15.7621],[78.1675,15.7616],[78.1625,15.7598],[78.1636,15.7566],[78.1653,15.7555],[78.169,15.7556],[78.1723,15.7552],[78.1728,15.7516],[78.1732,15.75],[78.1755,15.7497],[78.1786,15.7494],[78.1795,15.7469],[78.18,15.7451],[78.1817,15.7447],[78.1836,15.7454],[78.1869,15.7447],[78.1906,15.7437],[78.1924,15.742],[78.1923,15.7403],[78.1913,15.7394],[78.1885,15.7394],[78.1868,15.7389],[78.1867,15.7337],[78.1904,15.733],[78.192,15.731],[78.1914,15.7297],[78.1892,15.7294],[78.1881,15.7286],[78.1896,15.7266],[78.1898,15.724],[78.1914,15.7223],[78.195,15.7221],[78.1975,15.7205],[78.199,15.7193],[78.2027,15.7177],[78.2063,15.7155],[78.2104,15.7035],[78.2113,15.699],[78.2133,15.6959],[78.2167,15.6949],[78.2215,15.6947],[78.2259,15.6949],[78.2321,15.6978],[78.2418,15.7022],[78.2531,15.7051],[78.2606,15.7031],[78.273,15.7017],[78.2731,15.6973],[78.2722,15.6949],[78.2714,15.691],[78.2706,15.688],[78.2701,15.6861],[78.2681,15.6807],[78.2672,15.6765],[78.2664,15.6687],[78.2659,15.6647],[78.2658,15.6613],[78.2656,15.6574],[78.2668,15.6553],[78.2684,15.6543],[78.2695,15.6521],[78.2696,15.6504],[78.2692,15.6442],[78.2678,15.6427],[78.2659,15.6413],[78.2643,15.6404],[78.2607,15.6401],[78.2572,15.6378],[78.254,15.6368],[78.2518,15.6368],[78.2489,15.6367],[78.2461,15.6364],[78.2413,15.6356],[78.2376,15.6347],[78.2354,15.6339],[78.2317,15.6322],[78.2294,15.6296],[78.2281,15.6271],[78.2271,15.6252],[78.2258,15.6234],[78.2245,15.6223],[78.2229,15.6217],[78.2207,15.6218],[78.2191,15.6214],[78.2176,15.6209],[78.2165,15.6193],[78.2168,15.618],[78.2175,15.6157],[78.2175,15.6141],[78.2165,15.6124],[78.2152,15.6108],[78.2147,15.6098],[78.2144,15.6041],[78.2145,15.6014],[78.2161,15.5988],[78.2176,15.5968],[78.2181,15.595],[78.2185,15.5937],[78.2182,15.5918],[78.2149,15.59],[78.2137,15.5897],[78.212,15.5902],[78.2106,15.5912],[78.2082,15.5922],[78.2067,15.5928],[78.2044,15.5933],[78.2028,15.5935],[78.1992,15.5946],[78.1971,15.595],[78.192,15.595],[78.1901,15.5926],[78.189,15.5912],[78.1883,15.5897],[78.1881,15.5885],[78.1888,15.5867],[78.1898,15.5858],[78.1903,15.5844],[78.1897,15.5836],[78.1881,15.5829],[78.1867,15.5822],[78.1857,15.5809],[78.1837,15.5763],[78.1834,15.5744],[78.182,15.5717],[78.182,15.5701],[78.1828,15.5689],[78.1829,15.5676],[78.1819,15.5664],[78.1809,15.5654],[78.1802,15.5639],[78.1798,15.5627],[78.18,15.5613],[78.1815,15.557],[78.1854,15.5556],[78.1881,15.555],[78.1899,15.5529],[78.1902,15.5511],[78.1902,15.5501],[78.1896,15.5488],[78.1888,15.5474],[78.1871,15.5457],[78.1856,15.5448],[78.1822,15.5448],[78.1795,15.544],[78.1767,15.5429],[78.1736,15.542],[78.1701,15.5415],[78.167,15.5393],[78.1615,15.536],[78.1585,15.5346],[78.1561,15.5341],[78.1531,15.5333],[78.149,15.5324],[78.1455,15.5322],[78.1401,15.5318],[78.1388,15.5334],[78.1389,15.5348],[78.1403,15.5379],[78.1405,15.5393],[78.1412,15.5418],[78.1394,15.5429],[78.1387,15.5446],[78.1388,15.5465],[78.1393,15.5501],[78.1414,15.5547],[78.1423,15.558],[78.1456,15.5623],[78.1473,15.5645],[78.1485,15.5676],[78.1483,15.5696],[78.1469,15.5712],[78.145,15.5731],[78.1426,15.5759],[78.139,15.5794],[78.1353,15.5809],[78.1322,15.582],[78.1289,15.5821],[78.1209,15.5805],[78.117,15.58],[78.1125,15.5795],[78.1092,15.578],[78.1065,15.5767],[78.1036,15.5766],[78.1011,15.576],[78.0931,15.5736],[78.0869,15.5722],[78.083,15.5712],[78.0822,15.5694],[78.0816,15.5665],[78.0798,15.5617],[78.077,15.5569],[78.0768,15.5533],[78.0779,15.5483],[78.078,15.5443],[78.0779,15.5401],[78.077,15.5359],[78.0752,15.5318],[78.0724,15.5312],[78.0716,15.5329],[78.0718,15.5351],[78.0706,15.5367],[78.0693,15.5367],[78.0674,15.5361],[78.0657,15.5359],[78.064,15.5363],[78.0622,15.5374],[78.0598,15.5391],[78.0589,15.541],[78.0566,15.5427],[78.0543,15.5438],[78.0524,15.544],[78.0517,15.5425],[78.0517,15.539],[78.0518,15.5349],[78.0533,15.5294],[78.0548,15.5262],[78.0548,15.5234],[78.0548,15.5163],[78.0567,15.5128],[78.0576,15.5094],[78.0574,15.5073],[78.0557,15.5052],[78.0538,15.5036],[78.0518,15.5025],[78.0486,15.4987],[78.0489,15.4963],[78.0514,15.4903],[78.0517,15.4858],[78.0522,15.4839],[78.0528,15.482],[78.0527,15.4802],[78.0517,15.4787],[78.0502,15.4776],[78.0476,15.4778],[78.0452,15.4781],[78.0441,15.4746],[78.0393,15.4741],[78.0362,15.4737],[78.0342,15.4729],[78.0332,15.4722],[78.0319,15.4712],[78.0311,15.4692],[78.032,15.4668],[78.0302,15.4652],[78.0322,15.4642],[78.0336,15.4637],[78.0359,15.4609],[78.0325,15.461],[78.0288,15.4611],[78.0267,15.4607],[78.0273,15.4576],[78.0279,15.4568],[78.0273,15.4556],[78.0258,15.454],[78.0249,15.4546],[78.0225,15.4561],[78.0167,15.4566],[78.0146,15.4567],[78.0118,15.4568],[78.01,15.4572],[78.0085,15.4576],[78.0067,15.4579],[78.0056,15.4581],[78.0034,15.459],[78.0009,15.4585],[77.9993,15.4575],[77.9983,15.4562],[77.9984,15.4543],[77.998,15.4465],[77.9979,15.4422],[77.9989,15.4393],[78.0001,15.4364],[78.0004,15.4347],[77.9996,15.4336],[77.9986,15.4334],[77.9969,15.4326],[77.996,15.4311],[77.9945,15.4301],[77.9926,15.4287],[77.9906,15.428],[77.9896,15.4285],[77.9881,15.4298],[77.9853,15.43],[77.9826,15.4301],[77.9802,15.4316],[77.9765,15.4327],[77.9733,15.4313],[77.9716,15.4315],[77.9694,15.431],[77.9672,15.4299],[77.9645,15.4283],[77.963,15.4278],[77.9604,15.4279],[77.9592,15.4278],[77.9578,15.4265],[77.9555,15.4264],[77.9535,15.4264],[77.9507,15.4256],[77.9494,15.424],[77.9489,15.423],[77.9486,15.42],[77.9476,15.4188],[77.9466,15.4183],[77.9447,15.4179],[77.9422,15.4172],[77.9408,15.4194],[77.9386,15.4222],[77.9362,15.4252],[77.9324,15.4307],[77.9278,15.4366],[77.9274,15.4377],[77.9252,15.4378],[77.923,15.4386],[77.9214,15.4407],[77.9195,15.4426],[77.9176,15.4441],[77.9154,15.4445],[77.9137,15.4446],[77.9092,15.4464],[77.908,15.4476],[77.9085,15.4488],[77.91,15.4501],[77.9108,15.4514],[77.9114,15.454],[77.9113,15.4556],[77.9127,15.4568],[77.9127,15.4594],[77.9117,15.4605],[77.9112,15.4645],[77.9111,15.4661],[77.9099,15.4678],[77.9085,15.4689],[77.907,15.469],[77.9055,15.4682],[77.9037,15.4674],[77.9019,15.4665],[77.8999,15.4663],[77.8971,15.4677],[77.893,15.4704],[77.8894,15.4735],[77.8853,15.4765],[77.8839,15.4779],[77.8836,15.4794],[77.8825,15.4814],[77.8815,15.4823],[77.8798,15.483],[77.878,15.4844],[77.8765,15.4856],[77.8754,15.488],[77.8742,15.486],[77.8732,15.484],[77.8719,15.4816],[77.8709,15.48],[77.8675,15.4764],[77.8614,15.4716],[77.8573,15.4693],[77.8551,15.4681],[77.8527,15.4676],[77.85,15.4681],[77.848,15.469],[77.8464,15.4698],[77.8459,15.4716],[77.8461,15.4736],[77.8468,15.4762],[77.8475,15.4781],[77.8489,15.4803],[77.8509,15.4839],[77.852,15.4857],[77.8518,15.4869],[77.8501,15.488],[77.848,15.4891],[77.8463,15.4895],[77.8451,15.4895],[77.8441,15.4888],[77.8426,15.4877],[77.8409,15.4878],[77.8394,15.4883],[77.8374,15.4888],[77.8312,15.489],[77.8251,15.4894],[77.8197,15.49],[77.818,15.4897],[77.8185,15.4882],[77.8186,15.4866],[77.8177,15.4853],[77.8163,15.4837],[77.8146,15.4822],[77.8086,15.477],[77.8081,15.4756],[77.8067,15.4733],[77.8067,15.4722],[77.8075,15.4711],[77.8075,15.4694],[77.8065,15.4681],[77.8053,15.4675],[77.8033,15.4667],[77.8016,15.4661],[77.7997,15.4662],[77.798,15.4659],[77.7972,15.4625],[77.7992,15.4601],[77.8009,15.4581],[77.803,15.4572],[77.8054,15.4561],[77.8062,15.4551],[77.8061,15.454],[77.8046,15.4532],[77.8035,15.4527],[77.8016,15.4518],[77.7983,15.4494],[77.7999,15.4481],[77.801,15.4472],[77.8011,15.4457],[77.8005,15.4445],[77.7997,15.4431],[77.7989,15.4426],[77.7964,15.4427],[77.7948,15.4426],[77.7947,15.4368],[77.7946,15.4326],[77.7928,15.4303],[77.7922,15.4291],[77.7915,15.4275],[77.792,15.4261],[77.7928,15.4247],[77.793,15.4235],[77.7929,15.4223],[77.7922,15.421],[77.7898,15.4177],[77.7871,15.4146],[77.7852,15.4123],[77.7837,15.4103],[77.7813,15.4085],[77.7806,15.4059],[77.7799,15.4044],[77.7786,15.4045],[77.778,15.405],[77.7771,15.4069],[77.7762,15.4075],[77.7709,15.408],[77.7688,15.4084],[77.7678,15.4107],[77.7674,15.4122],[77.7668,15.4132],[77.7643,15.413],[77.7611,15.4131],[77.7582,15.4155],[77.7556,15.4183],[77.7521,15.4212],[77.7506,15.4198],[77.7487,15.4177],[77.7468,15.4164],[77.7456,15.4153],[77.7449,15.4142],[77.7454,15.4132],[77.7467,15.4118],[77.7481,15.4101],[77.7472,15.4084],[77.7453,15.4067],[77.7438,15.4046],[77.7414,15.4018],[77.7394,15.398],[77.7376,15.3938],[77.7344,15.3906],[77.7322,15.3879],[77.7305,15.3869],[77.7286,15.3867],[77.7277,15.3862],[77.7256,15.3852],[77.7235,15.3853]]]}},{"type":"Feature","properties":{"district":"Prakasam","district_hi":"प्रकाशम"},"geometry":{"type":"Polygon","coordinates":[[[79.8655,15.3097],[79.8672,15.2999],[79.8681,15.2854],[79.8677,15.2829],[79.8661,15.2795],[79.8611,15.2767],[79.8568,15.2752],[79.8556,15.2668],[79.853,15.2579],[79.8497,15.2512],[79.8459,15.2433],[79.8447,15.238],[79.8417,15.2282],[79.8408,15.2217],[79.8397,15.2185],[79.8399,15.215],[79.8392,15.2138],[79.8376,15.2121],[79.8355,15.2115],[79.8331,15.211],[79.8301,15.2117],[79.8272,15.2129],[79.8222,15.2152],[79.8158,15.2179],[79.8144,15.2192],[79.8153,15.2118],[79.8131,15.2082],[79.8079,15.2063],[79.8034,15.2054],[79.7983,15.2049],[79.794,15.2039],[79.7901,15.2029],[79.7838,15.2],[79.7772,15.1971],[79.7711,15.1967],[79.7621,15.1991],[79.7542,15.2013],[79.7533,15.2058],[79.7422,15.2058],[79.7366,15.206],[79.7292,15.208],[79.7182,15.2103],[79.7081,15.2129],[79.701,15.2163],[79.6969,15.2196],[79.685,15.2177],[79.6743,15.2256],[79.6741,15.2316],[79.6735,15.237],[79.6759,15.2422],[79.6759,15.2471],[79.6762,15.249],[79.666,15.2468],[79.6547,15.2478],[79.6463,15.2266],[79.6338,15.2042],[79.6289,15.1892],[79.6274,15.1807],[79.6244,15.1785],[79.6228,15.1749],[79.622,15.1702],[79.6229,15.1672],[79.6295,15.1671],[79.6311,15.1691],[79.633,15.173],[79.6352,15.1766],[79.6397,15.1775],[79.6437,15.1755],[79.6468,15.1715],[79.6477,15.1673],[79.6491,15.1606],[79.651,15.1558],[79.65,15.1527],[79.6463,15.1517],[79.6421,15.1513],[79.6372,15.1522],[79.632,15.1522],[79.6286,15.1523],[79.6262,15.1516],[79.6258,15.1482],[79.6267,15.145],[79.628,15.1411],[79.6286,15.1373],[79.629,15.135],[79.6276,15.1297],[79.6273,15.127],[79.6277,15.1228],[79.6284,15.1191],[79.6295,15.1141],[79.631,15.1092],[79.632,15.1048],[79.6333,15.1015],[79.6316,15.0996],[79.6302,15.0981],[79.6291,15.0972],[79.6276,15.0931],[79.6275,15.0876],[79.6254,15.0809],[79.6224,15.0799],[79.6194,15.0771],[79.6177,15.0742],[79.6163,15.0718],[79.6124,15.0655],[79.611,15.0635],[79.6096,15.0597],[79.6097,15.0575],[79.6106,15.0555],[79.6125,15.0543],[79.6155,15.054],[79.6177,15.0532],[79.6202,15.0515],[79.6218,15.05],[79.6241,15.047],[79.6253,15.0448],[79.6263,15.0435],[79.6292,15.0432],[79.6292,15.0342],[79.6275,15.0331],[79.626,15.0326],[79.6238,15.0328],[79.6215,15.0331],[79.6195,15.0335],[79.6166,15.035],[79.6152,15.0367],[79.6134,15.0384],[79.6114,15.0399],[79.6085,15.0405],[79.6051,15.04],[79.6033,15.0387],[79.6018,15.0384],[79.5994,15.0384],[79.5972,15.039],[79.5955,15.0394],[79.5929,15.04],[79.5909,15.0399],[79.5871,15.0393],[79.5852,15.0385],[79.5828,15.0373],[79.581,15.0367],[79.5807,15.0372],[79.5808,15.04],[79.5806,15.0424],[79.5791,15.0428],[79.5771,15.0431],[79.5744,15.0431],[79.5679,15.0431],[79.5652,15.0431],[79.5636,15.0429],[79.5634,15.0414],[79.5632,15.0399],[79.5633,15.0387],[79.5637,15.0369],[79.5636,15.0358],[79.564,15.0341],[79.5619,15.0323],[79.5604,15.0312],[79.5597,15.0304],[79.5592,15.0288],[79.5592,15.0262],[79.5596,15.0231],[79.5591,15.0222],[79.5579,15.0225],[79.5561,15.0227],[79.554,15.0226],[79.5511,15.022],[79.55,15.0221],[79.5493,15.0229],[79.5483,15.0242],[79.5474,15.0246],[79.5463,15.0248],[79.5451,15.025],[79.5436,15.0256],[79.5431,15.0271],[79.5423,15.0283],[79.5411,15.029],[79.5393,15.0299],[79.5372,15.0307],[79.5358,15.0318],[79.5348,15.0334],[79.5341,15.0347],[79.5333,15.0349],[79.5321,15.0351],[79.5314,15.0362],[79.5307,15.0371],[79.5294,15.0378],[79.5274,15.0378],[79.5251,15.0377],[79.5219,15.0378],[79.5209,15.0369],[79.52,15.0366],[79.5192,15.037],[79.5186,15.0381],[79.5178,15.04],[79.517,15.041],[79.5158,15.0426],[79.5137,15.0441],[79.5118,15.0446],[79.5101,15.045],[79.5083,15.0454],[79.5068,15.0459],[79.5058,15.0468],[79.5053,15.0485],[79.5054,15.0512],[79.5059,15.0528],[79.5061,15.0532],[79.5052,15.0538],[79.5042,15.0542],[79.5032,15.0548],[79.5022,15.0557],[79.5008,15.0559],[79.4992,15.056],[79.4962,15.0563],[79.4939,15.0564],[79.4927,15.056],[79.4915,15.056],[79.4906,15.0564],[79.4898,15.0573],[79.4882,15.0577],[79.4836,15.058],[79.4785,15.0577],[79.4767,15.058],[79.4757,15.0589],[79.4748,15.0598],[79.4745,15.0611],[79.4741,15.063],[79.4724,15.0652],[79.4718,15.0664],[79.4705,15.0679],[79.4686,15.0683],[79.4671,15.0681],[79.4658,15.0678],[79.4649,15.0667],[79.4641,15.0653],[79.4629,15.063],[79.4623,15.0621],[79.4612,15.0618],[79.46,15.0619],[79.4589,15.062],[79.4583,15.0626],[79.4576,15.0633],[79.4565,15.0637],[79.4552,15.0641],[79.4542,15.0639],[79.4533,15.0634],[79.4513,15.0628],[79.4492,15.0621],[79.446,15.0599],[79.4434,15.0577],[79.4408,15.0565],[79.4377,15.0555],[79.4348,15.0556],[79.4325,15.0558],[79.4308,15.056],[79.4289,15.0565],[79.4268,15.0572],[79.4251,15.0568],[79.424,15.0566],[79.4224,15.0567],[79.4211,15.0575],[79.4198,15.0581],[79.4187,15.0585],[79.4174,15.0591],[79.4167,15.0598],[79.4164,15.062],[79.4167,15.0642],[79.4174,15.0669],[79.4187,15.0696],[79.4192,15.071],[79.4194,15.0726],[79.4189,15.0735],[79.4177,15.0737],[79.4149,15.0742],[79.4129,15.0747],[79.4109,15.0749],[79.4092,15.0749],[79.4079,15.0753],[79.4065,15.0761],[79.4055,15.0771],[79.4042,15.0782],[79.4024,15.0779],[79.4004,15.0773],[79.3994,15.0765],[79.3981,15.0757],[79.3967,15.0754],[79.3952,15.0752],[79.3935,15.0751],[79.3921,15.0751],[79.3906,15.0752],[79.3904,15.0763],[79.3903,15.0819],[79.3904,15.0844],[79.3915,15.0856],[79.3928,15.0861],[79.3934,15.0869],[79.3937,15.0886],[79.3938,15.0902],[79.3933,15.0911],[79.3919,15.0914],[79.3909,15.0911],[79.3901,15.0902],[79.3897,15.0887],[79.3896,15.0873],[79.3891,15.0862],[79.3882,15.0858],[79.3863,15.0854],[79.3813,15.0854],[79.3773,15.0855],[79.3686,15.0854],[79.3675,15.0856],[79.3651,15.0895],[79.3635,15.0927],[79.3629,15.0949],[79.3614,15.0975],[79.3599,15.0994],[79.3583,15.1005],[79.3578,15.1022],[79.3574,15.1055],[79.3579,15.1073],[79.3585,15.1088],[79.3593,15.11],[79.3597,15.1113],[79.359,15.1123],[79.358,15.1124],[79.3571,15.1122],[79.3562,15.1127],[79.3555,15.1143],[79.3549,15.1155],[79.3529,15.1161],[79.3513,15.1161],[79.3496,15.1156],[79.349,15.1151],[79.349,15.114],[79.3494,15.1131],[79.35,15.112],[79.3506,15.111],[79.3511,15.1101],[79.3515,15.1091],[79.3515,15.1077],[79.3514,15.1071],[79.3511,15.1037],[79.3503,15.1013],[79.3491,15.0992],[79.3488,15.0974],[79.3483,15.0947],[79.3479,15.0933],[79.3475,15.0928],[79.3465,15.0901],[79.3467,15.0878],[79.3458,15.0857],[79.3445,15.0855],[79.3432,15.0856],[79.342,15.0863],[79.3409,15.0876],[79.3394,15.0888],[79.3377,15.0899],[79.3367,15.0903],[79.3332,15.0899],[79.3311,15.09],[79.3299,15.0903],[79.3287,15.091],[79.3283,15.092],[79.3275,15.0938],[79.3271,15.0953],[79.327,15.0967],[79.3271,15.0975],[79.3282,15.0993],[79.329,15.0999],[79.3304,15.0991],[79.3312,15.0984],[79.3325,15.0979],[79.3335,15.0977],[79.3349,15.0978],[79.3358,15.0986],[79.3365,15.0998],[79.3368,15.1016],[79.3374,15.1037],[79.3374,15.1063],[79.3368,15.1078],[79.3364,15.1086],[79.3369,15.1102],[79.3382,15.1117],[79.3383,15.113],[79.3376,15.1146],[79.3362,15.1159],[79.3352,15.1165],[79.3339,15.1159],[79.3332,15.1151],[79.332,15.1147],[79.3282,15.1152],[79.3272,15.1147],[79.3271,15.1136],[79.327,15.1127],[79.327,15.112],[79.3281,15.1116],[79.328,15.111],[79.3275,15.1104],[79.3267,15.1101],[79.3261,15.1099],[79.3255,15.1098],[79.3249,15.1098],[79.3239,15.1094],[79.3232,15.1086],[79.3223,15.1068],[79.3217,15.1057],[79.321,15.1042],[79.3208,15.1033],[79.3202,15.1032],[79.319,15.1033],[79.3181,15.1032],[79.3173,15.1029],[79.3167,15.1023],[79.3158,15.1002],[79.3156,15.0987],[79.3153,15.0978],[79.3148,15.0969],[79.3145,15.096],[79.3145,15.0953],[79.3146,15.0941],[79.3143,15.0925],[79.3137,15.0908],[79.3131,15.0901],[79.3126,15.0898],[79.3117,15.0896],[79.3102,15.0894],[79.3094,15.0886],[79.309,15.0874],[79.3079,15.0867],[79.3078,15.0881],[79.3082,15.0897],[79.3086,15.0907],[79.3093,15.0927],[79.3089,15.0937],[79.3076,15.0943],[79.3058,15.095],[79.3038,15.0957],[79.2991,15.0966],[79.2959,15.0974],[79.2939,15.0977],[79.2919,15.0984],[79.288,15.0988],[79.2848,15.0991],[79.2824,15.0992],[79.2741,15.0993],[79.2704,15.0988],[79.2681,15.0976],[79.2668,15.097],[79.2653,15.0966],[79.265,15.0983],[79.265,15.0996],[79.2656,15.1011],[79.2663,15.1022],[79.2666,15.1035],[79.2661,15.1047],[79.2648,15.1056],[79.2632,15.1064],[79.2619,15.1066],[79.2596,15.1067],[79.2553,15.1067],[79.2533,15.1065],[79.2508,15.1057],[79.2484,15.1049],[79.2462,15.1037],[79.2426,15.1018],[79.2389,15.0994],[79.2304,15.0949],[79.2248,15.0915],[79.2178,15.0876],[79.2148,15.086],[79.2112,15.0856],[79.2051,15.0859],[79.1974,15.0868],[79.1894,15.0871],[79.1832,15.0873],[79.1824,15.0875],[79.1807,15.088],[79.1778,15.0887],[79.1744,15.0896],[79.1694,15.0894],[79.1651,15.0893],[79.1637,15.0904],[79.1627,15.0908],[79.1611,15.091],[79.1599,15.0915],[79.1579,15.0933],[79.1553,15.0961],[79.1535,15.0972],[79.1508,15.0979],[79.1488,15.0981],[79.1467,15.0981],[79.1432,15.0987],[79.1409,15.0996],[79.1388,15.1],[79.1364,15.1011],[79.1323,15.1006],[79.1293,15.1001],[79.1284,15.0992],[79.1282,15.0982],[79.1285,15.0971],[79.129,15.0961],[79.1298,15.0953],[79.1301,15.0941],[79.1302,15.0927],[79.1303,15.091],[79.1303,15.0876],[79.1303,15.0859],[79.1285,15.0855],[79.1258,15.0852],[79.1229,15.0848],[79.1212,15.0846],[79.1188,15.0844],[79.1129,15.0843],[79.1089,15.0844],[79.1028,15.0848],[79.1006,15.0846],[79.1004,15.0826],[79.1002,15.0795],[79.1009,15.0763],[79.1015,15.0743],[79.1014,15.0729],[79.1009,15.0721],[79.0996,15.0712],[79.098,15.0693],[79.0964,15.0682],[79.0948,15.0668],[79.0941,15.066],[79.0939,15.0635],[79.0939,15.0611],[79.0946,15.0544],[79.0942,15.0528],[79.093,15.0513],[79.0902,15.0492],[79.0901,15.0491],[79.0863,15.068],[79.0852,15.0717],[79.0838,15.0755],[79.0831,15.0775],[79.0828,15.0794],[79.083,15.0812],[79.0826,15.0847],[79.0815,15.0868],[79.0809,15.0877],[79.08,15.0894],[79.08,15.0913],[79.08,15.093],[79.0792,15.096],[79.0774,15.0997],[79.0764,15.1034],[79.0761,15.106],[79.0758,15.1099],[79.0742,15.1121],[79.0743,15.1205],[79.0729,15.1237],[79.0732,15.1325],[79.0731,15.1408],[79.0721,15.1497],[79.0735,15.1579],[79.0739,15.1629],[79.0741,15.1655],[79.0763,15.1682],[79.0793,15.1699],[79.081,15.1711],[79.0831,15.1741],[79.0792,15.1743],[79.0723,15.1749],[79.0643,15.1752],[79.0538,15.1768],[79.0414,15.1775],[79.0319,15.1783],[79.0302,15.1785],[79.0227,15.1791],[79.0181,15.1791],[79.0158,15.1787],[79.0139,15.1778],[79.0126,15.1764],[79.0122,15.173],[79.0115,15.1707],[79.0102,15.1694],[79.0088,15.1688],[79.0065,15.1686],[79.0017,15.168],[78.998,15.1681],[78.9969,15.1682],[78.9955,15.1682],[78.9914,15.1686],[78.9891,15.1681],[78.9844,15.1661],[78.9826,15.1654],[78.9802,15.1657],[78.9757,15.1674],[78.9725,15.1689],[78.9705,15.1708],[78.9688,15.1728],[78.9667,15.1738],[78.9632,15.1742],[78.9578,15.1762],[78.9575,15.1791],[78.9569,15.1831],[78.9561,15.1871],[78.9548,15.1918],[78.9531,15.1962],[78.9515,15.1988],[78.9503,15.201],[78.9489,15.2024],[78.948,15.2036],[78.9484,15.2062],[78.9496,15.2111],[78.949,15.2181],[78.9484,15.2221],[78.9482,15.2256],[78.9479,15.2287],[78.9282,15.2289],[78.9275,15.2282],[78.9271,15.2236],[78.9259,15.2193],[78.9241,15.2176],[78.9234,15.2169],[78.9229,15.2143],[78.9227,15.2119],[78.9221,15.2105],[78.9216,15.2091],[78.9218,15.2067],[78.9216,15.2028],[78.9202,15.1992],[78.9197,15.1976],[78.9195,15.1875],[78.9138,15.1876],[78.91,15.1878],[78.9063,15.1879],[78.9054,15.1884],[78.9043,15.1908],[78.9033,15.1917],[78.9005,15.1917],[78.8969,15.1917],[78.8941,15.1916],[78.8917,15.192],[78.8903,15.1923],[78.8878,15.194],[78.8842,15.1944],[78.8774,15.1946],[78.8725,15.1977],[78.8667,15.1975],[78.8568,15.198],[78.8518,15.1983],[78.8408,15.1984],[78.8341,15.1986],[78.8249,15.1989],[78.8162,15.1989],[78.7985,15.1995],[78.7778,15.2],[78.7737,15.1973],[78.7679,15.1923],[78.7616,15.1877],[78.7583,15.1851],[78.7487,15.183],[78.7452,15.1826],[78.7421,15.1823],[78.7405,15.187],[78.7379,15.1956],[78.7368,15.1996],[78.7367,15.2036],[78.7368,15.2127],[78.7367,15.2279],[78.7366,15.2433],[78.737,15.2447],[78.7379,15.2474],[78.7388,15.2525],[78.7388,15.2562],[78.7393,15.2687],[78.7393,15.2791],[78.7381,15.2808],[78.7379,15.2929],[78.7379,15.3139],[78.737,15.3243],[78.7365,15.3282],[78.7381,15.3337],[78.7397,15.3375],[78.741,15.3425],[78.7424,15.3534],[78.7463,15.3637],[78.7487,15.3705],[78.7539,15.3812],[78.7605,15.3938],[78.7672,15.4097],[78.7698,15.4172],[78.771,15.4216],[78.7709,15.4227],[78.7703,15.4401],[78.7696,15.4594],[78.77,15.4708],[78.7719,15.4878],[78.775,15.5085],[78.7758,15.5148],[78.7753,15.5194],[78.7765,15.5433],[78.7753,15.5502],[78.7754,15.5629],[78.7742,15.5677],[78.7733,15.577],[78.7719,15.5853],[78.7718,15.5971],[78.7704,15.6057],[78.7702,15.6198],[78.7694,15.6328],[78.7696,15.6346],[78.7705,15.6449],[78.7711,15.6653],[78.773,15.6714],[78.776,15.6883],[78.7801,15.7084],[78.7836,15.7288],[78.7884,15.7537],[78.7907,15.7615],[78.7912,15.7638],[78.7948,15.784],[78.7959,15.7903],[78.7988,15.8083],[78.8036,15.8347],[78.8082,15.8596],[78.8105,15.8681],[78.8232,15.8873],[78.8371,15.9072],[78.8455,15.9143],[78.8646,15.9327],[78.8801,15.9442],[78.8972,15.9578],[78.9104,15.9679],[78.9116,15.9707],[78.9133,15.9831],[78.9172,16.011],[78.9222,16.0381],[78.923,16.0428],[78.9266,16.0633],[78.9282,16.0753],[78.9309,16.0932],[78.9296,16.099],[78.9258,16.1146],[78.9234,16.1243],[78.9228,16.127],[78.9233,16.1284],[78.9244,16.1306],[78.9245,16.132],[78.9248,16.134],[78.9246,16.1357],[78.9243,16.1372],[78.924,16.1383],[78.9232,16.1398],[78.9221,16.141],[78.9212,16.1421],[78.9196,16.1437],[78.9178,16.1454],[78.916,16.1475],[78.9153,16.1487],[78.9147,16.1509],[78.9141,16.1531],[78.9137,16.1553],[78.9131,16.1573],[78.9128,16.1591],[78.9115,16.1629],[78.911,16.1639],[78.9099,16.1667],[78.9085,16.1693],[78.9068,16.1713],[78.9056,16.1737],[78.905,16.1752],[78.9041,16.178],[78.904,16.1794],[78.9041,16.1802],[78.9045,16.1816],[78.9052,16.183],[78.906,16.1842],[78.9069,16.1852],[78.9079,16.1861],[78.9086,16.1868],[78.9105,16.188],[78.9121,16.1892],[78.9128,16.1895],[78.9149,16.1907],[78.9175,16.1919],[78.9204,16.1935],[78.9236,16.1956],[78.9276,16.198],[78.9309,16.1996],[78.935,16.201],[78.9396,16.2023],[78.9441,16.2029],[78.9476,16.2039],[78.9525,16.206],[78.9576,16.2085],[78.9617,16.2099],[78.966,16.2111],[78.9698,16.2116],[78.9726,16.2113],[78.9735,16.2114],[78.9741,16.2113],[78.9752,16.211],[78.9769,16.2107],[78.9789,16.2107],[78.9813,16.2107],[78.9832,16.2108],[78.9857,16.2113],[78.988,16.2125],[78.9909,16.2154],[78.9946,16.2203],[78.9994,16.2259],[79.0002,16.2273],[79.0003,16.2276],[79.0014,16.2295],[79.0032,16.2319],[79.0046,16.2344],[79.0059,16.2368],[79.0078,16.2395],[79.009,16.2406],[79.0111,16.2417],[79.0131,16.2424],[79.0154,16.2427],[79.0186,16.2429],[79.0219,16.2429],[79.0253,16.2431],[79.0269,16.2432],[79.0283,16.2433],[79.0307,16.2429],[79.0328,16.2425],[79.0347,16.242],[79.0363,16.2417],[79.0378,16.2415],[79.0405,16.2409],[79.0437,16.2403],[79.0455,16.2402],[79.0464,16.2401],[79.0474,16.24],[79.0491,16.2398],[79.0523,16.2394],[79.0542,16.2389],[79.0562,16.238],[79.0578,16.2371],[79.059,16.2364],[79.0604,16.2355],[79.0647,16.2318],[79.0672,16.2299],[79.07,16.2282],[79.0714,16.2274],[79.0733,16.2275],[79.0748,16.2278],[79.0768,16.2287],[79.0783,16.2298],[79.0797,16.2303],[79.081,16.2307],[79.0823,16.231],[79.084,16.231],[79.0857,16.2305],[79.0869,16.2297],[79.0904,16.2273],[79.0932,16.2261],[79.0936,16.2259],[79.0942,16.2256],[79.0973,16.2245],[79.0993,16.2239],[79.1022,16.224],[79.104,16.2245],[79.1057,16.2264],[79.1081,16.2289],[79.1107,16.2306],[79.1138,16.2317],[79.1176,16.2326],[79.1203,16.2329],[79.1222,16.2327],[79.1242,16.2317],[79.1266,16.23],[79.1276,16.2294],[79.131,16.2263],[79.1331,16.2246],[79.1352,16.2234],[79.1391,16.2209],[79.1422,16.2184],[79.1435,16.2172],[79.147,16.2145],[79.1511,16.2126],[79.1551,16.2111],[79.1567,16.2108],[79.1578,16.2104],[79.1595,16.2101],[79.1599,16.2101],[79.1615,16.21],[79.1656,16.2107],[79.1698,16.2115],[79.1734,16.2124],[79.1744,16.2127],[79.1754,16.2128],[79.1791,16.2139],[79.1828,16.2155],[79.1856,16.2162],[79.1892,16.217],[79.1918,16.2176],[79.1947,16.2187],[79.2075,16.2223],[79.2114,16.2247],[79.2138,16.2271],[79.2164,16.2261],[79.218,16.2248],[79.2156,16.1852],[79.2174,16.1739],[79.2213,16.1637],[79.2318,16.1695],[79.2384,16.1731],[79.2488,16.1789],[79.2588,16.1935],[79.3259,16.2287],[79.3715,16.2329],[79.4477,16.3031],[79.4724,16.2911],[79.4849,16.2917],[79.5003,16.2903],[79.5277,16.2972],[79.5374,16.3064],[79.5403,16.2998],[79.5415,16.2972],[79.5498,16.2851],[79.5616,16.2798],[79.5667,16.2761],[79.562,16.2628],[79.5602,16.2415],[79.5624,16.2377],[79.5629,16.2236],[79.5578,16.2208],[79.5563,16.2139],[79.5608,16.205],[79.5588,16.1947],[79.5556,16.1888],[79.5521,16.1844],[79.5522,16.1804],[79.5508,16.1788],[79.5463,16.1735],[79.5413,16.1723],[79.5384,16.1714],[79.5377,16.1694],[79.536,16.1646],[79.5372,16.1602],[79.5397,16.1586],[79.54,16.1475],[79.5369,16.1433],[79.5386,16.1346],[79.545,16.1209],[79.5503,16.1153],[79.5542,16.1124],[79.5525,16.1089],[79.5554,16.1007],[79.5537,16.0931],[79.5529,16.0857],[79.5491,16.0784],[79.5468,16.0769],[79.5466,16.0724],[79.5488,16.0636],[79.5495,16.061],[79.5526,16.0557],[79.5529,16.0503],[79.5577,16.0431],[79.5635,16.0329],[79.5623,16.0281],[79.5672,16.0182],[79.5629,16.0123],[79.5673,16.0093],[79.5724,16.0051],[79.5719,16.002],[79.5684,15.9838],[79.5622,15.9723],[79.5598,15.9634],[79.5612,15.9548],[79.5593,15.9487],[79.5725,15.9375],[79.5888,15.9407],[79.6028,15.9389],[79.6087,15.9354],[79.6153,15.9327],[79.6126,15.9233],[79.6111,15.9225],[79.6245,15.9147],[79.6357,15.9073],[79.6493,15.9135],[79.655,15.9204],[79.6625,15.9175],[79.6695,15.9112],[79.671,15.907],[79.6749,15.9035],[79.6816,15.9029],[79.6859,15.8982],[79.6897,15.8994],[79.6945,15.895],[79.6904,15.8851],[79.6879,15.876],[79.6899,15.8761],[79.6947,15.8764],[79.7148,15.8678],[79.7192,15.86],[79.7201,15.8515],[79.7165,15.8436],[79.7109,15.8376],[79.7162,15.8355],[79.7259,15.8363],[79.7339,15.8352],[79.7373,15.8279],[79.7433,15.8257],[79.7504,15.8257],[79.7622,15.8239],[79.7657,15.8271],[79.7708,15.8251],[79.771,15.8343],[79.7722,15.8427],[79.7545,15.8478],[79.7524,15.8561],[79.747,15.8589],[79.7544,15.8709],[79.7545,15.8873],[79.7562,15.9],[79.7624,15.9009],[79.7683,15.9075],[79.7741,15.9073],[79.7855,15.9185],[79.7876,15.9296],[79.7913,15.9413],[79.815,15.9368],[79.8349,15.9317],[79.8481,15.9287],[79.8476,15.9226],[79.8704,15.9163],[79.8778,15.9253],[79.8795,15.9223],[79.8796,15.921],[79.88,15.9196],[79.8837,15.9197],[79.8843,15.9185],[79.8843,15.9166],[79.885,15.9147],[79.8866,15.9126],[79.8913,15.9092],[79.8949,15.9037],[79.8983,15.8961],[79.9042,15.89],[79.9075,15.885],[79.9122,15.8824],[79.9177,15.8804],[79.9282,15.8779],[79.9316,15.8743],[79.9355,15.8692],[79.9371,15.8657],[79.9375,15.858],[79.939,15.8565],[79.9429,15.8567],[79.9477,15.8581],[79.9492,15.8557],[79.95,15.8526],[79.9493,15.8492],[79.9462,15.8459],[79.9442,15.8402],[79.9445,15.8372],[79.9458,15.8337],[79.944,15.8329],[79.9406,15.8326],[79.9369,15.8308],[79.9346,15.8291],[79.9302,15.8279],[79.9284,15.8276],[79.9249,15.829],[79.9208,15.8296],[79.9205,15.8279],[79.9181,15.8141],[79.9172,15.8073],[79.918,15.7947],[79.9171,15.7892],[79.9143,15.7815],[79.914,15.7778],[79.9133,15.7756],[79.9119,15.772],[79.9107,15.7693],[79.9096,15.7672],[79.9087,15.7653],[79.9113,15.7601],[79.9168,15.7564],[79.92,15.7524],[79.9205,15.7496],[79.9205,15.7464],[79.9193,15.7411],[79.9168,15.7368],[79.9146,15.7358],[79.9121,15.7347],[79.9095,15.7341],[79.9078,15.7334],[79.9068,15.73],[79.9052,15.7238],[79.9033,15.7222],[79.9009,15.7199],[79.8986,15.7185],[79.896,15.7168],[79.8933,15.7154],[79.8918,15.7137],[79.8907,15.7114],[79.8913,15.7102],[79.8938,15.7084],[79.8967,15.7051],[79.8998,15.7026],[79.9025,15.7019],[79.9043,15.7022],[79.906,15.7032],[79.9083,15.704],[79.9106,15.7031],[79.9146,15.7001],[79.9191,15.6971],[79.9227,15.6945],[79.9267,15.6916],[79.9315,15.6906],[79.9358,15.689],[79.9389,15.6887],[79.9391,15.6915],[79.9393,15.6942],[79.9399,15.6967],[79.9412,15.6981],[79.944,15.6989],[79.9459,15.6997],[79.9478,15.7001],[79.9495,15.7008],[79.9509,15.7032],[79.9525,15.7071],[79.955,15.7093],[79.9576,15.7103],[79.9597,15.7107],[79.9614,15.711],[79.9645,15.7101],[79.9672,15.7103],[79.9678,15.7131],[79.9691,15.7168],[79.9702,15.7153],[79.9705,15.7141],[79.9712,15.7119],[79.9715,15.7106],[79.9719,15.7088],[79.9728,15.7067],[79.9742,15.7038],[79.9768,15.7019],[79.978,15.7016],[79.9802,15.7017],[79.9831,15.7019],[79.99,15.7019],[79.9924,15.7014],[79.9958,15.7003],[79.9979,15.699],[80.0026,15.6958],[80.0065,15.6944],[80.0101,15.6933],[80.0128,15.6932],[80.0153,15.6925],[80.0168,15.6919],[80.0172,15.6907],[80.0174,15.6883],[80.0191,15.6873],[80.0228,15.6868],[80.0245,15.6867],[80.0246,15.6921],[80.0266,15.6942],[80.0302,15.6995],[80.032,15.703],[80.0357,15.7088],[80.0421,15.7061],[80.0469,15.7032],[80.0523,15.6991],[80.0541,15.6954],[80.0575,15.6954],[80.0611,15.6954],[80.0646,15.6947],[80.0677,15.6939],[80.0686,15.6929],[80.0696,15.6851],[80.0723,15.684],[80.0753,15.6846],[80.0779,15.6858],[80.0847,15.6881],[80.0883,15.6875],[80.0947,15.6847],[80.0999,15.6829],[80.0962,15.6772],[80.1044,15.6747],[80.1103,15.6734],[80.1138,15.6722],[80.1193,15.6697],[80.1228,15.6703],[80.1272,15.6785],[80.1293,15.6831],[80.1245,15.6846],[80.122,15.6847],[80.1174,15.6877],[80.1147,15.6894],[80.1126,15.6921],[80.1127,15.6939],[80.1126,15.697],[80.1124,15.7019],[80.1236,15.7022],[80.1279,15.7009],[80.131,15.6974],[80.1353,15.6928],[80.139,15.692],[80.1405,15.6963],[80.1412,15.6988],[80.1467,15.6996],[80.1515,15.6991],[80.1553,15.7053],[80.1631,15.7179],[80.1655,15.7266],[80.171,15.7241],[80.1733,15.7267],[80.1774,15.734],[80.1838,15.7368],[80.1849,15.7396],[80.1862,15.7438],[80.1883,15.7499],[80.1897,15.7535],[80.1883,15.7566],[80.1874,15.7586],[80.196,15.7681],[80.2008,15.7667],[80.2049,15.7643],[80.2132,15.7732],[80.2234,15.7827],[80.2244,15.7865],[80.2261,15.7932],[80.2261,15.7944],[80.2256,15.7964],[80.2246,15.7985],[80.2245,15.8037],[80.2253,15.8081],[80.2271,15.8075],[80.2284,15.8069],[80.2315,15.8055],[80.2353,15.8038],[80.2379,15.8027],[80.24,15.802],[80.2432,15.801],[80.246,15.7999],[80.248,15.7987],[80.2505,15.7957],[80.2562,15.7919],[80.2595,15.7895],[80.2648,15.7864],[80.2701,15.7836],[80.2716,15.7823],[80.2728,15.781],[80.2727,15.7796],[80.272,15.7784],[80.2702,15.7764],[80.269,15.7749],[80.27,15.7734],[80.2713,15.7721],[80.2636,15.7643],[80.2576,15.7565],[80.2507,15.7613],[80.2433,15.7655],[80.2345,15.7714],[80.2289,15.7752],[80.2236,15.7702],[80.2202,15.7647],[80.2158,15.7593],[80.2122,15.7523],[80.2083,15.7444],[80.2057,15.7383],[80.2039,15.7347],[80.2003,15.7335],[80.1973,15.73],[80.1982,15.7281],[80.1985,15.7254],[80.1961,15.7226],[80.1916,15.7162],[80.189,15.7117],[80.1912,15.709],[80.1929,15.7054],[80.1947,15.7026],[80.1944,15.699],[80.1886,15.6888],[80.1842,15.6863],[80.1831,15.6881],[80.1807,15.6885],[80.1792,15.686],[80.1791,15.6824],[80.1769,15.6707],[80.17,15.6526],[80.1717,15.6475],[80.1757,15.6447],[80.1776,15.6421],[80.1791,15.6398],[80.1793,15.6374],[80.1783,15.6358],[80.1753,15.6332],[80.1747,15.6321],[80.1747,15.6264],[80.177,15.6232],[80.1793,15.6215],[80.1842,15.6209],[80.1896,15.6208],[80.1972,15.6201],[80.2016,15.6194],[80.2056,15.619],[80.2133,15.6166],[80.223,15.6156],[80.2297,15.6142],[80.2354,15.6132],[80.2424,15.6127],[80.242,15.6116],[80.2417,15.6107],[80.2416,15.6105],[80.2415,15.6102],[80.2411,15.6091],[80.2404,15.6068],[80.2403,15.6064],[80.24,15.6051],[80.2394,15.6035],[80.239,15.6024],[80.2388,15.6014],[80.2386,15.6009],[80.2385,15.6007],[80.238,15.6004],[80.2379,15.6002],[80.2375,15.5999],[80.2375,15.5989],[80.2376,15.5987],[80.2376,15.5983],[80.2375,15.5978],[80.2373,15.5969],[80.237,15.5961],[80.2367,15.5952],[80.2365,15.5944],[80.2361,15.5933],[80.2359,15.5929],[80.2357,15.5921],[80.2355,15.5916],[80.2352,15.5906],[80.2348,15.5894],[80.2346,15.5887],[80.2343,15.5877],[80.234,15.5866],[80.2336,15.5852],[80.2334,15.5847],[80.2331,15.5837],[80.2329,15.583],[80.2326,15.5817],[80.2324,15.5811],[80.232,15.5797],[80.232,15.5793],[80.2316,15.578],[80.2314,15.5773],[80.231,15.5758],[80.2308,15.5749],[80.2306,15.5744],[80.2302,15.5729],[80.2301,15.5724],[80.2297,15.571],[80.2293,15.5693],[80.229,15.5679],[80.2289,15.567],[80.2286,15.5656],[80.2284,15.5636],[80.2282,15.5619],[80.2281,15.5605],[80.2281,15.5602],[80.2278,15.5592],[80.2273,15.5586],[80.2268,15.5581],[80.2264,15.5575],[80.2262,15.557],[80.2261,15.5566],[80.2262,15.5562],[80.2265,15.5556],[80.2266,15.5553],[80.2266,15.555],[80.2266,15.5547],[80.2267,15.5532],[80.2269,15.5521],[80.2272,15.551],[80.2275,15.5499],[80.228,15.5482],[80.2283,15.5472],[80.2283,15.5469],[80.2295,15.5449],[80.2307,15.5423],[80.2308,15.5413],[80.2307,15.5405],[80.2305,15.5398],[80.2299,15.5385],[80.2297,15.5381],[80.2292,15.5371],[80.2286,15.5361],[80.2279,15.535],[80.2272,15.534],[80.2266,15.5331],[80.2263,15.5327],[80.2258,15.5319],[80.2254,15.5314],[80.2247,15.5303],[80.2243,15.5296],[80.2236,15.5288],[80.2229,15.5276],[80.2221,15.5262],[80.2213,15.5249],[80.221,15.5243],[80.2205,15.5235],[80.22,15.5225],[80.2196,15.5219],[80.2194,15.5215],[80.219,15.5207],[80.2187,15.52],[80.2184,15.5195],[80.2181,15.5189],[80.2178,15.518],[80.2177,15.5178],[80.2176,15.5173],[80.2174,15.5168],[80.2172,15.5162],[80.2169,15.5154],[80.2167,15.515],[80.2165,15.5147],[80.2164,15.514],[80.2163,15.5139],[80.2161,15.5131],[80.2159,15.5128],[80.2157,15.5123],[80.2156,15.5118],[80.2156,15.5108],[80.2155,15.5091],[80.2152,15.5068],[80.2151,15.5062],[80.2153,15.5056],[80.2155,15.5049],[80.2158,15.5027],[80.2159,15.5026],[80.2161,15.5025],[80.2161,15.5022],[80.2162,15.5019],[80.2162,15.5016],[80.2161,15.5012],[80.2159,15.5006],[80.2158,15.5002],[80.2156,15.4995],[80.2154,15.499],[80.215,15.4983],[80.2148,15.4976],[80.2145,15.4971],[80.2144,15.4967],[80.2141,15.496],[80.2137,15.4951],[80.2134,15.4944],[80.2131,15.4935],[80.2127,15.4925],[80.2123,15.4919],[80.2121,15.4911],[80.2115,15.49],[80.2113,15.4895],[80.2111,15.4889],[80.2107,15.4878],[80.2105,15.4869],[80.21,15.4853],[80.2097,15.4843],[80.2093,15.483],[80.2088,15.4813],[80.2084,15.4805],[80.2081,15.4798],[80.2078,15.4792],[80.2073,15.4783],[80.2066,15.4767],[80.2061,15.4756],[80.2058,15.475],[80.2053,15.474],[80.205,15.4734],[80.2044,15.4723],[80.2041,15.4718],[80.2039,15.4714],[80.2036,15.4709],[80.2033,15.4705],[80.2029,15.4698],[80.2025,15.4692],[80.2023,15.4689],[80.202,15.4683],[80.2013,15.467],[80.2012,15.4666],[80.2009,15.466],[80.2008,15.4656],[80.2007,15.4651],[80.2007,15.4649],[80.2006,15.4646],[80.2003,15.4642],[80.2001,15.464],[80.1996,15.4635],[80.1995,15.4633],[80.1989,15.4625],[80.1986,15.4622],[80.1984,15.4619],[80.198,15.4613],[80.1973,15.4603],[80.197,15.4598],[80.1963,15.4589],[80.1957,15.458],[80.1952,15.4573],[80.194,15.4558],[80.1937,15.4553],[80.1929,15.4543],[80.1922,15.4534],[80.1916,15.4526],[80.1912,15.4521],[80.1909,15.4517],[80.1903,15.451],[80.1891,15.4494],[80.1885,15.4487],[80.1877,15.4475],[80.1874,15.4472],[80.1871,15.4469],[80.1866,15.4463],[80.1859,15.4454],[80.1852,15.4446],[80.1847,15.4439],[80.1844,15.4435],[80.1832,15.4422],[80.1829,15.4418],[80.1824,15.4411],[80.1816,15.4402],[80.1814,15.44],[80.1807,15.4393],[80.1801,15.4385],[80.1797,15.4381],[80.1786,15.4368],[80.1779,15.4361],[80.1768,15.4349],[80.1764,15.4344],[80.1759,15.4339],[80.1756,15.4335],[80.1753,15.4331],[80.175,15.4328],[80.1741,15.4319],[80.1733,15.431],[80.1727,15.4304],[80.1722,15.4298],[80.1715,15.429],[80.171,15.4285],[80.1704,15.4279],[80.1698,15.4272],[80.1693,15.4267],[80.169,15.4264],[80.1687,15.426],[80.1683,15.4256],[80.1678,15.425],[80.1663,15.4234],[80.1657,15.4227],[80.1651,15.4221],[80.1644,15.4214],[80.1641,15.4211],[80.1638,15.4206],[80.1632,15.4199],[80.1627,15.4195],[80.1624,15.4192],[80.1622,15.4188],[80.1617,15.4183],[80.1613,15.4179],[80.1605,15.417],[80.1601,15.4165],[80.1593,15.4155],[80.1587,15.4149],[80.1577,15.4137],[80.1572,15.4132],[80.156,15.4118],[80.1558,15.4116],[80.1557,15.4114],[80.1555,15.4112],[80.1552,15.4109],[80.1546,15.4102],[80.1542,15.4098],[80.1539,15.4094],[80.1535,15.4089],[80.1533,15.4087],[80.153,15.4084],[80.1528,15.4081],[80.1522,15.4073],[80.1519,15.407],[80.1516,15.4067],[80.151,15.4059],[80.1504,15.4052],[80.1502,15.405],[80.1497,15.4045],[80.149,15.4035],[80.1485,15.4029],[80.148,15.4023],[80.1474,15.4016],[80.1467,15.4007],[80.1464,15.4003],[80.1456,15.3995],[80.1448,15.3985],[80.1446,15.3982],[80.144,15.3975],[80.1435,15.3968],[80.1429,15.396],[80.1423,15.3953],[80.1415,15.3943],[80.1408,15.3936],[80.1408,15.3935],[80.1401,15.3925],[80.1395,15.3918],[80.139,15.3912],[80.1386,15.3906],[80.1382,15.39],[80.1376,15.3893],[80.1369,15.3883],[80.1364,15.3876],[80.1359,15.387],[80.1355,15.3864],[80.1351,15.3859],[80.1343,15.385],[80.134,15.3844],[80.1334,15.3836],[80.1325,15.3824],[80.1321,15.3818],[80.1316,15.3811],[80.131,15.3802],[80.1303,15.3793],[80.1296,15.3782],[80.1287,15.3768],[80.1283,15.3762],[80.1275,15.3751],[80.1272,15.3747],[80.1266,15.3739],[80.1264,15.3736],[80.1261,15.3731],[80.1259,15.3728],[80.1246,15.371],[80.1241,15.3701],[80.1239,15.3698],[80.123,15.3685],[80.1228,15.3681],[80.1221,15.367],[80.1216,15.3662],[80.1211,15.3654],[80.1202,15.364],[80.1197,15.3632],[80.1191,15.3622],[80.1189,15.3617],[80.1187,15.3614],[80.1182,15.3606],[80.1177,15.3597],[80.1175,15.3594],[80.1171,15.3588],[80.1167,15.358],[80.116,15.3568],[80.1158,15.3565],[80.1152,15.3554],[80.1139,15.3529],[80.1135,15.3521],[80.1132,15.3515],[80.1125,15.3501],[80.1123,15.3495],[80.1117,15.3485],[80.1115,15.3478],[80.1111,15.3468],[80.1105,15.3454],[80.11,15.3442],[80.1096,15.3432],[80.109,15.3414],[80.1087,15.3405],[80.1083,15.3394],[80.1082,15.3389],[80.1079,15.3368],[80.1077,15.3358],[80.1075,15.335],[80.1073,15.3337],[80.1071,15.3327],[80.1068,15.3314],[80.1067,15.3308],[80.1065,15.3303],[80.1065,15.3297],[80.1065,15.3292],[80.1064,15.3287],[80.1062,15.3279],[80.1061,15.3276],[80.106,15.3271],[80.1058,15.326],[80.1056,15.3246],[80.1056,15.3241],[80.1053,15.3237],[80.1051,15.3234],[80.1051,15.3229],[80.105,15.3223],[80.1051,15.3218],[80.1051,15.3214],[80.105,15.321],[80.1045,15.3197],[80.1041,15.3187],[80.1033,15.317],[80.1031,15.3166],[80.1028,15.3159],[80.1022,15.3146],[80.1016,15.3135],[80.0994,15.3095],[80.0987,15.3083],[80.0983,15.3076],[80.0976,15.3064],[80.0973,15.3058],[80.0971,15.3053],[80.0967,15.3046],[80.0963,15.3039],[80.0959,15.303],[80.0956,15.3024],[80.0953,15.3017],[80.0949,15.3009],[80.0946,15.3004],[80.0942,15.2996],[80.094,15.299],[80.0936,15.2982],[80.0933,15.2976],[80.093,15.2968],[80.0928,15.2964],[80.0925,15.2953],[80.0923,15.2948],[80.0923,15.2947],[80.0922,15.2947],[80.0921,15.2942],[80.0918,15.2936],[80.0915,15.2928],[80.0912,15.2921],[80.091,15.2914],[80.0905,15.29],[80.0902,15.2893],[80.0899,15.2884],[80.0897,15.2877],[80.0895,15.2871],[80.0892,15.2864],[80.0888,15.2851],[80.0885,15.2842],[80.0883,15.2837],[80.0878,15.2821],[80.0874,15.2805],[80.0872,15.2799],[80.0869,15.2787],[80.0866,15.2776],[80.0864,15.2768],[80.0861,15.2757],[80.0859,15.2747],[80.0854,15.273],[80.0853,15.2725],[80.0852,15.2721],[80.0851,15.2717],[80.0849,15.2705],[80.0848,15.2702],[80.0847,15.2698],[80.0846,15.2692],[80.0845,15.2688],[80.0845,15.2684],[80.0844,15.2681],[80.0844,15.2679],[80.0844,15.2675],[80.0843,15.2672],[80.0843,15.2668],[80.0842,15.2667],[80.0841,15.2658],[80.0839,15.263],[80.0838,15.2623],[80.0837,15.2616],[80.0836,15.2602],[80.0835,15.2598],[80.0835,15.2594],[80.0835,15.2588],[80.0835,15.258],[80.0835,15.2577],[80.0835,15.257],[80.0835,15.2563],[80.0836,15.2559],[80.0835,15.2554],[80.0835,15.2551],[80.0835,15.2548],[80.0835,15.2543],[80.0836,15.2537],[80.0836,15.2532],[80.0836,15.2527],[80.0837,15.2524],[80.0838,15.2517],[80.0838,15.2515],[80.0839,15.2509],[80.084,15.2505],[80.084,15.2502],[80.084,15.2499],[80.084,15.2495],[80.0841,15.249],[80.0841,15.2487],[80.0842,15.2484],[80.0842,15.2482],[80.0842,15.248],[80.0842,15.2478],[80.0843,15.2472],[80.0844,15.2469],[80.0844,15.2466],[80.0844,15.2463],[80.0844,15.246],[80.0845,15.2457],[80.0845,15.2453],[80.0846,15.2449],[80.0847,15.2446],[80.0847,15.2443],[80.0849,15.2438],[80.085,15.2433],[80.0851,15.243],[80.0853,15.2427],[80.0854,15.2425],[80.0854,15.2423],[80.0855,15.2416],[80.0855,15.2414],[80.0857,15.2411],[80.0858,15.2407],[80.0858,15.2404],[80.0858,15.2398],[80.0858,15.2397],[80.0859,15.2392],[80.086,15.2386],[80.0861,15.2377],[80.0861,15.2375],[80.0862,15.2368],[80.0863,15.2357],[80.0864,15.2353],[80.0864,15.235],[80.0865,15.2346],[80.0866,15.2341],[80.0867,15.2336],[80.0867,15.2328],[80.0867,15.2323],[80.0866,15.2317],[80.0867,15.2311],[80.0868,15.2301],[80.0868,15.2291],[80.087,15.2276],[80.087,15.2271],[80.087,15.2265],[80.0872,15.226],[80.0873,15.2256],[80.0873,15.2249],[80.0873,15.2246],[80.0875,15.2231],[80.0876,15.2225],[80.0876,15.2218],[80.0876,15.2201],[80.0876,15.2194],[80.0876,15.2187],[80.0876,15.2185],[80.0874,15.2175],[80.0874,15.217],[80.0874,15.2164],[80.0814,15.2158],[80.0776,15.2143],[80.0758,15.2141],[80.0729,15.2155],[80.0702,15.2148],[80.0695,15.2121],[80.0696,15.2096],[80.0703,15.2072],[80.0714,15.2042],[80.0711,15.2031],[80.0682,15.2023],[80.0653,15.204],[80.0613,15.2044],[80.0589,15.2048],[80.0575,15.2059],[80.0561,15.2073],[80.0545,15.2087],[80.0521,15.2106],[80.0466,15.2128],[80.0405,15.2162],[80.0293,15.2156],[80.0275,15.2152],[80.0256,15.214],[80.0239,15.2129],[80.0212,15.2128],[80.0194,15.2136],[80.0158,15.2151],[80.0143,15.2132],[80.0124,15.2081],[80.0114,15.2068],[80.0087,15.2024],[80.0088,15.1987],[80.0074,15.1981],[80.0043,15.1985],[80.0028,15.1996],[80.0012,15.202],[79.9983,15.2032],[79.9963,15.2024],[79.9918,15.1984],[79.9879,15.1975],[79.9827,15.1972],[79.9778,15.1981],[79.9775,15.2026],[79.9773,15.2067],[79.9744,15.2087],[79.9731,15.2103],[79.973,15.2128],[79.9724,15.2159],[79.9733,15.2195],[79.9743,15.2231],[79.9752,15.2269],[79.9758,15.2321],[79.9772,15.2414],[79.9761,15.2434],[79.9761,15.2463],[79.9766,15.2496],[79.9781,15.2538],[79.9803,15.2588],[79.9818,15.262],[79.984,15.267],[79.985,15.2694],[79.9853,15.2726],[79.9821,15.2741],[79.9756,15.2769],[79.9689,15.2806],[79.9601,15.2881],[79.958,15.2892],[79.9557,15.2894],[79.9543,15.2901],[79.9534,15.2933],[79.9533,15.2959],[79.9539,15.2983],[79.955,15.2998],[79.9559,15.3055],[79.9568,15.3087],[79.9584,15.3115],[79.9591,15.3136],[79.9588,15.3156],[79.9442,15.3156],[79.9403,15.3124],[79.9403,15.308],[79.9394,15.3045],[79.9375,15.3013],[79.9347,15.3002],[79.931,15.2994],[79.9268,15.299],[79.9232,15.2989],[79.9197,15.2989],[79.9189,15.299],[79.9186,15.3032],[79.9187,15.3081],[79.9182,15.3117],[79.918,15.3126],[79.9143,15.3167],[79.9132,15.3197],[79.9139,15.3226],[79.9137,15.3248],[79.9127,15.3268],[79.911,15.3272],[79.9095,15.3283],[79.908,15.3261],[79.9061,15.3189],[79.905,15.3161],[79.9016,15.3108],[79.8978,15.3075],[79.8971,15.3046],[79.8953,15.3021],[79.8927,15.3012],[79.8896,15.3025],[79.8891,15.3055],[79.8882,15.3092],[79.886,15.3137],[79.8806,15.316],[79.8737,15.313],[79.8655,15.3097]]]}},{"type":"Feature","properties":{"district":"YSR","district_hi":"वाईएसआर कडपा"},"geometry":{"type":"Polygon","coordinates":[[[79.2437,14.5885],[79.2443,14.5864],[79.2471,14.5821],[79.2473,14.5803],[79.2473,14.5756],[79.2488,14.5711],[79.2516,14.5663],[79.255,14.561],[79.2579,14.5566],[79.2607,14.5549],[79.264,14.5535],[79.2669,14.552],[79.2686,14.5498],[79.2711,14.5436],[79.2752,14.5373],[79.2787,14.5325],[79.2798,14.527],[79.2808,14.522],[79.2822,14.5175],[79.2849,14.5125],[79.2863,14.5068],[79.288,14.5004],[79.2896,14.498],[79.2918,14.4961],[79.293,14.4948],[79.2935,14.4851],[79.2891,14.4802],[79.2819,14.4746],[79.2824,14.4597],[79.2809,14.456],[79.2805,14.4543],[79.2815,14.4516],[79.2846,14.4492],[79.2838,14.4476],[79.2813,14.4462],[79.2773,14.4482],[79.2726,14.4486],[79.2669,14.4476],[79.2524,14.444],[79.2414,14.4409],[79.2399,14.4368],[79.2386,14.4319],[79.2364,14.4225],[79.2327,14.4166],[79.2316,14.4149],[79.2288,14.4114],[79.2241,14.4079],[79.2166,14.4031],[79.2109,14.3996],[79.2047,14.3976],[79.2028,14.3962],[79.2026,14.3948],[79.2055,14.3927],[79.2059,14.3903],[79.2046,14.389],[79.2013,14.3877],[79.1986,14.387],[79.1971,14.3877],[79.1948,14.3886],[79.1912,14.3875],[79.1884,14.3865],[79.1845,14.3856],[79.1813,14.3829],[79.178,14.3777],[79.1703,14.3658],[79.1644,14.3575],[79.16,14.3566],[79.1564,14.357],[79.1539,14.3588],[79.1507,14.3615],[79.1459,14.3666],[79.1434,14.3698],[79.1413,14.3713],[79.1393,14.3714],[79.1361,14.3702],[79.1344,14.3699],[79.1273,14.372],[79.1239,14.3717],[79.1215,14.3713],[79.1212,14.3696],[79.123,14.3678],[79.1233,14.366],[79.1222,14.3638],[79.1209,14.3617],[79.1206,14.3592],[79.1228,14.3563],[79.1257,14.3486],[79.1311,14.3394],[79.1334,14.3355],[79.1369,14.3334],[79.1403,14.3317],[79.1441,14.3307],[79.1493,14.3299],[79.1531,14.3289],[79.1547,14.3276],[79.1559,14.3173],[79.153,14.3117],[79.1491,14.3054],[79.147,14.3008],[79.1463,14.2985],[79.1456,14.2969],[79.143,14.2964],[79.1402,14.2967],[79.1377,14.2968],[79.1356,14.2977],[79.1352,14.2995],[79.1338,14.301],[79.1307,14.3017],[79.1282,14.3018],[79.1258,14.3023],[79.124,14.3035],[79.1215,14.3051],[79.1194,14.3063],[79.1166,14.3065],[79.1087,14.3057],[79.1031,14.3055],[79.0995,14.3061],[79.096,14.3061],[79.0946,14.3041],[79.0927,14.3016],[79.0913,14.3004],[79.09,14.2991],[79.0886,14.2979],[79.0856,14.2978],[79.0817,14.2978],[79.0788,14.2947],[79.0777,14.2907],[79.0768,14.2877],[79.0753,14.2851],[79.0733,14.2824],[79.071,14.2802],[79.0677,14.2796],[79.0653,14.2805],[79.0636,14.2825],[79.0616,14.2836],[79.0592,14.2839],[79.0565,14.2836],[79.0498,14.2839],[79.0468,14.286],[79.0448,14.2853],[79.0426,14.2838],[79.0404,14.2827],[79.0381,14.2829],[79.0359,14.2839],[79.0337,14.2851],[79.0309,14.2863],[79.0285,14.2885],[79.0252,14.2899],[79.0214,14.2885],[79.0186,14.287],[79.0154,14.2858],[79.0137,14.2847],[79.0121,14.2836],[79.0114,14.2831],[78.9996,14.279],[78.997,14.278],[78.9953,14.2762],[78.9946,14.2738],[78.9942,14.2721],[78.9927,14.2712],[78.9914,14.271],[78.9905,14.2714],[78.9895,14.2718],[78.9878,14.2742],[78.9857,14.2768],[78.9837,14.2781],[78.9809,14.2788],[78.9747,14.2813],[78.9708,14.2828],[78.9681,14.283],[78.9641,14.2816],[78.9609,14.2802],[78.9572,14.2786],[78.9466,14.2744],[78.9426,14.2724],[78.9393,14.2714],[78.9364,14.2715],[78.9334,14.273],[78.9306,14.2748],[78.9273,14.2775],[78.9211,14.2879],[78.9141,14.2952],[78.9098,14.2998],[78.9074,14.3072],[78.9052,14.3147],[78.9029,14.3189],[78.9005,14.3219],[78.8935,14.3219],[78.8889,14.3219],[78.8859,14.3228],[78.8835,14.324],[78.8806,14.3235],[78.8793,14.3221],[78.8778,14.3195],[78.8767,14.3175],[78.8726,14.312],[78.8712,14.3092],[78.8707,14.3068],[78.8705,14.2976],[78.8599,14.2968],[78.8518,14.2969],[78.8464,14.2973],[78.8432,14.2979],[78.8385,14.2991],[78.8343,14.2973],[78.8304,14.2949],[78.8263,14.2931],[78.8212,14.2924],[78.8167,14.2919],[78.813,14.2923],[78.8102,14.2942],[78.8076,14.2967],[78.8001,14.3013],[78.7927,14.3031],[78.7857,14.3063],[78.7804,14.3098],[78.7725,14.3147],[78.7692,14.3177],[78.7651,14.3137],[78.7621,14.3101],[78.7534,14.3082],[78.7494,14.3083],[78.7461,14.3085],[78.7458,14.3057],[78.747,14.3021],[78.7442,14.2992],[78.7401,14.2973],[78.7359,14.2953],[78.7332,14.294],[78.7261,14.2951],[78.7215,14.2955],[78.7167,14.2944],[78.7128,14.2947],[78.7073,14.2957],[78.7018,14.2959],[78.6973,14.2965],[78.6929,14.2973],[78.6746,14.2997],[78.6684,14.2989],[78.6651,14.2977],[78.6691,14.2964],[78.6719,14.2942],[78.6746,14.2911],[78.6788,14.2843],[78.6811,14.2774],[78.6828,14.2692],[78.6806,14.2642],[78.6794,14.2593],[78.6779,14.2551],[78.6758,14.2499],[78.6722,14.248],[78.6661,14.2476],[78.6602,14.2487],[78.6561,14.249],[78.6534,14.2498],[78.6519,14.2513],[78.6526,14.2551],[78.6537,14.2595],[78.6562,14.2629],[78.6575,14.265],[78.6577,14.2665],[78.6542,14.2703],[78.6506,14.273],[78.6466,14.2739],[78.6439,14.272],[78.64,14.2726],[78.6359,14.2747],[78.6312,14.2765],[78.6267,14.2785],[78.6239,14.2807],[78.6202,14.2824],[78.6179,14.2825],[78.6047,14.2787],[78.5981,14.2774],[78.5959,14.2751],[78.5922,14.273],[78.5941,14.2716],[78.5948,14.27],[78.5956,14.2672],[78.596,14.2632],[78.5974,14.2563],[78.5983,14.2533],[78.5993,14.2515],[78.6022,14.249],[78.6061,14.2443],[78.6126,14.239],[78.6151,14.2364],[78.6171,14.2344],[78.6172,14.2314],[78.6168,14.2277],[78.6186,14.2238],[78.6225,14.2196],[78.6252,14.2167],[78.6272,14.2137],[78.6264,14.211],[78.6237,14.2101],[78.6178,14.2064],[78.6122,14.2046],[78.6097,14.2023],[78.6046,14.1986],[78.5992,14.196],[78.594,14.192],[78.5907,14.1908],[78.5895,14.1894],[78.5892,14.1869],[78.5888,14.182],[78.5883,14.1795],[78.5868,14.1774],[78.5842,14.1765],[78.5816,14.1743],[78.5787,14.1741],[78.5765,14.1744],[78.5746,14.1736],[78.5711,14.1729],[78.5669,14.1729],[78.5652,14.1716],[78.5649,14.1704],[78.565,14.1688],[78.5651,14.1682],[78.5635,14.1614],[78.5594,14.1595],[78.554,14.1576],[78.549,14.1564],[78.5443,14.1562],[78.5359,14.1556],[78.5313,14.1555],[78.5285,14.1556],[78.527,14.158],[78.5254,14.1605],[78.5245,14.1635],[78.5244,14.166],[78.5237,14.1686],[78.5197,14.1704],[78.5174,14.171],[78.5135,14.1702],[78.5108,14.1688],[78.5026,14.1713],[78.4966,14.1704],[78.4935,14.1685],[78.4914,14.1663],[78.4894,14.1648],[78.4856,14.1643],[78.4812,14.1649],[78.4775,14.1652],[78.4765,14.1614],[78.4723,14.1622],[78.47,14.1638],[78.4681,14.1663],[78.468,14.1692],[78.4676,14.1721],[78.4669,14.1739],[78.4637,14.1748],[78.4607,14.1749],[78.4558,14.1761],[78.4504,14.1774],[78.446,14.1793],[78.4408,14.1815],[78.4353,14.1835],[78.4298,14.1853],[78.4297,14.189],[78.4304,14.1919],[78.43,14.194],[78.4283,14.1959],[78.4263,14.1971],[78.4237,14.1976],[78.4221,14.1956],[78.4196,14.194],[78.4162,14.1942],[78.4129,14.1959],[78.409,14.1995],[78.4059,14.2021],[78.4061,14.2139],[78.4086,14.2227],[78.4089,14.2277],[78.4114,14.2342],[78.414,14.2402],[78.4173,14.2469],[78.4202,14.2566],[78.4228,14.2644],[78.4237,14.2699],[78.4242,14.2739],[78.4223,14.2777],[78.419,14.2821],[78.4158,14.2793],[78.4135,14.2769],[78.4066,14.2762],[78.397,14.2759],[78.3859,14.2794],[78.3765,14.2835],[78.3691,14.2862],[78.3662,14.2867],[78.3616,14.2885],[78.3553,14.2912],[78.3513,14.2911],[78.3472,14.291],[78.3438,14.2894],[78.3411,14.2883],[78.3372,14.2882],[78.3347,14.2885],[78.3294,14.2904],[78.3224,14.2926],[78.3158,14.2919],[78.3106,14.2897],[78.3016,14.2897],[78.2898,14.2916],[78.2874,14.2915],[78.2853,14.2919],[78.2841,14.2926],[78.283,14.2936],[78.2826,14.2952],[78.2814,14.2981],[78.2794,14.3021],[78.2776,14.3034],[78.2768,14.3043],[78.2748,14.3049],[78.2682,14.3044],[78.2606,14.3043],[78.2579,14.3043],[78.2543,14.3048],[78.251,14.3055],[78.2447,14.3079],[78.2404,14.3099],[78.2353,14.3115],[78.2315,14.3129],[78.2281,14.3167],[78.224,14.32],[78.2211,14.3218],[78.2203,14.3236],[78.2194,14.3251],[78.2176,14.3274],[78.2155,14.3295],[78.2138,14.3304],[78.2107,14.3311],[78.2066,14.3322],[78.2014,14.3354],[78.2005,14.336],[78.1929,14.3417],[78.189,14.3477],[78.1875,14.3495],[78.1866,14.3506],[78.1839,14.3517],[78.1811,14.3523],[78.1778,14.3526],[78.1745,14.353],[78.1742,14.3531],[78.1709,14.3541],[78.165,14.3582],[78.1579,14.3631],[78.1459,14.3725],[78.1342,14.3787],[78.1236,14.3856],[78.1102,14.3911],[78.1075,14.392],[78.0967,14.4037],[78.0926,14.4083],[78.0861,14.4146],[78.0849,14.4164],[78.0842,14.4183],[78.084,14.4204],[78.0828,14.4222],[78.0807,14.424],[78.0756,14.427],[78.063,14.4347],[78.0543,14.4425],[78.0378,14.4568],[78.0294,14.4653],[78.0212,14.4714],[78.01,14.4796],[78.0042,14.4868],[78.0013,14.4878],[78.0,14.4894],[77.9993,14.4921],[77.9979,14.499],[77.9964,14.501],[77.9957,14.5018],[77.9939,14.5051],[77.9906,14.5099],[77.9857,14.5167],[77.9805,14.5219],[77.9774,14.5242],[77.9754,14.5273],[77.9742,14.53],[77.9731,14.5323],[77.9723,14.534],[77.9743,14.5359],[77.9762,14.5363],[77.9769,14.5373],[77.9762,14.539],[77.9723,14.5434],[77.9692,14.5468],[77.9672,14.55],[77.9658,14.5519],[77.9638,14.5543],[77.9618,14.5574],[77.9605,14.5597],[77.9582,14.5608],[77.9558,14.5616],[77.9546,14.5619],[77.9527,14.5624],[77.9503,14.5638],[77.9466,14.5684],[77.9458,14.5695],[77.9448,14.5708],[77.9454,14.5723],[77.9471,14.574],[77.9486,14.5755],[77.9503,14.576],[77.9511,14.5765],[77.9523,14.5781],[77.9532,14.579],[77.9541,14.58],[77.9555,14.5805],[77.9577,14.5807],[77.96,14.5813],[77.9622,14.582],[77.9631,14.5833],[77.964,14.5854],[77.9647,14.5874],[77.9658,14.5884],[77.9672,14.5873],[77.9677,14.584],[77.9678,14.5815],[77.9683,14.5788],[77.9696,14.5757],[77.9713,14.5737],[77.9736,14.5711],[77.9761,14.5679],[77.978,14.5672],[77.9805,14.5664],[77.9822,14.5656],[77.9835,14.5636],[77.9842,14.5587],[77.9843,14.556],[77.9852,14.5537],[77.9849,14.551],[77.9833,14.5485],[77.9828,14.5465],[77.9835,14.5445],[77.9852,14.5422],[77.9882,14.5398],[77.9911,14.5393],[77.9965,14.5387],[78.005,14.5377],[78.0091,14.5367],[78.015,14.5362],[78.0195,14.5345],[78.021,14.5335],[78.0225,14.5332],[78.0245,14.5332],[78.0261,14.5334],[78.0296,14.5327],[78.0313,14.5321],[78.0326,14.5318],[78.0354,14.5333],[78.0378,14.5334],[78.0398,14.5337],[78.0412,14.5342],[78.0417,14.5359],[78.0428,14.543],[78.0438,14.5461],[78.0431,14.5484],[78.0406,14.5523],[78.0391,14.5553],[78.0386,14.5597],[78.0383,14.5616],[78.0383,14.5637],[78.0393,14.5657],[78.0473,14.568],[78.05,14.5693],[78.0541,14.571],[78.0612,14.5722],[78.0631,14.5726],[78.0645,14.5729],[78.0652,14.5752],[78.066,14.5773],[78.067,14.5792],[78.0706,14.5822],[78.0724,14.5854],[78.0749,14.5913],[78.0776,14.6003],[78.0813,14.6093],[78.0842,14.6148],[78.0865,14.625],[78.0869,14.6264],[78.0873,14.628],[78.0883,14.6293],[78.0899,14.6295],[78.0925,14.6292],[78.0957,14.6289],[78.1026,14.6278],[78.1049,14.6275],[78.1093,14.6269],[78.1129,14.6264],[78.1143,14.625],[78.1154,14.6244],[78.1172,14.6238],[78.1189,14.6235],[78.1205,14.6234],[78.1217,14.6237],[78.1228,14.6249],[78.1235,14.6276],[78.1232,14.6294],[78.1225,14.6316],[78.1209,14.6333],[78.1196,14.6343],[78.1201,14.6353],[78.1232,14.64],[78.1263,14.645],[78.1289,14.6488],[78.1298,14.6534],[78.1312,14.6616],[78.1315,14.667],[78.1316,14.6687],[78.1324,14.6756],[78.1338,14.685],[78.1336,14.6898],[78.1331,14.6926],[78.1328,14.6948],[78.1317,14.6966],[78.1273,14.6966],[78.1235,14.6967],[78.1202,14.6963],[78.1186,14.6935],[78.116,14.6916],[78.1139,14.6917],[78.1117,14.6917],[78.1101,14.6922],[78.1095,14.6937],[78.1093,14.6959],[78.1093,14.6986],[78.1089,14.7],[78.1072,14.7003],[78.1061,14.6995],[78.1015,14.7],[78.0991,14.7007],[78.0972,14.7012],[78.097,14.7018],[78.0975,14.706],[78.0972,14.7076],[78.0957,14.7102],[78.0938,14.713],[78.0927,14.7142],[78.0872,14.7163],[78.0803,14.7181],[78.0765,14.7182],[78.074,14.7179],[78.0708,14.7169],[78.0683,14.7162],[78.0668,14.7162],[78.0658,14.7165],[78.0649,14.7171],[78.0644,14.7181],[78.0642,14.7196],[78.066,14.7223],[78.0685,14.7279],[78.0722,14.7358],[78.0753,14.7415],[78.0774,14.7434],[78.0778,14.7444],[78.077,14.7477],[78.0767,14.7502],[78.0759,14.7522],[78.0755,14.7532],[78.0744,14.7542],[78.0729,14.7555],[78.0696,14.7573],[78.0681,14.7579],[78.0661,14.759],[78.0639,14.7611],[78.0606,14.7634],[78.0563,14.7658],[78.0516,14.7684],[78.0489,14.7698],[78.0477,14.7705],[78.0467,14.7717],[78.0463,14.7728],[78.0468,14.7744],[78.0501,14.7797],[78.054,14.7831],[78.0569,14.7874],[78.0593,14.7908],[78.0648,14.7967],[78.0673,14.8015],[78.0686,14.806],[78.0716,14.8105],[78.0728,14.8132],[78.0739,14.8139],[78.0743,14.8154],[78.0746,14.8172],[78.0748,14.8193],[78.0753,14.8216],[78.0756,14.824],[78.0761,14.8254],[78.0764,14.827],[78.0782,14.8266],[78.0803,14.8259],[78.0822,14.8246],[78.0876,14.8215],[78.0914,14.8191],[78.0947,14.8176],[78.0978,14.8167],[78.0993,14.8166],[78.1013,14.8176],[78.1026,14.8221],[78.1048,14.8283],[78.1074,14.8365],[78.1091,14.8418],[78.1118,14.8456],[78.1123,14.8472],[78.1127,14.8491],[78.1126,14.8505],[78.1119,14.8517],[78.1103,14.8526],[78.1079,14.8534],[78.1052,14.8534],[78.0995,14.8553],[78.0969,14.8555],[78.0942,14.8557],[78.0917,14.8567],[78.0899,14.8574],[78.0888,14.858],[78.089,14.8592],[78.0894,14.8618],[78.0917,14.8697],[78.0929,14.8744],[78.0936,14.8793],[78.0949,14.8832],[78.0944,14.8848],[78.0968,14.8909],[78.1001,14.8993],[78.1038,14.9101],[78.1062,14.9161],[78.1078,14.9216],[78.1093,14.9249],[78.1108,14.9278],[78.1131,14.9313],[78.1144,14.9323],[78.1167,14.9328],[78.1185,14.9333],[78.1209,14.9339],[78.1223,14.9348],[78.123,14.9358],[78.1236,14.9372],[78.1242,14.9372],[78.1252,14.9372],[78.1254,14.9368],[78.1257,14.935],[78.1263,14.9335],[78.1289,14.9339],[78.1311,14.9345],[78.1329,14.937],[78.1349,14.9401],[78.1359,14.9416],[78.1372,14.9444],[78.1375,14.9454],[78.137,14.9481],[78.1387,14.9484],[78.141,14.9488],[78.1433,14.9483],[78.1464,14.9482],[78.1508,14.9487],[78.152,14.9501],[78.1523,14.9523],[78.153,14.9554],[78.1528,14.9585],[78.1545,14.9608],[78.1562,14.9615],[78.1591,14.9632],[78.1629,14.9639],[78.1679,14.9644],[78.1768,14.9651],[78.1837,14.9637],[78.1986,14.9565],[78.2024,14.9551],[78.2072,14.9535],[78.2099,14.9527],[78.2124,14.9527],[78.2157,14.9536],[78.219,14.9549],[78.2206,14.9567],[78.2226,14.9683],[78.224,14.9755],[78.2267,14.9811],[78.2285,14.9847],[78.2309,14.9889],[78.2319,14.9928],[78.2325,14.9956],[78.2343,15.0],[78.236,15.0034],[78.2394,15.0016],[78.242,15.0006],[78.2442,15.0003],[78.2485,15.0086],[78.2545,15.0196],[78.2569,15.0238],[78.2602,15.0272],[78.266,15.0277],[78.2715,15.0281],[78.2763,15.0282],[78.2804,15.0289],[78.2815,15.0297],[78.2826,15.031],[78.2834,15.0316],[78.2835,15.0359],[78.2833,15.0381],[78.2824,15.0392],[78.2806,15.0408],[78.2798,15.0421],[78.2789,15.0467],[78.2766,15.0516],[78.2759,15.0533],[78.2755,15.0548],[78.2752,15.0566],[78.2769,15.061],[78.2778,15.0623],[78.2787,15.0633],[78.2802,15.0652],[78.2816,15.0682],[78.2853,15.072],[78.2895,15.0732],[78.2916,15.0736],[78.2955,15.0739],[78.2984,15.0739],[78.3023,15.0738],[78.3052,15.0733],[78.3078,15.0722],[78.3119,15.0702],[78.3136,15.0697],[78.3152,15.0697],[78.3173,15.0697],[78.3191,15.0704],[78.3205,15.0715],[78.322,15.0724],[78.3242,15.0733],[78.3258,15.0733],[78.33,15.0693],[78.3326,15.067],[78.3352,15.0663],[78.341,15.0655],[78.3462,15.0646],[78.35,15.0637],[78.3545,15.0617],[78.3545,15.0604],[78.3542,15.0586],[78.3539,15.0566],[78.3537,15.0547],[78.3557,15.054],[78.3589,15.0533],[78.3617,15.0529],[78.364,15.0527],[78.3645,15.0543],[78.3654,15.0587],[78.3677,15.0637],[78.3697,15.0691],[78.3702,15.0711],[78.3715,15.0721],[78.3746,15.0714],[78.3787,15.0704],[78.3818,15.0696],[78.3822,15.0686],[78.3816,15.0662],[78.3803,15.0612],[78.3789,15.058],[78.3787,15.0565],[78.3841,15.0543],[78.3896,15.0529],[78.3955,15.0511],[78.3982,15.0497],[78.3993,15.0489],[78.3962,15.0466],[78.392,15.0439],[78.3844,15.0396],[78.3815,15.0386],[78.3777,15.0375],[78.3751,15.036],[78.3725,15.0315],[78.3704,15.0283],[78.3693,15.0268],[78.365,15.0288],[78.3601,15.0305],[78.3543,15.0317],[78.3529,15.0306],[78.3505,15.0261],[78.3504,15.0213],[78.3499,15.0157],[78.3454,15.0094],[78.3442,15.0065],[78.343,15.0033],[78.3432,15.0028],[78.3455,14.9994],[78.347,14.9983],[78.3496,14.9964],[78.3543,14.9907],[78.3595,14.986],[78.3673,14.9822],[78.3742,14.9784],[78.3809,14.9743],[78.384,14.972],[78.3861,14.9707],[78.3875,14.9695],[78.3896,14.9687],[78.3916,14.9689],[78.3936,14.9694],[78.3955,14.9698],[78.397,14.9701],[78.3984,14.9708],[78.4,14.9719],[78.4018,14.973],[78.4102,14.9728],[78.4126,14.991],[78.4133,14.9984],[78.4138,15.0079],[78.4143,15.0125],[78.4157,15.0172],[78.4173,15.0233],[78.4177,15.0276],[78.4183,15.0301],[78.4198,15.0316],[78.4208,15.0322],[78.4226,15.0326],[78.4251,15.0327],[78.4284,15.0333],[78.432,15.033],[78.434,15.0333],[78.4358,15.0342],[78.4367,15.0354],[78.4378,15.0366],[78.4391,15.0357],[78.4396,15.0347],[78.441,15.0345],[78.443,15.034],[78.4446,15.0335],[78.4462,15.0325],[78.4477,15.0324],[78.4518,15.032],[78.4547,15.0313],[78.4559,15.0313],[78.4571,15.0316],[78.4583,15.0328],[78.4591,15.0339],[78.46,15.0356],[78.4606,15.0369],[78.4627,15.0386],[78.4644,15.0392],[78.4673,15.039],[78.4692,15.0386],[78.4703,15.0367],[78.4721,15.0362],[78.4733,15.0363],[78.4748,15.0367],[78.4762,15.0375],[78.4779,15.0382],[78.4788,15.0387],[78.4794,15.0396],[78.4801,15.0411],[78.4805,15.0424],[78.4817,15.0431],[78.4832,15.0429],[78.4839,15.0417],[78.4843,15.0403],[78.4842,15.0386],[78.4845,15.0373],[78.4855,15.0363],[78.4861,15.0362],[78.4862,15.0373],[78.4866,15.0398],[78.4873,15.0409],[78.4885,15.0417],[78.488,15.0428],[78.4871,15.0457],[78.4873,15.0488],[78.4871,15.0507],[78.4854,15.0508],[78.4841,15.0502],[78.4827,15.0503],[78.4815,15.0519],[78.4801,15.0527],[78.4797,15.0538],[78.4789,15.0554],[78.4787,15.0568],[78.478,15.0584],[78.478,15.0597],[78.478,15.0609],[78.4776,15.0617],[78.4766,15.0624],[78.4751,15.0626],[78.4746,15.0634],[78.4754,15.0638],[78.4771,15.0639],[78.4783,15.0636],[78.4803,15.0634],[78.4815,15.0644],[78.4819,15.0655],[78.4818,15.0673],[78.4817,15.0687],[78.4815,15.0702],[78.482,15.0715],[78.4832,15.0722],[78.4858,15.0723],[78.4881,15.0724],[78.4918,15.0722],[78.4951,15.071],[78.4976,15.071],[78.4994,15.0709],[78.5022,15.0706],[78.5043,15.0704],[78.5061,15.0697],[78.5074,15.0688],[78.508,15.0676],[78.508,15.0661],[78.5085,15.0647],[78.5103,15.0635],[78.5131,15.0626],[78.5147,15.0613],[78.5157,15.0604],[78.5155,15.0585],[78.5142,15.0512],[78.513,15.0473],[78.5129,15.0377],[78.5128,15.0302],[78.5128,15.023],[78.5137,15.0196],[78.5153,15.0189],[78.5158,15.014],[78.5147,15.0124],[78.5132,15.0111],[78.5112,15.0093],[78.51,15.0072],[78.5088,15.0054],[78.509,15.005],[78.5108,15.0046],[78.515,15.0031],[78.5162,15.0017],[78.515,14.9985],[78.5165,14.997],[78.5145,14.9886],[78.5139,14.9835],[78.5127,14.9772],[78.5107,14.974],[78.51,14.9702],[78.5078,14.964],[78.5059,14.9579],[78.505,14.9553],[78.4999,14.956],[78.4983,14.9561],[78.4975,14.9539],[78.4952,14.9479],[78.4927,14.9403],[78.4912,14.9357],[78.4889,14.9309],[78.4854,14.9273],[78.4838,14.924],[78.4821,14.9201],[78.4799,14.9119],[78.4776,14.9056],[78.4773,14.9026],[78.481,14.9012],[78.4849,14.9008],[78.486,14.9023],[78.4885,14.9078],[78.4905,14.9115],[78.4929,14.9153],[78.4961,14.9193],[78.4979,14.922],[78.4999,14.9234],[78.5043,14.9259],[78.5072,14.9301],[78.5095,14.9337],[78.5118,14.9366],[78.5149,14.9388],[78.5169,14.9399],[78.5181,14.9411],[78.5191,14.9422],[78.5199,14.9434],[78.5193,14.9443],[78.518,14.9451],[78.5173,14.9456],[78.5169,14.9465],[78.5169,14.9476],[78.5175,14.9493],[78.5191,14.9535],[78.5201,14.9533],[78.5224,14.9533],[78.5235,14.9535],[78.5246,14.9545],[78.5257,14.9563],[78.5265,14.9575],[78.5273,14.9589],[78.5279,14.96],[78.5285,14.9605],[78.5302,14.9608],[78.5318,14.9607],[78.5338,14.961],[78.5366,14.9619],[78.5372,14.9629],[78.5374,14.9639],[78.5383,14.9646],[78.5399,14.9648],[78.5418,14.9647],[78.5451,14.9641],[78.5487,14.9634],[78.5511,14.9618],[78.5512,14.9607],[78.55,14.956],[78.5478,14.9471],[78.5474,14.944],[78.5472,14.9401],[78.5471,14.9359],[78.5468,14.9329],[78.5489,14.9323],[78.5501,14.9317],[78.5523,14.9311],[78.5549,14.9304],[78.5567,14.9305],[78.5583,14.9307],[78.5606,14.9312],[78.5619,14.9316],[78.5636,14.9322],[78.5651,14.9329],[78.566,14.9341],[78.567,14.9353],[78.5686,14.9366],[78.5699,14.9375],[78.5708,14.9381],[78.5727,14.9386],[78.5743,14.9387],[78.5754,14.9404],[78.576,14.9421],[78.5774,14.9434],[78.5786,14.9444],[78.5793,14.9453],[78.581,14.9465],[78.5833,14.9462],[78.5854,14.9455],[78.5866,14.9442],[78.5875,14.943],[78.5885,14.941],[78.5899,14.9396],[78.5917,14.9396],[78.5932,14.9409],[78.5943,14.9433],[78.5948,14.9464],[78.5959,14.9491],[78.5964,14.9505],[78.5972,14.9516],[78.5988,14.9527],[78.6001,14.9535],[78.6022,14.954],[78.6041,14.9539],[78.6056,14.9535],[78.6064,14.9521],[78.6077,14.9511],[78.6091,14.9504],[78.6116,14.9492],[78.615,14.9486],[78.6185,14.9485],[78.6219,14.948],[78.6255,14.9473],[78.6292,14.9459],[78.6302,14.9453],[78.6313,14.945],[78.6313,14.9429],[78.6315,14.9397],[78.632,14.9387],[78.6314,14.9354],[78.6303,14.9303],[78.63,14.9263],[78.6336,14.9264],[78.6362,14.9265],[78.6394,14.9269],[78.6412,14.9273],[78.6419,14.9283],[78.644,14.9282],[78.6461,14.9286],[78.6479,14.9289],[78.6501,14.9297],[78.6562,14.9303],[78.6587,14.9305],[78.66,14.9304],[78.6612,14.9305],[78.6626,14.9309],[78.6642,14.9319],[78.6652,14.9333],[78.6659,14.9353],[78.6681,14.9357],[78.6702,14.9361],[78.6724,14.9367],[78.6736,14.9367],[78.6748,14.9361],[78.6755,14.9359],[78.6761,14.936],[78.6846,14.939],[78.6878,14.9538],[78.6882,14.9606],[78.6917,14.9687],[78.7179,14.9695],[78.7155,15.0015],[78.7207,15.0083],[78.7482,15.0341],[78.7518,15.0368],[78.7526,15.0373],[78.7545,15.0426],[78.7615,15.0537],[78.7625,15.0594],[78.7576,15.063],[78.7589,15.066],[78.7564,15.0714],[78.755,15.0763],[78.7602,15.08],[78.7584,15.0844],[78.7525,15.0987],[78.7512,15.1018],[78.7531,15.1306],[78.7503,15.1346],[78.7532,15.1426],[78.7532,15.1593],[78.7583,15.1851],[78.7616,15.1877],[78.7679,15.1923],[78.7737,15.1973],[78.7778,15.2],[78.7985,15.1995],[78.8162,15.1989],[78.8249,15.1989],[78.8341,15.1986],[78.8408,15.1984],[78.8518,15.1983],[78.8568,15.198],[78.8667,15.1975],[78.8725,15.1977],[78.8774,15.1946],[78.8842,15.1944],[78.8878,15.194],[78.8903,15.1923],[78.8917,15.192],[78.8941,15.1916],[78.8969,15.1917],[78.9005,15.1917],[78.9033,15.1917],[78.9043,15.1908],[78.9054,15.1884],[78.9063,15.1879],[78.91,15.1878],[78.9138,15.1876],[78.9195,15.1875],[78.9197,15.1976],[78.9202,15.1992],[78.9216,15.2028],[78.9218,15.2067],[78.9216,15.2091],[78.9221,15.2105],[78.9227,15.2119],[78.9229,15.2143],[78.9234,15.2169],[78.9241,15.2176],[78.9259,15.2193],[78.9271,15.2236],[78.9275,15.2282],[78.9282,15.2289],[78.9479,15.2287],[78.9482,15.2256],[78.9484,15.2221],[78.949,15.2181],[78.9496,15.2111],[78.9484,15.2062],[78.948,15.2036],[78.9489,15.2024],[78.9503,15.201],[78.9515,15.1988],[78.9531,15.1962],[78.9548,15.1918],[78.9561,15.1871],[78.9569,15.1831],[78.9575,15.1791],[78.9578,15.1762],[78.9632,15.1742],[78.9667,15.1738],[78.9688,15.1728],[78.9705,15.1708],[78.9725,15.1689],[78.9757,15.1674],[78.9802,15.1657],[78.9826,15.1654],[78.9844,15.1661],[78.9891,15.1681],[78.9914,15.1686],[78.9955,15.1682],[78.9969,15.1682],[78.998,15.1681],[79.0017,15.168],[79.0065,15.1686],[79.0088,15.1688],[79.0102,15.1694],[79.0115,15.1707],[79.0122,15.173],[79.0126,15.1764],[79.0139,15.1778],[79.0158,15.1787],[79.0181,15.1791],[79.0227,15.1791],[79.0302,15.1785],[79.0319,15.1783],[79.0414,15.1775],[79.0538,15.1768],[79.0643,15.1752],[79.0723,15.1749],[79.0792,15.1743],[79.0831,15.1741],[79.081,15.1711],[79.0793,15.1699],[79.0763,15.1682],[79.0741,15.1655],[79.0739,15.1629],[79.0735,15.1579],[79.0721,15.1497],[79.0731,15.1408],[79.0732,15.1325],[79.0729,15.1237],[79.0743,15.1205],[79.0742,15.1121],[79.0758,15.1099],[79.0761,15.106],[79.0764,15.1034],[79.0774,15.0997],[79.0792,15.096],[79.08,15.093],[79.08,15.0913],[79.08,15.0894],[79.0809,15.0877],[79.0815,15.0868],[79.0826,15.0847],[79.083,15.0812],[79.0828,15.0794],[79.0831,15.0775],[79.0838,15.0755],[79.0852,15.0717],[79.0863,15.068],[79.0901,15.0491],[79.0888,15.0481],[79.0885,15.0474],[79.0883,15.0448],[79.0875,15.041],[79.0866,15.0381],[79.0862,15.0357],[79.0863,15.0315],[79.086,15.0244],[79.0855,15.0207],[79.0846,15.0184],[79.0835,15.0161],[79.0839,15.012],[79.0841,15.0084],[79.0851,15.0072],[79.0868,15.0058],[79.0877,15.004],[79.0873,15.002],[79.0861,14.9988],[79.0846,14.9952],[79.0837,14.9924],[79.0831,14.9891],[79.0821,14.9852],[79.0814,14.9818],[79.0818,14.9791],[79.0835,14.9736],[79.087,14.9638],[79.0891,14.9526],[79.0912,14.9416],[79.0934,14.9325],[79.0964,14.9229],[79.0995,14.9157],[79.1014,14.9089],[79.1026,14.9024],[79.1043,14.8989],[79.1103,14.8995],[79.1107,14.8985],[79.1098,14.8969],[79.1098,14.8949],[79.1114,14.8931],[79.1154,14.8877],[79.117,14.8855],[79.1235,14.8788],[79.1312,14.8719],[79.1329,14.8694],[79.136,14.863],[79.1379,14.8557],[79.1394,14.8517],[79.1415,14.8464],[79.1416,14.8461],[79.143,14.8362],[79.1436,14.8302],[79.1448,14.8275],[79.1449,14.8196],[79.1466,14.8138],[79.1486,14.8082],[79.1493,14.8027],[79.1503,14.7949],[79.1516,14.7927],[79.1557,14.7888],[79.1593,14.7834],[79.1607,14.7805],[79.1613,14.7711],[79.1631,14.7688],[79.1659,14.7643],[79.1672,14.7589],[79.1686,14.7545],[79.1689,14.749],[79.1698,14.7443],[79.1704,14.7401],[79.1742,14.7373],[79.1781,14.7329],[79.1804,14.7276],[79.1811,14.7227],[79.1832,14.7174],[79.1857,14.7125],[79.186,14.7084],[79.1854,14.7028],[79.1848,14.6985],[79.1842,14.6888],[79.181,14.6874],[79.1775,14.6853],[79.1747,14.6839],[79.1731,14.6826],[79.1747,14.682],[79.1778,14.6811],[79.1786,14.6799],[79.1789,14.6767],[79.1788,14.6743],[79.1796,14.6727],[79.1806,14.6711],[79.1815,14.669],[79.1813,14.6678],[79.18,14.6662],[79.1791,14.6647],[79.1798,14.6636],[79.1816,14.6633],[79.183,14.6621],[79.1848,14.6605],[79.1865,14.6597],[79.187,14.6587],[79.1867,14.6567],[79.1856,14.6544],[79.1843,14.6531],[79.1823,14.6507],[79.1818,14.6474],[79.1819,14.6432],[79.1833,14.6391],[79.1847,14.6343],[79.1859,14.6293],[79.1871,14.6235],[79.1875,14.6202],[79.1886,14.6176],[79.1917,14.6168],[79.1955,14.6162],[79.1996,14.6146],[79.2003,14.6131],[79.2008,14.6099],[79.2017,14.607],[79.2032,14.6043],[79.2052,14.6036],[79.208,14.6035],[79.2095,14.6024],[79.2105,14.5993],[79.2129,14.596],[79.2162,14.5916],[79.2181,14.5894],[79.2206,14.589],[79.2215,14.5903],[79.2226,14.5933],[79.2243,14.5962],[79.2255,14.5973],[79.2286,14.6012],[79.2302,14.6022],[79.2332,14.6005],[79.2363,14.5989],[79.2394,14.5961],[79.2425,14.5924],[79.2437,14.5885]]]}},{"type":"Feature","properties":{"district":"Sri Potti Sriramulu Nellore","district_hi":"नेल्लौर"},"geometry":{"type":"Polygon","coordinates":[[[79.5992,14.1317],[79.5918,14.1393],[79.5843,14.1449],[79.5805,14.1469],[79.576,14.1481],[79.5741,14.1485],[79.5707,14.1507],[79.5568,14.1553],[79.5484,14.1595],[79.5442,14.1625],[79.5411,14.1639],[79.537,14.1668],[79.5341,14.1687],[79.5319,14.1716],[79.529,14.1723],[79.5263,14.1721],[79.5224,14.1743],[79.5135,14.1747],[79.5068,14.176],[79.5022,14.1774],[79.4992,14.1777],[79.4952,14.1782],[79.488,14.1808],[79.4865,14.181],[79.4821,14.1816],[79.473,14.1815],[79.4682,14.1821],[79.4636,14.1827],[79.4593,14.1832],[79.4566,14.1833],[79.4402,14.1861],[79.4332,14.1861],[79.4283,14.1864],[79.4286,14.193],[79.4265,14.1974],[79.4243,14.2005],[79.4221,14.2059],[79.423,14.2082],[79.4249,14.2123],[79.4255,14.2144],[79.4245,14.2206],[79.4254,14.2238],[79.4287,14.2293],[79.4302,14.2319],[79.4316,14.2352],[79.4331,14.2392],[79.4355,14.2436],[79.4334,14.2462],[79.4303,14.2491],[79.428,14.2505],[79.4256,14.2544],[79.4225,14.2599],[79.4198,14.266],[79.4197,14.2771],[79.4225,14.2785],[79.4199,14.2825],[79.4053,14.3103],[79.4009,14.319],[79.3966,14.3274],[79.3942,14.3328],[79.3905,14.3393],[79.3892,14.3415],[79.3875,14.3428],[79.383,14.345],[79.3751,14.3471],[79.3716,14.3487],[79.3678,14.3506],[79.3664,14.3518],[79.3655,14.3534],[79.365,14.3556],[79.3647,14.3574],[79.3654,14.3588],[79.3665,14.3598],[79.3673,14.3621],[79.3676,14.3681],[79.3674,14.3695],[79.3665,14.3704],[79.3648,14.3716],[79.3649,14.374],[79.3647,14.3763],[79.3644,14.3781],[79.3634,14.3795],[79.3622,14.3807],[79.3595,14.3818],[79.3593,14.3841],[79.3576,14.3889],[79.3555,14.3926],[79.3532,14.3955],[79.3512,14.3975],[79.3501,14.402],[79.3491,14.4054],[79.3477,14.4061],[79.3453,14.4068],[79.3432,14.4086],[79.3418,14.4133],[79.3362,14.4179],[79.332,14.423],[79.3303,14.4257],[79.3298,14.4303],[79.3279,14.4351],[79.3262,14.4435],[79.3267,14.4488],[79.326,14.453],[79.3251,14.4554],[79.3255,14.457],[79.3269,14.4586],[79.3266,14.4598],[79.3243,14.4635],[79.3213,14.4673],[79.3182,14.4724],[79.3169,14.4758],[79.3157,14.4779],[79.3144,14.4787],[79.3123,14.4786],[79.3107,14.4785],[79.3095,14.4808],[79.3083,14.482],[79.3066,14.4839],[79.3038,14.4847],[79.2978,14.4845],[79.2935,14.4851],[79.293,14.4948],[79.2918,14.4961],[79.2896,14.498],[79.288,14.5004],[79.2863,14.5068],[79.2849,14.5125],[79.2822,14.5175],[79.2808,14.522],[79.2798,14.527],[79.2787,14.5325],[79.2752,14.5373],[79.2711,14.5436],[79.2686,14.5498],[79.2669,14.552],[79.264,14.5535],[79.2607,14.5549],[79.2579,14.5566],[79.255,14.561],[79.2516,14.5663],[79.2488,14.5711],[79.2473,14.5756],[79.2473,14.5803],[79.2471,14.5821],[79.2443,14.5864],[79.2437,14.5885],[79.2425,14.5924],[79.2394,14.5961],[79.2363,14.5989],[79.2332,14.6005],[79.2302,14.6022],[79.2286,14.6012],[79.2255,14.5973],[79.2243,14.5962],[79.2226,14.5933],[79.2215,14.5903],[79.2206,14.589],[79.2181,14.5894],[79.2162,14.5916],[79.2129,14.596],[79.2105,14.5993],[79.2095,14.6024],[79.208,14.6035],[79.2052,14.6036],[79.2032,14.6043],[79.2017,14.607],[79.2008,14.6099],[79.2003,14.6131],[79.1996,14.6146],[79.1955,14.6162],[79.1917,14.6168],[79.1886,14.6176],[79.1875,14.6202],[79.1871,14.6235],[79.1859,14.6293],[79.1847,14.6343],[79.1833,14.6391],[79.1819,14.6432],[79.1818,14.6474],[79.1823,14.6507],[79.1843,14.6531],[79.1856,14.6544],[79.1867,14.6567],[79.187,14.6587],[79.1865,14.6597],[79.1848,14.6605],[79.183,14.6621],[79.1816,14.6633],[79.1798,14.6636],[79.1791,14.6647],[79.18,14.6662],[79.1813,14.6678],[79.1815,14.669],[79.1806,14.6711],[79.1796,14.6727],[79.1788,14.6743],[79.1789,14.6767],[79.1786,14.6799],[79.1778,14.6811],[79.1747,14.682],[79.1731,14.6826],[79.1747,14.6839],[79.1775,14.6853],[79.181,14.6874],[79.1842,14.6888],[79.1848,14.6985],[79.1854,14.7028],[79.186,14.7084],[79.1857,14.7125],[79.1832,14.7174],[79.1811,14.7227],[79.1804,14.7276],[79.1781,14.7329],[79.1742,14.7373],[79.1704,14.7401],[79.1698,14.7443],[79.1689,14.749],[79.1686,14.7545],[79.1672,14.7589],[79.1659,14.7643],[79.1631,14.7688],[79.1613,14.7711],[79.1607,14.7805],[79.1593,14.7834],[79.1557,14.7888],[79.1516,14.7927],[79.1503,14.7949],[79.1493,14.8027],[79.1486,14.8082],[79.1466,14.8138],[79.1449,14.8196],[79.1448,14.8275],[79.1436,14.8302],[79.143,14.8362],[79.1416,14.8461],[79.1415,14.8464],[79.1394,14.8517],[79.1379,14.8557],[79.136,14.863],[79.1329,14.8694],[79.1312,14.8719],[79.1235,14.8788],[79.117,14.8855],[79.1154,14.8877],[79.1114,14.8931],[79.1098,14.8949],[79.1098,14.8969],[79.1107,14.8985],[79.1103,14.8995],[79.1043,14.8989],[79.1026,14.9024],[79.1014,14.9089],[79.0995,14.9157],[79.0964,14.9229],[79.0934,14.9325],[79.0912,14.9416],[79.0891,14.9526],[79.087,14.9638],[79.0835,14.9736],[79.0818,14.9791],[79.0814,14.9818],[79.0821,14.9852],[79.0831,14.9891],[79.0837,14.9924],[79.0846,14.9952],[79.0861,14.9988],[79.0873,15.002],[79.0877,15.004],[79.0868,15.0058],[79.0851,15.0072],[79.0841,15.0084],[79.0839,15.012],[79.0835,15.0161],[79.0846,15.0184],[79.0855,15.0207],[79.086,15.0244],[79.0863,15.0315],[79.0862,15.0357],[79.0866,15.0381],[79.0875,15.041],[79.0883,15.0448],[79.0885,15.0474],[79.0888,15.0481],[79.0901,15.0491],[79.0902,15.0492],[79.093,15.0513],[79.0942,15.0528],[79.0946,15.0544],[79.0939,15.0611],[79.0939,15.0635],[79.0941,15.066],[79.0948,15.0668],[79.0964,15.0682],[79.098,15.0693],[79.0996,15.0712],[79.1009,15.0721],[79.1014,15.0729],[79.1015,15.0743],[79.1009,15.0763],[79.1002,15.0795],[79.1004,15.0826],[79.1006,15.0846],[79.1028,15.0848],[79.1089,15.0844],[79.1129,15.0843],[79.1188,15.0844],[79.1212,15.0846],[79.1229,15.0848],[79.1258,15.0852],[79.1285,15.0855],[79.1303,15.0859],[79.1303,15.0876],[79.1303,15.091],[79.1302,15.0927],[79.1301,15.0941],[79.1298,15.0953],[79.129,15.0961],[79.1285,15.0971],[79.1282,15.0982],[79.1284,15.0992],[79.1293,15.1001],[79.1323,15.1006],[79.1364,15.1011],[79.1388,15.1],[79.1409,15.0996],[79.1432,15.0987],[79.1467,15.0981],[79.1488,15.0981],[79.1508,15.0979],[79.1535,15.0972],[79.1553,15.0961],[79.1579,15.0933],[79.1599,15.0915],[79.1611,15.091],[79.1627,15.0908],[79.1637,15.0904],[79.1651,15.0893],[79.1694,15.0894],[79.1744,15.0896],[79.1778,15.0887],[79.1807,15.088],[79.1824,15.0875],[79.1832,15.0873],[79.1894,15.0871],[79.1974,15.0868],[79.2051,15.0859],[79.2112,15.0856],[79.2148,15.086],[79.2178,15.0876],[79.2248,15.0915],[79.2304,15.0949],[79.2389,15.0994],[79.2426,15.1018],[79.2462,15.1037],[79.2484,15.1049],[79.2508,15.1057],[79.2533,15.1065],[79.2553,15.1067],[79.2596,15.1067],[79.2619,15.1066],[79.2632,15.1064],[79.2648,15.1056],[79.2661,15.1047],[79.2666,15.1035],[79.2663,15.1022],[79.2656,15.1011],[79.265,15.0996],[79.265,15.0983],[79.2653,15.0966],[79.2668,15.097],[79.2681,15.0976],[79.2704,15.0988],[79.2741,15.0993],[79.2824,15.0992],[79.2848,15.0991],[79.288,15.0988],[79.2919,15.0984],[79.2939,15.0977],[79.2959,15.0974],[79.2991,15.0966],[79.3038,15.0957],[79.3058,15.095],[79.3076,15.0943],[79.3089,15.0937],[79.3093,15.0927],[79.3086,15.0907],[79.3082,15.0897],[79.3078,15.0881],[79.3079,15.0867],[79.309,15.0874],[79.3094,15.0886],[79.3102,15.0894],[79.3117,15.0896],[79.3126,15.0898],[79.3131,15.0901],[79.3137,15.0908],[79.3143,15.0925],[79.3146,15.0941],[79.3145,15.0953],[79.3145,15.096],[79.3148,15.0969],[79.3153,15.0978],[79.3156,15.0987],[79.3158,15.1002],[79.3167,15.1023],[79.3173,15.1029],[79.3181,15.1032],[79.319,15.1033],[79.3202,15.1032],[79.3208,15.1033],[79.321,15.1042],[79.3217,15.1057],[79.3223,15.1068],[79.3232,15.1086],[79.3239,15.1094],[79.3249,15.1098],[79.3255,15.1098],[79.3261,15.1099],[79.3267,15.1101],[79.3275,15.1104],[79.328,15.111],[79.3281,15.1116],[79.327,15.112],[79.327,15.1127],[79.3271,15.1136],[79.3272,15.1147],[79.3282,15.1152],[79.332,15.1147],[79.3332,15.1151],[79.3339,15.1159],[79.3352,15.1165],[79.3362,15.1159],[79.3376,15.1146],[79.3383,15.113],[79.3382,15.1117],[79.3369,15.1102],[79.3364,15.1086],[79.3368,15.1078],[79.3374,15.1063],[79.3374,15.1037],[79.3368,15.1016],[79.3365,15.0998],[79.3358,15.0986],[79.3349,15.0978],[79.3335,15.0977],[79.3325,15.0979],[79.3312,15.0984],[79.3304,15.0991],[79.329,15.0999],[79.3282,15.0993],[79.3271,15.0975],[79.327,15.0967],[79.3271,15.0953],[79.3275,15.0938],[79.3283,15.092],[79.3287,15.091],[79.3299,15.0903],[79.3311,15.09],[79.3332,15.0899],[79.3367,15.0903],[79.3377,15.0899],[79.3394,15.0888],[79.3409,15.0876],[79.342,15.0863],[79.3432,15.0856],[79.3445,15.0855],[79.3458,15.0857],[79.3467,15.0878],[79.3465,15.0901],[79.3475,15.0928],[79.3479,15.0933],[79.3483,15.0947],[79.3488,15.0974],[79.3491,15.0992],[79.3503,15.1013],[79.3511,15.1037],[79.3514,15.1071],[79.3515,15.1077],[79.3515,15.1091],[79.3511,15.1101],[79.3506,15.111],[79.35,15.112],[79.3494,15.1131],[79.349,15.114],[79.349,15.1151],[79.3496,15.1156],[79.3513,15.1161],[79.3529,15.1161],[79.3549,15.1155],[79.3555,15.1143],[79.3562,15.1127],[79.3571,15.1122],[79.358,15.1124],[79.359,15.1123],[79.3597,15.1113],[79.3593,15.11],[79.3585,15.1088],[79.3579,15.1073],[79.3574,15.1055],[79.3578,15.1022],[79.3583,15.1005],[79.3599,15.0994],[79.3614,15.0975],[79.3629,15.0949],[79.3635,15.0927],[79.3651,15.0895],[79.3675,15.0856],[79.3686,15.0854],[79.3773,15.0855],[79.3813,15.0854],[79.3863,15.0854],[79.3882,15.0858],[79.3891,15.0862],[79.3896,15.0873],[79.3897,15.0887],[79.3901,15.0902],[79.3909,15.0911],[79.3919,15.0914],[79.3933,15.0911],[79.3938,15.0902],[79.3937,15.0886],[79.3934,15.0869],[79.3928,15.0861],[79.3915,15.0856],[79.3904,15.0844],[79.3903,15.0819],[79.3904,15.0763],[79.3906,15.0752],[79.3921,15.0751],[79.3935,15.0751],[79.3952,15.0752],[79.3967,15.0754],[79.3981,15.0757],[79.3994,15.0765],[79.4004,15.0773],[79.4024,15.0779],[79.4042,15.0782],[79.4055,15.0771],[79.4065,15.0761],[79.4079,15.0753],[79.4092,15.0749],[79.4109,15.0749],[79.4129,15.0747],[79.4149,15.0742],[79.4177,15.0737],[79.4189,15.0735],[79.4194,15.0726],[79.4192,15.071],[79.4187,15.0696],[79.4174,15.0669],[79.4167,15.0642],[79.4164,15.062],[79.4167,15.0598],[79.4174,15.0591],[79.4187,15.0585],[79.4198,15.0581],[79.4211,15.0575],[79.4224,15.0567],[79.424,15.0566],[79.4251,15.0568],[79.4268,15.0572],[79.4289,15.0565],[79.4308,15.056],[79.4325,15.0558],[79.4348,15.0556],[79.4377,15.0555],[79.4408,15.0565],[79.4434,15.0577],[79.446,15.0599],[79.4492,15.0621],[79.4513,15.0628],[79.4533,15.0634],[79.4542,15.0639],[79.4552,15.0641],[79.4565,15.0637],[79.4576,15.0633],[79.4583,15.0626],[79.4589,15.062],[79.46,15.0619],[79.4612,15.0618],[79.4623,15.0621],[79.4629,15.063],[79.4641,15.0653],[79.4649,15.0667],[79.4658,15.0678],[79.4671,15.0681],[79.4686,15.0683],[79.4705,15.0679],[79.4718,15.0664],[79.4724,15.0652],[79.4741,15.063],[79.4745,15.0611],[79.4748,15.0598],[79.4757,15.0589],[79.4767,15.058],[79.4785,15.0577],[79.4836,15.058],[79.4882,15.0577],[79.4898,15.0573],[79.4906,15.0564],[79.4915,15.056],[79.4927,15.056],[79.4939,15.0564],[79.4962,15.0563],[79.4992,15.056],[79.5008,15.0559],[79.5022,15.0557],[79.5032,15.0548],[79.5042,15.0542],[79.5052,15.0538],[79.5061,15.0532],[79.5059,15.0528],[79.5054,15.0512],[79.5053,15.0485],[79.5058,15.0468],[79.5068,15.0459],[79.5083,15.0454],[79.5101,15.045],[79.5118,15.0446],[79.5137,15.0441],[79.5158,15.0426],[79.517,15.041],[79.5178,15.04],[79.5186,15.0381],[79.5192,15.037],[79.52,15.0366],[79.5209,15.0369],[79.5219,15.0378],[79.5251,15.0377],[79.5274,15.0378],[79.5294,15.0378],[79.5307,15.0371],[79.5314,15.0362],[79.5321,15.0351],[79.5333,15.0349],[79.5341,15.0347],[79.5348,15.0334],[79.5358,15.0318],[79.5372,15.0307],[79.5393,15.0299],[79.5411,15.029],[79.5423,15.0283],[79.5431,15.0271],[79.5436,15.0256],[79.5451,15.025],[79.5463,15.0248],[79.5474,15.0246],[79.5483,15.0242],[79.5493,15.0229],[79.55,15.0221],[79.5511,15.022],[79.554,15.0226],[79.5561,15.0227],[79.5579,15.0225],[79.5591,15.0222],[79.5596,15.0231],[79.5592,15.0262],[79.5592,15.0288],[79.5597,15.0304],[79.5604,15.0312],[79.5619,15.0323],[79.564,15.0341],[79.5636,15.0358],[79.5637,15.0369],[79.5633,15.0387],[79.5632,15.0399],[79.5634,15.0414],[79.5636,15.0429],[79.5652,15.0431],[79.5679,15.0431],[79.5744,15.0431],[79.5771,15.0431],[79.5791,15.0428],[79.5806,15.0424],[79.5808,15.04],[79.5807,15.0372],[79.581,15.0367],[79.5828,15.0373],[79.5852,15.0385],[79.5871,15.0393],[79.5909,15.0399],[79.5929,15.04],[79.5955,15.0394],[79.5972,15.039],[79.5994,15.0384],[79.6018,15.0384],[79.6033,15.0387],[79.6051,15.04],[79.6085,15.0405],[79.6114,15.0399],[79.6134,15.0384],[79.6152,15.0367],[79.6166,15.035],[79.6195,15.0335],[79.6215,15.0331],[79.6238,15.0328],[79.626,15.0326],[79.6275,15.0331],[79.6292,15.0342],[79.6292,15.0432],[79.6263,15.0435],[79.6253,15.0448],[79.6241,15.047],[79.6218,15.05],[79.6202,15.0515],[79.6177,15.0532],[79.6155,15.054],[79.6125,15.0543],[79.6106,15.0555],[79.6097,15.0575],[79.6096,15.0597],[79.611,15.0635],[79.6124,15.0655],[79.6163,15.0718],[79.6177,15.0742],[79.6194,15.0771],[79.6224,15.0799],[79.6254,15.0809],[79.6275,15.0876],[79.6276,15.0931],[79.6291,15.0972],[79.6302,15.0981],[79.6316,15.0996],[79.6333,15.1015],[79.632,15.1048],[79.631,15.1092],[79.6295,15.1141],[79.6284,15.1191],[79.6277,15.1228],[79.6273,15.127],[79.6276,15.1297],[79.629,15.135],[79.6286,15.1373],[79.628,15.1411],[79.6267,15.145],[79.6258,15.1482],[79.6262,15.1516],[79.6286,15.1523],[79.632,15.1522],[79.6372,15.1522],[79.6421,15.1513],[79.6463,15.1517],[79.65,15.1527],[79.651,15.1558],[79.6491,15.1606],[79.6477,15.1673],[79.6468,15.1715],[79.6437,15.1755],[79.6397,15.1775],[79.6352,15.1766],[79.633,15.173],[79.6311,15.1691],[79.6295,15.1671],[79.6229,15.1672],[79.622,15.1702],[79.6228,15.1749],[79.6244,15.1785],[79.6274,15.1807],[79.6289,15.1892],[79.6338,15.2042],[79.6463,15.2266],[79.6547,15.2478],[79.666,15.2468],[79.6762,15.249],[79.6759,15.2471],[79.6759,15.2422],[79.6735,15.237],[79.6741,15.2316],[79.6743,15.2256],[79.685,15.2177],[79.6969,15.2196],[79.701,15.2163],[79.7081,15.2129],[79.7182,15.2103],[79.7292,15.208],[79.7366,15.206],[79.7422,15.2058],[79.7533,15.2058],[79.7542,15.2013],[79.7621,15.1991],[79.7711,15.1967],[79.7772,15.1971],[79.7838,15.2],[79.7901,15.2029],[79.794,15.2039],[79.7983,15.2049],[79.8034,15.2054],[79.8079,15.2063],[79.8131,15.2082],[79.8153,15.2118],[79.8144,15.2192],[79.8158,15.2179],[79.8222,15.2152],[79.8272,15.2129],[79.8301,15.2117],[79.8331,15.211],[79.8355,15.2115],[79.8376,15.2121],[79.8392,15.2138],[79.8399,15.215],[79.8397,15.2185],[79.8408,15.2217],[79.8417,15.2282],[79.8447,15.238],[79.8459,15.2433],[79.8497,15.2512],[79.853,15.2579],[79.8556,15.2668],[79.8568,15.2752],[79.8611,15.2767],[79.8661,15.2795],[79.8677,15.2829],[79.8681,15.2854],[79.8672,15.2999],[79.8655,15.3097],[79.8737,15.313],[79.8806,15.316],[79.886,15.3137],[79.8882,15.3092],[79.8891,15.3055],[79.8896,15.3025],[79.8927,15.3012],[79.8953,15.3021],[79.8971,15.3046],[79.8978,15.3075],[79.9016,15.3108],[79.905,15.3161],[79.9061,15.3189],[79.908,15.3261],[79.9095,15.3283],[79.911,15.3272],[79.9127,15.3268],[79.9137,15.3248],[79.9139,15.3226],[79.9132,15.3197],[79.9143,15.3167],[79.918,15.3126],[79.9182,15.3117],[79.9187,15.3081],[79.9186,15.3032],[79.9189,15.299],[79.9197,15.2989],[79.9232,15.2989],[79.9268,15.299],[79.931,15.2994],[79.9347,15.3002],[79.9375,15.3013],[79.9394,15.3045],[79.9403,15.308],[79.9403,15.3124],[79.9442,15.3156],[79.9588,15.3156],[79.9591,15.3136],[79.9584,15.3115],[79.9568,15.3087],[79.9559,15.3055],[79.955,15.2998],[79.9539,15.2983],[79.9533,15.2959],[79.9534,15.2933],[79.9543,15.2901],[79.9557,15.2894],[79.958,15.2892],[79.9601,15.2881],[79.9689,15.2806],[79.9756,15.2769],[79.9821,15.2741],[79.9853,15.2726],[79.985,15.2694],[79.984,15.267],[79.9818,15.262],[79.9803,15.2588],[79.9781,15.2538],[79.9766,15.2496],[79.9761,15.2463],[79.9761,15.2434],[79.9772,15.2414],[79.9758,15.2321],[79.9752,15.2269],[79.9743,15.2231],[79.9733,15.2195],[79.9724,15.2159],[79.973,15.2128],[79.9731,15.2103],[79.9744,15.2087],[79.9773,15.2067],[79.9775,15.2026],[79.9778,15.1981],[79.9827,15.1972],[79.9879,15.1975],[79.9918,15.1984],[79.9963,15.2024],[79.9983,15.2032],[80.0012,15.202],[80.0028,15.1996],[80.0043,15.1985],[80.0074,15.1981],[80.0088,15.1987],[80.0087,15.2024],[80.0114,15.2068],[80.0124,15.2081],[80.0143,15.2132],[80.0158,15.2151],[80.0194,15.2136],[80.0212,15.2128],[80.0239,15.2129],[80.0256,15.214],[80.0275,15.2152],[80.0293,15.2156],[80.0405,15.2162],[80.0466,15.2128],[80.0521,15.2106],[80.0545,15.2087],[80.0561,15.2073],[80.0575,15.2059],[80.0589,15.2048],[80.0613,15.2044],[80.0653,15.204],[80.0682,15.2023],[80.0711,15.2031],[80.0714,15.2042],[80.0703,15.2072],[80.0696,15.2096],[80.0695,15.2121],[80.0702,15.2148],[80.0729,15.2155],[80.0758,15.2141],[80.0776,15.2143],[80.0814,15.2158],[80.0874,15.2164],[80.0873,15.2152],[80.0871,15.2138],[80.0871,15.2136],[80.0871,15.2129],[80.0872,15.2123],[80.0871,15.2113],[80.087,15.2106],[80.087,15.21],[80.0869,15.2089],[80.0868,15.2079],[80.0866,15.2069],[80.0865,15.2065],[80.0865,15.206],[80.0862,15.2044],[80.0861,15.2039],[80.0861,15.2036],[80.0861,15.2026],[80.086,15.2016],[80.0857,15.1994],[80.0856,15.1988],[80.0855,15.198],[80.0855,15.1971],[80.0854,15.1963],[80.0854,15.1957],[80.0853,15.195],[80.0853,15.1945],[80.0853,15.1942],[80.0851,15.1939],[80.0849,15.1933],[80.0847,15.1931],[80.0848,15.1923],[80.0848,15.1917],[80.0848,15.1916],[80.0849,15.1914],[80.0848,15.1911],[80.0848,15.1905],[80.0847,15.19],[80.0846,15.1896],[80.0844,15.1892],[80.0842,15.1886],[80.0837,15.1877],[80.0836,15.1873],[80.0832,15.1867],[80.083,15.1863],[80.0827,15.1859],[80.0823,15.1853],[80.0819,15.1846],[80.0813,15.1835],[80.081,15.1831],[80.0807,15.1827],[80.0804,15.1823],[80.0803,15.1821],[80.08,15.1816],[80.0798,15.1814],[80.0796,15.181],[80.0795,15.1808],[80.0794,15.1807],[80.0792,15.1803],[80.0789,15.1799],[80.0787,15.1795],[80.0786,15.1793],[80.0784,15.1791],[80.0781,15.1786],[80.078,15.1784],[80.0778,15.1781],[80.0777,15.1778],[80.0775,15.1775],[80.0771,15.1769],[80.0767,15.1763],[80.0765,15.1759],[80.0764,15.1756],[80.0763,15.1753],[80.076,15.1749],[80.0757,15.1744],[80.0754,15.1738],[80.0753,15.1736],[80.0752,15.1734],[80.0752,15.1733],[80.0748,15.1727],[80.0747,15.1725],[80.0745,15.1721],[80.0742,15.1715],[80.074,15.1711],[80.0738,15.1707],[80.0735,15.1701],[80.0734,15.1699],[80.0731,15.1692],[80.0728,15.1688],[80.0725,15.1682],[80.0724,15.1677],[80.0722,15.1675],[80.0719,15.1668],[80.0718,15.1666],[80.0717,15.1664],[80.0714,15.1658],[80.071,15.165],[80.0709,15.1647],[80.0708,15.1646],[80.0707,15.1642],[80.0704,15.1637],[80.0702,15.1632],[80.07,15.1627],[80.0699,15.1624],[80.0698,15.1622],[80.0698,15.1621],[80.0695,15.1616],[80.0693,15.1612],[80.0689,15.1603],[80.0688,15.1599],[80.0687,15.1596],[80.0685,15.1593],[80.0683,15.1587],[80.068,15.158],[80.0678,15.1575],[80.0677,15.1573],[80.0675,15.1567],[80.0674,15.1565],[80.0673,15.1564],[80.0672,15.1561],[80.0669,15.1555],[80.0667,15.1547],[80.0664,15.154],[80.0661,15.1534],[80.066,15.153],[80.0658,15.1524],[80.0656,15.1518],[80.0655,15.1516],[80.0653,15.1511],[80.0652,15.1508],[80.0651,15.1505],[80.065,15.1503],[80.0649,15.1501],[80.0648,15.1497],[80.0647,15.1495],[80.0645,15.1489],[80.0643,15.1485],[80.0642,15.1482],[80.0641,15.1478],[80.064,15.1475],[80.0637,15.1467],[80.0637,15.1465],[80.0636,15.1462],[80.0635,15.1459],[80.0633,15.1454],[80.0631,15.1449],[80.0629,15.1442],[80.0627,15.1435],[80.0625,15.1427],[80.0623,15.1424],[80.0621,15.1419],[80.062,15.1413],[80.0618,15.1409],[80.0617,15.1405],[80.0615,15.1399],[80.0612,15.139],[80.0612,15.1389],[80.061,15.1385],[80.0607,15.1377],[80.0606,15.1371],[80.0605,15.1369],[80.0599,15.1349],[80.0598,15.1347],[80.0593,15.1331],[80.0587,15.1312],[80.0578,15.1281],[80.0575,15.1273],[80.0568,15.1251],[80.0568,15.1249],[80.0567,15.1246],[80.0566,15.1242],[80.0561,15.1227],[80.0561,15.1225],[80.0559,15.1221],[80.0559,15.1219],[80.0556,15.121],[80.0555,15.1208],[80.0551,15.1195],[80.0548,15.1184],[80.0547,15.118],[80.0546,15.1177],[80.0544,15.1171],[80.0543,15.1168],[80.0541,15.1161],[80.054,15.1158],[80.0539,15.1156],[80.0539,15.1152],[80.0538,15.1148],[80.0536,15.1145],[80.0535,15.1139],[80.0533,15.1133],[80.0533,15.1131],[80.0532,15.1125],[80.0531,15.1122],[80.0529,15.1116],[80.0528,15.1111],[80.0527,15.1106],[80.0525,15.1101],[80.0523,15.1089],[80.0521,15.1083],[80.0519,15.1072],[80.0517,15.1064],[80.0515,15.1057],[80.0511,15.104],[80.051,15.1032],[80.0508,15.1026],[80.0506,15.1016],[80.0504,15.1005],[80.0501,15.099],[80.0499,15.0981],[80.0498,15.0972],[80.0496,15.0963],[80.0494,15.0955],[80.0492,15.0941],[80.049,15.0926],[80.0486,15.0902],[80.0484,15.0888],[80.0483,15.0877],[80.0483,15.0866],[80.0482,15.0861],[80.0482,15.0854],[80.0482,15.0843],[80.0482,15.0837],[80.048,15.0828],[80.048,15.0821],[80.048,15.0782],[80.048,15.077],[80.048,15.0751],[80.0481,15.0748],[80.0483,15.0743],[80.0484,15.0738],[80.0485,15.0732],[80.0486,15.072],[80.0487,15.0708],[80.0487,15.0698],[80.0488,15.0682],[80.0488,15.0675],[80.0488,15.0668],[80.0488,15.0664],[80.0488,15.0657],[80.0488,15.0653],[80.0489,15.0646],[80.0489,15.0642],[80.0489,15.0635],[80.049,15.0633],[80.049,15.0627],[80.049,15.0625],[80.0491,15.062],[80.0491,15.0617],[80.0491,15.0615],[80.0491,15.0601],[80.0492,15.0595],[80.0493,15.0583],[80.0494,15.058],[80.0495,15.0574],[80.0495,15.056],[80.0497,15.0539],[80.0498,15.0519],[80.0498,15.0505],[80.0498,15.0498],[80.0499,15.0488],[80.0499,15.0468],[80.0499,15.0458],[80.0499,15.0452],[80.0499,15.0448],[80.0499,15.0446],[80.0499,15.0441],[80.05,15.0435],[80.05,15.042],[80.05,15.0417],[80.0501,15.0401],[80.0502,15.0386],[80.0502,15.038],[80.0503,15.0374],[80.0504,15.0368],[80.0506,15.0363],[80.0506,15.0361],[80.0507,15.0356],[80.0507,15.0353],[80.0508,15.0349],[80.0508,15.0348],[80.0508,15.0345],[80.0509,15.0338],[80.0509,15.0327],[80.051,15.0326],[80.051,15.0323],[80.0513,15.0297],[80.0514,15.0292],[80.0515,15.0283],[80.0515,15.0279],[80.0516,15.0277],[80.0517,15.0273],[80.0518,15.0271],[80.0518,15.0268],[80.052,15.0255],[80.0522,15.0238],[80.0523,15.0231],[80.0523,15.0229],[80.0524,15.0226],[80.0525,15.0219],[80.0526,15.0211],[80.0527,15.0207],[80.0528,15.0201],[80.0529,15.0197],[80.0529,15.0193],[80.053,15.0188],[80.053,15.0185],[80.0531,15.018],[80.0531,15.0176],[80.0532,15.0165],[80.0533,15.0159],[80.0535,15.0149],[80.0535,15.0141],[80.0536,15.0134],[80.0537,15.0125],[80.0537,15.012],[80.0538,15.0114],[80.0538,15.011],[80.0539,15.0104],[80.0543,15.0055],[80.0543,15.0054],[80.0544,15.0045],[80.0545,15.004],[80.0546,15.0036],[80.0546,15.0033],[80.0547,15.0027],[80.0547,15.002],[80.0548,15.0011],[80.0549,15.0002],[80.0551,14.9988],[80.0553,14.9977],[80.0555,14.9966],[80.0556,14.9961],[80.0559,14.9952],[80.056,14.9946],[80.0562,14.9941],[80.0563,14.9936],[80.0565,14.992],[80.0567,14.9914],[80.0568,14.9907],[80.0572,14.9893],[80.0576,14.9879],[80.0578,14.9872],[80.0578,14.9869],[80.0579,14.9864],[80.0581,14.9851],[80.0582,14.9841],[80.0585,14.9825],[80.0587,14.9815],[80.059,14.9791],[80.059,14.9785],[80.0592,14.9775],[80.0593,14.9768],[80.0594,14.9763],[80.0596,14.9755],[80.0597,14.9751],[80.0597,14.9747],[80.0597,14.9744],[80.0598,14.9741],[80.0598,14.9738],[80.06,14.9729],[80.0602,14.9724],[80.0606,14.9712],[80.0608,14.9704],[80.061,14.9696],[80.0612,14.9689],[80.0615,14.9675],[80.0617,14.9661],[80.0619,14.9652],[80.0623,14.9635],[80.0624,14.9631],[80.0625,14.9623],[80.0626,14.9615],[80.0628,14.9605],[80.063,14.9598],[80.0631,14.9591],[80.0634,14.9573],[80.0636,14.9561],[80.0638,14.9546],[80.064,14.9536],[80.0641,14.9528],[80.0642,14.9521],[80.0644,14.9512],[80.0647,14.9491],[80.0653,14.9467],[80.0654,14.9459],[80.0658,14.9446],[80.0659,14.9439],[80.0662,14.9426],[80.0663,14.9422],[80.0666,14.9413],[80.0668,14.9406],[80.067,14.9395],[80.0674,14.9377],[80.0675,14.9369],[80.0677,14.936],[80.0678,14.9351],[80.0679,14.9344],[80.0681,14.9336],[80.0682,14.933],[80.0683,14.9325],[80.0684,14.932],[80.0684,14.9317],[80.0686,14.9312],[80.0686,14.9306],[80.0687,14.9302],[80.0688,14.9297],[80.0688,14.9294],[80.0689,14.9292],[80.069,14.9288],[80.0691,14.9285],[80.0692,14.9281],[80.0692,14.928],[80.0697,14.9269],[80.0698,14.9266],[80.0699,14.9264],[80.0702,14.9258],[80.0703,14.9255],[80.0704,14.9254],[80.0708,14.9247],[80.0711,14.9241],[80.0712,14.9238],[80.0716,14.9231],[80.072,14.9224],[80.0723,14.9219],[80.0724,14.9213],[80.0726,14.9207],[80.0728,14.9203],[80.073,14.92],[80.0733,14.919],[80.0736,14.9183],[80.0739,14.9176],[80.0743,14.9166],[80.075,14.9141],[80.0753,14.9128],[80.0755,14.9117],[80.0759,14.9103],[80.0763,14.9089],[80.0769,14.9076],[80.0772,14.9068],[80.0777,14.9061],[80.0784,14.9047],[80.0788,14.9035],[80.0793,14.9017],[80.0796,14.9005],[80.0797,14.8999],[80.08,14.8985],[80.0804,14.8973],[80.0806,14.8967],[80.0808,14.8959],[80.081,14.8954],[80.0811,14.8947],[80.0814,14.8936],[80.0816,14.8928],[80.082,14.8916],[80.0823,14.8901],[80.0826,14.889],[80.0827,14.8886],[80.0832,14.8873],[80.0837,14.886],[80.0842,14.8845],[80.0847,14.8829],[80.0849,14.882],[80.085,14.881],[80.0853,14.8783],[80.0855,14.8772],[80.0859,14.8756],[80.0861,14.8749],[80.0863,14.8734],[80.0864,14.8724],[80.0865,14.8682],[80.0865,14.8671],[80.0866,14.8652],[80.0866,14.8631],[80.0866,14.8606],[80.0867,14.8592],[80.0867,14.8577],[80.0866,14.851],[80.0867,14.8478],[80.0868,14.8444],[80.0869,14.8419],[80.0869,14.841],[80.087,14.8396],[80.087,14.8389],[80.0871,14.8379],[80.0871,14.8364],[80.0871,14.8355],[80.0872,14.8344],[80.0872,14.8336],[80.0873,14.8327],[80.0874,14.8318],[80.0874,14.8308],[80.0875,14.8294],[80.0876,14.8286],[80.0877,14.8277],[80.0879,14.8265],[80.0881,14.8258],[80.0883,14.8254],[80.0886,14.8246],[80.0886,14.8244],[80.0885,14.8241],[80.0884,14.8236],[80.0884,14.8232],[80.0902,14.8219],[80.0906,14.8214],[80.091,14.8204],[80.0913,14.8194],[80.0914,14.819],[80.0916,14.8183],[80.0919,14.8163],[80.0922,14.8139],[80.0924,14.8121],[80.0925,14.8111],[80.0926,14.8099],[80.0928,14.809],[80.0928,14.8083],[80.093,14.8071],[80.0932,14.8049],[80.0933,14.8042],[80.0935,14.8033],[80.0937,14.8015],[80.0938,14.8007],[80.094,14.7997],[80.0941,14.7989],[80.0943,14.7978],[80.0943,14.7973],[80.0945,14.7963],[80.0947,14.7956],[80.0948,14.7949],[80.0949,14.7941],[80.0953,14.7925],[80.0953,14.7921],[80.0956,14.791],[80.0957,14.7903],[80.0958,14.7896],[80.0961,14.7883],[80.0962,14.7876],[80.0965,14.7865],[80.0971,14.7842],[80.0974,14.783],[80.0975,14.7824],[80.0976,14.7818],[80.0979,14.7808],[80.0986,14.778],[80.0988,14.7773],[80.0992,14.7761],[80.0993,14.7755],[80.0997,14.7742],[80.1005,14.7719],[80.1008,14.7704],[80.1009,14.7703],[80.101,14.7703],[80.1011,14.7703],[80.1012,14.7703],[80.1013,14.7702],[80.1013,14.7701],[80.1015,14.7698],[80.1015,14.7697],[80.1016,14.7695],[80.1019,14.7688],[80.1021,14.7682],[80.1026,14.7669],[80.1029,14.766],[80.1037,14.7641],[80.1043,14.7624],[80.1044,14.7617],[80.1046,14.761],[80.1049,14.7601],[80.1052,14.7593],[80.1056,14.7583],[80.1059,14.7579],[80.1064,14.7574],[80.1069,14.7565],[80.1072,14.7556],[80.1075,14.7547],[80.1078,14.7539],[80.1088,14.7522],[80.1093,14.7512],[80.1095,14.7505],[80.1096,14.7498],[80.1094,14.7489],[80.1095,14.7483],[80.1102,14.7473],[80.1108,14.7464],[80.1113,14.7454],[80.1116,14.7448],[80.1117,14.7446],[80.1118,14.7443],[80.112,14.744],[80.1125,14.7434],[80.1132,14.7429],[80.1135,14.7426],[80.1138,14.7425],[80.114,14.7423],[80.1141,14.7422],[80.1143,14.7418],[80.1144,14.7416],[80.1145,14.7412],[80.1153,14.741],[80.1165,14.7407],[80.117,14.7404],[80.1177,14.7398],[80.1184,14.7393],[80.1193,14.739],[80.1205,14.7387],[80.1208,14.739],[80.1213,14.7391],[80.1216,14.739],[80.1225,14.7382],[80.1238,14.7367],[80.1243,14.7362],[80.1248,14.7358],[80.1255,14.7349],[80.1257,14.7346],[80.126,14.7343],[80.1262,14.7341],[80.1264,14.7339],[80.1267,14.7335],[80.127,14.7331],[80.1273,14.7327],[80.1277,14.7324],[80.128,14.7319],[80.1285,14.7313],[80.1289,14.7308],[80.1298,14.7296],[80.13,14.7293],[80.1302,14.729],[80.1313,14.7277],[80.1318,14.7269],[80.1321,14.7264],[80.1324,14.7259],[80.133,14.7251],[80.1337,14.724],[80.134,14.7236],[80.1344,14.7229],[80.135,14.7218],[80.1356,14.7209],[80.1357,14.7207],[80.1359,14.7203],[80.136,14.7196],[80.1372,14.7179],[80.1379,14.717],[80.1387,14.7156],[80.139,14.715],[80.1393,14.7143],[80.1396,14.7137],[80.1399,14.7131],[80.14,14.7128],[80.14,14.7126],[80.1401,14.7124],[80.1402,14.7121],[80.1404,14.7118],[80.1405,14.7116],[80.1406,14.7114],[80.1406,14.7113],[80.1408,14.711],[80.141,14.7106],[80.1411,14.7102],[80.1413,14.7098],[80.1415,14.7095],[80.1415,14.7093],[80.1416,14.7091],[80.1418,14.7087],[80.1419,14.7084],[80.142,14.7082],[80.1421,14.708],[80.1422,14.7077],[80.1423,14.7075],[80.1424,14.7073],[80.1425,14.7071],[80.1426,14.7068],[80.1426,14.7067],[80.1427,14.7065],[80.1427,14.7063],[80.1429,14.7058],[80.1431,14.7053],[80.1432,14.705],[80.1434,14.7044],[80.1435,14.704],[80.1437,14.7034],[80.1439,14.703],[80.144,14.7026],[80.1441,14.7022],[80.1443,14.7017],[80.1444,14.7014],[80.1444,14.7011],[80.1444,14.7009],[80.1446,14.7005],[80.1447,14.7002],[80.1449,14.6996],[80.145,14.6992],[80.145,14.699],[80.1451,14.6987],[80.1453,14.6983],[80.1454,14.6978],[80.1456,14.6971],[80.1457,14.6966],[80.146,14.6958],[80.146,14.6954],[80.1462,14.6949],[80.1463,14.6946],[80.1464,14.6942],[80.1464,14.6939],[80.1465,14.6935],[80.1466,14.693],[80.1466,14.6928],[80.1467,14.6925],[80.1468,14.6923],[80.1469,14.6922],[80.1469,14.692],[80.1469,14.6918],[80.147,14.6916],[80.1471,14.6908],[80.1472,14.6906],[80.1474,14.6897],[80.1475,14.6892],[80.1475,14.689],[80.1475,14.6889],[80.1476,14.6886],[80.1477,14.6883],[80.1478,14.6881],[80.148,14.6873],[80.1481,14.687],[80.1482,14.6862],[80.1484,14.6853],[80.1485,14.6849],[80.1486,14.6841],[80.1488,14.6834],[80.149,14.6827],[80.1491,14.6823],[80.1492,14.6818],[80.1493,14.6816],[80.1493,14.6814],[80.1493,14.6813],[80.1494,14.6811],[80.1495,14.6809],[80.1495,14.6807],[80.1495,14.6805],[80.1496,14.6801],[80.1497,14.6796],[80.1498,14.6792],[80.1499,14.6788],[80.15,14.6784],[80.1501,14.6781],[80.1501,14.6778],[80.1501,14.6777],[80.1502,14.6775],[80.1502,14.6774],[80.1505,14.6765],[80.1507,14.6754],[80.151,14.6742],[80.1511,14.6736],[80.1512,14.6731],[80.1515,14.672],[80.1517,14.6711],[80.1519,14.6704],[80.1521,14.6696],[80.1522,14.6689],[80.1523,14.6685],[80.1523,14.6683],[80.1524,14.6681],[80.1525,14.668],[80.1526,14.6674],[80.1527,14.6671],[80.1528,14.6666],[80.153,14.6659],[80.1531,14.6654],[80.1532,14.665],[80.1534,14.6645],[80.1535,14.6638],[80.1536,14.6634],[80.1537,14.6629],[80.1538,14.6621],[80.1539,14.6618],[80.154,14.6613],[80.1541,14.661],[80.1543,14.6606],[80.1544,14.6601],[80.1545,14.6597],[80.1546,14.6593],[80.1546,14.659],[80.1549,14.6577],[80.155,14.6572],[80.1551,14.6567],[80.1553,14.6562],[80.1556,14.6551],[80.1557,14.6545],[80.1561,14.6531],[80.1562,14.6525],[80.1564,14.6517],[80.1568,14.6506],[80.157,14.6497],[80.1573,14.6485],[80.1575,14.6477],[80.1577,14.647],[80.1578,14.6466],[80.1582,14.645],[80.1585,14.6441],[80.1586,14.6438],[80.1586,14.6437],[80.1586,14.6436],[80.1587,14.6431],[80.159,14.6422],[80.1592,14.6416],[80.1594,14.6409],[80.1594,14.6405],[80.1597,14.6399],[80.1599,14.6393],[80.1602,14.6382],[80.1603,14.6376],[80.1608,14.6365],[80.161,14.6357],[80.1613,14.6345],[80.1618,14.6333],[80.1621,14.6324],[80.1625,14.6313],[80.1628,14.6306],[80.1637,14.6284],[80.164,14.6278],[80.1645,14.6266],[80.165,14.6252],[80.1655,14.6243],[80.1659,14.6235],[80.1661,14.6229],[80.1663,14.6225],[80.1665,14.622],[80.1668,14.6215],[80.1672,14.6206],[80.168,14.619],[80.169,14.6169],[80.1693,14.6164],[80.1699,14.6153],[80.1706,14.6139],[80.1713,14.6128],[80.1718,14.6121],[80.1723,14.6114],[80.1727,14.6106],[80.173,14.6102],[80.1741,14.6086],[80.1746,14.6082],[80.175,14.6078],[80.1756,14.6074],[80.1761,14.6071],[80.1764,14.6066],[80.1767,14.6063],[80.1771,14.606],[80.1775,14.6056],[80.1778,14.6051],[80.1779,14.6049],[80.1789,14.6044],[80.1793,14.6042],[80.1796,14.6037],[80.1797,14.6033],[80.1797,14.6032],[80.1803,14.6026],[80.1813,14.602],[80.1822,14.6013],[80.1829,14.6005],[80.1829,14.6003],[80.1829,14.6001],[80.1838,14.6011],[80.1837,14.6015],[80.1837,14.6016],[80.1838,14.6017],[80.1838,14.6018],[80.1838,14.6019],[80.1837,14.6019],[80.1836,14.602],[80.1836,14.6021],[80.1835,14.6023],[80.1834,14.6023],[80.1833,14.6024],[80.1832,14.6024],[80.1833,14.6025],[80.1834,14.6026],[80.1835,14.6026],[80.1837,14.6026],[80.1838,14.6025],[80.1839,14.6026],[80.184,14.6026],[80.1841,14.6025],[80.1842,14.6024],[80.1844,14.6023],[80.1849,14.6022],[80.1852,14.6021],[80.1857,14.6018],[80.186,14.6017],[80.1863,14.6015],[80.1868,14.601],[80.1873,14.6006],[80.188,14.5998],[80.1888,14.5989],[80.19,14.5975],[80.1907,14.5964],[80.1916,14.5954],[80.1921,14.5945],[80.1924,14.5935],[80.1929,14.5927],[80.1933,14.592],[80.1936,14.5904],[80.1938,14.5895],[80.1939,14.5889],[80.1941,14.5883],[80.1941,14.5876],[80.1941,14.5869],[80.1943,14.5866],[80.1943,14.5861],[80.1942,14.5852],[80.1943,14.5843],[80.1944,14.5836],[80.1943,14.583],[80.194,14.5826],[80.1937,14.5824],[80.1932,14.5805],[80.1929,14.579],[80.1936,14.5782],[80.1938,14.5779],[80.1941,14.5776],[80.1943,14.5772],[80.1942,14.5767],[80.1942,14.5764],[80.1943,14.5761],[80.194,14.5756],[80.1938,14.5749],[80.1934,14.5736],[80.1928,14.5715],[80.1925,14.5705],[80.1924,14.5701],[80.1923,14.5696],[80.1917,14.5676],[80.1913,14.566],[80.191,14.5647],[80.1905,14.5629],[80.1901,14.5615],[80.1898,14.5602],[80.1896,14.5594],[80.1893,14.5583],[80.1891,14.5576],[80.188,14.5533],[80.1878,14.5524],[80.1877,14.5515],[80.1876,14.5511],[80.1872,14.5498],[80.187,14.549],[80.1866,14.5473],[80.186,14.5443],[80.1855,14.5421],[80.1853,14.5414],[80.1851,14.5405],[80.1848,14.5392],[80.1845,14.538],[80.1842,14.5366],[80.1841,14.5362],[80.1839,14.5355],[80.1838,14.535],[80.1838,14.5345],[80.1838,14.5344],[80.1837,14.5342],[80.1836,14.5339],[80.1834,14.5336],[80.1834,14.5333],[80.1834,14.5329],[80.1831,14.5308],[80.183,14.5301],[80.1828,14.5288],[80.1826,14.5284],[80.1826,14.5279],[80.1823,14.5265],[80.182,14.5252],[80.1818,14.5238],[80.1817,14.5233],[80.1816,14.5224],[80.1815,14.5217],[80.1814,14.5206],[80.1813,14.5203],[80.1812,14.5199],[80.181,14.5184],[80.1808,14.5171],[80.1807,14.5157],[80.1806,14.5155],[80.1806,14.5152],[80.1805,14.5148],[80.1804,14.5138],[80.1803,14.5126],[80.1802,14.5118],[80.1801,14.5113],[80.18,14.5104],[80.1799,14.509],[80.1797,14.5077],[80.1796,14.507],[80.1796,14.5065],[80.1795,14.506],[80.1793,14.504],[80.1791,14.5027],[80.179,14.5008],[80.1788,14.4985],[80.1787,14.4975],[80.1787,14.4963],[80.1785,14.4943],[80.1785,14.4928],[80.1784,14.4918],[80.1783,14.491],[80.1782,14.4892],[80.1783,14.489],[80.1782,14.489],[80.1782,14.4889],[80.1783,14.4887],[80.1782,14.488],[80.1782,14.4875],[80.1781,14.4867],[80.1781,14.4861],[80.178,14.4852],[80.178,14.4848],[80.1781,14.4845],[80.178,14.4844],[80.178,14.4843],[80.1779,14.4838],[80.178,14.4833],[80.178,14.4831],[80.178,14.4818],[80.1779,14.4809],[80.1776,14.4782],[80.1776,14.4778],[80.1776,14.4777],[80.1775,14.4769],[80.1774,14.4757],[80.1774,14.4753],[80.1774,14.4751],[80.1774,14.4746],[80.1773,14.474],[80.1773,14.4734],[80.1773,14.4733],[80.1773,14.4732],[80.1771,14.4712],[80.1771,14.4708],[80.1771,14.4697],[80.177,14.4688],[80.1769,14.4677],[80.1769,14.4673],[80.1768,14.4665],[80.1767,14.4653],[80.1766,14.4635],[80.1765,14.4623],[80.1764,14.4601],[80.1763,14.4591],[80.1762,14.4584],[80.1761,14.4572],[80.1759,14.456],[80.1758,14.4552],[80.1758,14.4547],[80.1757,14.4535],[80.1756,14.453],[80.1757,14.4526],[80.1757,14.4523],[80.1756,14.4505],[80.1756,14.4498],[80.1755,14.4495],[80.1755,14.4484],[80.1754,14.4476],[80.1754,14.4468],[80.1753,14.4457],[80.1751,14.4449],[80.1751,14.4445],[80.175,14.4437],[80.175,14.4434],[80.1749,14.4425],[80.1748,14.4409],[80.1746,14.4394],[80.1746,14.4384],[80.1746,14.4383],[80.1746,14.4382],[80.1746,14.4381],[80.1746,14.4378],[80.1746,14.4377],[80.1745,14.4376],[80.1745,14.4377],[80.1744,14.4376],[80.1744,14.4375],[80.1744,14.4373],[80.1744,14.4372],[80.1745,14.437],[80.1745,14.4369],[80.1745,14.4361],[80.1745,14.4353],[80.1745,14.4348],[80.1745,14.4347],[80.1744,14.4338],[80.1743,14.4331],[80.1742,14.4322],[80.1741,14.4312],[80.1741,14.431],[80.174,14.4304],[80.174,14.4295],[80.1739,14.4288],[80.1739,14.4283],[80.1738,14.4273],[80.1738,14.4267],[80.1737,14.4257],[80.1735,14.4248],[80.1734,14.4235],[80.1733,14.4224],[80.1733,14.4219],[80.1732,14.4205],[80.1731,14.4192],[80.173,14.418],[80.173,14.417],[80.173,14.4168],[80.173,14.4156],[80.1729,14.4145],[80.173,14.4135],[80.173,14.4119],[80.173,14.4111],[80.173,14.4104],[80.173,14.4098],[80.1729,14.4091],[80.1729,14.4079],[80.1727,14.4043],[80.1727,14.4022],[80.1725,14.3991],[80.1725,14.3982],[80.1725,14.3977],[80.1725,14.3972],[80.1725,14.3966],[80.1725,14.3965],[80.1725,14.3963],[80.1724,14.3942],[80.1722,14.392],[80.1721,14.3905],[80.1721,14.39],[80.1721,14.3893],[80.172,14.3887],[80.172,14.3881],[80.1719,14.3866],[80.1718,14.3846],[80.1718,14.3835],[80.1715,14.3815],[80.1714,14.3809],[80.1713,14.3801],[80.1711,14.3788],[80.171,14.3771],[80.1709,14.3764],[80.1708,14.3756],[80.1708,14.3752],[80.1708,14.375],[80.1709,14.3747],[80.1709,14.3743],[80.1709,14.3742],[80.1708,14.3742],[80.1708,14.3741],[80.1708,14.3733],[80.1708,14.3728],[80.1708,14.3724],[80.1708,14.3723],[80.1707,14.3712],[80.1707,14.3706],[80.1706,14.3702],[80.1706,14.3701],[80.1705,14.3697],[80.1704,14.369],[80.1703,14.3686],[80.1703,14.3684],[80.1702,14.3681],[80.1701,14.3678],[80.17,14.3675],[80.17,14.3673],[80.1699,14.3665],[80.1697,14.3658],[80.1696,14.3653],[80.1694,14.3644],[80.1692,14.3634],[80.1691,14.3625],[80.169,14.3617],[80.1689,14.3613],[80.1688,14.3609],[80.1688,14.3606],[80.1688,14.36],[80.1687,14.3595],[80.1687,14.359],[80.1687,14.3587],[80.1687,14.3582],[80.1686,14.3575],[80.1685,14.3571],[80.1684,14.3565],[80.1683,14.3558],[80.1681,14.3548],[80.1681,14.354],[80.1681,14.3536],[80.1682,14.3533],[80.1681,14.3529],[80.1681,14.3527],[80.1682,14.3526],[80.1681,14.3524],[80.1681,14.3522],[80.168,14.3522],[80.168,14.3521],[80.1678,14.3515],[80.1677,14.3512],[80.1676,14.3508],[80.1675,14.3504],[80.1673,14.3494],[80.1664,14.3466],[80.1656,14.3441],[80.164,14.34],[80.1619,14.3355],[80.1607,14.3333],[80.1594,14.3301],[80.1593,14.3298],[80.1593,14.3295],[80.1591,14.3292],[80.1581,14.3275],[80.1579,14.3273],[80.1578,14.327],[80.1577,14.3268],[80.1577,14.3265],[80.1578,14.3262],[80.1578,14.3261],[80.1588,14.3254],[80.1589,14.3254],[80.1591,14.3254],[80.1592,14.3254],[80.1593,14.3254],[80.1594,14.3254],[80.1594,14.3253],[80.1594,14.3252],[80.1594,14.3251],[80.1593,14.3251],[80.1592,14.3251],[80.1591,14.3251],[80.1588,14.3252],[80.1587,14.3253],[80.1586,14.3253],[80.1577,14.326],[80.1574,14.3245],[80.1583,14.3244],[80.1591,14.3243],[80.1596,14.3243],[80.1596,14.3244],[80.1597,14.3244],[80.1598,14.3244],[80.1598,14.3243],[80.1599,14.3242],[80.1598,14.3241],[80.1597,14.3241],[80.1596,14.3241],[80.1584,14.3242],[80.1582,14.3242],[80.1574,14.3244],[80.1575,14.3242],[80.1575,14.324],[80.1576,14.3238],[80.1577,14.3236],[80.1577,14.3234],[80.1574,14.3228],[80.1569,14.3218],[80.1555,14.3198],[80.1539,14.3166],[80.1519,14.3121],[80.1496,14.3064],[80.1495,14.3058],[80.1492,14.3055],[80.147,14.2994],[80.1453,14.2947],[80.1448,14.2933],[80.1446,14.2925],[80.1442,14.2912],[80.1437,14.2895],[80.1434,14.2885],[80.143,14.2871],[80.1427,14.2863],[80.1426,14.2858],[80.1421,14.2841],[80.1418,14.283],[80.1414,14.2813],[80.1411,14.2798],[80.1408,14.2784],[80.1405,14.2769],[80.1402,14.2755],[80.1399,14.2743],[80.1397,14.2732],[80.1396,14.2723],[80.1394,14.2713],[80.1392,14.2701],[80.1389,14.2681],[80.1387,14.266],[80.1386,14.2647],[80.1385,14.2636],[80.1384,14.262],[80.1385,14.2615],[80.1384,14.2602],[80.1385,14.259],[80.1355,14.2582],[80.132,14.2566],[80.1298,14.2555],[80.1275,14.2544],[80.1258,14.2533],[80.1226,14.2523],[80.12,14.2523],[80.1171,14.2534],[80.1124,14.2549],[80.1091,14.2559],[80.1062,14.2561],[80.1023,14.2556],[80.0994,14.253],[80.0992,14.2502],[80.1002,14.2482],[80.1014,14.2459],[80.1017,14.2444],[80.1026,14.2428],[80.1045,14.2405],[80.1058,14.239],[80.1047,14.2368],[80.099,14.2321],[80.0969,14.2316],[80.0946,14.2315],[80.0917,14.2311],[80.0891,14.2301],[80.0856,14.2279],[80.0778,14.2274],[80.0718,14.2254],[80.0702,14.2244],[80.0692,14.2225],[80.069,14.2198],[80.0692,14.2173],[80.0692,14.2153],[80.0682,14.2133],[80.0666,14.2113],[80.0647,14.2096],[80.0629,14.2104],[80.0612,14.2123],[80.0599,14.2149],[80.0596,14.2172],[80.0595,14.2197],[80.0586,14.2215],[80.0565,14.221],[80.0548,14.2196],[80.0537,14.2177],[80.0531,14.2155],[80.052,14.2131],[80.05,14.2113],[80.0492,14.2083],[80.0492,14.206],[80.0496,14.2019],[80.0484,14.1994],[80.046,14.1979],[80.0432,14.198],[80.0396,14.1998],[80.0362,14.2037],[80.0342,14.2055],[80.0327,14.2049],[80.031,14.2048],[80.0293,14.2044],[80.0283,14.2027],[80.0284,14.2013],[80.0293,14.1995],[80.0308,14.1981],[80.0332,14.196],[80.0323,14.1949],[80.0308,14.1936],[80.0292,14.1915],[80.0274,14.1894],[80.0257,14.187],[80.0238,14.1852],[80.0222,14.1845],[80.0214,14.1846],[80.0203,14.1853],[80.02,14.1866],[80.0207,14.1881],[80.0215,14.1896],[80.022,14.1912],[80.0219,14.193],[80.0214,14.1947],[80.0202,14.1964],[80.0179,14.1978],[80.0154,14.1986],[80.0115,14.1986],[80.0068,14.1947],[80.0056,14.1935],[80.0055,14.1914],[80.0067,14.1903],[80.0079,14.1892],[80.0077,14.1877],[80.0064,14.186],[80.0046,14.1851],[80.003,14.1855],[80.0014,14.1865],[80.0004,14.1882],[80.0003,14.19],[79.9997,14.1915],[79.9984,14.1922],[79.9968,14.1912],[79.9952,14.1895],[79.9938,14.1875],[79.9924,14.1856],[79.9918,14.1838],[79.9898,14.1829],[79.9891,14.1838],[79.9886,14.1853],[79.9883,14.1872],[79.9883,14.1895],[79.9885,14.191],[79.989,14.1934],[79.9882,14.1947],[79.9864,14.1942],[79.9845,14.192],[79.9842,14.1902],[79.9837,14.1885],[79.9827,14.1869],[79.9805,14.1863],[79.9782,14.1875],[79.9772,14.1884],[79.9763,14.1857],[79.9743,14.1838],[79.9729,14.1813],[79.9731,14.1763],[79.9751,14.1735],[79.975,14.1691],[79.9695,14.165],[79.9661,14.1615],[79.9628,14.1605],[79.9584,14.158],[79.9564,14.1562],[79.9528,14.1547],[79.9506,14.1568],[79.949,14.159],[79.9461,14.1627],[79.9436,14.1629],[79.9429,14.1592],[79.9412,14.1542],[79.9274,14.1513],[79.9206,14.152],[79.9076,14.1524],[79.9055,14.1526],[79.9037,14.1599],[79.9005,14.1634],[79.8776,14.169],[79.8613,14.1744],[79.8564,14.1766],[79.8561,14.1821],[79.8558,14.185],[79.8549,14.1875],[79.8525,14.1908],[79.849,14.1967],[79.8488,14.2032],[79.8487,14.2063],[79.8482,14.2088],[79.8474,14.2106],[79.8455,14.2124],[79.8426,14.2151],[79.8384,14.2177],[79.8331,14.2198],[79.8267,14.2232],[79.8234,14.2245],[79.8209,14.2257],[79.8183,14.2272],[79.8179,14.2297],[79.8174,14.232],[79.8171,14.237],[79.817,14.2451],[79.8161,14.2473],[79.8136,14.25],[79.8132,14.2517],[79.8137,14.2536],[79.8147,14.2552],[79.8156,14.2571],[79.8146,14.2598],[79.8115,14.2615],[79.8089,14.2626],[79.8044,14.2643],[79.8003,14.2649],[79.7982,14.2639],[79.7959,14.262],[79.7945,14.2616],[79.7925,14.261],[79.7913,14.2601],[79.7903,14.2579],[79.7898,14.2558],[79.7879,14.2496],[79.7846,14.2448],[79.7813,14.2412],[79.7766,14.2366],[79.7758,14.2319],[79.7755,14.2286],[79.7758,14.2263],[79.7778,14.2242],[79.7805,14.2226],[79.7829,14.2211],[79.7846,14.2201],[79.7887,14.2179],[79.7895,14.2159],[79.7897,14.2137],[79.79,14.2123],[79.7915,14.2113],[79.7942,14.2111],[79.7962,14.2103],[79.7966,14.2092],[79.7982,14.2046],[79.7974,14.2023],[79.7972,14.2003],[79.797,14.1977],[79.7987,14.1943],[79.7998,14.1927],[79.8003,14.191],[79.8014,14.1879],[79.7999,14.1854],[79.7985,14.1844],[79.7965,14.1848],[79.7936,14.1844],[79.7921,14.1837],[79.79,14.1833],[79.788,14.1832],[79.7843,14.1832],[79.7802,14.1836],[79.7774,14.1829],[79.7762,14.1818],[79.7747,14.1795],[79.7733,14.1786],[79.7715,14.1782],[79.7694,14.1775],[79.7671,14.1772],[79.765,14.177],[79.7631,14.176],[79.7626,14.1751],[79.7615,14.1708],[79.7595,14.1685],[79.7576,14.1675],[79.7558,14.1676],[79.7531,14.1677],[79.7507,14.1647],[79.7496,14.1618],[79.7479,14.1597],[79.746,14.1575],[79.7447,14.156],[79.7426,14.1496],[79.7411,14.1457],[79.7391,14.1409],[79.7379,14.1388],[79.7367,14.1375],[79.7349,14.1366],[79.7346,14.1355],[79.7343,14.1299],[79.7326,14.128],[79.7303,14.1271],[79.7286,14.126],[79.7277,14.1244],[79.7249,14.1194],[79.723,14.1171],[79.7173,14.1134],[79.7139,14.1121],[79.7108,14.1092],[79.7061,14.1116],[79.7016,14.1132],[79.695,14.1151],[79.6888,14.1172],[79.6793,14.1207],[79.6697,14.1221],[79.6686,14.1221],[79.6677,14.1237],[79.6657,14.1311],[79.664,14.1357],[79.6625,14.1391],[79.6611,14.1418],[79.6618,14.1443],[79.6635,14.1463],[79.6641,14.1489],[79.6631,14.1516],[79.6604,14.1532],[79.658,14.1543],[79.6547,14.1551],[79.6496,14.1551],[79.644,14.1545],[79.6409,14.1526],[79.6391,14.1489],[79.6387,14.1461],[79.6388,14.1426],[79.6408,14.1408],[79.6417,14.138],[79.642,14.1323],[79.6425,14.124],[79.642,14.1204],[79.6416,14.1178],[79.6393,14.1136],[79.6353,14.1109],[79.6313,14.1082],[79.6277,14.1093],[79.6224,14.1122],[79.6153,14.1149],[79.6102,14.1188],[79.6008,14.1264],[79.5992,14.1317]]]}},{"type":"Feature","properties":{"district":"Anantapuramu","district_hi":"अनंतपुरम"},"geometry":{"type":"Polygon","coordinates":[[[78.0645,14.5729],[78.0631,14.5726],[78.0612,14.5722],[78.0541,14.571],[78.05,14.5693],[78.0473,14.568],[78.0393,14.5657],[78.0383,14.5637],[78.0383,14.5616],[78.0386,14.5597],[78.0391,14.5553],[78.0406,14.5523],[78.0431,14.5484],[78.0438,14.5461],[78.0428,14.543],[78.0417,14.5359],[78.0412,14.5342],[78.0398,14.5337],[78.0378,14.5334],[78.0354,14.5333],[78.0326,14.5318],[78.0313,14.5321],[78.0296,14.5327],[78.0261,14.5334],[78.0245,14.5332],[78.0225,14.5332],[78.021,14.5335],[78.0195,14.5345],[78.015,14.5362],[78.0091,14.5367],[78.005,14.5377],[77.9965,14.5387],[77.9911,14.5393],[77.9882,14.5398],[77.9852,14.5422],[77.9835,14.5445],[77.9828,14.5465],[77.9833,14.5485],[77.9849,14.551],[77.9852,14.5537],[77.9843,14.556],[77.9842,14.5587],[77.9835,14.5636],[77.9822,14.5656],[77.9858,14.568],[77.988,14.5692],[77.9891,14.5705],[77.9876,14.5722],[77.9858,14.5744],[77.9858,14.5772],[77.987,14.5802],[77.9877,14.5838],[77.9872,14.5869],[77.9856,14.5909],[77.9825,14.5959],[77.9847,14.6027],[77.9883,14.6074],[77.989,14.6089],[77.9897,14.6118],[77.9893,14.615],[77.985,14.6187],[77.9806,14.623],[77.9745,14.6235],[77.9709,14.6236],[77.967,14.6257],[77.9621,14.6307],[77.9584,14.6348],[77.9534,14.6349],[77.9498,14.6354],[77.9423,14.6347],[77.9349,14.6381],[77.9289,14.6386],[77.9265,14.639],[77.9239,14.6412],[77.9206,14.6421],[77.9139,14.6421],[77.9035,14.6444],[77.8976,14.6448],[77.8954,14.6461],[77.8935,14.6486],[77.8885,14.6483],[77.8861,14.6484],[77.8814,14.6448],[77.8788,14.6444],[77.8772,14.6455],[77.8755,14.6476],[77.8746,14.6504],[77.8726,14.6528],[77.8697,14.6542],[77.8678,14.6522],[77.8659,14.6483],[77.8614,14.6445],[77.8596,14.6429],[77.8554,14.6413],[77.8522,14.6401],[77.8513,14.6382],[77.8534,14.636],[77.8539,14.6341],[77.8539,14.6313],[77.8536,14.627],[77.8537,14.6223],[77.855,14.6188],[77.8555,14.6165],[77.8547,14.6141],[77.8517,14.6135],[77.8486,14.614],[77.8459,14.6143],[77.8426,14.6139],[77.8407,14.612],[77.8419,14.6111],[77.8444,14.6111],[77.8474,14.6109],[77.85,14.6104],[77.8535,14.6097],[77.854,14.6064],[77.8514,14.601],[77.8493,14.5999],[77.8451,14.5996],[77.8414,14.6005],[77.8382,14.6018],[77.8334,14.6036],[77.829,14.6049],[77.8229,14.6037],[77.8167,14.6015],[77.8085,14.6121],[77.8053,14.6164],[77.7983,14.6115],[77.7961,14.6139],[77.7943,14.6116],[77.7905,14.6086],[77.7815,14.6018],[77.7743,14.5959],[77.7702,14.5958],[77.7637,14.5943],[77.7571,14.5962],[77.7496,14.5944],[77.7456,14.5937],[77.7424,14.5932],[77.7375,14.5935],[77.7354,14.5912],[77.7354,14.5888],[77.7367,14.5875],[77.7379,14.585],[77.7378,14.5805],[77.7343,14.5768],[77.7299,14.5758],[77.7273,14.5768],[77.723,14.578],[77.7196,14.5796],[77.7168,14.5777],[77.7123,14.5734],[77.7113,14.571],[77.7113,14.5679],[77.7102,14.5654],[77.7099,14.5619],[77.7093,14.5596],[77.7068,14.5572],[77.7059,14.5551],[77.7063,14.5511],[77.7045,14.5473],[77.7008,14.5438],[77.6966,14.541],[77.694,14.538],[77.6847,14.538],[77.6772,14.538],[77.6728,14.54],[77.6676,14.5417],[77.6611,14.5392],[77.6564,14.5376],[77.6537,14.5343],[77.6525,14.5266],[77.6503,14.5197],[77.6536,14.5189],[77.6576,14.518],[77.6622,14.517],[77.668,14.514],[77.6737,14.5104],[77.6769,14.5043],[77.6758,14.4976],[77.669,14.4918],[77.6628,14.4865],[77.6528,14.4839],[77.6492,14.4877],[77.637,14.4913],[77.6252,14.4819],[77.6208,14.4795],[77.6157,14.4765],[77.6121,14.4689],[77.6073,14.4651],[77.5953,14.4622],[77.5874,14.4615],[77.5791,14.4594],[77.5701,14.4551],[77.5619,14.4597],[77.5542,14.4633],[77.5396,14.4727],[77.5343,14.4733],[77.5332,14.4752],[77.533,14.4779],[77.5327,14.4814],[77.5329,14.4838],[77.5315,14.4852],[77.5273,14.4865],[77.5229,14.4879],[77.518,14.4896],[77.5164,14.4879],[77.5146,14.4855],[77.5115,14.4832],[77.5087,14.4819],[77.5054,14.4807],[77.5027,14.4803],[77.4978,14.478],[77.4945,14.4764],[77.4912,14.4742],[77.4885,14.4746],[77.4875,14.476],[77.488,14.4788],[77.4877,14.482],[77.4862,14.4871],[77.4845,14.4905],[77.4819,14.4933],[77.4801,14.4953],[77.4778,14.4972],[77.478,14.4992],[77.4792,14.501],[77.4798,14.5034],[77.4781,14.5055],[77.4759,14.508],[77.4732,14.5124],[77.4717,14.5164],[77.4735,14.5222],[77.4763,14.527],[77.4766,14.5304],[77.4771,14.533],[77.4776,14.5358],[77.4777,14.5392],[77.4763,14.5463],[77.4758,14.5529],[77.4737,14.5558],[77.4711,14.5571],[77.4707,14.5591],[77.4709,14.5617],[77.4711,14.565],[77.4706,14.567],[77.4677,14.5685],[77.4639,14.5699],[77.4605,14.5693],[77.4564,14.567],[77.453,14.5665],[77.4494,14.5639],[77.4473,14.5619],[77.4442,14.5598],[77.438,14.558],[77.4304,14.5548],[77.4229,14.5535],[77.4199,14.5522],[77.4161,14.5515],[77.4109,14.5516],[77.4063,14.5514],[77.4025,14.5523],[77.3984,14.5549],[77.3895,14.5548],[77.3881,14.5528],[77.3862,14.5504],[77.3831,14.5483],[77.3797,14.5466],[77.3743,14.5454],[77.3669,14.5427],[77.362,14.5408],[77.3586,14.54],[77.3574,14.537],[77.3579,14.5306],[77.36,14.5274],[77.366,14.5176],[77.3686,14.512],[77.3702,14.5085],[77.3752,14.5047],[77.377,14.5],[77.3754,14.4975],[77.3722,14.4946],[77.3671,14.4909],[77.3601,14.4854],[77.3593,14.4832],[77.3595,14.4805],[77.3602,14.4788],[77.3608,14.476],[77.3613,14.4724],[77.3621,14.47],[77.3626,14.4676],[77.3633,14.4647],[77.3623,14.4628],[77.3579,14.4617],[77.3542,14.4618],[77.3521,14.4611],[77.3501,14.4592],[77.346,14.4562],[77.3431,14.4551],[77.3407,14.4546],[77.3384,14.4546],[77.336,14.4547],[77.3334,14.4537],[77.3339,14.4502],[77.3339,14.4473],[77.3331,14.4454],[77.3296,14.4426],[77.3261,14.4395],[77.3242,14.4362],[77.3237,14.4331],[77.3225,14.4287],[77.3223,14.4263],[77.3217,14.4198],[77.3207,14.4146],[77.3202,14.4108],[77.3183,14.4073],[77.3197,14.4027],[77.3189,14.3982],[77.3181,14.3959],[77.3179,14.3927],[77.3184,14.3874],[77.317,14.3854],[77.3159,14.3835],[77.316,14.381],[77.3172,14.3794],[77.3197,14.3781],[77.3186,14.3738],[77.3162,14.3705],[77.319,14.3694],[77.3223,14.3701],[77.3252,14.3665],[77.3256,14.3624],[77.3279,14.3595],[77.3302,14.3573],[77.3307,14.3543],[77.3299,14.3502],[77.3263,14.3479],[77.3261,14.3457],[77.3281,14.3437],[77.3282,14.3417],[77.3267,14.3396],[77.3249,14.3386],[77.3216,14.3364],[77.3173,14.3348],[77.318,14.3265],[77.319,14.323],[77.3192,14.3196],[77.3197,14.3153],[77.3209,14.3121],[77.3248,14.311],[77.3286,14.3105],[77.3321,14.3108],[77.3336,14.3103],[77.3341,14.3056],[77.3413,14.3059],[77.3418,14.3034],[77.3435,14.303],[77.3454,14.3033],[77.3456,14.3067],[77.3458,14.3084],[77.3477,14.3095],[77.3496,14.3088],[77.3495,14.3022],[77.3498,14.2995],[77.3515,14.2983],[77.3548,14.2967],[77.3559,14.2948],[77.3567,14.2922],[77.3566,14.2892],[77.3562,14.286],[77.3563,14.2835],[77.3568,14.2777],[77.2824,14.284],[77.2831,14.2872],[77.2882,14.3014],[77.2888,14.3119],[77.287,14.3395],[77.2842,14.3389],[77.277,14.3377],[77.2715,14.3334],[77.2681,14.3322],[77.2635,14.3331],[77.258,14.3307],[77.2582,14.3273],[77.2534,14.3253],[77.2533,14.3223],[77.2457,14.3184],[77.2347,14.3188],[77.228,14.3208],[77.2194,14.3199],[77.2102,14.3205],[77.1994,14.3219],[77.1624,14.3442],[77.1487,14.3407],[77.1467,14.3407],[77.1397,14.3409],[77.1362,14.3373],[77.136,14.3356],[77.1356,14.3247],[77.1302,14.3081],[77.1222,14.3015],[77.1164,14.294],[77.1149,14.2923],[77.1145,14.2768],[77.1134,14.2725],[77.1092,14.2692],[77.1101,14.2657],[77.1116,14.2631],[77.114,14.2627],[77.1203,14.2631],[77.1186,14.2574],[77.1154,14.2545],[77.116,14.2505],[77.118,14.2449],[77.1155,14.2381],[77.1158,14.2312],[77.1163,14.2261],[77.1141,14.223],[77.1017,14.2175],[77.0944,14.216],[77.082,14.2139],[77.0753,14.2243],[77.0691,14.2278],[77.0587,14.2317],[77.0606,14.237],[77.0527,14.2474],[77.0382,14.2467],[77.0186,14.24],[77.0116,14.2386],[77.0058,14.2368],[77.0005,14.239],[76.9836,14.2464],[76.97,14.2437],[76.9591,14.2454],[76.9518,14.2419],[76.9461,14.2421],[76.9417,14.2443],[76.9344,14.2627],[76.9247,14.2743],[76.9273,14.2788],[76.9361,14.2804],[76.947,14.2858],[76.9556,14.2929],[76.9466,14.3117],[76.9441,14.3145],[76.9258,14.315],[76.9029,14.3237],[76.8922,14.3424],[76.8829,14.3505],[76.8848,14.3848],[76.8869,14.3946],[76.9007,14.3986],[76.9152,14.4203],[76.9306,14.4116],[76.9421,14.4002],[76.9476,14.4077],[76.9471,14.4274],[76.9445,14.4474],[76.9452,14.4516],[76.9589,14.451],[76.963,14.455],[76.9692,14.4655],[76.9725,14.4708],[76.9748,14.4774],[76.9757,14.4851],[76.9721,14.4863],[76.9562,14.4855],[76.9497,14.4891],[76.9184,14.4911],[76.9011,14.4899],[76.887,14.4831],[76.8826,14.4767],[76.8707,14.4742],[76.8659,14.4745],[76.8579,14.503],[76.8555,14.5115],[76.8316,14.5275],[76.8144,14.5315],[76.8069,14.5309],[76.8039,14.5387],[76.7986,14.5479],[76.7895,14.561],[76.7802,14.5953],[76.7738,14.5968],[76.7642,14.603],[76.7658,14.6055],[76.7677,14.6166],[76.7733,14.6376],[76.7725,14.6612],[76.7753,14.6811],[76.7762,14.6824],[76.7864,14.6966],[76.787,14.7095],[76.8026,14.7423],[76.792,14.7555],[76.7895,14.7605],[76.7882,14.7744],[76.7837,14.7845],[76.7878,14.786],[76.8052,14.7862],[76.8124,14.7875],[76.821,14.7879],[76.8205,14.7921],[76.8327,14.7918],[76.8366,14.7911],[76.8382,14.8097],[76.8535,14.809],[76.8554,14.8169],[76.847,14.8216],[76.8446,14.8356],[76.8435,14.8379],[76.8532,14.8428],[76.8562,14.848],[76.8546,14.856],[76.8575,14.8674],[76.8538,14.8715],[76.8524,14.8754],[76.8534,14.8857],[76.8462,14.8858],[76.8455,14.8908],[76.8467,14.8965],[76.8637,14.896],[76.8676,14.9292],[76.8703,14.9358],[76.8681,14.9491],[76.8669,14.9557],[76.8677,14.9679],[76.8666,14.9708],[76.8583,14.9693],[76.8417,14.9666],[76.8359,14.9607],[76.8331,14.9573],[76.829,14.9577],[76.819,14.9681],[76.8152,14.9705],[76.7968,14.9695],[76.7834,14.9732],[76.7778,14.9751],[76.766,14.975],[76.7636,14.985],[76.7611,14.9905],[76.7739,14.9923],[76.7789,15.0042],[76.7856,15.006],[76.7895,15.0159],[76.7901,15.022],[76.785,15.028],[76.7839,15.0414],[76.7761,15.0534],[76.7731,15.0608],[76.775,15.0702],[76.7775,15.0783],[76.7919,15.0901],[76.8003,15.0947],[76.8224,15.0815],[76.8358,15.0793],[76.8622,15.0595],[76.873,15.0469],[76.8776,15.0313],[76.8951,15.0371],[76.9088,15.0332],[76.9185,15.0357],[76.9216,15.032],[76.9416,15.0316],[76.9492,15.031],[76.9631,15.0196],[76.9714,15.0192],[76.9857,15.0152],[76.9834,15.0206],[76.9879,15.0275],[77.0008,15.0295],[77.004,15.0339],[77.0224,15.0321],[77.049,15.0327],[77.0505,15.0297],[77.0502,15.0243],[77.0442,15.0097],[77.0667,15.0047],[77.0826,15.0065],[77.0836,15.0219],[77.0846,15.0308],[77.094,15.036],[77.1094,15.0345],[77.1128,15.034],[77.1137,15.0367],[77.1158,15.0402],[77.1278,15.0717],[77.1306,15.0926],[77.13,15.1008],[77.1368,15.1043],[77.1475,15.1075],[77.1563,15.124],[77.1576,15.1413],[77.1584,15.1441],[77.1592,15.145],[77.1609,15.1458],[77.1648,15.1455],[77.1676,15.1444],[77.1711,15.1432],[77.1741,15.1419],[77.1778,15.1422],[77.181,15.1428],[77.1814,15.1444],[77.1848,15.1509],[77.1855,15.153],[77.189,15.1571],[77.1961,15.1582],[77.1999,15.1585],[77.2032,15.1574],[77.2079,15.1552],[77.2125,15.1539],[77.2144,15.152],[77.2154,15.1515],[77.2174,15.1506],[77.222,15.148],[77.2249,15.1469],[77.2269,15.1461],[77.2299,15.1441],[77.232,15.1435],[77.2362,15.1436],[77.2458,15.1443],[77.2533,15.1431],[77.2551,15.1428],[77.2595,15.1422],[77.2629,15.1413],[77.2642,15.14],[77.2663,15.1363],[77.2705,15.1317],[77.2727,15.1315],[77.277,15.1311],[77.2867,15.1316],[77.2919,15.1315],[77.2955,15.1387],[77.2977,15.1473],[77.2998,15.1544],[77.3007,15.1542],[77.3069,15.1541],[77.3101,15.1545],[77.3114,15.1578],[77.313,15.1636],[77.3156,15.1725],[77.3164,15.176],[77.3171,15.1761],[77.322,15.1758],[77.3253,15.1756],[77.328,15.1747],[77.3322,15.1747],[77.3347,15.1757],[77.3384,15.1763],[77.3439,15.1762],[77.3479,15.1765],[77.3504,15.1774],[77.351,15.1787],[77.3508,15.1805],[77.3499,15.1822],[77.352,15.1923],[77.3534,15.1969],[77.354,15.1995],[77.3574,15.2007],[77.359,15.2032],[77.3603,15.209],[77.3629,15.2165],[77.3633,15.2196],[77.3635,15.2226],[77.3676,15.2227],[77.3742,15.222],[77.3782,15.2208],[77.3821,15.22],[77.3858,15.2189],[77.3902,15.2179],[77.3933,15.2175],[77.397,15.2175],[77.4025,15.218],[77.4041,15.2181],[77.4062,15.2184],[77.4067,15.2203],[77.4068,15.2224],[77.4087,15.2237],[77.4102,15.224],[77.4112,15.2241],[77.4139,15.2239],[77.4174,15.223],[77.4214,15.2225],[77.4246,15.2222],[77.4288,15.221],[77.4311,15.2204],[77.4339,15.2187],[77.4344,15.217],[77.4345,15.214],[77.4348,15.2121],[77.435,15.2095],[77.4383,15.2079],[77.4407,15.2076],[77.4431,15.2069],[77.4456,15.2061],[77.4474,15.2058],[77.4488,15.2057],[77.45,15.2054],[77.4506,15.2056],[77.4503,15.2066],[77.4498,15.2076],[77.4491,15.2089],[77.4481,15.2103],[77.4476,15.2117],[77.4479,15.2132],[77.4505,15.2169],[77.4506,15.2184],[77.451,15.2202],[77.4521,15.221],[77.4541,15.22],[77.4552,15.2193],[77.457,15.2182],[77.4607,15.2172],[77.466,15.217],[77.4692,15.2159],[77.4732,15.2131],[77.4746,15.2116],[77.4761,15.2104],[77.4776,15.2088],[77.4797,15.2081],[77.4815,15.2079],[77.4832,15.2081],[77.4841,15.2092],[77.4846,15.2109],[77.4849,15.2126],[77.4859,15.2133],[77.4911,15.2145],[77.4951,15.2152],[77.4971,15.2156],[77.4976,15.217],[77.4981,15.2185],[77.4986,15.2199],[77.4996,15.2208],[77.5022,15.222],[77.5061,15.2225],[77.5087,15.2228],[77.5111,15.2232],[77.5141,15.2236],[77.5221,15.2241],[77.5253,15.2238],[77.5273,15.2235],[77.5291,15.222],[77.5306,15.2209],[77.533,15.2182],[77.5358,15.2152],[77.5374,15.2131],[77.5398,15.2111],[77.5415,15.2095],[77.5436,15.2084],[77.549,15.2076],[77.5514,15.2065],[77.5556,15.2053],[77.5605,15.2044],[77.5638,15.2028],[77.5656,15.2027],[77.5672,15.2025],[77.5687,15.2017],[77.5699,15.2004],[77.5714,15.1992],[77.5722,15.1987],[77.5736,15.199],[77.5757,15.1988],[77.5758,15.1976],[77.5748,15.196],[77.5771,15.1928],[77.5801,15.1898],[77.5837,15.1876],[77.5901,15.1849],[77.5915,15.1845],[77.5936,15.184],[77.5959,15.1836],[77.6005,15.1836],[77.6048,15.1843],[77.6068,15.1843],[77.6112,15.1839],[77.6116,15.1841],[77.6111,15.1898],[77.6105,15.1931],[77.6106,15.1948],[77.6107,15.1964],[77.6134,15.2002],[77.6144,15.2013],[77.6152,15.2025],[77.6155,15.2037],[77.6151,15.2047],[77.6149,15.2055],[77.615,15.2065],[77.6163,15.2067],[77.6171,15.2062],[77.6184,15.2055],[77.6198,15.2053],[77.6208,15.2057],[77.6218,15.2058],[77.6232,15.2054],[77.6237,15.2052],[77.6244,15.2056],[77.6253,15.2068],[77.6287,15.2074],[77.6309,15.2068],[77.6334,15.2068],[77.6344,15.2069],[77.6351,15.2074],[77.6354,15.2085],[77.6357,15.2103],[77.6364,15.2132],[77.6367,15.2176],[77.6369,15.2206],[77.6372,15.2214],[77.6384,15.2225],[77.6395,15.2227],[77.6407,15.223],[77.642,15.2233],[77.6435,15.2238],[77.6455,15.2249],[77.6477,15.2255],[77.6494,15.2269],[77.6495,15.2283],[77.6496,15.2297],[77.6502,15.2309],[77.6512,15.2317],[77.6529,15.2322],[77.6542,15.2321],[77.6558,15.232],[77.6576,15.2321],[77.6591,15.233],[77.6619,15.2332],[77.6631,15.2339],[77.6648,15.2339],[77.6666,15.2329],[77.6693,15.2323],[77.6743,15.2301],[77.6764,15.2291],[77.677,15.2273],[77.6766,15.2253],[77.6759,15.2215],[77.6765,15.2189],[77.679,15.2169],[77.681,15.2144],[77.6835,15.2134],[77.6866,15.2133],[77.6882,15.213],[77.6883,15.211],[77.6884,15.2088],[77.6893,15.2078],[77.6903,15.2072],[77.6921,15.2067],[77.694,15.2068],[77.6955,15.207],[77.6973,15.2064],[77.6979,15.2053],[77.6988,15.2032],[77.698,15.1999],[77.6969,15.1983],[77.6962,15.1967],[77.6959,15.1949],[77.6956,15.1923],[77.6932,15.1881],[77.6929,15.1866],[77.6931,15.1852],[77.6937,15.1834],[77.695,15.1824],[77.698,15.1813],[77.7,15.181],[77.7017,15.1806],[77.7031,15.1808],[77.7047,15.1811],[77.7067,15.1821],[77.7087,15.184],[77.7093,15.1857],[77.7099,15.1867],[77.7112,15.1871],[77.7124,15.1863],[77.7124,15.185],[77.7125,15.1838],[77.7132,15.1831],[77.7142,15.1828],[77.7145,15.1822],[77.7148,15.1808],[77.7162,15.1804],[77.7175,15.1787],[77.7178,15.1774],[77.7175,15.1765],[77.7167,15.1756],[77.7164,15.1745],[77.7166,15.1732],[77.7173,15.1724],[77.7183,15.1718],[77.7219,15.171],[77.7286,15.17],[77.7315,15.1698],[77.7328,15.1691],[77.7325,15.1679],[77.731,15.1651],[77.7306,15.1638],[77.7302,15.1605],[77.7293,15.1543],[77.7302,15.1518],[77.7314,15.1499],[77.7324,15.1488],[77.735,15.1477],[77.7403,15.1457],[77.7422,15.1453],[77.7432,15.1443],[77.7445,15.143],[77.7454,15.1415],[77.7464,15.1397],[77.7472,15.1346],[77.7473,15.1319],[77.748,15.1303],[77.7503,15.1291],[77.7541,15.128],[77.759,15.1273],[77.7626,15.1266],[77.769,15.125],[77.7714,15.1245],[77.7739,15.1244],[77.774,15.1234],[77.7741,15.1217],[77.7736,15.1198],[77.7728,15.118],[77.7718,15.1161],[77.7713,15.1145],[77.7715,15.1132],[77.7732,15.1117],[77.7751,15.1112],[77.7763,15.111],[77.7775,15.1109],[77.7799,15.1112],[77.7806,15.1121],[77.7815,15.1128],[77.7846,15.1129],[77.7851,15.1126],[77.7863,15.1119],[77.7869,15.1104],[77.7871,15.1086],[77.7876,15.1076],[77.789,15.1068],[77.7905,15.1066],[77.792,15.1071],[77.7926,15.1082],[77.793,15.1097],[77.7942,15.1128],[77.7949,15.115],[77.7955,15.1171],[77.7962,15.1192],[77.7987,15.1205],[77.8008,15.1212],[77.8028,15.122],[77.8051,15.1231],[77.8075,15.1252],[77.8099,15.1282],[77.8104,15.1295],[77.8103,15.1314],[77.8104,15.1333],[77.8099,15.1346],[77.8093,15.1356],[77.81,15.1376],[77.8133,15.1392],[77.8147,15.1412],[77.8153,15.1427],[77.8165,15.1433],[77.8195,15.1433],[77.8235,15.1435],[77.8269,15.1436],[77.8323,15.1448],[77.8345,15.1448],[77.8373,15.1443],[77.8389,15.1428],[77.8399,15.1408],[77.841,15.1369],[77.8419,15.1329],[77.8425,15.1309],[77.8431,15.1301],[77.845,15.1303],[77.8501,15.1335],[77.8524,15.1346],[77.8546,15.1353],[77.8579,15.1355],[77.8669,15.1356],[77.8705,15.1358],[77.8755,15.1356],[77.8756,15.1362],[77.8755,15.1373],[77.8755,15.139],[77.8784,15.144],[77.8792,15.1472],[77.8795,15.1483],[77.8804,15.149],[77.8813,15.1498],[77.8815,15.1508],[77.8808,15.1578],[77.8808,15.1626],[77.8823,15.1664],[77.8845,15.1699],[77.885,15.1712],[77.885,15.1727],[77.8846,15.1742],[77.8842,15.1755],[77.8841,15.1765],[77.8845,15.1777],[77.8854,15.1785],[77.8873,15.1786],[77.8899,15.1783],[77.8954,15.1775],[77.8972,15.1776],[77.9005,15.1779],[77.9026,15.1781],[77.9047,15.1778],[77.9058,15.1769],[77.9074,15.1758],[77.9119,15.1748],[77.9136,15.1745],[77.9157,15.174],[77.9173,15.1737],[77.9186,15.1736],[77.9188,15.1729],[77.9181,15.1713],[77.9189,15.1688],[77.9195,15.167],[77.9206,15.1663],[77.9216,15.166],[77.9228,15.1653],[77.9233,15.1644],[77.9229,15.1636],[77.922,15.1634],[77.9215,15.1628],[77.9218,15.1621],[77.9235,15.1618],[77.9238,15.1611],[77.9235,15.1588],[77.9223,15.1573],[77.921,15.1565],[77.9205,15.1555],[77.9207,15.1533],[77.921,15.1532],[77.9233,15.1528],[77.9244,15.1524],[77.9244,15.1516],[77.9244,15.1502],[77.9242,15.1489],[77.9235,15.1482],[77.9225,15.1478],[77.9202,15.1467],[77.9177,15.1457],[77.9142,15.1448],[77.914,15.1439],[77.9138,15.1425],[77.9135,15.1419],[77.9131,15.1416],[77.9113,15.141],[77.91,15.1402],[77.9094,15.139],[77.9095,15.1379],[77.91,15.1376],[77.9108,15.1369],[77.9111,15.1363],[77.9103,15.1355],[77.9092,15.1351],[77.909,15.134],[77.9108,15.1338],[77.9126,15.1333],[77.9144,15.1326],[77.9154,15.1308],[77.9155,15.1289],[77.9138,15.1289],[77.9119,15.1291],[77.9101,15.1298],[77.9081,15.1309],[77.9068,15.1308],[77.9061,15.1293],[77.9063,15.1267],[77.906,15.1233],[77.9072,15.1233],[77.9094,15.1237],[77.9113,15.1236],[77.9128,15.1232],[77.9145,15.1221],[77.9169,15.1207],[77.919,15.119],[77.9205,15.1175],[77.9262,15.1162],[77.9282,15.1155],[77.93,15.1145],[77.9317,15.1134],[77.9327,15.1131],[77.9337,15.1134],[77.9348,15.1144],[77.9364,15.1152],[77.9426,15.1129],[77.9489,15.1116],[77.9583,15.1096],[77.9613,15.1092],[77.9632,15.1121],[77.9641,15.1154],[77.9651,15.121],[77.965,15.1232],[77.9659,15.1241],[77.9671,15.1257],[77.9693,15.1285],[77.971,15.1318],[77.9723,15.1345],[77.9742,15.1393],[77.9776,15.1386],[77.9828,15.1372],[77.9848,15.1368],[77.9864,15.1362],[77.9895,15.1348],[77.992,15.1339],[77.9942,15.1326],[77.9956,15.1295],[77.9963,15.1272],[77.9968,15.1254],[77.998,15.1242],[77.9993,15.1234],[78.0011,15.1227],[78.0033,15.1223],[78.005,15.1223],[78.0067,15.122],[78.0071,15.1205],[78.0083,15.1184],[78.0105,15.1166],[78.0125,15.1155],[78.0139,15.1137],[78.0142,15.112],[78.0139,15.1053],[78.0139,15.1026],[78.0126,15.1021],[78.0105,15.0999],[78.0073,15.0953],[78.0066,15.0945],[78.0069,15.0907],[78.0067,15.0868],[78.0059,15.0826],[78.0055,15.0813],[78.0043,15.0808],[78.0032,15.0808],[78.0012,15.0812],[78.0004,15.0822],[77.9984,15.0828],[77.9979,15.082],[77.9975,15.0806],[77.9966,15.0788],[77.9961,15.0774],[77.9966,15.0759],[77.9982,15.0739],[77.9986,15.0729],[77.9981,15.0715],[77.9969,15.0698],[77.996,15.0676],[77.9951,15.0648],[77.9965,15.0626],[77.9987,15.0608],[78.0015,15.0586],[78.0036,15.0558],[78.0056,15.0527],[78.0072,15.0524],[78.0098,15.0516],[78.0105,15.0501],[78.0102,15.0461],[78.0108,15.0438],[78.0106,15.0427],[78.0101,15.0397],[78.0103,15.0362],[78.0104,15.0328],[78.0101,15.0291],[78.0151,15.0239],[78.0199,15.0184],[78.0216,15.0173],[78.0267,15.0169],[78.0268,15.0159],[78.0263,15.012],[78.0267,15.0108],[78.0276,15.0092],[78.0284,15.0083],[78.0296,15.0072],[78.0307,15.0062],[78.0317,15.0051],[78.0327,15.0032],[78.0336,15.001],[78.0343,14.9996],[78.0364,14.9988],[78.0426,14.997],[78.0509,14.9938],[78.0546,14.9925],[78.0562,14.9977],[78.0566,14.9996],[78.0569,15.0008],[78.0573,15.002],[78.0583,15.003],[78.0591,15.0031],[78.0606,15.0031],[78.0617,15.0018],[78.0621,15.0001],[78.0628,14.9989],[78.0647,14.9974],[78.0654,14.9957],[78.0677,14.994],[78.0723,14.9918],[78.0793,14.9878],[78.0819,14.9868],[78.083,14.986],[78.0843,14.9846],[78.0853,14.9837],[78.0868,14.983],[78.0884,14.9826],[78.0878,14.977],[78.087,14.9732],[78.0878,14.972],[78.0931,14.9694],[78.098,14.9677],[78.1046,14.9674],[78.1114,14.9672],[78.1161,14.9669],[78.1182,14.9663],[78.1198,14.9652],[78.1233,14.9651],[78.1251,14.965],[78.1254,14.9633],[78.1262,14.9627],[78.1275,14.9621],[78.1302,14.9618],[78.1322,14.9618],[78.1338,14.9615],[78.1343,14.9606],[78.1352,14.9581],[78.1356,14.9552],[78.1362,14.9515],[78.137,14.9481],[78.1375,14.9454],[78.1372,14.9444],[78.1359,14.9416],[78.1349,14.9401],[78.1329,14.937],[78.1311,14.9345],[78.1289,14.9339],[78.1263,14.9335],[78.1257,14.935],[78.1254,14.9368],[78.1252,14.9372],[78.1242,14.9372],[78.1236,14.9372],[78.123,14.9358],[78.1223,14.9348],[78.1209,14.9339],[78.1185,14.9333],[78.1167,14.9328],[78.1144,14.9323],[78.1131,14.9313],[78.1108,14.9278],[78.1093,14.9249],[78.1078,14.9216],[78.1062,14.9161],[78.1038,14.9101],[78.1001,14.8993],[78.0968,14.8909],[78.0944,14.8848],[78.0949,14.8832],[78.0936,14.8793],[78.0929,14.8744],[78.0917,14.8697],[78.0894,14.8618],[78.089,14.8592],[78.0888,14.858],[78.0899,14.8574],[78.0917,14.8567],[78.0942,14.8557],[78.0969,14.8555],[78.0995,14.8553],[78.1052,14.8534],[78.1079,14.8534],[78.1103,14.8526],[78.1119,14.8517],[78.1126,14.8505],[78.1127,14.8491],[78.1123,14.8472],[78.1118,14.8456],[78.1091,14.8418],[78.1074,14.8365],[78.1048,14.8283],[78.1026,14.8221],[78.1013,14.8176],[78.0993,14.8166],[78.0978,14.8167],[78.0947,14.8176],[78.0914,14.8191],[78.0876,14.8215],[78.0822,14.8246],[78.0803,14.8259],[78.0782,14.8266],[78.0764,14.827],[78.0761,14.8254],[78.0756,14.824],[78.0753,14.8216],[78.0748,14.8193],[78.0746,14.8172],[78.0743,14.8154],[78.0739,14.8139],[78.0728,14.8132],[78.0716,14.8105],[78.0686,14.806],[78.0673,14.8015],[78.0648,14.7967],[78.0593,14.7908],[78.0569,14.7874],[78.054,14.7831],[78.0501,14.7797],[78.0468,14.7744],[78.0463,14.7728],[78.0467,14.7717],[78.0477,14.7705],[78.0489,14.7698],[78.0516,14.7684],[78.0563,14.7658],[78.0606,14.7634],[78.0639,14.7611],[78.0661,14.759],[78.0681,14.7579],[78.0696,14.7573],[78.0729,14.7555],[78.0744,14.7542],[78.0755,14.7532],[78.0759,14.7522],[78.0767,14.7502],[78.077,14.7477],[78.0778,14.7444],[78.0774,14.7434],[78.0753,14.7415],[78.0722,14.7358],[78.0685,14.7279],[78.066,14.7223],[78.0642,14.7196],[78.0644,14.7181],[78.0649,14.7171],[78.0658,14.7165],[78.0668,14.7162],[78.0683,14.7162],[78.0708,14.7169],[78.074,14.7179],[78.0765,14.7182],[78.0803,14.7181],[78.0872,14.7163],[78.0927,14.7142],[78.0938,14.713],[78.0957,14.7102],[78.0972,14.7076],[78.0975,14.706],[78.097,14.7018],[78.0972,14.7012],[78.0991,14.7007],[78.1015,14.7],[78.1061,14.6995],[78.1072,14.7003],[78.1089,14.7],[78.1093,14.6986],[78.1093,14.6959],[78.1095,14.6937],[78.1101,14.6922],[78.1117,14.6917],[78.1139,14.6917],[78.116,14.6916],[78.1186,14.6935],[78.1202,14.6963],[78.1235,14.6967],[78.1273,14.6966],[78.1317,14.6966],[78.1328,14.6948],[78.1331,14.6926],[78.1336,14.6898],[78.1338,14.685],[78.1324,14.6756],[78.1316,14.6687],[78.1315,14.667],[78.1312,14.6616],[78.1298,14.6534],[78.1289,14.6488],[78.1263,14.645],[78.1232,14.64],[78.1201,14.6353],[78.1196,14.6343],[78.1209,14.6333],[78.1225,14.6316],[78.1232,14.6294],[78.1235,14.6276],[78.1228,14.6249],[78.1217,14.6237],[78.1205,14.6234],[78.1189,14.6235],[78.1172,14.6238],[78.1154,14.6244],[78.1143,14.625],[78.1129,14.6264],[78.1093,14.6269],[78.1049,14.6275],[78.1026,14.6278],[78.0957,14.6289],[78.0925,14.6292],[78.0899,14.6295],[78.0883,14.6293],[78.0873,14.628],[78.0869,14.6264],[78.0865,14.625],[78.0842,14.6148],[78.0813,14.6093],[78.0776,14.6003],[78.0749,14.5913],[78.0724,14.5854],[78.0706,14.5822],[78.067,14.5792],[78.066,14.5773],[78.0652,14.5752],[78.0645,14.5729]]]}},{"type":"Feature","properties":{"district":"Chittoor","district_hi":"चित्तूर"},"geometry":{"type":"MultiPolygon","coordinates":[[[[79.6452,13.2894],[79.6437,13.2884],[79.6428,13.2859],[79.6427,13.2847],[79.6424,13.2815],[79.6425,13.279],[79.6429,13.277],[79.6423,13.2749],[79.6409,13.2762],[79.6406,13.2782],[79.6397,13.2803],[79.6397,13.2826],[79.6393,13.2848],[79.6383,13.2856],[79.6378,13.2835],[79.6371,13.2817],[79.6359,13.2797],[79.6348,13.2758],[79.6345,13.2743],[79.6344,13.2718],[79.634,13.27],[79.6324,13.2684],[79.6306,13.2684],[79.6287,13.2695],[79.6263,13.2707],[79.6244,13.2728],[79.6232,13.2742],[79.6219,13.2759],[79.6204,13.2783],[79.6187,13.2799],[79.6164,13.2808],[79.6141,13.2809],[79.6128,13.2803],[79.6104,13.2783],[79.6079,13.2773],[79.6078,13.2798],[79.6078,13.2823],[79.6078,13.2849],[79.6066,13.2866],[79.6054,13.2863],[79.6007,13.2859],[79.5982,13.2846],[79.5968,13.2825],[79.5961,13.2793],[79.5957,13.2755],[79.5955,13.2729],[79.5959,13.2702],[79.5961,13.2664],[79.5958,13.2643],[79.5946,13.2619],[79.5921,13.2593],[79.5892,13.2576],[79.5863,13.257],[79.5831,13.2573],[79.5805,13.2572],[79.5773,13.2577],[79.5742,13.2591],[79.5714,13.261],[79.5687,13.264],[79.5643,13.268],[79.562,13.2697],[79.5579,13.2709],[79.5522,13.2717],[79.5493,13.2715],[79.5441,13.2711],[79.5398,13.2708],[79.5371,13.2721],[79.5354,13.2751],[79.5352,13.2776],[79.5355,13.2807],[79.5366,13.2829],[79.5381,13.2857],[79.5395,13.2883],[79.5402,13.2902],[79.5408,13.2919],[79.5396,13.2937],[79.5386,13.295],[79.5376,13.2973],[79.5385,13.2994],[79.5387,13.3031],[79.5414,13.3057],[79.5431,13.3077],[79.5445,13.3107],[79.5452,13.3137],[79.5442,13.317],[79.5433,13.3187],[79.5422,13.3193],[79.5414,13.321],[79.5422,13.323],[79.5428,13.3261],[79.5425,13.3286],[79.5419,13.3313],[79.5391,13.335],[79.5382,13.3357],[79.5395,13.3379],[79.542,13.3402],[79.5455,13.3439],[79.5494,13.3489],[79.5538,13.3529],[79.5583,13.3567],[79.5635,13.3595],[79.5692,13.3628],[79.5755,13.3661],[79.578,13.3669],[79.58,13.3677],[79.5817,13.3656],[79.5845,13.3629],[79.5922,13.3611],[79.5996,13.3601],[79.6086,13.3589],[79.6192,13.3569],[79.6278,13.3552],[79.6299,13.3553],[79.6327,13.3549],[79.637,13.3535],[79.6396,13.3529],[79.6432,13.3525],[79.6462,13.3521],[79.6488,13.3525],[79.6501,13.3541],[79.6505,13.3565],[79.65,13.3584],[79.6503,13.3604],[79.6524,13.3615],[79.6562,13.3628],[79.6595,13.3635],[79.6627,13.3642],[79.6652,13.3655],[79.6669,13.3672],[79.6675,13.3751],[79.6671,13.3865],[79.6673,13.3888],[79.6669,13.3909],[79.6655,13.3926],[79.6632,13.3957],[79.661,13.3977],[79.6605,13.3993],[79.6612,13.4002],[79.6631,13.4003],[79.6652,13.3997],[79.6672,13.3989],[79.6691,13.3981],[79.6725,13.3983],[79.6722,13.3998],[79.6704,13.4012],[79.6693,13.4023],[79.669,13.4037],[79.6698,13.4055],[79.6714,13.4068],[79.673,13.4075],[79.6751,13.4075],[79.6769,13.4074],[79.6778,13.4064],[79.6777,13.4049],[79.6784,13.403],[79.6797,13.4019],[79.6813,13.4015],[79.6839,13.4014],[79.687,13.4015],[79.6902,13.4022],[79.6927,13.4036],[79.6936,13.4058],[79.694,13.4119],[79.6941,13.4152],[79.6915,13.4195],[79.6912,13.4224],[79.691,13.4295],[79.6914,13.4342],[79.6973,13.4352],[79.7042,13.4389],[79.7152,13.4354],[79.7165,13.4332],[79.7178,13.4289],[79.7178,13.4265],[79.7177,13.4231],[79.7173,13.4212],[79.7161,13.4202],[79.714,13.4196],[79.7127,13.4187],[79.7119,13.4174],[79.7116,13.4157],[79.7113,13.4141],[79.7119,13.4111],[79.7141,13.4064],[79.7158,13.4034],[79.7175,13.4017],[79.7195,13.4001],[79.7264,13.3917],[79.7303,13.3837],[79.7327,13.3768],[79.7335,13.3723],[79.7346,13.3677],[79.7348,13.3647],[79.734,13.3618],[79.7327,13.3596],[79.7329,13.3578],[79.7346,13.356],[79.7349,13.3545],[79.7354,13.3479],[79.7375,13.3458],[79.741,13.3441],[79.7447,13.3443],[79.7479,13.3444],[79.7532,13.342],[79.7541,13.3369],[79.7565,13.3343],[79.758,13.3314],[79.7586,13.328],[79.7589,13.3246],[79.76,13.322],[79.762,13.3185],[79.7626,13.3166],[79.7627,13.316],[79.7631,13.3115],[79.7623,13.3036],[79.7617,13.2965],[79.7605,13.2949],[79.7587,13.2927],[79.7541,13.2894],[79.7483,13.2866],[79.7422,13.2878],[79.7378,13.2878],[79.7339,13.2849],[79.7344,13.2784],[79.7359,13.2755],[79.743,13.2703],[79.752,13.2672],[79.7544,13.2627],[79.7604,13.2574],[79.7704,13.2527],[79.7856,13.2469],[79.794,13.2416],[79.7976,13.2364],[79.796,13.2308],[79.7953,13.2264],[79.7907,13.2277],[79.7874,13.2267],[79.7811,13.2219],[79.777,13.2155],[79.7743,13.2149],[79.7724,13.2156],[79.7708,13.2161],[79.7691,13.2168],[79.7661,13.2156],[79.7647,13.2143],[79.7638,13.2125],[79.7631,13.2103],[79.7623,13.2077],[79.7612,13.2058],[79.7601,13.2056],[79.7578,13.2064],[79.7549,13.2069],[79.7534,13.2069],[79.7524,13.2086],[79.7528,13.2134],[79.7509,13.2186],[79.7483,13.222],[79.7453,13.2247],[79.7443,13.2267],[79.7428,13.2282],[79.7413,13.2303],[79.7403,13.232],[79.7381,13.2337],[79.7362,13.2343],[79.7351,13.2331],[79.7342,13.2321],[79.7334,13.2293],[79.7338,13.2272],[79.7341,13.2253],[79.7339,13.2237],[79.7335,13.2211],[79.7331,13.2198],[79.7305,13.2193],[79.7291,13.2192],[79.726,13.2197],[79.724,13.2196],[79.7226,13.2184],[79.7218,13.2169],[79.7198,13.2149],[79.7179,13.2144],[79.716,13.215],[79.7146,13.2165],[79.7124,13.2178],[79.7105,13.2187],[79.7084,13.2193],[79.7064,13.2193],[79.7051,13.2202],[79.7053,13.2214],[79.7059,13.2237],[79.7078,13.2291],[79.7094,13.2308],[79.711,13.2322],[79.7128,13.2331],[79.715,13.2332],[79.716,13.2341],[79.7165,13.2356],[79.7156,13.2373],[79.7145,13.2394],[79.7134,13.2417],[79.7126,13.2436],[79.7119,13.247],[79.7073,13.2501],[79.7048,13.251],[79.7033,13.2507],[79.7011,13.2499],[79.6995,13.2478],[79.6988,13.2456],[79.6977,13.2431],[79.6968,13.2417],[79.6959,13.2401],[79.6959,13.2383],[79.6944,13.2368],[79.6926,13.2369],[79.691,13.2375],[79.6901,13.2391],[79.6888,13.2404],[79.6885,13.2407],[79.6867,13.2432],[79.6852,13.2456],[79.6839,13.2475],[79.6824,13.2514],[79.6816,13.254],[79.6811,13.2563],[79.6812,13.2586],[79.683,13.2617],[79.6858,13.2629],[79.6883,13.2633],[79.6907,13.2626],[79.6913,13.2614],[79.692,13.2596],[79.6932,13.259],[79.6953,13.2601],[79.6962,13.262],[79.6965,13.2641],[79.6956,13.2659],[79.6939,13.2667],[79.6923,13.2675],[79.6918,13.2684],[79.693,13.2691],[79.6949,13.2692],[79.6957,13.2692],[79.6963,13.2714],[79.6963,13.2727],[79.6962,13.2742],[79.6958,13.2761],[79.6941,13.2783],[79.6914,13.2809],[79.6893,13.2825],[79.6878,13.2835],[79.686,13.2849],[79.6848,13.2865],[79.6841,13.2881],[79.684,13.2896],[79.6839,13.2916],[79.6839,13.2935],[79.6823,13.2946],[79.6803,13.294],[79.6784,13.291],[79.6779,13.2883],[79.6775,13.286],[79.6772,13.2828],[79.6773,13.2805],[79.675,13.279],[79.6706,13.2771],[79.6679,13.2772],[79.6666,13.2782],[79.667,13.2793],[79.6684,13.2805],[79.6687,13.2817],[79.6687,13.2828],[79.6681,13.2846],[79.6673,13.2859],[79.6665,13.2872],[79.665,13.2878],[79.6638,13.2876],[79.6627,13.2867],[79.6612,13.2849],[79.6598,13.2837],[79.658,13.2828],[79.6571,13.2834],[79.6558,13.2852],[79.6553,13.2871],[79.6535,13.2888],[79.6516,13.2898],[79.6483,13.2899],[79.6452,13.2894]]],[[[78.296,12.8571],[78.3094,12.8565],[78.3141,12.8573],[78.3158,12.859],[78.3172,12.8666],[78.3148,12.8733],[78.315,12.8759],[78.3212,12.8745],[78.3326,12.873],[78.3337,12.878],[78.3369,12.88],[78.3385,12.8842],[78.3369,12.887],[78.3337,12.8863],[78.332,12.8852],[78.3306,12.8833],[78.3272,12.8823],[78.3219,12.8839],[78.3209,12.8866],[78.3243,12.8899],[78.3234,12.8934],[78.3244,12.8987],[78.3274,12.9027],[78.3301,12.8998],[78.3332,12.8997],[78.3383,12.9004],[78.3443,12.9059],[78.3432,12.9099],[78.3459,12.911],[78.3493,12.9167],[78.3487,12.9233],[78.3492,12.9259],[78.3549,12.9282],[78.3514,12.9321],[78.3517,12.935],[78.3564,12.9382],[78.3605,12.9358],[78.3669,12.9264],[78.372,12.9218],[78.3797,12.912],[78.3894,12.9054],[78.3945,12.9057],[78.3962,12.9065],[78.3995,12.9158],[78.4107,12.9065],[78.414,12.9016],[78.4226,12.9012],[78.4285,12.8994],[78.431,12.9018],[78.4358,12.9037],[78.4374,12.9068],[78.4365,12.9091],[78.4369,12.9106],[78.4425,12.9119],[78.4456,12.9107],[78.448,12.905],[78.446,12.9025],[78.4469,12.8993],[78.4495,12.8966],[78.4497,12.8901],[78.4497,12.8883],[78.4561,12.8854],[78.4594,12.8819],[78.464,12.8759],[78.4634,12.8662],[78.4656,12.8636],[78.467,12.8664],[78.4667,12.8735],[78.4682,12.8765],[78.4694,12.8799],[78.4695,12.8902],[78.4674,12.9032],[78.4603,12.9071],[78.4541,12.9145],[78.4524,12.916],[78.4456,12.9187],[78.4371,12.9275],[78.4336,12.9277],[78.4281,12.9305],[78.4257,12.9278],[78.4251,12.9244],[78.4221,12.9211],[78.4192,12.921],[78.4183,12.9255],[78.4141,12.9347],[78.4121,12.943],[78.4143,12.9456],[78.4204,12.9464],[78.4217,12.948],[78.4225,12.9509],[78.4211,12.9549],[78.4188,12.9566],[78.4194,12.9581],[78.4244,12.9551],[78.4275,12.9546],[78.4309,12.9569],[78.4325,12.9578],[78.4349,12.9589],[78.4384,12.9608],[78.4383,12.9616],[78.438,12.963],[78.4364,12.9643],[78.4338,12.965],[78.4337,12.9682],[78.4354,12.9708],[78.4345,12.9739],[78.4335,12.977],[78.4364,12.9803],[78.4413,12.9778],[78.4505,12.9768],[78.4579,12.9755],[78.4688,12.9727],[78.4689,12.981],[78.4744,12.9879],[78.4728,12.9915],[78.4703,12.9949],[78.4684,13.0025],[78.4647,13.0046],[78.4634,13.016],[78.4646,13.02],[78.4633,13.0222],[78.4621,13.0236],[78.4619,13.0289],[78.4621,13.0313],[78.4631,13.0384],[78.4632,13.0396],[78.4635,13.0408],[78.4644,13.0415],[78.4655,13.042],[78.4686,13.0419],[78.4704,13.0417],[78.4736,13.0414],[78.4747,13.0421],[78.4759,13.0435],[78.4777,13.0449],[78.4786,13.0477],[78.4786,13.049],[78.4786,13.0505],[78.4788,13.0518],[78.4804,13.0524],[78.482,13.0523],[78.4839,13.052],[78.4856,13.0519],[78.4876,13.052],[78.4902,13.0535],[78.4916,13.0542],[78.4931,13.0554],[78.4946,13.0568],[78.4961,13.0583],[78.4974,13.0596],[78.5,13.0606],[78.5054,13.0605],[78.5084,13.0605],[78.5104,13.0607],[78.5139,13.0612],[78.5164,13.0621],[78.5165,13.0637],[78.5166,13.0652],[78.5163,13.0665],[78.5158,13.0681],[78.5146,13.0719],[78.5139,13.0733],[78.513,13.0743],[78.5121,13.0757],[78.511,13.0774],[78.51,13.0796],[78.5101,13.0835],[78.5101,13.0858],[78.5103,13.0874],[78.5105,13.0888],[78.511,13.0904],[78.5138,13.0936],[78.5157,13.0941],[78.5175,13.0948],[78.5195,13.0945],[78.5212,13.0941],[78.5226,13.094],[78.5235,13.0942],[78.5239,13.0947],[78.5241,13.095],[78.5242,13.0961],[78.5243,13.0974],[78.5244,13.0989],[78.5252,13.1002],[78.5281,13.1023],[78.5298,13.1031],[78.5311,13.1039],[78.5341,13.1048],[78.5355,13.1046],[78.5371,13.1048],[78.5383,13.1056],[78.5378,13.1072],[78.5367,13.1082],[78.5358,13.109],[78.5342,13.1095],[78.533,13.1101],[78.5316,13.1107],[78.5286,13.1117],[78.5271,13.1122],[78.5258,13.1133],[78.5248,13.1142],[78.5244,13.1152],[78.524,13.116],[78.5239,13.1171],[78.523,13.1183],[78.5217,13.1189],[78.5198,13.1194],[78.5196,13.1201],[78.5196,13.1214],[78.5194,13.1225],[78.5185,13.1256],[78.5182,13.1268],[78.5177,13.1278],[78.5175,13.1285],[78.5177,13.1293],[78.5183,13.1298],[78.5193,13.1302],[78.5212,13.1301],[78.5227,13.1298],[78.524,13.1298],[78.5255,13.1307],[78.5268,13.1322],[78.5274,13.1333],[78.5276,13.1346],[78.5275,13.1364],[78.5288,13.1382],[78.5298,13.1395],[78.5311,13.1403],[78.5325,13.1405],[78.5345,13.1405],[78.5365,13.1404],[78.5388,13.1403],[78.5412,13.14],[78.5435,13.1401],[78.5455,13.1403],[78.5466,13.1415],[78.548,13.1431],[78.5487,13.1446],[78.549,13.1455],[78.5487,13.1468],[78.5482,13.1481],[78.5474,13.149],[78.5461,13.1501],[78.5443,13.1508],[78.5427,13.1517],[78.5417,13.1526],[78.5417,13.1537],[78.5426,13.1544],[78.5449,13.1556],[78.546,13.1563],[78.5468,13.157],[78.5477,13.158],[78.5488,13.1594],[78.5503,13.161],[78.5522,13.1624],[78.557,13.1627],[78.5593,13.1625],[78.5612,13.1622],[78.5634,13.1617],[78.5651,13.1613],[78.5665,13.1613],[78.5685,13.1618],[78.5689,13.1629],[78.5695,13.1647],[78.5713,13.1651],[78.5726,13.1659],[78.574,13.1663],[78.5749,13.1664],[78.5757,13.1663],[78.5766,13.166],[78.5774,13.1658],[78.5781,13.1659],[78.5788,13.166],[78.5792,13.1668],[78.5793,13.1677],[78.5793,13.1683],[78.579,13.1691],[78.5785,13.1699],[78.5773,13.1705],[78.577,13.1713],[78.5773,13.1724],[78.5771,13.1736],[78.5771,13.1749],[78.577,13.1761],[78.5765,13.177],[78.576,13.178],[78.5761,13.179],[78.5765,13.1798],[78.5765,13.1832],[78.5762,13.1858],[78.5759,13.1868],[78.5753,13.1871],[78.5743,13.188],[78.5731,13.1889],[78.571,13.1902],[78.5681,13.1916],[78.5668,13.1913],[78.5657,13.191],[78.5643,13.1906],[78.5625,13.1902],[78.5613,13.1901],[78.5597,13.19],[78.5583,13.1895],[78.5567,13.1891],[78.5555,13.189],[78.5538,13.1887],[78.5522,13.1889],[78.5513,13.1893],[78.5507,13.1902],[78.5507,13.1914],[78.5508,13.1927],[78.5508,13.1944],[78.551,13.1965],[78.5511,13.1978],[78.5517,13.1988],[78.5528,13.1986],[78.5541,13.1979],[78.5556,13.1975],[78.5576,13.1975],[78.5597,13.1976],[78.5631,13.1985],[78.566,13.1994],[78.5673,13.1999],[78.5688,13.2013],[78.5699,13.203],[78.5701,13.2042],[78.5704,13.2058],[78.5707,13.2076],[78.5716,13.21],[78.5721,13.2107],[78.5739,13.2109],[78.5761,13.2107],[78.578,13.2109],[78.5789,13.2113],[78.5794,13.2125],[78.5795,13.214],[78.5796,13.2152],[78.5792,13.2162],[78.5776,13.2181],[78.5757,13.2188],[78.5714,13.2186],[78.5692,13.2187],[78.5681,13.2188],[78.5672,13.2196],[78.5671,13.221],[78.5669,13.2223],[78.567,13.2267],[78.568,13.2297],[78.5691,13.2339],[78.5697,13.2386],[78.5704,13.2397],[78.5707,13.241],[78.5716,13.2414],[78.5719,13.2418],[78.5713,13.2424],[78.5706,13.2429],[78.5704,13.2435],[78.5703,13.2443],[78.5709,13.2453],[78.5713,13.2461],[78.5731,13.2475],[78.5775,13.2512],[78.5792,13.2521],[78.5808,13.2535],[78.5819,13.2548],[78.5828,13.2562],[78.5837,13.2583],[78.5853,13.2623],[78.5857,13.2633],[78.5856,13.2641],[78.5856,13.2648],[78.5866,13.2655],[78.5871,13.266],[78.5876,13.2673],[78.5879,13.2686],[78.5881,13.2708],[78.5879,13.2749],[78.588,13.2771],[78.5876,13.2789],[78.5867,13.2801],[78.5856,13.2803],[78.5833,13.2805],[78.5814,13.2805],[78.5799,13.2807],[78.5789,13.2812],[78.5784,13.2821],[78.578,13.2831],[78.5774,13.2843],[78.5773,13.2854],[78.5774,13.2872],[78.578,13.2913],[78.578,13.2928],[78.5775,13.2942],[78.5769,13.2957],[78.5762,13.2966],[78.5753,13.2975],[78.5745,13.298],[78.5738,13.2988],[78.5729,13.3004],[78.5717,13.3028],[78.5711,13.3041],[78.5707,13.3054],[78.5702,13.307],[78.5695,13.3083],[78.5687,13.3093],[78.5679,13.31],[78.5668,13.3106],[78.5655,13.3105],[78.5648,13.3098],[78.5644,13.3082],[78.5644,13.3062],[78.5646,13.3051],[78.5648,13.3024],[78.5652,13.3002],[78.5654,13.2978],[78.565,13.295],[78.563,13.2914],[78.5616,13.2893],[78.5607,13.2879],[78.5593,13.2864],[78.5565,13.284],[78.5541,13.2833],[78.5527,13.2835],[78.5515,13.2838],[78.5498,13.2848],[78.5485,13.2857],[78.5475,13.2865],[78.5464,13.287],[78.5453,13.2876],[78.5435,13.2874],[78.5424,13.2872],[78.5411,13.2869],[78.5401,13.2864],[78.5392,13.2847],[78.5391,13.2833],[78.5389,13.2819],[78.5385,13.2802],[78.5376,13.2787],[78.5368,13.2749],[78.5365,13.2736],[78.5359,13.2719],[78.5354,13.2703],[78.5345,13.2691],[78.5335,13.2683],[78.5325,13.2679],[78.5313,13.267],[78.5292,13.2673],[78.5281,13.2676],[78.5268,13.2685],[78.5264,13.27],[78.5259,13.2711],[78.525,13.2719],[78.5237,13.2726],[78.5225,13.2728],[78.5212,13.2735],[78.5213,13.2742],[78.5214,13.2759],[78.5202,13.2766],[78.5203,13.2778],[78.52,13.2797],[78.5199,13.281],[78.5194,13.282],[78.5185,13.2825],[78.5169,13.2831],[78.5153,13.2832],[78.514,13.2837],[78.5136,13.2857],[78.5136,13.2874],[78.5137,13.2885],[78.5135,13.2895],[78.5121,13.2896],[78.5082,13.2897],[78.5065,13.2898],[78.5049,13.29],[78.5048,13.2907],[78.5043,13.292],[78.5039,13.2934],[78.5025,13.2952],[78.5017,13.2964],[78.5006,13.2975],[78.4994,13.2987],[78.4979,13.2988],[78.4965,13.2984],[78.4953,13.2983],[78.4939,13.2983],[78.4922,13.2983],[78.4901,13.2985],[78.4856,13.2994],[78.4826,13.2998],[78.4809,13.3004],[78.4796,13.3013],[78.4797,13.3024],[78.4797,13.3035],[78.4801,13.3047],[78.4807,13.3064],[78.4817,13.3079],[78.4823,13.3091],[78.4827,13.3103],[78.483,13.3147],[78.4828,13.3178],[78.4827,13.3193],[78.4866,13.3241],[78.4879,13.3256],[78.4912,13.326],[78.4949,13.3257],[78.4967,13.3278],[78.4986,13.3333],[78.5009,13.3402],[78.502,13.344],[78.5025,13.3476],[78.5059,13.3491],[78.5062,13.351],[78.5061,13.3536],[78.5039,13.3558],[78.5014,13.3568],[78.4987,13.3569],[78.4974,13.358],[78.4987,13.3597],[78.5032,13.3669],[78.5078,13.3702],[78.515,13.373],[78.5172,13.3756],[78.5181,13.3793],[78.5225,13.391],[78.5226,13.3915],[78.5238,13.3927],[78.5241,13.3944],[78.523,13.3956],[78.5219,13.3977],[78.5229,13.3996],[78.5245,13.4013],[78.5254,13.4026],[78.5258,13.4048],[78.5253,13.4064],[78.5245,13.4081],[78.5231,13.4105],[78.52,13.4171],[78.519,13.418],[78.516,13.419],[78.5149,13.4201],[78.5138,13.4222],[78.5117,13.4242],[78.5101,13.4259],[78.508,13.4265],[78.5053,13.4255],[78.5033,13.4249],[78.5024,13.4255],[78.5024,13.4264],[78.5039,13.4277],[78.5044,13.4293],[78.505,13.4359],[78.5052,13.4377],[78.506,13.4397],[78.5075,13.4418],[78.5094,13.4437],[78.5106,13.4455],[78.5115,13.4479],[78.5083,13.4484],[78.5063,13.4484],[78.5032,13.4483],[78.5015,13.4475],[78.5,13.4464],[78.4982,13.4463],[78.4961,13.4473],[78.4901,13.4461],[78.4878,13.4459],[78.4869,13.4459],[78.4856,13.4464],[78.4854,13.4473],[78.4859,13.4484],[78.4867,13.4495],[78.487,13.4509],[78.4864,13.452],[78.4842,13.4521],[78.4828,13.4504],[78.4826,13.4519],[78.4802,13.4526],[78.4781,13.455],[78.4803,13.4562],[78.4834,13.4577],[78.4862,13.4602],[78.4862,13.464],[78.4865,13.4666],[78.4885,13.4689],[78.492,13.4723],[78.4944,13.4755],[78.4962,13.4771],[78.4971,13.4792],[78.4976,13.4804],[78.4981,13.4819],[78.4992,13.4832],[78.5014,13.4841],[78.5067,13.4847],[78.5117,13.485],[78.5186,13.4844],[78.5232,13.485],[78.5265,13.4857],[78.5297,13.4871],[78.5305,13.4884],[78.532,13.4902],[78.5395,13.49],[78.5399,13.4889],[78.5401,13.4871],[78.5405,13.4852],[78.541,13.4842],[78.543,13.4838],[78.5451,13.4847],[78.5462,13.4866],[78.5458,13.4882],[78.5463,13.4893],[78.549,13.491],[78.5531,13.4975],[78.5548,13.5001],[78.5571,13.5014],[78.5587,13.5031],[78.5592,13.5049],[78.5619,13.5052],[78.563,13.5066],[78.5635,13.5114],[78.5667,13.5154],[78.5707,13.5188],[78.5736,13.5211],[78.5761,13.5242],[78.5772,13.527],[78.5765,13.5294],[78.5764,13.5312],[78.5776,13.5328],[78.5792,13.5348],[78.5804,13.5371],[78.5804,13.5393],[78.5837,13.5412],[78.586,13.5427],[78.5868,13.5415],[78.5862,13.54],[78.585,13.5387],[78.5847,13.5369],[78.5848,13.5348],[78.585,13.5334],[78.585,13.5319],[78.5842,13.5304],[78.5833,13.5289],[78.5832,13.5267],[78.5841,13.5245],[78.5855,13.5224],[78.5872,13.5209],[78.5889,13.5194],[78.5917,13.519],[78.5947,13.5187],[78.5971,13.5177],[78.6005,13.5171],[78.6051,13.5172],[78.6096,13.5172],[78.6189,13.5173],[78.6226,13.5171],[78.6257,13.5171],[78.6281,13.5169],[78.6297,13.5162],[78.6316,13.5149],[78.6327,13.5136],[78.6349,13.5116],[78.6368,13.5099],[78.6382,13.5084],[78.6388,13.5078],[78.6462,13.5084],[78.6537,13.5046],[78.6576,13.5024],[78.6645,13.4992],[78.6658,13.4964],[78.6657,13.4913],[78.6656,13.4782],[78.6629,13.4761],[78.6604,13.4741],[78.6583,13.4712],[78.6564,13.4685],[78.6557,13.466],[78.6562,13.4642],[78.6616,13.4564],[78.6672,13.4562],[78.6727,13.4607],[78.6746,13.4639],[78.6744,13.4688],[78.6749,13.4708],[78.6769,13.4723],[78.6775,13.4756],[78.6768,13.4799],[78.6791,13.4832],[78.6821,13.4846],[78.6863,13.4882],[78.6891,13.491],[78.6925,13.497],[78.6941,13.5009],[78.6976,13.5028],[78.7023,13.5031],[78.707,13.5029],[78.7108,13.504],[78.7144,13.5062],[78.7187,13.5086],[78.7241,13.5124],[78.7313,13.5175],[78.7329,13.5174],[78.7351,13.5216],[78.7391,13.5283],[78.7413,13.5324],[78.7417,13.5394],[78.742,13.5429],[78.7407,13.5472],[78.7401,13.5508],[78.7411,13.5538],[78.7424,13.5566],[78.741,13.559],[78.7412,13.5639],[78.7403,13.5722],[78.7446,13.5766],[78.7476,13.5807],[78.7488,13.5838],[78.7496,13.5879],[78.7512,13.5878],[78.7607,13.586],[78.7717,13.584],[78.7758,13.5837],[78.7801,13.5835],[78.7843,13.5829],[78.7895,13.5823],[78.7968,13.5835],[78.8031,13.5839],[78.8043,13.5882],[78.8043,13.5904],[78.8037,13.5925],[78.803,13.5949],[78.8013,13.5975],[78.8002,13.6039],[78.7985,13.6059],[78.797,13.6076],[78.7967,13.6093],[78.7967,13.6112],[78.7969,13.6125],[78.7977,13.6138],[78.8001,13.6146],[78.8028,13.6144],[78.8055,13.6142],[78.8075,13.6133],[78.8095,13.6125],[78.8113,13.6121],[78.8133,13.6124],[78.8167,13.6125],[78.8202,13.6135],[78.8209,13.6164],[78.8225,13.6217],[78.8289,13.6278],[78.8354,13.6344],[78.8445,13.6409],[78.8473,13.644],[78.8497,13.6476],[78.8519,13.6505],[78.8542,13.654],[78.8531,13.661],[78.8512,13.6655],[78.8528,13.6719],[78.8528,13.6777],[78.858,13.6734],[78.8604,13.6697],[78.8686,13.6598],[78.8704,13.66],[78.8717,13.6602],[78.8744,13.6604],[78.8771,13.6606],[78.8815,13.6609],[78.8824,13.6594],[78.8822,13.6557],[78.8827,13.6519],[78.8826,13.6493],[78.8834,13.6457],[78.8841,13.6426],[78.8839,13.6386],[78.8843,13.6368],[78.8854,13.6352],[78.8868,13.6331],[78.8881,13.6308],[78.8884,13.6277],[78.8878,13.6248],[78.8861,13.6242],[78.8827,13.6232],[78.8801,13.6203],[78.8759,13.6128],[78.8739,13.6082],[78.8727,13.6021],[78.8727,13.6006],[78.8731,13.5988],[78.8739,13.5973],[78.8756,13.5961],[78.8778,13.595],[78.88,13.5942],[78.8822,13.5936],[78.885,13.5934],[78.8868,13.5941],[78.889,13.5947],[78.8903,13.5948],[78.8925,13.5947],[78.8962,13.5948],[78.8988,13.5945],[78.9009,13.5931],[78.9027,13.5918],[78.9038,13.5892],[78.905,13.5865],[78.9073,13.5845],[78.9114,13.5821],[78.913,13.5808],[78.9145,13.5802],[78.916,13.5805],[78.9179,13.5812],[78.9194,13.5814],[78.9218,13.5809],[78.9239,13.5806],[78.9261,13.5808],[78.9282,13.5816],[78.9301,13.5837],[78.9319,13.5856],[78.9334,13.5876],[78.9346,13.5896],[78.9352,13.5917],[78.9355,13.5931],[78.9367,13.5935],[78.9382,13.5921],[78.9422,13.591],[78.9438,13.5911],[78.945,13.5909],[78.9457,13.5901],[78.9461,13.5889],[78.9467,13.5871],[78.9479,13.5853],[78.9498,13.5838],[78.9537,13.5843],[78.957,13.5877],[78.9585,13.591],[78.9589,13.594],[78.9592,13.5954],[78.9634,13.5955],[78.9673,13.5954],[78.9693,13.5961],[78.9711,13.5973],[78.9718,13.5987],[78.973,13.6018],[78.9748,13.609],[78.976,13.6125],[78.9745,13.6154],[78.9728,13.6172],[78.9707,13.6199],[78.9676,13.6215],[78.9663,13.6245],[78.9674,13.6261],[78.9705,13.6278],[78.9739,13.6287],[78.977,13.6295],[78.9829,13.6306],[78.9874,13.6307],[78.9927,13.6315],[78.9947,13.6321],[78.9967,13.6335],[78.9973,13.6349],[78.9966,13.6349],[78.9958,13.6358],[78.9958,13.6376],[78.9964,13.6401],[78.9956,13.6426],[78.9917,13.6476],[78.9909,13.6489],[78.9901,13.65],[78.9905,13.6525],[78.9906,13.654],[78.9897,13.6555],[78.9887,13.6563],[78.9869,13.6562],[78.9853,13.6558],[78.9831,13.6546],[78.9789,13.6543],[78.9778,13.6549],[78.9769,13.6569],[78.9788,13.6585],[78.9812,13.6597],[78.9831,13.6616],[78.9844,13.6639],[78.9859,13.6659],[78.9882,13.6668],[78.9914,13.6653],[78.994,13.6649],[78.9958,13.6677],[78.994,13.6728],[78.9844,13.6808],[78.9832,13.6845],[78.9821,13.687],[78.9813,13.6908],[78.9804,13.6962],[78.9799,13.7096],[78.9794,13.7112],[78.979,13.7125],[78.9786,13.7139],[78.9785,13.7156],[78.9788,13.7169],[78.9797,13.7182],[78.9833,13.7214],[78.9862,13.7228],[78.9884,13.7236],[78.9911,13.7247],[78.9937,13.726],[78.9958,13.7262],[78.9976,13.7254],[78.999,13.725],[79.0005,13.7254],[79.0026,13.7268],[79.006,13.7288],[79.0084,13.7306],[79.0104,13.7329],[79.0119,13.7351],[79.0132,13.7374],[79.0145,13.7395],[79.0159,13.7409],[79.0182,13.7418],[79.0214,13.7425],[79.0237,13.7427],[79.0267,13.7429],[79.0277,13.7438],[79.0291,13.7447],[79.0307,13.7441],[79.0316,13.7434],[79.033,13.7439],[79.0342,13.7447],[79.0358,13.7456],[79.0373,13.7466],[79.0387,13.7487],[79.0392,13.7509],[79.0393,13.7534],[79.0375,13.7564],[79.0375,13.7576],[79.0372,13.7593],[79.0361,13.761],[79.0355,13.7624],[79.0362,13.7637],[79.0368,13.7658],[79.0372,13.7685],[79.0368,13.7721],[79.0386,13.7723],[79.0416,13.7731],[79.0444,13.7734],[79.0474,13.7742],[79.0485,13.7759],[79.049,13.7781],[79.0501,13.7797],[79.0567,13.7813],[79.065,13.7826],[79.0789,13.782],[79.0872,13.7824],[79.0903,13.7813],[79.0907,13.779],[79.0907,13.7761],[79.091,13.7734],[79.0905,13.7698],[79.0889,13.7677],[79.0871,13.7666],[79.0851,13.7647],[79.0847,13.7637],[79.0859,13.7601],[79.0853,13.7547],[79.0853,13.7514],[79.085,13.7483],[79.0846,13.7447],[79.0835,13.7424],[79.0829,13.7404],[79.0832,13.7395],[79.0852,13.7394],[79.0874,13.7378],[79.0889,13.7358],[79.0905,13.7337],[79.0921,13.7317],[79.0938,13.7296],[79.0949,13.7268],[79.0913,13.7245],[79.0906,13.722],[79.0903,13.7186],[79.0893,13.7134],[79.0862,13.7041],[79.0843,13.7006],[79.0817,13.6971],[79.0782,13.6927],[79.0775,13.6863],[79.0774,13.6734],[79.0773,13.669],[79.0767,13.6666],[79.073,13.6631],[79.0657,13.6558],[79.0578,13.6492],[79.0554,13.6475],[79.0554,13.6434],[79.0554,13.6375],[79.0553,13.6339],[79.0537,13.6276],[79.0514,13.6188],[79.0704,13.6155],[79.0929,13.6113],[79.1111,13.6113],[79.1255,13.6074],[79.1412,13.6061],[79.152,13.6042],[79.1583,13.6009],[79.1659,13.6021],[79.1731,13.6046],[79.1736,13.6022],[79.1761,13.595],[79.1776,13.591],[79.1753,13.5843],[79.1728,13.5793],[79.1706,13.5696],[79.1719,13.5614],[79.1739,13.557],[79.1771,13.5521],[79.18,13.5482],[79.1797,13.5467],[79.1768,13.5421],[79.1715,13.539],[79.1632,13.5347],[79.156,13.5299],[79.1459,13.5247],[79.1459,13.5226],[79.1394,13.5229],[79.1338,13.5224],[79.1258,13.5213],[79.12,13.5207],[79.1167,13.5186],[79.1125,13.5162],[79.1083,13.5157],[79.1036,13.5155],[79.1,13.515],[79.0968,13.5148],[79.0939,13.5156],[79.0915,13.5166],[79.0892,13.5162],[79.0846,13.5148],[79.0821,13.5159],[79.0808,13.5195],[79.0801,13.5214],[79.0811,13.5237],[79.0812,13.5245],[79.0804,13.5266],[79.0823,13.5281],[79.0843,13.5302],[79.0833,13.532],[79.0822,13.5343],[79.0808,13.5363],[79.0786,13.538],[79.0768,13.5412],[79.0747,13.5439],[79.0679,13.5486],[79.063,13.5512],[79.0596,13.5525],[79.0571,13.5525],[79.0548,13.5532],[79.0527,13.5524],[79.0508,13.5509],[79.0506,13.5496],[79.0494,13.5497],[79.0473,13.552],[79.0456,13.5548],[79.0426,13.5559],[79.0409,13.5556],[79.0403,13.5533],[79.0406,13.551],[79.0423,13.5483],[79.0433,13.546],[79.0442,13.5439],[79.0447,13.5418],[79.0442,13.54],[79.0429,13.5394],[79.0369,13.5396],[79.0251,13.5398],[79.0201,13.5384],[79.0156,13.5363],[79.0112,13.5331],[79.0089,13.5305],[79.0022,13.5227],[78.9964,13.5169],[78.9911,13.5138],[78.9841,13.511],[78.9843,13.5082],[78.9842,13.5058],[78.984,13.5039],[78.9834,13.5025],[78.9828,13.5008],[78.9827,13.4988],[78.983,13.4966],[78.9828,13.4926],[78.989,13.4936],[78.9941,13.4938],[78.9987,13.4931],[79.0014,13.4922],[79.0029,13.4907],[79.0039,13.4888],[79.0055,13.4865],[79.0071,13.4837],[79.0095,13.4817],[79.013,13.4802],[79.018,13.4786],[79.0213,13.4776],[79.0251,13.4767],[79.0285,13.4757],[79.0314,13.4741],[79.0342,13.4718],[79.0367,13.4698],[79.0395,13.4674],[79.0416,13.4655],[79.044,13.4638],[79.0476,13.462],[79.0494,13.4597],[79.0512,13.4552],[79.0521,13.4532],[79.0528,13.4507],[79.0531,13.4486],[79.0532,13.4466],[79.0518,13.4443],[79.0517,13.4429],[79.0553,13.4421],[79.0578,13.4421],[79.0603,13.4434],[79.0625,13.4457],[79.0671,13.4492],[79.0695,13.4496],[79.0725,13.4496],[79.074,13.4484],[79.0751,13.4466],[79.077,13.4449],[79.0784,13.4443],[79.0805,13.4443],[79.082,13.4451],[79.0834,13.4456],[79.0849,13.4455],[79.0915,13.4434],[79.094,13.4394],[79.0951,13.4374],[79.0945,13.4355],[79.093,13.4339],[79.0926,13.4319],[79.093,13.4265],[79.0956,13.4268],[79.0998,13.4266],[79.1037,13.4263],[79.1072,13.4258],[79.1093,13.4251],[79.1116,13.4242],[79.1141,13.4236],[79.116,13.4233],[79.1238,13.4208],[79.1261,13.4194],[79.1268,13.4178],[79.1282,13.4166],[79.1303,13.4167],[79.1317,13.4176],[79.1328,13.4189],[79.1337,13.4202],[79.1353,13.4211],[79.1389,13.4211],[79.1421,13.4212],[79.1438,13.4211],[79.1442,13.4196],[79.144,13.418],[79.1434,13.416],[79.1426,13.4148],[79.142,13.4134],[79.1422,13.4119],[79.1428,13.4111],[79.1443,13.4102],[79.1473,13.411],[79.1495,13.4115],[79.1504,13.4093],[79.1511,13.4122],[79.1519,13.4141],[79.1538,13.4144],[79.1556,13.4125],[79.1556,13.4103],[79.1549,13.4086],[79.155,13.4073],[79.1569,13.4069],[79.1582,13.4075],[79.1596,13.4075],[79.1598,13.4011],[79.1625,13.4001],[79.1644,13.4015],[79.1665,13.4018],[79.1678,13.4014],[79.1688,13.4005],[79.1705,13.3997],[79.1717,13.3995],[79.1738,13.3995],[79.1788,13.3994],[79.1826,13.3997],[79.19,13.4018],[79.1949,13.4044],[79.1975,13.406],[79.1991,13.4078],[79.2013,13.4099],[79.2037,13.4096],[79.2065,13.4076],[79.2085,13.4069],[79.2126,13.4063],[79.2162,13.4059],[79.2201,13.4057],[79.2245,13.4047],[79.2281,13.4027],[79.2289,13.4117],[79.2272,13.4116],[79.2246,13.4117],[79.2214,13.4124],[79.2181,13.4134],[79.2147,13.4139],[79.2115,13.4141],[79.2085,13.4142],[79.2066,13.415],[79.2055,13.417],[79.2058,13.4193],[79.2073,13.4219],[79.2091,13.4232],[79.2111,13.4247],[79.2132,13.4271],[79.2147,13.4248],[79.2161,13.4219],[79.218,13.4205],[79.2213,13.4182],[79.2235,13.4181],[79.2248,13.4197],[79.2276,13.4223],[79.2297,13.423],[79.2316,13.4218],[79.2313,13.42],[79.2316,13.4178],[79.2328,13.4163],[79.2362,13.418],[79.2411,13.4186],[79.2472,13.4193],[79.2544,13.4201],[79.2595,13.4223],[79.2584,13.4244],[79.2556,13.4247],[79.2519,13.4253],[79.2488,13.4264],[79.2458,13.427],[79.2435,13.4279],[79.2424,13.429],[79.2422,13.4313],[79.2417,13.4337],[79.24,13.4366],[79.2383,13.4365],[79.2368,13.4354],[79.2335,13.4363],[79.2316,13.4377],[79.2284,13.4378],[79.2245,13.4376],[79.2215,13.4354],[79.2197,13.4348],[79.2176,13.4366],[79.2197,13.4388],[79.2227,13.4406],[79.2257,13.4426],[79.2281,13.4468],[79.2323,13.4438],[79.2348,13.4421],[79.2412,13.4426],[79.2413,13.4438],[79.2423,13.4467],[79.2436,13.4487],[79.246,13.4507],[79.2497,13.4521],[79.2548,13.4547],[79.2582,13.4586],[79.2587,13.4635],[79.2611,13.4692],[79.2631,13.4705],[79.266,13.4709],[79.2681,13.4714],[79.2701,13.472],[79.2721,13.4737],[79.2726,13.4763],[79.2753,13.4762],[79.2785,13.4767],[79.2815,13.4774],[79.2836,13.4781],[79.2852,13.4785],[79.2885,13.4803],[79.2931,13.4806],[79.2975,13.4806],[79.299,13.4806],[79.3011,13.4808],[79.3026,13.4824],[79.3055,13.4853],[79.3085,13.487],[79.311,13.4876],[79.3155,13.4879],[79.3183,13.4878],[79.3266,13.488],[79.3309,13.4884],[79.3335,13.4894],[79.3359,13.4904],[79.3379,13.4902],[79.3397,13.4894],[79.3409,13.4888],[79.3437,13.4883],[79.3437,13.487],[79.3424,13.4854],[79.3398,13.4831],[79.3369,13.4802],[79.3318,13.4771],[79.3308,13.4753],[79.3297,13.4736],[79.3293,13.4725],[79.33,13.4713],[79.3309,13.4703],[79.3311,13.4693],[79.3311,13.4683],[79.3312,13.4675],[79.3317,13.4669],[79.333,13.4665],[79.3346,13.4669],[79.3365,13.4678],[79.3383,13.4683],[79.3398,13.4688],[79.3414,13.4692],[79.3427,13.4693],[79.3429,13.4679],[79.3432,13.465],[79.3451,13.465],[79.3479,13.4657],[79.3498,13.4664],[79.352,13.4664],[79.3539,13.4666],[79.3548,13.4676],[79.3558,13.4684],[79.3574,13.4685],[79.3587,13.4685],[79.3604,13.4689],[79.3612,13.4704],[79.3648,13.4722],[79.3698,13.4723],[79.3741,13.4754],[79.3776,13.4787],[79.3802,13.4812],[79.3826,13.4832],[79.3842,13.4855],[79.3883,13.4894],[79.3932,13.4915],[79.3978,13.4926],[79.4035,13.4944],[79.4094,13.4941],[79.4106,13.4921],[79.4178,13.4916],[79.4186,13.4889],[79.4194,13.487],[79.42,13.486],[79.4211,13.4868],[79.4218,13.4884],[79.4228,13.4912],[79.4251,13.4919],[79.427,13.4922],[79.4324,13.4961],[79.4379,13.4986],[79.4413,13.4996],[79.4431,13.4989],[79.4451,13.4978],[79.447,13.4977],[79.4507,13.4987],[79.4536,13.4999],[79.4568,13.5028],[79.4598,13.5061],[79.4604,13.5072],[79.4662,13.5066],[79.4673,13.5069],[79.4696,13.5074],[79.4713,13.5075],[79.4738,13.5064],[79.4762,13.5053],[79.4782,13.5061],[79.4806,13.508],[79.4823,13.509],[79.4849,13.5097],[79.4872,13.5107],[79.4896,13.5114],[79.4918,13.5109],[79.4925,13.5074],[79.4925,13.5035],[79.4918,13.497],[79.4936,13.4954],[79.4972,13.4988],[79.4996,13.4997],[79.5034,13.4995],[79.5091,13.4978],[79.5121,13.4959],[79.5188,13.4948],[79.5198,13.4928],[79.5186,13.4918],[79.5165,13.4918],[79.5141,13.4913],[79.5124,13.4904],[79.5124,13.4883],[79.5119,13.487],[79.5105,13.4861],[79.5092,13.4857],[79.5071,13.4854],[79.5043,13.4839],[79.5044,13.4802],[79.5048,13.4759],[79.5048,13.4751],[79.5035,13.4733],[79.5016,13.4722],[79.4998,13.4712],[79.4983,13.4708],[79.4962,13.4701],[79.4938,13.469],[79.4915,13.4691],[79.4897,13.4701],[79.4887,13.4721],[79.4874,13.4741],[79.4852,13.4745],[79.4814,13.4747],[79.4785,13.4743],[79.4771,13.4726],[79.4766,13.4702],[79.4768,13.4679],[79.4795,13.4631],[79.4814,13.4603],[79.4831,13.4584],[79.4858,13.4563],[79.4874,13.4557],[79.4902,13.4555],[79.4943,13.4568],[79.498,13.4606],[79.5004,13.4625],[79.5022,13.4635],[79.5046,13.4635],[79.5062,13.4633],[79.5082,13.4627],[79.5096,13.4619],[79.5118,13.4607],[79.5135,13.4596],[79.5156,13.4589],[79.5191,13.459],[79.522,13.4602],[79.5253,13.4606],[79.5263,13.4578],[79.529,13.4555],[79.5304,13.4542],[79.532,13.4512],[79.5318,13.4488],[79.5317,13.4462],[79.5303,13.4438],[79.523,13.44],[79.5131,13.439],[79.507,13.4377],[79.5024,13.4353],[79.5011,13.4318],[79.5011,13.428],[79.5018,13.4255],[79.502,13.4228],[79.4998,13.4209],[79.4955,13.421],[79.4929,13.4208],[79.4895,13.4194],[79.4837,13.4144],[79.4809,13.4119],[79.48,13.4103],[79.481,13.4072],[79.4827,13.4045],[79.4863,13.4027],[79.4885,13.4014],[79.4885,13.3991],[79.4867,13.3969],[79.4841,13.395],[79.4813,13.3901],[79.4808,13.3857],[79.4844,13.3827],[79.4903,13.3823],[79.4938,13.3824],[79.4982,13.3838],[79.5014,13.3871],[79.5051,13.39],[79.5092,13.3932],[79.5162,13.3965],[79.5216,13.3981],[79.5271,13.3997],[79.5312,13.4026],[79.536,13.4026],[79.5415,13.3995],[79.5437,13.3956],[79.544,13.3928],[79.5439,13.389],[79.5426,13.3851],[79.5405,13.3815],[79.5387,13.3783],[79.5359,13.376],[79.5315,13.3751],[79.5263,13.3735],[79.5233,13.3725],[79.5191,13.3705],[79.5168,13.3665],[79.5152,13.3611],[79.5135,13.3517],[79.5123,13.3469],[79.5124,13.3448],[79.5134,13.3402],[79.512,13.3381],[79.5118,13.3351],[79.5108,13.3328],[79.5059,13.337],[79.5008,13.3405],[79.4942,13.3443],[79.4909,13.3425],[79.4887,13.3411],[79.4874,13.3405],[79.4822,13.3388],[79.4791,13.3387],[79.4763,13.3388],[79.4731,13.3381],[79.4701,13.3374],[79.4683,13.3374],[79.4673,13.3382],[79.4666,13.34],[79.4659,13.3414],[79.4632,13.3402],[79.461,13.3398],[79.4594,13.3388],[79.4575,13.3387],[79.4565,13.3385],[79.4549,13.339],[79.454,13.3395],[79.4522,13.3409],[79.4505,13.3436],[79.4465,13.3465],[79.4439,13.3478],[79.439,13.3477],[79.4371,13.3457],[79.4348,13.344],[79.4343,13.3422],[79.4338,13.3395],[79.433,13.336],[79.4312,13.3351],[79.4291,13.3352],[79.4261,13.335],[79.4237,13.3347],[79.4217,13.3338],[79.4198,13.3319],[79.4185,13.3307],[79.4161,13.33],[79.4138,13.33],[79.4123,13.3307],[79.4108,13.3317],[79.4093,13.333],[79.4075,13.3333],[79.4067,13.3318],[79.4045,13.3293],[79.4007,13.3281],[79.4005,13.3265],[79.4005,13.3241],[79.4009,13.3221],[79.4013,13.32],[79.4024,13.3186],[79.4034,13.317],[79.4023,13.3148],[79.4004,13.3139],[79.399,13.3138],[79.3961,13.3138],[79.3945,13.3148],[79.3914,13.3151],[79.3889,13.3146],[79.3863,13.3129],[79.3852,13.3111],[79.3839,13.3081],[79.385,13.3059],[79.3866,13.3061],[79.3888,13.3065],[79.3907,13.3054],[79.3913,13.3037],[79.3914,13.3008],[79.3905,13.2958],[79.3909,13.2942],[79.3917,13.2944],[79.3935,13.2952],[79.3957,13.2964],[79.3987,13.2972],[79.4036,13.2966],[79.4081,13.2967],[79.4148,13.2968],[79.4182,13.2959],[79.4196,13.2939],[79.4201,13.2919],[79.4203,13.2895],[79.4211,13.2884],[79.4222,13.2884],[79.4241,13.2889],[79.425,13.2904],[79.4264,13.2926],[79.4281,13.2947],[79.4309,13.2974],[79.4339,13.2989],[79.4366,13.2989],[79.4392,13.2985],[79.4416,13.2986],[79.4437,13.2992],[79.4469,13.2996],[79.448,13.2984],[79.4478,13.2945],[79.4478,13.2922],[79.4477,13.2907],[79.4465,13.289],[79.4447,13.2887],[79.441,13.2888],[79.4387,13.2889],[79.4369,13.2884],[79.4357,13.2867],[79.4346,13.2835],[79.4346,13.2767],[79.4342,13.2741],[79.4333,13.2728],[79.4314,13.2722],[79.4285,13.2719],[79.4249,13.2712],[79.4215,13.2703],[79.4177,13.2673],[79.4161,13.266],[79.4139,13.2648],[79.412,13.2635],[79.4121,13.2618],[79.4138,13.2606],[79.4153,13.2605],[79.4172,13.2596],[79.4183,13.2569],[79.4182,13.2553],[79.418,13.2533],[79.4187,13.2508],[79.4194,13.2502],[79.4215,13.2498],[79.4228,13.2496],[79.4243,13.2484],[79.4242,13.2471],[79.4225,13.2454],[79.4197,13.244],[79.4205,13.2421],[79.4217,13.2404],[79.4238,13.2409],[79.4257,13.2406],[79.4285,13.2398],[79.4314,13.2401],[79.4338,13.2409],[79.4359,13.2411],[79.4364,13.2409],[79.4361,13.2402],[79.4348,13.2394],[79.4335,13.2386],[79.4336,13.237],[79.4345,13.2364],[79.4356,13.2364],[79.437,13.2367],[79.4388,13.2374],[79.439,13.236],[79.4378,13.2344],[79.4365,13.2332],[79.4341,13.2323],[79.4315,13.2306],[79.4314,13.2294],[79.4329,13.2286],[79.435,13.2289],[79.4366,13.2294],[79.4394,13.2304],[79.4408,13.2308],[79.4416,13.2326],[79.4435,13.2342],[79.4452,13.2352],[79.4489,13.236],[79.4514,13.2364],[79.4538,13.236],[79.4556,13.2348],[79.456,13.2333],[79.4558,13.2309],[79.4541,13.2246],[79.4543,13.2221],[79.4541,13.2189],[79.4538,13.2169],[79.4519,13.2151],[79.4493,13.2142],[79.4468,13.2142],[79.4447,13.2151],[79.4421,13.2163],[79.4395,13.2168],[79.4382,13.2146],[79.4382,13.2122],[79.4387,13.2103],[79.4396,13.2089],[79.4416,13.2078],[79.4436,13.2066],[79.4451,13.2059],[79.4442,13.2041],[79.4422,13.2041],[79.4409,13.2033],[79.4396,13.2023],[79.4384,13.199],[79.438,13.1969],[79.4377,13.1956],[79.4362,13.195],[79.435,13.1945],[79.4342,13.1936],[79.4342,13.1923],[79.4355,13.1904],[79.4373,13.1895],[79.4396,13.1882],[79.4399,13.1859],[79.4386,13.186],[79.4358,13.1873],[79.4341,13.1881],[79.4313,13.1888],[79.4296,13.1894],[79.4263,13.1888],[79.4202,13.1888],[79.4171,13.1892],[79.4152,13.1894],[79.4128,13.1901],[79.4114,13.1907],[79.4105,13.1914],[79.4084,13.1912],[79.406,13.1911],[79.4037,13.1898],[79.4016,13.1874],[79.4003,13.1851],[79.398,13.1873],[79.3967,13.189],[79.395,13.1904],[79.3933,13.1908],[79.392,13.1905],[79.3911,13.19],[79.39,13.1892],[79.3886,13.1885],[79.387,13.188],[79.3854,13.1878],[79.3834,13.1876],[79.3811,13.1876],[79.3788,13.1878],[79.3769,13.1881],[79.3747,13.1866],[79.3744,13.1852],[79.375,13.1846],[79.3766,13.1839],[79.3786,13.1834],[79.3807,13.1827],[79.383,13.1822],[79.3854,13.1814],[79.3868,13.1809],[79.3881,13.1797],[79.3885,13.1786],[79.3883,13.177],[79.3875,13.1761],[79.3866,13.1762],[79.3851,13.1766],[79.3838,13.1778],[79.3819,13.1785],[79.3802,13.1785],[79.3792,13.1783],[79.3771,13.1773],[79.3759,13.1762],[79.3738,13.1757],[79.3728,13.1738],[79.3723,13.1728],[79.3719,13.1717],[79.3713,13.1706],[79.371,13.1694],[79.373,13.1695],[79.3759,13.1693],[79.3767,13.1694],[79.378,13.1695],[79.379,13.1694],[79.3799,13.1691],[79.3809,13.168],[79.3812,13.1666],[79.3813,13.1653],[79.3809,13.1641],[79.3806,13.1629],[79.3801,13.1619],[79.3788,13.1611],[79.3772,13.1607],[79.3757,13.1606],[79.3732,13.1609],[79.3708,13.1614],[79.369,13.1623],[79.3673,13.1631],[79.3661,13.1636],[79.3643,13.1642],[79.363,13.1643],[79.3619,13.164],[79.3605,13.1634],[79.3589,13.1622],[79.359,13.1608],[79.3591,13.1596],[79.3593,13.1578],[79.3594,13.1563],[79.3596,13.1535],[79.3598,13.1522],[79.3602,13.1511],[79.3616,13.1496],[79.3619,13.148],[79.3615,13.1441],[79.3617,13.1416],[79.3623,13.1389],[79.3632,13.1371],[79.3644,13.1362],[79.3653,13.135],[79.3664,13.1336],[79.3667,13.132],[79.367,13.1306],[79.3664,13.1285],[79.3657,13.1275],[79.3647,13.1269],[79.3636,13.1259],[79.3624,13.124],[79.3604,13.1219],[79.3582,13.1203],[79.3567,13.12],[79.3554,13.1197],[79.3535,13.1193],[79.3515,13.1193],[79.3496,13.1196],[79.3482,13.12],[79.3471,13.1216],[79.3477,13.1224],[79.3476,13.124],[79.3476,13.1252],[79.3474,13.127],[79.3464,13.1302],[79.3464,13.1325],[79.3464,13.1343],[79.3461,13.1356],[79.3449,13.1363],[79.3435,13.1361],[79.3424,13.1347],[79.3416,13.1325],[79.3412,13.1311],[79.3408,13.13],[79.3392,13.1292],[79.3358,13.1298],[79.334,13.1296],[79.3323,13.1293],[79.331,13.1287],[79.3304,13.1276],[79.3293,13.1259],[79.3265,13.1239],[79.3247,13.1234],[79.3231,13.1229],[79.3218,13.1224],[79.3211,13.1215],[79.3213,13.1204],[79.322,13.1194],[79.323,13.1189],[79.324,13.1187],[79.3247,13.118],[79.325,13.117],[79.3239,13.116],[79.3211,13.1147],[79.32,13.1145],[79.3185,13.1147],[79.3162,13.1146],[79.3144,13.1143],[79.3139,13.1137],[79.3152,13.1133],[79.3189,13.1139],[79.3193,13.1136],[79.3194,13.1127],[79.3186,13.1121],[79.3176,13.1121],[79.3167,13.1122],[79.3158,13.112],[79.3147,13.1119],[79.3137,13.1108],[79.313,13.1097],[79.3117,13.1077],[79.3112,13.1069],[79.3106,13.106],[79.3097,13.1053],[79.3083,13.1048],[79.3068,13.1045],[79.3051,13.1045],[79.3034,13.1047],[79.3019,13.1049],[79.3004,13.1051],[79.2993,13.1056],[79.2984,13.1063],[79.2978,13.107],[79.2979,13.1079],[79.2986,13.1092],[79.2998,13.1098],[79.3009,13.1104],[79.3016,13.1111],[79.3016,13.112],[79.3012,13.1131],[79.3009,13.114],[79.3007,13.1152],[79.3027,13.1176],[79.304,13.1182],[79.3056,13.1189],[79.3065,13.1199],[79.3074,13.1212],[79.309,13.1225],[79.3111,13.1232],[79.312,13.1238],[79.3124,13.1244],[79.3122,13.1256],[79.3106,13.1258],[79.3093,13.1257],[79.3074,13.1254],[79.3064,13.1249],[79.3033,13.1239],[79.3018,13.1234],[79.2992,13.1227],[79.2971,13.1221],[79.2948,13.1225],[79.2932,13.1225],[79.2921,13.1223],[79.2907,13.1219],[79.2896,13.1216],[79.2882,13.1218],[79.2871,13.1225],[79.2855,13.1245],[79.2848,13.127],[79.2845,13.1316],[79.2843,13.1331],[79.2841,13.1347],[79.2839,13.137],[79.2835,13.1393],[79.2819,13.148],[79.2813,13.1504],[79.2806,13.1523],[79.2788,13.1536],[79.277,13.1544],[79.275,13.154],[79.2747,13.1537],[79.2739,13.153],[79.273,13.1521],[79.2718,13.151],[79.2705,13.1499],[79.2677,13.148],[79.2668,13.1475],[79.2645,13.1468],[79.2632,13.1489],[79.2632,13.1497],[79.263,13.1509],[79.2628,13.1521],[79.2625,13.1535],[79.2621,13.155],[79.2618,13.1565],[79.2612,13.1575],[79.2601,13.1581],[79.2587,13.1583],[79.2568,13.1581],[79.2554,13.1574],[79.2545,13.1564],[79.2539,13.1549],[79.2538,13.1533],[79.2547,13.1512],[79.2554,13.1486],[79.2558,13.1462],[79.2552,13.144],[79.2528,13.1439],[79.2512,13.1426],[79.2501,13.1416],[79.2487,13.1399],[79.2461,13.1368],[79.2456,13.1377],[79.2445,13.139],[79.2437,13.1402],[79.2424,13.142],[79.2425,13.1434],[79.2431,13.1447],[79.2441,13.146],[79.245,13.1476],[79.2459,13.1492],[79.2462,13.1509],[79.2455,13.1526],[79.2445,13.1545],[79.2439,13.1588],[79.2436,13.1613],[79.2434,13.1637],[79.2436,13.1656],[79.2432,13.1686],[79.2426,13.1696],[79.2407,13.1699],[79.2378,13.1698],[79.2355,13.1685],[79.234,13.1664],[79.2329,13.1629],[79.2318,13.1611],[79.2306,13.1591],[79.2295,13.1575],[79.2286,13.156],[79.228,13.1541],[79.2269,13.153],[79.2256,13.1529],[79.2234,13.1532],[79.221,13.1537],[79.2193,13.1543],[79.2175,13.1547],[79.216,13.1545],[79.215,13.1528],[79.2136,13.1499],[79.2126,13.1482],[79.2121,13.1465],[79.2133,13.146],[79.2153,13.1456],[79.2177,13.1453],[79.2195,13.1444],[79.2213,13.1439],[79.2234,13.1428],[79.2258,13.1406],[79.2298,13.1375],[79.2314,13.1367],[79.2325,13.1363],[79.2333,13.135],[79.2333,13.1339],[79.2328,13.1325],[79.2318,13.1307],[79.2314,13.129],[79.2314,13.1273],[79.2318,13.1248],[79.2324,13.1224],[79.2348,13.1205],[79.2372,13.1188],[79.2391,13.117],[79.2383,13.1149],[79.2367,13.114],[79.2359,13.1123],[79.2357,13.1108],[79.2356,13.1079],[79.2354,13.1055],[79.2347,13.1035],[79.2329,13.1024],[79.2305,13.1014],[79.2263,13.0996],[79.2241,13.0978],[79.2212,13.096],[79.2175,13.0936],[79.2149,13.0917],[79.2127,13.0904],[79.2073,13.0887],[79.2043,13.0879],[79.2025,13.0864],[79.2013,13.0835],[79.2,13.0812],[79.1975,13.0803],[79.1959,13.0809],[79.1945,13.0818],[79.1939,13.0831],[79.1933,13.0853],[79.1918,13.0866],[79.1904,13.0853],[79.1894,13.0836],[79.1884,13.0824],[79.186,13.0826],[79.1826,13.0829],[79.1824,13.0818],[79.1827,13.08],[79.1834,13.0789],[79.1851,13.0782],[79.1861,13.0768],[79.1858,13.0743],[79.1858,13.0722],[79.186,13.0698],[79.1875,13.0696],[79.1902,13.0697],[79.1918,13.0697],[79.1932,13.0685],[79.1932,13.0669],[79.1922,13.0641],[79.1902,13.0619],[79.1885,13.0601],[79.1866,13.0595],[79.185,13.0601],[79.1836,13.0612],[79.1813,13.0617],[79.1799,13.0593],[79.1808,13.0565],[79.1842,13.0555],[79.1887,13.0554],[79.1906,13.0544],[79.1889,13.0536],[79.184,13.0534],[79.1816,13.053],[79.1818,13.0499],[79.1821,13.0482],[79.1824,13.0475],[79.1834,13.0472],[79.1846,13.0467],[79.1866,13.0459],[79.1881,13.0448],[79.1896,13.0443],[79.1922,13.0439],[79.1931,13.0435],[79.1925,13.0421],[79.1915,13.0409],[79.1901,13.0391],[79.188,13.0362],[79.1873,13.034],[79.1869,13.0319],[79.1862,13.0303],[79.1845,13.0286],[79.1822,13.027],[79.1735,13.0236],[79.165,13.0191],[79.1539,13.0216],[79.1434,13.0285],[79.1315,13.0343],[79.1165,13.0359],[79.1095,13.0355],[79.0998,13.0246],[79.0949,13.0241],[79.0812,13.0257],[79.0727,13.0324],[79.0661,13.0397],[79.0649,13.0507],[79.0559,13.0552],[79.0456,13.0571],[79.0379,13.061],[79.0373,13.0624],[79.0363,13.0648],[79.0367,13.0702],[79.0332,13.0704],[79.0277,13.0721],[79.0149,13.0757],[79.0076,13.0799],[79.0001,13.084],[78.9936,13.0875],[78.9915,13.0878],[78.9835,13.0864],[78.9765,13.0841],[78.9748,13.0829],[78.971,13.0767],[78.9669,13.0762],[78.9618,13.0774],[78.9577,13.0748],[78.9484,13.0812],[78.9419,13.0773],[78.9262,13.079],[78.9238,13.0745],[78.924,13.0709],[78.9239,13.0666],[78.9221,13.0639],[78.9155,13.065],[78.9127,13.0633],[78.9085,13.0528],[78.9053,13.0463],[78.9058,13.0436],[78.9102,13.0429],[78.9162,13.0423],[78.9202,13.0418],[78.9227,13.0451],[78.9292,13.0438],[78.9323,13.0399],[78.9345,13.0379],[78.9397,13.0362],[78.9412,13.0345],[78.9389,13.0311],[78.9366,13.0314],[78.9322,13.0315],[78.9315,13.0333],[78.9224,13.0325],[78.9019,13.031],[78.8937,13.031],[78.8927,13.0374],[78.8927,13.0554],[78.8929,13.0669],[78.8906,13.0741],[78.8921,13.0807],[78.8958,13.0951],[78.8877,13.0972],[78.882,13.098],[78.8764,13.0957],[78.8723,13.0906],[78.87,13.0821],[78.8555,13.0825],[78.842,13.0789],[78.825,13.0856],[78.8197,13.0889],[78.8124,13.0865],[78.8057,13.0807],[78.7982,13.0731],[78.7946,13.0673],[78.7891,13.0641],[78.766,13.0579],[78.7576,13.0563],[78.7528,13.0541],[78.7499,13.0561],[78.7437,13.0612],[78.737,13.0636],[78.7217,13.0662],[78.7161,13.0679],[78.7127,13.055],[78.7075,13.0233],[78.7053,13.0152],[78.6896,13.0186],[78.6801,13.0218],[78.6625,13.0286],[78.6588,13.0295],[78.6569,13.0272],[78.6565,13.018],[78.6555,13.0134],[78.6535,13.011],[78.6487,13.0075],[78.6398,13.0004],[78.6357,12.9998],[78.6345,12.9948],[78.6319,12.9932],[78.625,12.9895],[78.6222,12.9885],[78.631,12.9807],[78.6389,12.9719],[78.6472,12.9655],[78.6464,12.9621],[78.6381,12.9633],[78.6391,12.9603],[78.6444,12.9489],[78.6507,12.9391],[78.6583,12.9298],[78.6542,12.9259],[78.649,12.9267],[78.6432,12.9283],[78.6372,12.9299],[78.6345,12.9303],[78.6346,12.9251],[78.6312,12.9128],[78.6271,12.904],[78.6238,12.8993],[78.6175,12.8844],[78.6164,12.8814],[78.6162,12.8768],[78.6145,12.866],[78.6031,12.8493],[78.6024,12.8477],[78.6029,12.8454],[78.6032,12.8442],[78.6073,12.8263],[78.6079,12.8232],[78.6072,12.8181],[78.6012,12.8164],[78.6023,12.8087],[78.6014,12.8033],[78.5994,12.7996],[78.5942,12.7961],[78.5946,12.787],[78.5936,12.7816],[78.5918,12.778],[78.5812,12.772],[78.5774,12.7698],[78.5765,12.7651],[78.5709,12.7652],[78.5692,12.7631],[78.5658,12.7568],[78.5626,12.7576],[78.5583,12.7564],[78.5572,12.7547],[78.5595,12.7511],[78.5616,12.7479],[78.5608,12.742],[78.5574,12.7394],[78.5567,12.7358],[78.5622,12.7359],[78.5651,12.7343],[78.564,12.7312],[78.5613,12.7245],[78.5572,12.7182],[78.5565,12.7158],[78.559,12.7119],[78.5605,12.7093],[78.562,12.7073],[78.5598,12.7062],[78.5569,12.7034],[78.5576,12.7015],[78.557,12.6978],[78.5549,12.6966],[78.5531,12.6958],[78.543,12.6907],[78.5395,12.6898],[78.536,12.6898],[78.5335,12.6929],[78.5319,12.6978],[78.5303,12.7031],[78.5308,12.7091],[78.5355,12.7065],[78.5384,12.7066],[78.541,12.7066],[78.5429,12.7084],[78.541,12.7112],[78.5381,12.712],[78.5277,12.7143],[78.5279,12.7171],[78.526,12.7192],[78.5227,12.7205],[78.5226,12.7324],[78.521,12.734],[78.521,12.7305],[78.5208,12.7243],[78.5191,12.7238],[78.5152,12.7241],[78.5134,12.7245],[78.5148,12.7288],[78.5134,12.7322],[78.5087,12.7348],[78.5064,12.7398],[78.5005,12.7426],[78.4937,12.7439],[78.4912,12.7406],[78.4903,12.7397],[78.4924,12.7358],[78.4963,12.7316],[78.5031,12.7277],[78.5053,12.7218],[78.5116,12.7195],[78.5207,12.7156],[78.5208,12.713],[78.5195,12.7104],[78.5177,12.7083],[78.5158,12.707],[78.5116,12.7065],[78.5096,12.7092],[78.5066,12.7144],[78.5051,12.7142],[78.5058,12.7086],[78.5047,12.7044],[78.4992,12.7033],[78.498,12.7012],[78.5012,12.6973],[78.5053,12.6965],[78.5051,12.6917],[78.5091,12.69],[78.5088,12.6872],[78.5058,12.6854],[78.5052,12.6803],[78.5003,12.6741],[78.4858,12.6699],[78.4693,12.6729],[78.4711,12.6494],[78.4745,12.6491],[78.4747,12.6461],[78.4711,12.6457],[78.4708,12.6422],[78.4718,12.6312],[78.4714,12.6281],[78.4665,12.6227],[78.4631,12.6264],[78.4592,12.6272],[78.4483,12.6289],[78.4366,12.6255],[78.43,12.6312],[78.424,12.6289],[78.4188,12.6281],[78.4167,12.6279],[78.4134,12.6269],[78.4124,12.6268],[78.3908,12.6273],[78.3793,12.6248],[78.3721,12.6256],[78.3599,12.6341],[78.3503,12.6424],[78.3433,12.6488],[78.3321,12.6495],[78.3308,12.6531],[78.3249,12.6551],[78.3201,12.6603],[78.3097,12.6644],[78.3059,12.6666],[78.3005,12.6652],[78.3,12.6694],[78.2968,12.6708],[78.2945,12.6772],[78.288,12.6868],[78.2784,12.6976],[78.2756,12.7021],[78.2721,12.7045],[78.2679,12.7057],[78.2618,12.7047],[78.2525,12.7062],[78.2468,12.7055],[78.2445,12.7064],[78.242,12.7032],[78.2399,12.7028],[78.2386,12.6994],[78.2379,12.695],[78.2378,12.6903],[78.2375,12.6861],[78.2332,12.6869],[78.2158,12.6871],[78.2152,12.6851],[78.2105,12.6847],[78.2111,12.6889],[78.208,12.6914],[78.2045,12.6929],[78.2026,12.6932],[78.2018,12.6927],[78.2013,12.6917],[78.2001,12.6926],[78.1995,12.6946],[78.202,12.6964],[78.2059,12.6984],[78.208,12.6996],[78.2096,12.7013],[78.2073,12.7025],[78.2058,12.7053],[78.2065,12.7076],[78.209,12.7082],[78.2102,12.7081],[78.2109,12.7065],[78.2122,12.7065],[78.2124,12.7107],[78.2154,12.7098],[78.218,12.7085],[78.2208,12.711],[78.2248,12.7138],[78.2271,12.7149],[78.2308,12.7125],[78.233,12.716],[78.2358,12.721],[78.2375,12.7241],[78.2409,12.7299],[78.2409,12.7327],[78.2387,12.7362],[78.2363,12.7379],[78.2348,12.7438],[78.2358,12.7456],[78.2339,12.751],[78.2322,12.753],[78.2315,12.7574],[78.2309,12.7607],[78.2361,12.765],[78.2405,12.7721],[78.2457,12.783],[78.2464,12.7976],[78.2512,12.8132],[78.2528,12.8224],[78.252,12.8574],[78.2555,12.8611],[78.2596,12.8598],[78.2647,12.8596],[78.269,12.8656],[78.2735,12.8666],[78.2828,12.8577],[78.287,12.8573],[78.2938,12.8572],[78.296,12.8571]]]]}},{"type":"Feature","properties":{"district":"Tirupati","district_hi":"तिरुपति"},"geometry":{"type":"Polygon","coordinates":[[[79.4208,13.7676],[79.4219,13.7708],[79.4223,13.7732],[79.4215,13.7749],[79.4203,13.7769],[79.4179,13.7788],[79.4173,13.7802],[79.4175,13.7827],[79.4191,13.7847],[79.422,13.7851],[79.4235,13.7849],[79.4262,13.7846],[79.4289,13.7834],[79.4302,13.7826],[79.4328,13.783],[79.4376,13.7832],[79.4476,13.7833],[79.4525,13.7856],[79.4566,13.7866],[79.4603,13.7883],[79.464,13.7909],[79.467,13.7938],[79.4693,13.7972],[79.469,13.7986],[79.4673,13.7991],[79.465,13.7994],[79.4618,13.7999],[79.4586,13.8008],[79.4571,13.8023],[79.4569,13.8047],[79.4565,13.8124],[79.4561,13.8223],[79.4544,13.8282],[79.4491,13.8362],[79.4425,13.8487],[79.4387,13.8556],[79.436,13.8647],[79.4346,13.8718],[79.434,13.8775],[79.4434,13.8908],[79.4445,13.8954],[79.4444,13.8986],[79.4441,13.9001],[79.4426,13.9017],[79.4414,13.9029],[79.4407,13.9044],[79.4416,13.9057],[79.4453,13.9071],[79.4472,13.9123],[79.4483,13.9145],[79.4502,13.9168],[79.4523,13.9186],[79.4534,13.9201],[79.4546,13.9225],[79.4549,13.9263],[79.4548,13.929],[79.4553,13.9305],[79.4566,13.9321],[79.4567,13.9337],[79.4565,13.9359],[79.4565,13.9392],[79.4569,13.9426],[79.4572,13.9449],[79.4588,13.9467],[79.458,13.9507],[79.4563,13.9528],[79.455,13.9531],[79.4535,13.9537],[79.4525,13.9549],[79.452,13.9567],[79.4512,13.9588],[79.4513,13.9604],[79.4514,13.9616],[79.452,13.9635],[79.4521,13.9656],[79.4509,13.97],[79.4503,13.9717],[79.4507,13.9734],[79.4519,13.977],[79.4536,13.9823],[79.455,13.9875],[79.4548,13.9895],[79.4521,13.993],[79.4498,13.995],[79.4478,13.9962],[79.4452,13.9972],[79.4427,13.9984],[79.442,14.0013],[79.4406,14.0055],[79.44,14.0086],[79.4388,14.0115],[79.4385,14.017],[79.437,14.0216],[79.4375,14.0245],[79.4421,14.0344],[79.443,14.038],[79.444,14.041],[79.4439,14.0436],[79.4428,14.0461],[79.4429,14.054],[79.4425,14.0611],[79.4435,14.0621],[79.4457,14.0647],[79.4464,14.067],[79.4498,14.0697],[79.4509,14.0717],[79.4519,14.0763],[79.4518,14.0813],[79.4502,14.0878],[79.4502,14.0894],[79.4525,14.0915],[79.4538,14.0949],[79.4545,14.1011],[79.4528,14.102],[79.45,14.1081],[79.4449,14.1152],[79.4422,14.1264],[79.441,14.1341],[79.4387,14.1397],[79.4368,14.1521],[79.4326,14.1691],[79.4287,14.18],[79.4283,14.1849],[79.4283,14.1864],[79.4332,14.1861],[79.4402,14.1861],[79.4566,14.1833],[79.4593,14.1832],[79.4636,14.1827],[79.4682,14.1821],[79.473,14.1815],[79.4821,14.1816],[79.4865,14.181],[79.488,14.1808],[79.4952,14.1782],[79.4992,14.1777],[79.5022,14.1774],[79.5068,14.176],[79.5135,14.1747],[79.5224,14.1743],[79.5263,14.1721],[79.529,14.1723],[79.5319,14.1716],[79.5341,14.1687],[79.537,14.1668],[79.5411,14.1639],[79.5442,14.1625],[79.5484,14.1595],[79.5568,14.1553],[79.5707,14.1507],[79.5741,14.1485],[79.576,14.1481],[79.5805,14.1469],[79.5843,14.1449],[79.5918,14.1393],[79.5992,14.1317],[79.6008,14.1264],[79.6102,14.1188],[79.6153,14.1149],[79.6224,14.1122],[79.6277,14.1093],[79.6313,14.1082],[79.6353,14.1109],[79.6393,14.1136],[79.6416,14.1178],[79.642,14.1204],[79.6425,14.124],[79.642,14.1323],[79.6417,14.138],[79.6408,14.1408],[79.6388,14.1426],[79.6387,14.1461],[79.6391,14.1489],[79.6409,14.1526],[79.644,14.1545],[79.6496,14.1551],[79.6547,14.1551],[79.658,14.1543],[79.6604,14.1532],[79.6631,14.1516],[79.6641,14.1489],[79.6635,14.1463],[79.6618,14.1443],[79.6611,14.1418],[79.6625,14.1391],[79.664,14.1357],[79.6657,14.1311],[79.6677,14.1237],[79.6686,14.1221],[79.6697,14.1221],[79.6793,14.1207],[79.6888,14.1172],[79.695,14.1151],[79.7016,14.1132],[79.7061,14.1116],[79.7108,14.1092],[79.7139,14.1121],[79.7173,14.1134],[79.723,14.1171],[79.7249,14.1194],[79.7277,14.1244],[79.7286,14.126],[79.7303,14.1271],[79.7326,14.128],[79.7343,14.1299],[79.7346,14.1355],[79.7349,14.1366],[79.7367,14.1375],[79.7379,14.1388],[79.7391,14.1409],[79.7411,14.1457],[79.7426,14.1496],[79.7447,14.156],[79.746,14.1575],[79.7479,14.1597],[79.7496,14.1618],[79.7507,14.1647],[79.7531,14.1677],[79.7558,14.1676],[79.7576,14.1675],[79.7595,14.1685],[79.7615,14.1708],[79.7626,14.1751],[79.7631,14.176],[79.765,14.177],[79.7671,14.1772],[79.7694,14.1775],[79.7715,14.1782],[79.7733,14.1786],[79.7747,14.1795],[79.7762,14.1818],[79.7774,14.1829],[79.7802,14.1836],[79.7843,14.1832],[79.788,14.1832],[79.79,14.1833],[79.7921,14.1837],[79.7936,14.1844],[79.7965,14.1848],[79.7985,14.1844],[79.7999,14.1854],[79.8014,14.1879],[79.8003,14.191],[79.7998,14.1927],[79.7987,14.1943],[79.797,14.1977],[79.7972,14.2003],[79.7974,14.2023],[79.7982,14.2046],[79.7966,14.2092],[79.7962,14.2103],[79.7942,14.2111],[79.7915,14.2113],[79.79,14.2123],[79.7897,14.2137],[79.7895,14.2159],[79.7887,14.2179],[79.7846,14.2201],[79.7829,14.2211],[79.7805,14.2226],[79.7778,14.2242],[79.7758,14.2263],[79.7755,14.2286],[79.7758,14.2319],[79.7766,14.2366],[79.7813,14.2412],[79.7846,14.2448],[79.7879,14.2496],[79.7898,14.2558],[79.7903,14.2579],[79.7913,14.2601],[79.7925,14.261],[79.7945,14.2616],[79.7959,14.262],[79.7982,14.2639],[79.8003,14.2649],[79.8044,14.2643],[79.8089,14.2626],[79.8115,14.2615],[79.8146,14.2598],[79.8156,14.2571],[79.8147,14.2552],[79.8137,14.2536],[79.8132,14.2517],[79.8136,14.25],[79.8161,14.2473],[79.817,14.2451],[79.8171,14.237],[79.8174,14.232],[79.8179,14.2297],[79.8183,14.2272],[79.8209,14.2257],[79.8234,14.2245],[79.8267,14.2232],[79.8331,14.2198],[79.8384,14.2177],[79.8426,14.2151],[79.8455,14.2124],[79.8474,14.2106],[79.8482,14.2088],[79.8487,14.2063],[79.8488,14.2032],[79.849,14.1967],[79.8525,14.1908],[79.8549,14.1875],[79.8558,14.185],[79.8561,14.1821],[79.8564,14.1766],[79.8613,14.1744],[79.8776,14.169],[79.9005,14.1634],[79.9037,14.1599],[79.9055,14.1526],[79.9076,14.1524],[79.9206,14.152],[79.9274,14.1513],[79.9412,14.1542],[79.9429,14.1592],[79.9436,14.1629],[79.9461,14.1627],[79.949,14.159],[79.9506,14.1568],[79.9528,14.1547],[79.9564,14.1562],[79.9584,14.158],[79.9628,14.1605],[79.9661,14.1615],[79.9695,14.165],[79.975,14.1691],[79.9751,14.1735],[79.9731,14.1763],[79.9729,14.1813],[79.9743,14.1838],[79.9763,14.1857],[79.9772,14.1884],[79.9782,14.1875],[79.9805,14.1863],[79.9827,14.1869],[79.9837,14.1885],[79.9842,14.1902],[79.9845,14.192],[79.9864,14.1942],[79.9882,14.1947],[79.989,14.1934],[79.9885,14.191],[79.9883,14.1895],[79.9883,14.1872],[79.9886,14.1853],[79.9891,14.1838],[79.9898,14.1829],[79.9918,14.1838],[79.9924,14.1856],[79.9938,14.1875],[79.9952,14.1895],[79.9968,14.1912],[79.9984,14.1922],[79.9997,14.1915],[80.0003,14.19],[80.0004,14.1882],[80.0014,14.1865],[80.003,14.1855],[80.0046,14.1851],[80.0064,14.186],[80.0077,14.1877],[80.0079,14.1892],[80.0067,14.1903],[80.0055,14.1914],[80.0056,14.1935],[80.0068,14.1947],[80.0115,14.1986],[80.0154,14.1986],[80.0179,14.1978],[80.0202,14.1964],[80.0214,14.1947],[80.0219,14.193],[80.022,14.1912],[80.0215,14.1896],[80.0207,14.1881],[80.02,14.1866],[80.0203,14.1853],[80.0214,14.1846],[80.0222,14.1845],[80.0238,14.1852],[80.0257,14.187],[80.0274,14.1894],[80.0292,14.1915],[80.0308,14.1936],[80.0323,14.1949],[80.0332,14.196],[80.0308,14.1981],[80.0293,14.1995],[80.0284,14.2013],[80.0283,14.2027],[80.0293,14.2044],[80.031,14.2048],[80.0327,14.2049],[80.0342,14.2055],[80.0362,14.2037],[80.0396,14.1998],[80.0432,14.198],[80.046,14.1979],[80.0484,14.1994],[80.0496,14.2019],[80.0492,14.206],[80.0492,14.2083],[80.05,14.2113],[80.052,14.2131],[80.0531,14.2155],[80.0537,14.2177],[80.0548,14.2196],[80.0565,14.221],[80.0586,14.2215],[80.0595,14.2197],[80.0596,14.2172],[80.0599,14.2149],[80.0612,14.2123],[80.0629,14.2104],[80.0647,14.2096],[80.0666,14.2113],[80.0682,14.2133],[80.0692,14.2153],[80.0692,14.2173],[80.069,14.2198],[80.0692,14.2225],[80.0702,14.2244],[80.0718,14.2254],[80.0778,14.2274],[80.0856,14.2279],[80.0891,14.2301],[80.0917,14.2311],[80.0946,14.2315],[80.0969,14.2316],[80.099,14.2321],[80.1047,14.2368],[80.1058,14.239],[80.1045,14.2405],[80.1026,14.2428],[80.1017,14.2444],[80.1014,14.2459],[80.1002,14.2482],[80.0992,14.2502],[80.0994,14.253],[80.1023,14.2556],[80.1062,14.2561],[80.1091,14.2559],[80.1124,14.2549],[80.1171,14.2534],[80.12,14.2523],[80.1226,14.2523],[80.1258,14.2533],[80.1275,14.2544],[80.1298,14.2555],[80.132,14.2566],[80.1355,14.2582],[80.1385,14.259],[80.1386,14.2583],[80.1387,14.2571],[80.139,14.2556],[80.1392,14.2549],[80.1394,14.2539],[80.1397,14.253],[80.1402,14.2521],[80.1402,14.252],[80.1386,14.2485],[80.1375,14.2462],[80.1358,14.2413],[80.1357,14.2411],[80.1355,14.2407],[80.1352,14.2399],[80.1352,14.2397],[80.135,14.2393],[80.1348,14.2389],[80.1345,14.2383],[80.1342,14.2374],[80.1339,14.2359],[80.1336,14.2347],[80.1334,14.2336],[80.1332,14.2327],[80.1331,14.2321],[80.1329,14.2314],[80.1328,14.2307],[80.1327,14.2302],[80.1327,14.2296],[80.1326,14.229],[80.1322,14.2276],[80.1319,14.2265],[80.1317,14.2258],[80.1315,14.2247],[80.1313,14.2237],[80.1311,14.2225],[80.131,14.2215],[80.1309,14.2206],[80.1308,14.22],[80.1305,14.2184],[80.1303,14.2167],[80.1302,14.2156],[80.1301,14.2148],[80.1298,14.2133],[80.1297,14.2126],[80.1295,14.2109],[80.1293,14.2094],[80.1292,14.2086],[80.1291,14.2069],[80.129,14.206],[80.1288,14.2046],[80.1287,14.2035],[80.1285,14.2018],[80.1283,14.1998],[80.1282,14.198],[80.1281,14.1969],[80.1278,14.1941],[80.1277,14.1927],[80.1275,14.191],[80.1275,14.1901],[80.1275,14.1893],[80.1274,14.1882],[80.1271,14.1854],[80.127,14.1826],[80.1269,14.1796],[80.1268,14.1778],[80.1268,14.1754],[80.1267,14.1732],[80.1267,14.1711],[80.1267,14.1688],[80.1268,14.1668],[80.1268,14.1648],[80.1269,14.1634],[80.1269,14.1619],[80.127,14.1599],[80.1271,14.1582],[80.1272,14.1565],[80.1272,14.1554],[80.1273,14.1543],[80.1273,14.1531],[80.1274,14.1521],[80.1275,14.1513],[80.1276,14.1508],[80.1276,14.1502],[80.1276,14.1496],[80.1276,14.1486],[80.1277,14.1477],[80.1277,14.1471],[80.1277,14.1468],[80.1278,14.1464],[80.1278,14.146],[80.1278,14.1453],[80.1279,14.1446],[80.1279,14.1441],[80.128,14.1434],[80.128,14.1427],[80.1281,14.1423],[80.1281,14.1414],[80.1282,14.1406],[80.1283,14.1397],[80.1284,14.1388],[80.1285,14.1379],[80.1286,14.1373],[80.1286,14.1371],[80.1286,14.1368],[80.1287,14.136],[80.1287,14.1354],[80.1288,14.1351],[80.1288,14.1349],[80.1289,14.1344],[80.1289,14.1339],[80.129,14.1336],[80.129,14.1333],[80.1291,14.133],[80.1291,14.1328],[80.1291,14.1326],[80.1291,14.1324],[80.1292,14.1322],[80.1292,14.132],[80.1292,14.1319],[80.1292,14.1318],[80.1292,14.1317],[80.1293,14.1314],[80.1293,14.1307],[80.1294,14.1302],[80.1295,14.1291],[80.1296,14.1284],[80.1297,14.1281],[80.1298,14.1279],[80.1299,14.1277],[80.1299,14.1274],[80.1299,14.1272],[80.1298,14.127],[80.1298,14.1269],[80.1299,14.1263],[80.13,14.1262],[80.13,14.1261],[80.1302,14.1253],[80.1302,14.1243],[80.1303,14.1233],[80.1304,14.1228],[80.1304,14.1223],[80.1306,14.1216],[80.1307,14.1201],[80.1307,14.1199],[80.1307,14.1197],[80.1308,14.1196],[80.1308,14.1188],[80.1309,14.1181],[80.131,14.1174],[80.131,14.117],[80.1311,14.1161],[80.1312,14.1155],[80.1313,14.115],[80.1314,14.1137],[80.1314,14.1131],[80.1314,14.1129],[80.1315,14.1127],[80.1316,14.1118],[80.1316,14.1114],[80.1316,14.1112],[80.1317,14.1111],[80.1317,14.1106],[80.1318,14.1103],[80.1318,14.1099],[80.1319,14.1097],[80.1319,14.1095],[80.132,14.1093],[80.132,14.1091],[80.132,14.109],[80.132,14.1083],[80.1321,14.1079],[80.1322,14.1075],[80.1322,14.1072],[80.1322,14.1071],[80.1322,14.1068],[80.1323,14.1064],[80.1324,14.1058],[80.1325,14.1049],[80.1326,14.1043],[80.1327,14.1038],[80.1327,14.1034],[80.1328,14.1031],[80.1328,14.1028],[80.1329,14.1024],[80.133,14.102],[80.1331,14.1015],[80.1331,14.1008],[80.1332,14.1006],[80.1332,14.1004],[80.1333,14.0999],[80.1333,14.0995],[80.1334,14.0993],[80.1335,14.0989],[80.1336,14.0985],[80.1336,14.0981],[80.1337,14.0978],[80.1338,14.0975],[80.1339,14.097],[80.134,14.0966],[80.1341,14.0962],[80.1342,14.0956],[80.1344,14.0949],[80.1345,14.0945],[80.1345,14.0942],[80.1346,14.094],[80.1346,14.0939],[80.1347,14.0937],[80.1347,14.0935],[80.1348,14.0932],[80.1349,14.0928],[80.135,14.0927],[80.135,14.0923],[80.1351,14.0919],[80.1352,14.0915],[80.1353,14.0912],[80.1354,14.0907],[80.1355,14.0904],[80.1356,14.09],[80.1357,14.0897],[80.1358,14.0893],[80.1358,14.0891],[80.136,14.0888],[80.136,14.0886],[80.1361,14.0883],[80.1361,14.0882],[80.1363,14.0879],[80.1364,14.0875],[80.1365,14.0873],[80.1366,14.087],[80.1366,14.0868],[80.1366,14.0866],[80.1368,14.0864],[80.1369,14.086],[80.1371,14.0857],[80.1371,14.0855],[80.1372,14.0854],[80.1372,14.0853],[80.1374,14.0847],[80.1375,14.0845],[80.1375,14.0841],[80.1376,14.0839],[80.1377,14.0838],[80.1378,14.0836],[80.1378,14.0834],[80.1377,14.0832],[80.1377,14.0831],[80.1379,14.0828],[80.1381,14.0823],[80.1382,14.0819],[80.1383,14.0817],[80.1385,14.0813],[80.1385,14.081],[80.1385,14.0805],[80.1386,14.08],[80.1387,14.0795],[80.1389,14.0788],[80.139,14.0785],[80.1391,14.0784],[80.1393,14.0781],[80.1395,14.0778],[80.1402,14.0767],[80.1402,14.0765],[80.1402,14.0763],[80.1404,14.0759],[80.1407,14.0755],[80.1409,14.0754],[80.1412,14.0753],[80.1413,14.0751],[80.1414,14.0747],[80.1415,14.0743],[80.1415,14.0738],[80.1416,14.0736],[80.1418,14.0732],[80.1418,14.0727],[80.1418,14.0723],[80.1418,14.0717],[80.1418,14.0711],[80.1418,14.0707],[80.1418,14.0702],[80.1418,14.0691],[80.1418,14.0681],[80.1419,14.0674],[80.1419,14.0667],[80.1421,14.0655],[80.1422,14.0643],[80.1423,14.0635],[80.1424,14.0626],[80.1426,14.0613],[80.1428,14.06],[80.143,14.0584],[80.1432,14.0572],[80.1433,14.0567],[80.1434,14.0557],[80.1436,14.0549],[80.1437,14.0544],[80.1441,14.0526],[80.1445,14.0514],[80.1447,14.0506],[80.1449,14.0498],[80.1452,14.049],[80.1452,14.0489],[80.1455,14.0475],[80.1459,14.0461],[80.1462,14.0447],[80.1467,14.0432],[80.147,14.0424],[80.1475,14.0409],[80.1488,14.0374],[80.1494,14.0356],[80.1502,14.0335],[80.1505,14.0324],[80.1507,14.0314],[80.1507,14.0311],[80.151,14.03],[80.1512,14.0294],[80.1516,14.0291],[80.1518,14.029],[80.1519,14.0289],[80.152,14.0287],[80.1523,14.0283],[80.1525,14.0273],[80.153,14.0255],[80.1532,14.0247],[80.1533,14.0244],[80.1532,14.0241],[80.1533,14.0238],[80.1536,14.0233],[80.154,14.0228],[80.1544,14.0226],[80.1546,14.0225],[80.1547,14.0224],[80.1551,14.0222],[80.1553,14.0221],[80.1557,14.0215],[80.156,14.021],[80.1563,14.0206],[80.1569,14.0195],[80.1573,14.0186],[80.1578,14.0168],[80.1584,14.0151],[80.159,14.0136],[80.1598,14.0116],[80.1604,14.01],[80.1607,14.0094],[80.1612,14.0083],[80.1617,14.0071],[80.1622,14.0059],[80.1626,14.0049],[80.1632,14.0037],[80.1638,14.0023],[80.1644,14.001],[80.165,13.9996],[80.1659,13.9975],[80.1664,13.9964],[80.167,13.9949],[80.1676,13.9936],[80.1681,13.9924],[80.1686,13.9913],[80.1691,13.9902],[80.1695,13.9892],[80.1698,13.9886],[80.1703,13.9876],[80.1711,13.986],[80.172,13.9841],[80.1726,13.9827],[80.1731,13.9818],[80.1738,13.9801],[80.1743,13.9789],[80.1747,13.9782],[80.1752,13.9771],[80.1756,13.9762],[80.176,13.9755],[80.1765,13.9741],[80.1769,13.9732],[80.1772,13.9724],[80.1776,13.9715],[80.178,13.9708],[80.1782,13.9703],[80.1784,13.9699],[80.1786,13.9695],[80.179,13.9687],[80.1793,13.968],[80.1796,13.9673],[80.1798,13.9669],[80.1801,13.9662],[80.1807,13.9649],[80.1815,13.9631],[80.1823,13.9615],[80.183,13.96],[80.1837,13.9584],[80.1843,13.957],[80.1849,13.9554],[80.1854,13.9541],[80.1858,13.9532],[80.1862,13.952],[80.187,13.95],[80.1881,13.9467],[80.1887,13.9453],[80.1893,13.9439],[80.1899,13.9425],[80.1906,13.9407],[80.1907,13.9405],[80.1908,13.9402],[80.191,13.9401],[80.1912,13.9394],[80.1916,13.9385],[80.1919,13.9378],[80.1928,13.9349],[80.1935,13.9325],[80.194,13.9312],[80.1944,13.9299],[80.195,13.9281],[80.1955,13.9268],[80.1961,13.9253],[80.1965,13.9242],[80.1969,13.923],[80.1973,13.9219],[80.1978,13.9206],[80.1983,13.9195],[80.1987,13.9185],[80.199,13.9177],[80.1996,13.9165],[80.2,13.9154],[80.2004,13.9145],[80.2011,13.9131],[80.2016,13.9121],[80.2021,13.9112],[80.2027,13.9102],[80.2033,13.9092],[80.2036,13.9086],[80.2039,13.908],[80.2042,13.9074],[80.2047,13.9066],[80.2052,13.9058],[80.2055,13.9052],[80.2061,13.9043],[80.2066,13.9035],[80.2071,13.9026],[80.2075,13.902],[80.2077,13.9016],[80.2081,13.901],[80.2084,13.9004],[80.2086,13.9002],[80.2091,13.8993],[80.2093,13.8988],[80.2096,13.8984],[80.2097,13.8982],[80.2102,13.8972],[80.2106,13.8966],[80.2111,13.8957],[80.2115,13.8948],[80.212,13.894],[80.2123,13.8934],[80.2128,13.8924],[80.2132,13.8916],[80.2134,13.8913],[80.2135,13.8911],[80.2137,13.8908],[80.2141,13.8898],[80.2145,13.889],[80.2148,13.8885],[80.2153,13.8876],[80.216,13.8862],[80.2163,13.8855],[80.2168,13.8845],[80.217,13.8841],[80.2177,13.8826],[80.2183,13.8811],[80.2187,13.8803],[80.219,13.8796],[80.2192,13.8789],[80.2196,13.878],[80.22,13.877],[80.2207,13.8752],[80.2214,13.8734],[80.222,13.8719],[80.2225,13.8701],[80.2231,13.8683],[80.2235,13.8667],[80.2239,13.8652],[80.224,13.8649],[80.2244,13.8631],[80.2248,13.8615],[80.2251,13.8604],[80.2255,13.8585],[80.2261,13.8568],[80.2265,13.8553],[80.2269,13.8542],[80.2271,13.8533],[80.2274,13.8523],[80.2279,13.8507],[80.2282,13.8498],[80.229,13.8472],[80.2293,13.8466],[80.2296,13.8457],[80.2298,13.8454],[80.2301,13.8446],[80.2303,13.8441],[80.2306,13.8436],[80.2308,13.843],[80.2309,13.8426],[80.2311,13.8422],[80.2314,13.8416],[80.2317,13.841],[80.2319,13.8406],[80.2321,13.84],[80.2323,13.8396],[80.2324,13.8393],[80.2328,13.8384],[80.2333,13.8371],[80.2336,13.8364],[80.2337,13.8361],[80.2339,13.8358],[80.2342,13.8355],[80.2343,13.8352],[80.2346,13.8347],[80.2349,13.834],[80.2351,13.8332],[80.2353,13.8328],[80.2354,13.8325],[80.2355,13.8322],[80.2357,13.8319],[80.2361,13.8314],[80.2362,13.8311],[80.2364,13.8308],[80.2364,13.8305],[80.2365,13.8302],[80.2366,13.8298],[80.2368,13.8294],[80.2371,13.8289],[80.2372,13.8287],[80.2374,13.8283],[80.2375,13.828],[80.2376,13.8277],[80.2378,13.8275],[80.2379,13.8272],[80.2382,13.8266],[80.2384,13.8263],[80.2386,13.826],[80.2388,13.8255],[80.2389,13.8251],[80.2391,13.8248],[80.2393,13.8244],[80.2395,13.8241],[80.2397,13.824],[80.2398,13.8239],[80.2399,13.8238],[80.2401,13.8235],[80.2403,13.823],[80.2404,13.8228],[80.2404,13.8226],[80.2405,13.8224],[80.2406,13.8222],[80.2408,13.822],[80.2409,13.8217],[80.241,13.8214],[80.2411,13.8211],[80.2413,13.8208],[80.2414,13.8206],[80.2416,13.8203],[80.2417,13.8199],[80.2418,13.8194],[80.242,13.8188],[80.242,13.818],[80.242,13.8163],[80.2422,13.816],[80.2424,13.8156],[80.243,13.8151],[80.2432,13.8149],[80.2433,13.8146],[80.2435,13.8142],[80.2437,13.8134],[80.2439,13.8121],[80.2442,13.811],[80.2444,13.81],[80.2446,13.8092],[80.2449,13.8085],[80.2452,13.8081],[80.2453,13.8076],[80.2454,13.807],[80.2454,13.8061],[80.2455,13.8057],[80.2457,13.8053],[80.246,13.8049],[80.2462,13.8046],[80.2463,13.8041],[80.2466,13.8029],[80.2468,13.8025],[80.247,13.8021],[80.2471,13.8017],[80.2471,13.8011],[80.2472,13.8006],[80.2472,13.8001],[80.2474,13.7993],[80.2477,13.7986],[80.2478,13.7982],[80.2481,13.7975],[80.2483,13.7967],[80.2486,13.7959],[80.2489,13.7954],[80.249,13.7951],[80.2492,13.7948],[80.2493,13.7944],[80.2495,13.7934],[80.2496,13.7924],[80.2496,13.7919],[80.2497,13.7916],[80.2501,13.7912],[80.2504,13.791],[80.2505,13.7906],[80.2508,13.7897],[80.2509,13.789],[80.2509,13.7886],[80.251,13.7881],[80.2511,13.7876],[80.2511,13.787],[80.2512,13.7865],[80.2513,13.786],[80.2515,13.7855],[80.2515,13.7851],[80.2516,13.7846],[80.2519,13.7837],[80.2521,13.7825],[80.2521,13.7821],[80.2522,13.7817],[80.2523,13.7814],[80.2524,13.7809],[80.2525,13.7805],[80.2526,13.78],[80.2526,13.7796],[80.2525,13.7786],[80.2525,13.778],[80.2525,13.7772],[80.252,13.7758],[80.2518,13.7751],[80.2515,13.7743],[80.2513,13.7733],[80.2512,13.7726],[80.2509,13.7715],[80.2508,13.7713],[80.2505,13.7705],[80.25,13.768],[80.2496,13.766],[80.249,13.7633],[80.2482,13.7607],[80.2477,13.7588],[80.2473,13.7574],[80.2468,13.755],[80.2462,13.7525],[80.2456,13.7506],[80.2444,13.7466],[80.2434,13.7429],[80.2414,13.7347],[80.24,13.7282],[80.239,13.7229],[80.2382,13.7183],[80.2377,13.7154],[80.2364,13.7073],[80.2358,13.7035],[80.2353,13.6997],[80.2347,13.6948],[80.234,13.6873],[80.2338,13.6837],[80.2337,13.6817],[80.2336,13.6753],[80.2336,13.6715],[80.2337,13.6665],[80.234,13.6601],[80.2341,13.658],[80.2342,13.6564],[80.2345,13.6534],[80.2348,13.6508],[80.235,13.6496],[80.2358,13.6438],[80.236,13.6429],[80.2362,13.6416],[80.2363,13.6409],[80.2368,13.6382],[80.2372,13.6365],[80.2373,13.636],[80.2375,13.6352],[80.2376,13.6344],[80.2382,13.632],[80.2386,13.6304],[80.2398,13.6257],[80.2404,13.6239],[80.2405,13.6233],[80.2407,13.6227],[80.2408,13.6223],[80.2409,13.6219],[80.241,13.6212],[80.2412,13.6206],[80.2414,13.6203],[80.2415,13.6201],[80.2416,13.6199],[80.2416,13.6193],[80.2418,13.6188],[80.242,13.6184],[80.2421,13.6182],[80.2422,13.618],[80.2422,13.6178],[80.2422,13.6175],[80.2428,13.6155],[80.2433,13.6143],[80.2437,13.6131],[80.2445,13.611],[80.245,13.6098],[80.2455,13.6086],[80.2463,13.607],[80.2468,13.6062],[80.2476,13.6048],[80.2482,13.6037],[80.2486,13.6029],[80.249,13.602],[80.2494,13.6013],[80.2499,13.6005],[80.2501,13.6001],[80.2504,13.5996],[80.2509,13.5987],[80.2512,13.5982],[80.2516,13.5977],[80.2518,13.5972],[80.2521,13.5966],[80.2525,13.5958],[80.2529,13.5951],[80.2537,13.5934],[80.2549,13.5909],[80.2554,13.5896],[80.2562,13.5879],[80.2566,13.5872],[80.2567,13.5868],[80.2569,13.5865],[80.257,13.5862],[80.258,13.584],[80.2585,13.5831],[80.2588,13.5825],[80.2595,13.5813],[80.2599,13.5804],[80.2602,13.5799],[80.2606,13.5793],[80.2611,13.5785],[80.2616,13.5777],[80.2618,13.5775],[80.2626,13.5765],[80.2631,13.5757],[80.2633,13.5752],[80.2635,13.5749],[80.2639,13.5739],[80.2644,13.5726],[80.2648,13.5717],[80.2652,13.5707],[80.266,13.5685],[80.2666,13.5672],[80.2671,13.5658],[80.2677,13.5641],[80.2681,13.5634],[80.2685,13.5625],[80.2683,13.5623],[80.2644,13.562],[80.2644,13.5579],[80.2517,13.5062],[80.2468,13.4869],[80.2426,13.4707],[80.2392,13.4725],[80.2351,13.4735],[80.2346,13.4739],[80.2342,13.4743],[80.2315,13.4787],[80.2262,13.4848],[80.2206,13.4849],[80.2152,13.4855],[80.2156,13.4875],[80.2154,13.4899],[80.211,13.4895],[80.2095,13.4855],[80.2047,13.4875],[80.1953,13.4886],[80.1829,13.4899],[80.1783,13.4903],[80.1762,13.4897],[80.1744,13.4894],[80.1737,13.4891],[80.1715,13.4884],[80.1688,13.4881],[80.1649,13.4875],[80.1614,13.4878],[80.1546,13.4899],[80.1456,13.4907],[80.146,13.4935],[80.1459,13.4981],[80.145,13.5006],[80.1435,13.502],[80.1397,13.5041],[80.1373,13.5039],[80.1337,13.5018],[80.1304,13.502],[80.127,13.5039],[80.1241,13.5035],[80.1205,13.5033],[80.1158,13.5045],[80.1128,13.5048],[80.1111,13.5019],[80.1128,13.4978],[80.1125,13.4932],[80.111,13.489],[80.1086,13.4876],[80.1069,13.4898],[80.1043,13.4923],[80.1019,13.4908],[80.1006,13.4883],[80.0982,13.4877],[80.09,13.4879],[80.0788,13.4886],[80.0785,13.4928],[80.0768,13.5063],[80.0774,13.5144],[80.0774,13.5232],[80.079,13.527],[80.0828,13.532],[80.0886,13.5353],[80.0839,13.5447],[80.0814,13.5485],[80.0794,13.5471],[80.0738,13.5448],[80.0684,13.5434],[80.0654,13.5448],[80.0625,13.5446],[80.0599,13.542],[80.0568,13.5365],[80.0448,13.5372],[80.0402,13.5385],[80.03,13.5381],[80.0269,13.5414],[80.0232,13.546],[80.0123,13.5464],[80.0051,13.5446],[80.0028,13.5432],[79.9994,13.5421],[79.9982,13.5373],[79.9994,13.5302],[80.0002,13.5249],[80.0104,13.5265],[80.0187,13.528],[80.0185,13.5201],[80.0209,13.5213],[80.0222,13.517],[80.0265,13.5133],[80.0348,13.5177],[80.0378,13.5175],[80.0445,13.5141],[80.0482,13.5124],[80.0472,13.5062],[80.0457,13.4925],[80.0307,13.4985],[80.0251,13.4978],[80.0168,13.4986],[80.0142,13.4971],[80.0143,13.4924],[80.0115,13.4846],[80.008,13.4786],[80.0024,13.4787],[79.9969,13.4775],[79.9899,13.4783],[79.9844,13.4793],[79.9834,13.4756],[79.9826,13.4702],[79.9778,13.4697],[79.972,13.4685],[79.9719,13.4618],[79.9724,13.4517],[79.9712,13.44],[79.9718,13.4372],[79.9733,13.4343],[79.9718,13.4325],[79.9725,13.4294],[79.9701,13.4275],[79.9657,13.4256],[79.9619,13.4233],[79.9568,13.4237],[79.9456,13.4248],[79.9399,13.4244],[79.9412,13.4166],[79.9354,13.4163],[79.9399,13.4115],[79.9426,13.4093],[79.9459,13.4077],[79.9443,13.4042],[79.9422,13.3999],[79.9452,13.3966],[79.9474,13.3968],[79.9517,13.3968],[79.9569,13.3967],[79.9629,13.395],[79.9627,13.3912],[79.9606,13.384],[79.9575,13.3792],[79.953,13.377],[79.9519,13.3788],[79.9493,13.3816],[79.9459,13.381],[79.9481,13.3747],[79.9468,13.3691],[79.9455,13.364],[79.943,13.3616],[79.9419,13.3598],[79.9381,13.3567],[79.9317,13.3514],[79.9298,13.354],[79.9234,13.3586],[79.9165,13.3598],[79.9148,13.3533],[79.9143,13.348],[79.9078,13.3448],[79.9031,13.34],[79.8967,13.3372],[79.8915,13.3347],[79.8865,13.3344],[79.8846,13.3332],[79.8832,13.3321],[79.8831,13.3282],[79.8828,13.3247],[79.8813,13.3237],[79.8779,13.3237],[79.8719,13.3292],[79.87,13.3278],[79.8686,13.3239],[79.8664,13.3197],[79.8651,13.3145],[79.8618,13.3153],[79.8561,13.3184],[79.8554,13.3135],[79.8432,13.3149],[79.8367,13.3152],[79.8211,13.3179],[79.8129,13.3171],[79.8076,13.3114],[79.8049,13.3045],[79.8016,13.2995],[79.7969,13.2953],[79.7923,13.2939],[79.7885,13.2936],[79.7868,13.2979],[79.781,13.3024],[79.7666,13.3155],[79.7627,13.316],[79.7626,13.3166],[79.762,13.3185],[79.76,13.322],[79.7589,13.3246],[79.7586,13.328],[79.758,13.3314],[79.7565,13.3343],[79.7541,13.3369],[79.7532,13.342],[79.7479,13.3444],[79.7447,13.3443],[79.741,13.3441],[79.7375,13.3458],[79.7354,13.3479],[79.7349,13.3545],[79.7346,13.356],[79.7329,13.3578],[79.7327,13.3596],[79.734,13.3618],[79.7348,13.3647],[79.7346,13.3677],[79.7335,13.3723],[79.7327,13.3768],[79.7303,13.3837],[79.7264,13.3917],[79.7195,13.4001],[79.7175,13.4017],[79.7158,13.4034],[79.7141,13.4064],[79.7119,13.4111],[79.7113,13.4141],[79.7116,13.4157],[79.7119,13.4174],[79.7127,13.4187],[79.714,13.4196],[79.7161,13.4202],[79.7173,13.4212],[79.7177,13.4231],[79.7178,13.4265],[79.7178,13.4289],[79.7165,13.4332],[79.7152,13.4354],[79.7042,13.4389],[79.6973,13.4352],[79.6914,13.4342],[79.691,13.4295],[79.6912,13.4224],[79.6915,13.4195],[79.6941,13.4152],[79.694,13.4119],[79.6936,13.4058],[79.6927,13.4036],[79.6902,13.4022],[79.687,13.4015],[79.6839,13.4014],[79.6813,13.4015],[79.6797,13.4019],[79.6784,13.403],[79.6777,13.4049],[79.6778,13.4064],[79.6769,13.4074],[79.6751,13.4075],[79.673,13.4075],[79.6714,13.4068],[79.6698,13.4055],[79.669,13.4037],[79.6693,13.4023],[79.6704,13.4012],[79.6722,13.3998],[79.6725,13.3983],[79.6691,13.3981],[79.6672,13.3989],[79.6652,13.3997],[79.6631,13.4003],[79.6612,13.4002],[79.6605,13.3993],[79.661,13.3977],[79.6632,13.3957],[79.6655,13.3926],[79.6669,13.3909],[79.6673,13.3888],[79.6671,13.3865],[79.6675,13.3751],[79.6669,13.3672],[79.6652,13.3655],[79.6627,13.3642],[79.6595,13.3635],[79.6562,13.3628],[79.6524,13.3615],[79.6503,13.3604],[79.65,13.3584],[79.6505,13.3565],[79.6501,13.3541],[79.6488,13.3525],[79.6462,13.3521],[79.6432,13.3525],[79.6396,13.3529],[79.637,13.3535],[79.6327,13.3549],[79.6299,13.3553],[79.6278,13.3552],[79.6192,13.3569],[79.6086,13.3589],[79.5996,13.3601],[79.5922,13.3611],[79.5845,13.3629],[79.5817,13.3656],[79.58,13.3677],[79.578,13.3669],[79.5755,13.3661],[79.5692,13.3628],[79.5635,13.3595],[79.5583,13.3567],[79.5538,13.3529],[79.5494,13.3489],[79.5455,13.3439],[79.542,13.3402],[79.5395,13.3379],[79.5382,13.3357],[79.5332,13.3393],[79.5299,13.3416],[79.5269,13.343],[79.5237,13.3419],[79.5203,13.3409],[79.5174,13.3407],[79.5134,13.3402],[79.5124,13.3448],[79.5123,13.3469],[79.5135,13.3517],[79.5152,13.3611],[79.5168,13.3665],[79.5191,13.3705],[79.5233,13.3725],[79.5263,13.3735],[79.5315,13.3751],[79.5359,13.376],[79.5387,13.3783],[79.5405,13.3815],[79.5426,13.3851],[79.5439,13.389],[79.544,13.3928],[79.5437,13.3956],[79.5415,13.3995],[79.536,13.4026],[79.5312,13.4026],[79.5271,13.3997],[79.5216,13.3981],[79.5162,13.3965],[79.5092,13.3932],[79.5051,13.39],[79.5014,13.3871],[79.4982,13.3838],[79.4938,13.3824],[79.4903,13.3823],[79.4844,13.3827],[79.4808,13.3857],[79.4813,13.3901],[79.4841,13.395],[79.4867,13.3969],[79.4885,13.3991],[79.4885,13.4014],[79.4863,13.4027],[79.4827,13.4045],[79.481,13.4072],[79.48,13.4103],[79.4809,13.4119],[79.4837,13.4144],[79.4895,13.4194],[79.4929,13.4208],[79.4955,13.421],[79.4998,13.4209],[79.502,13.4228],[79.5018,13.4255],[79.5011,13.428],[79.5011,13.4318],[79.5024,13.4353],[79.507,13.4377],[79.5131,13.439],[79.523,13.44],[79.5303,13.4438],[79.5317,13.4462],[79.5318,13.4488],[79.532,13.4512],[79.5304,13.4542],[79.529,13.4555],[79.5263,13.4578],[79.5253,13.4606],[79.522,13.4602],[79.5191,13.459],[79.5156,13.4589],[79.5135,13.4596],[79.5118,13.4607],[79.5096,13.4619],[79.5082,13.4627],[79.5062,13.4633],[79.5046,13.4635],[79.5022,13.4635],[79.5004,13.4625],[79.498,13.4606],[79.4943,13.4568],[79.4902,13.4555],[79.4874,13.4557],[79.4858,13.4563],[79.4831,13.4584],[79.4814,13.4603],[79.4795,13.4631],[79.4768,13.4679],[79.4766,13.4702],[79.4771,13.4726],[79.4785,13.4743],[79.4814,13.4747],[79.4852,13.4745],[79.4874,13.4741],[79.4887,13.4721],[79.4897,13.4701],[79.4915,13.4691],[79.4938,13.469],[79.4962,13.4701],[79.4983,13.4708],[79.4998,13.4712],[79.5016,13.4722],[79.5035,13.4733],[79.5048,13.4751],[79.5048,13.4759],[79.5044,13.4802],[79.5043,13.4839],[79.5071,13.4854],[79.5092,13.4857],[79.5105,13.4861],[79.5119,13.487],[79.5124,13.4883],[79.5124,13.4904],[79.5141,13.4913],[79.5165,13.4918],[79.5186,13.4918],[79.5198,13.4928],[79.5188,13.4948],[79.5121,13.4959],[79.5091,13.4978],[79.5034,13.4995],[79.4996,13.4997],[79.4972,13.4988],[79.4936,13.4954],[79.4918,13.497],[79.4925,13.5035],[79.4925,13.5074],[79.4918,13.5109],[79.4896,13.5114],[79.4872,13.5107],[79.4849,13.5097],[79.4823,13.509],[79.4806,13.508],[79.4782,13.5061],[79.4762,13.5053],[79.4738,13.5064],[79.4713,13.5075],[79.4696,13.5074],[79.4673,13.5069],[79.4662,13.5066],[79.4604,13.5072],[79.4598,13.5061],[79.4568,13.5028],[79.4536,13.4999],[79.4507,13.4987],[79.447,13.4977],[79.4451,13.4978],[79.4431,13.4989],[79.4413,13.4996],[79.4379,13.4986],[79.4324,13.4961],[79.427,13.4922],[79.4251,13.4919],[79.4228,13.4912],[79.4218,13.4884],[79.4211,13.4868],[79.42,13.486],[79.4194,13.487],[79.4186,13.4889],[79.4178,13.4916],[79.4106,13.4921],[79.4094,13.4941],[79.4035,13.4944],[79.3978,13.4926],[79.3932,13.4915],[79.3883,13.4894],[79.3842,13.4855],[79.3826,13.4832],[79.3802,13.4812],[79.3776,13.4787],[79.3741,13.4754],[79.3698,13.4723],[79.3648,13.4722],[79.3612,13.4704],[79.3604,13.4689],[79.3587,13.4685],[79.3574,13.4685],[79.3558,13.4684],[79.3548,13.4676],[79.3539,13.4666],[79.352,13.4664],[79.3498,13.4664],[79.3479,13.4657],[79.3451,13.465],[79.3432,13.465],[79.3429,13.4679],[79.3427,13.4693],[79.3414,13.4692],[79.3398,13.4688],[79.3383,13.4683],[79.3365,13.4678],[79.3346,13.4669],[79.333,13.4665],[79.3317,13.4669],[79.3312,13.4675],[79.3311,13.4683],[79.3311,13.4693],[79.3309,13.4703],[79.33,13.4713],[79.3293,13.4725],[79.3297,13.4736],[79.3308,13.4753],[79.3318,13.4771],[79.3369,13.4802],[79.3398,13.4831],[79.3424,13.4854],[79.3437,13.487],[79.3437,13.4883],[79.3409,13.4888],[79.3397,13.4894],[79.3379,13.4902],[79.3359,13.4904],[79.3335,13.4894],[79.3309,13.4884],[79.3266,13.488],[79.3183,13.4878],[79.3155,13.4879],[79.311,13.4876],[79.3085,13.487],[79.3055,13.4853],[79.3026,13.4824],[79.3011,13.4808],[79.299,13.4806],[79.2975,13.4806],[79.2931,13.4806],[79.2885,13.4803],[79.2852,13.4785],[79.2836,13.4781],[79.2815,13.4774],[79.2785,13.4767],[79.2753,13.4762],[79.2726,13.4763],[79.2721,13.4737],[79.2701,13.472],[79.2681,13.4714],[79.266,13.4709],[79.2631,13.4705],[79.2611,13.4692],[79.2587,13.4635],[79.2582,13.4586],[79.2548,13.4547],[79.2497,13.4521],[79.246,13.4507],[79.2436,13.4487],[79.2423,13.4467],[79.2413,13.4438],[79.2412,13.4426],[79.2348,13.4421],[79.2323,13.4438],[79.2281,13.4468],[79.2257,13.4426],[79.2227,13.4406],[79.2197,13.4388],[79.2176,13.4366],[79.2197,13.4348],[79.2215,13.4354],[79.2245,13.4376],[79.2284,13.4378],[79.2316,13.4377],[79.2335,13.4363],[79.2368,13.4354],[79.2383,13.4365],[79.24,13.4366],[79.2417,13.4337],[79.2422,13.4313],[79.2424,13.429],[79.2435,13.4279],[79.2458,13.427],[79.2488,13.4264],[79.2519,13.4253],[79.2556,13.4247],[79.2584,13.4244],[79.2595,13.4223],[79.2544,13.4201],[79.2472,13.4193],[79.2411,13.4186],[79.2362,13.418],[79.2328,13.4163],[79.2316,13.4178],[79.2313,13.42],[79.2316,13.4218],[79.2297,13.423],[79.2276,13.4223],[79.2248,13.4197],[79.2235,13.4181],[79.2213,13.4182],[79.218,13.4205],[79.2161,13.4219],[79.2147,13.4248],[79.2132,13.4271],[79.2111,13.4247],[79.2091,13.4232],[79.2073,13.4219],[79.2058,13.4193],[79.2055,13.417],[79.2066,13.415],[79.2085,13.4142],[79.2115,13.4141],[79.2147,13.4139],[79.2181,13.4134],[79.2214,13.4124],[79.2246,13.4117],[79.2272,13.4116],[79.2289,13.4117],[79.2281,13.4027],[79.2245,13.4047],[79.2201,13.4057],[79.2162,13.4059],[79.2126,13.4063],[79.2085,13.4069],[79.2065,13.4076],[79.2037,13.4096],[79.2013,13.4099],[79.1991,13.4078],[79.1975,13.406],[79.1949,13.4044],[79.19,13.4018],[79.1826,13.3997],[79.1788,13.3994],[79.1738,13.3995],[79.1717,13.3995],[79.1705,13.3997],[79.1688,13.4005],[79.1678,13.4014],[79.1665,13.4018],[79.1644,13.4015],[79.1625,13.4001],[79.1598,13.4011],[79.1596,13.4075],[79.1582,13.4075],[79.1569,13.4069],[79.155,13.4073],[79.1549,13.4086],[79.1556,13.4103],[79.1556,13.4125],[79.1538,13.4144],[79.1519,13.4141],[79.1511,13.4122],[79.1504,13.4093],[79.1495,13.4115],[79.1473,13.411],[79.1443,13.4102],[79.1428,13.4111],[79.1422,13.4119],[79.142,13.4134],[79.1426,13.4148],[79.1434,13.416],[79.144,13.418],[79.1442,13.4196],[79.1438,13.4211],[79.1421,13.4212],[79.1389,13.4211],[79.1353,13.4211],[79.1337,13.4202],[79.1328,13.4189],[79.1317,13.4176],[79.1303,13.4167],[79.1282,13.4166],[79.1268,13.4178],[79.1261,13.4194],[79.1238,13.4208],[79.116,13.4233],[79.1141,13.4236],[79.1116,13.4242],[79.1093,13.4251],[79.1072,13.4258],[79.1037,13.4263],[79.0998,13.4266],[79.0956,13.4268],[79.093,13.4265],[79.0926,13.4319],[79.093,13.4339],[79.0945,13.4355],[79.0951,13.4374],[79.094,13.4394],[79.0915,13.4434],[79.0849,13.4455],[79.0834,13.4456],[79.082,13.4451],[79.0805,13.4443],[79.0784,13.4443],[79.077,13.4449],[79.0751,13.4466],[79.074,13.4484],[79.0725,13.4496],[79.0695,13.4496],[79.0671,13.4492],[79.0625,13.4457],[79.0603,13.4434],[79.0578,13.4421],[79.0553,13.4421],[79.0517,13.4429],[79.0518,13.4443],[79.0532,13.4466],[79.0531,13.4486],[79.0528,13.4507],[79.0521,13.4532],[79.0512,13.4552],[79.0494,13.4597],[79.0476,13.462],[79.044,13.4638],[79.0416,13.4655],[79.0395,13.4674],[79.0367,13.4698],[79.0342,13.4718],[79.0314,13.4741],[79.0285,13.4757],[79.0251,13.4767],[79.0213,13.4776],[79.018,13.4786],[79.013,13.4802],[79.0095,13.4817],[79.0071,13.4837],[79.0055,13.4865],[79.0039,13.4888],[79.0029,13.4907],[79.0014,13.4922],[78.9987,13.4931],[78.9941,13.4938],[78.989,13.4936],[78.9828,13.4926],[78.983,13.4966],[78.9827,13.4988],[78.9828,13.5008],[78.9834,13.5025],[78.984,13.5039],[78.9842,13.5058],[78.9843,13.5082],[78.9841,13.511],[78.9911,13.5138],[78.9964,13.5169],[79.0022,13.5227],[79.0089,13.5305],[79.0112,13.5331],[79.0156,13.5363],[79.0201,13.5384],[79.0251,13.5398],[79.0369,13.5396],[79.0429,13.5394],[79.0442,13.54],[79.0447,13.5418],[79.0442,13.5439],[79.0433,13.546],[79.0423,13.5483],[79.0406,13.551],[79.0403,13.5533],[79.0409,13.5556],[79.0426,13.5559],[79.0456,13.5548],[79.0473,13.552],[79.0494,13.5497],[79.0506,13.5496],[79.0508,13.5509],[79.0527,13.5524],[79.0548,13.5532],[79.0571,13.5525],[79.0596,13.5525],[79.063,13.5512],[79.0679,13.5486],[79.0747,13.5439],[79.0768,13.5412],[79.0786,13.538],[79.0808,13.5363],[79.0822,13.5343],[79.0833,13.532],[79.0843,13.5302],[79.0823,13.5281],[79.0804,13.5266],[79.0812,13.5245],[79.0811,13.5237],[79.0801,13.5214],[79.0808,13.5195],[79.0821,13.5159],[79.0846,13.5148],[79.0892,13.5162],[79.0915,13.5166],[79.0939,13.5156],[79.0968,13.5148],[79.1,13.515],[79.1036,13.5155],[79.1083,13.5157],[79.1125,13.5162],[79.1167,13.5186],[79.12,13.5207],[79.1258,13.5213],[79.1338,13.5224],[79.1394,13.5229],[79.1459,13.5226],[79.1459,13.5247],[79.156,13.5299],[79.1632,13.5347],[79.1715,13.539],[79.1768,13.5421],[79.1797,13.5467],[79.18,13.5482],[79.1771,13.5521],[79.1739,13.557],[79.1719,13.5614],[79.1706,13.5696],[79.1728,13.5793],[79.1753,13.5843],[79.1776,13.591],[79.1761,13.595],[79.1736,13.6022],[79.1731,13.6046],[79.1659,13.6021],[79.1583,13.6009],[79.152,13.6042],[79.1412,13.6061],[79.1255,13.6074],[79.1111,13.6113],[79.0929,13.6113],[79.0704,13.6155],[79.0514,13.6188],[79.0537,13.6276],[79.0553,13.6339],[79.0554,13.6375],[79.0554,13.6434],[79.0554,13.6475],[79.0578,13.6492],[79.0657,13.6558],[79.073,13.6631],[79.0767,13.6666],[79.0773,13.669],[79.0774,13.6734],[79.0775,13.6863],[79.0782,13.6927],[79.0817,13.6971],[79.0843,13.7006],[79.0862,13.7041],[79.0893,13.7134],[79.0903,13.7186],[79.0906,13.722],[79.0913,13.7245],[79.0949,13.7268],[79.0938,13.7296],[79.0921,13.7317],[79.0905,13.7337],[79.0889,13.7358],[79.0874,13.7378],[79.0852,13.7394],[79.0832,13.7395],[79.0829,13.7404],[79.0835,13.7424],[79.0846,13.7447],[79.085,13.7483],[79.0853,13.7514],[79.0853,13.7547],[79.0859,13.7601],[79.0847,13.7637],[79.0851,13.7647],[79.0871,13.7666],[79.0889,13.7677],[79.0905,13.7698],[79.091,13.7734],[79.0907,13.7761],[79.0907,13.779],[79.0903,13.7813],[79.0872,13.7824],[79.0789,13.782],[79.065,13.7826],[79.0567,13.7813],[79.0501,13.7797],[79.049,13.7781],[79.0485,13.7759],[79.0474,13.7742],[79.0444,13.7734],[79.0416,13.7731],[79.0386,13.7723],[79.0368,13.7721],[79.0348,13.7728],[79.0306,13.7729],[79.0264,13.7732],[79.0245,13.7744],[79.0235,13.777],[79.0224,13.779],[79.022,13.7814],[79.0211,13.7838],[79.0199,13.7854],[79.0204,13.7873],[79.0219,13.7888],[79.022,13.7945],[79.0219,13.7974],[79.0221,13.7998],[79.0227,13.8019],[79.0247,13.8032],[79.0277,13.8034],[79.0312,13.8037],[79.0408,13.8047],[79.0418,13.8081],[79.0447,13.8177],[79.0358,13.8217],[79.0192,13.8251],[79.0173,13.8332],[79.0138,13.8371],[79.0135,13.8447],[79.0161,13.8463],[79.0205,13.8472],[79.0235,13.8485],[79.0251,13.8506],[79.0245,13.8529],[79.0235,13.8547],[79.0235,13.8579],[79.0243,13.8602],[79.0287,13.8608],[79.0338,13.8608],[79.0373,13.8588],[79.0414,13.8589],[79.0465,13.8608],[79.0483,13.8639],[79.0453,13.8659],[79.043,13.8699],[79.041,13.8726],[79.0378,13.8754],[79.0346,13.8773],[79.0324,13.8782],[79.0274,13.8792],[79.0242,13.8797],[79.0217,13.8817],[79.0227,13.8852],[79.0231,13.8876],[79.0254,13.8911],[79.029,13.8897],[79.0318,13.8889],[79.0359,13.8877],[79.0412,13.886],[79.0466,13.8854],[79.0545,13.8836],[79.0599,13.8826],[79.068,13.8815],[79.0765,13.8802],[79.0811,13.8796],[79.0847,13.88],[79.0878,13.8802],[79.0893,13.8802],[79.0906,13.8769],[79.0914,13.8708],[79.0946,13.8615],[79.0967,13.8529],[79.0982,13.8503],[79.1013,13.8496],[79.1115,13.8499],[79.1204,13.8495],[79.1249,13.85],[79.1332,13.8556],[79.1444,13.8648],[79.1462,13.8655],[79.1474,13.8627],[79.1498,13.8588],[79.1525,13.8562],[79.1551,13.8541],[79.1574,13.8525],[79.1596,13.8501],[79.1637,13.8485],[79.1685,13.847],[79.1711,13.8468],[79.1727,13.844],[79.1731,13.8413],[79.175,13.8394],[79.1782,13.8372],[79.1826,13.8331],[79.1899,13.8291],[79.196,13.8248],[79.2036,13.8201],[79.2084,13.8178],[79.2122,13.8145],[79.2132,13.8122],[79.2131,13.811],[79.212,13.8106],[79.2107,13.8098],[79.2106,13.8089],[79.2103,13.8078],[79.2092,13.8075],[79.2071,13.8079],[79.2035,13.8077],[79.201,13.8069],[79.1992,13.8058],[79.1968,13.8037],[79.1932,13.8018],[79.1919,13.7995],[79.1914,13.7976],[79.1903,13.7947],[79.1904,13.7932],[79.1922,13.792],[79.1942,13.7904],[79.1963,13.7881],[79.1967,13.7864],[79.1973,13.7847],[79.2008,13.7816],[79.2032,13.7796],[79.2049,13.7785],[79.2099,13.7763],[79.2136,13.7746],[79.2156,13.7732],[79.2172,13.7711],[79.2188,13.7675],[79.22,13.7646],[79.2202,13.7623],[79.2212,13.7601],[79.2224,13.7586],[79.2235,13.7571],[79.2255,13.7562],[79.2285,13.7549],[79.2328,13.7538],[79.2352,13.753],[79.2374,13.752],[79.2391,13.7513],[79.24,13.7522],[79.2402,13.754],[79.2403,13.7564],[79.2408,13.759],[79.2422,13.7598],[79.2445,13.7598],[79.2494,13.7599],[79.2585,13.7598],[79.2665,13.7599],[79.2719,13.7598],[79.2813,13.7591],[79.2827,13.7581],[79.2949,13.7548],[79.3,13.7432],[79.3012,13.738],[79.3034,13.7312],[79.3051,13.7263],[79.3068,13.7249],[79.3098,13.7254],[79.3242,13.7314],[79.3442,13.7409],[79.3627,13.7495],[79.3776,13.7576],[79.3917,13.7615],[79.4028,13.7623],[79.4112,13.7636],[79.4184,13.7651],[79.4208,13.7676]]]}},{"type":"Feature","properties":{"district":"Annamayya","district_hi":"अन्नमय्या"},"geometry":{"type":"Polygon","coordinates":[[[78.9905,14.2714],[78.9914,14.271],[78.9927,14.2712],[78.9942,14.2721],[78.9946,14.2738],[78.9953,14.2762],[78.997,14.278],[78.9996,14.279],[79.0114,14.2831],[79.0121,14.2836],[79.0137,14.2847],[79.0154,14.2858],[79.0186,14.287],[79.0214,14.2885],[79.0252,14.2899],[79.0285,14.2885],[79.0309,14.2863],[79.0337,14.2851],[79.0359,14.2839],[79.0381,14.2829],[79.0404,14.2827],[79.0426,14.2838],[79.0448,14.2853],[79.0468,14.286],[79.0498,14.2839],[79.0565,14.2836],[79.0592,14.2839],[79.0616,14.2836],[79.0636,14.2825],[79.0653,14.2805],[79.0677,14.2796],[79.071,14.2802],[79.0733,14.2824],[79.0753,14.2851],[79.0768,14.2877],[79.0777,14.2907],[79.0788,14.2947],[79.0817,14.2978],[79.0856,14.2978],[79.0886,14.2979],[79.09,14.2991],[79.0913,14.3004],[79.0927,14.3016],[79.0946,14.3041],[79.096,14.3061],[79.0995,14.3061],[79.1031,14.3055],[79.1087,14.3057],[79.1166,14.3065],[79.1194,14.3063],[79.1215,14.3051],[79.124,14.3035],[79.1258,14.3023],[79.1282,14.3018],[79.1307,14.3017],[79.1338,14.301],[79.1352,14.2995],[79.1356,14.2977],[79.1377,14.2968],[79.1402,14.2967],[79.143,14.2964],[79.1456,14.2969],[79.1463,14.2985],[79.147,14.3008],[79.1491,14.3054],[79.153,14.3117],[79.1559,14.3173],[79.1547,14.3276],[79.1531,14.3289],[79.1493,14.3299],[79.1441,14.3307],[79.1403,14.3317],[79.1369,14.3334],[79.1334,14.3355],[79.1311,14.3394],[79.1257,14.3486],[79.1228,14.3563],[79.1206,14.3592],[79.1209,14.3617],[79.1222,14.3638],[79.1233,14.366],[79.123,14.3678],[79.1212,14.3696],[79.1215,14.3713],[79.1239,14.3717],[79.1273,14.372],[79.1344,14.3699],[79.1361,14.3702],[79.1393,14.3714],[79.1413,14.3713],[79.1434,14.3698],[79.1459,14.3666],[79.1507,14.3615],[79.1539,14.3588],[79.1564,14.357],[79.16,14.3566],[79.1644,14.3575],[79.1703,14.3658],[79.178,14.3777],[79.1813,14.3829],[79.1845,14.3856],[79.1884,14.3865],[79.1912,14.3875],[79.1948,14.3886],[79.1971,14.3877],[79.1986,14.387],[79.2013,14.3877],[79.2046,14.389],[79.2059,14.3903],[79.2055,14.3927],[79.2026,14.3948],[79.2028,14.3962],[79.2047,14.3976],[79.2109,14.3996],[79.2166,14.4031],[79.2241,14.4079],[79.2288,14.4114],[79.2316,14.4149],[79.2327,14.4166],[79.2364,14.4225],[79.2386,14.4319],[79.2399,14.4368],[79.2414,14.4409],[79.2524,14.444],[79.2669,14.4476],[79.2726,14.4486],[79.2773,14.4482],[79.2813,14.4462],[79.2838,14.4476],[79.2846,14.4492],[79.2815,14.4516],[79.2805,14.4543],[79.2809,14.456],[79.2824,14.4597],[79.2819,14.4746],[79.2891,14.4802],[79.2935,14.4851],[79.2978,14.4845],[79.3038,14.4847],[79.3066,14.4839],[79.3083,14.482],[79.3095,14.4808],[79.3107,14.4785],[79.3123,14.4786],[79.3144,14.4787],[79.3157,14.4779],[79.3169,14.4758],[79.3182,14.4724],[79.3213,14.4673],[79.3243,14.4635],[79.3266,14.4598],[79.3269,14.4586],[79.3255,14.457],[79.3251,14.4554],[79.326,14.453],[79.3267,14.4488],[79.3262,14.4435],[79.3279,14.4351],[79.3298,14.4303],[79.3303,14.4257],[79.332,14.423],[79.3362,14.4179],[79.3418,14.4133],[79.3432,14.4086],[79.3453,14.4068],[79.3477,14.4061],[79.3491,14.4054],[79.3501,14.402],[79.3512,14.3975],[79.3532,14.3955],[79.3555,14.3926],[79.3576,14.3889],[79.3593,14.3841],[79.3595,14.3818],[79.3622,14.3807],[79.3634,14.3795],[79.3644,14.3781],[79.3647,14.3763],[79.3649,14.374],[79.3648,14.3716],[79.3665,14.3704],[79.3674,14.3695],[79.3676,14.3681],[79.3673,14.3621],[79.3665,14.3598],[79.3654,14.3588],[79.3647,14.3574],[79.365,14.3556],[79.3655,14.3534],[79.3664,14.3518],[79.3678,14.3506],[79.3716,14.3487],[79.3751,14.3471],[79.383,14.345],[79.3875,14.3428],[79.3892,14.3415],[79.3905,14.3393],[79.3942,14.3328],[79.3966,14.3274],[79.4009,14.319],[79.4053,14.3103],[79.4199,14.2825],[79.4225,14.2785],[79.4197,14.2771],[79.4198,14.266],[79.4225,14.2599],[79.4256,14.2544],[79.428,14.2505],[79.4303,14.2491],[79.4334,14.2462],[79.4355,14.2436],[79.4331,14.2392],[79.4316,14.2352],[79.4302,14.2319],[79.4287,14.2293],[79.4254,14.2238],[79.4245,14.2206],[79.4255,14.2144],[79.4249,14.2123],[79.423,14.2082],[79.4221,14.2059],[79.4243,14.2005],[79.4265,14.1974],[79.4286,14.193],[79.4283,14.1864],[79.4283,14.1849],[79.4287,14.18],[79.4326,14.1691],[79.4368,14.1521],[79.4387,14.1397],[79.441,14.1341],[79.4422,14.1264],[79.4449,14.1152],[79.45,14.1081],[79.4528,14.102],[79.4545,14.1011],[79.4538,14.0949],[79.4525,14.0915],[79.4502,14.0894],[79.4502,14.0878],[79.4518,14.0813],[79.4519,14.0763],[79.4509,14.0717],[79.4498,14.0697],[79.4464,14.067],[79.4457,14.0647],[79.4435,14.0621],[79.4425,14.0611],[79.4429,14.054],[79.4428,14.0461],[79.4439,14.0436],[79.444,14.041],[79.443,14.038],[79.4421,14.0344],[79.4375,14.0245],[79.437,14.0216],[79.4385,14.017],[79.4388,14.0115],[79.44,14.0086],[79.4406,14.0055],[79.442,14.0013],[79.4427,13.9984],[79.4452,13.9972],[79.4478,13.9962],[79.4498,13.995],[79.4521,13.993],[79.4548,13.9895],[79.455,13.9875],[79.4536,13.9823],[79.4519,13.977],[79.4507,13.9734],[79.4503,13.9717],[79.4509,13.97],[79.4521,13.9656],[79.452,13.9635],[79.4514,13.9616],[79.4513,13.9604],[79.4512,13.9588],[79.452,13.9567],[79.4525,13.9549],[79.4535,13.9537],[79.455,13.9531],[79.4563,13.9528],[79.458,13.9507],[79.4588,13.9467],[79.4572,13.9449],[79.4569,13.9426],[79.4565,13.9392],[79.4565,13.9359],[79.4567,13.9337],[79.4566,13.9321],[79.4553,13.9305],[79.4548,13.929],[79.4549,13.9263],[79.4546,13.9225],[79.4534,13.9201],[79.4523,13.9186],[79.4502,13.9168],[79.4483,13.9145],[79.4472,13.9123],[79.4453,13.9071],[79.4416,13.9057],[79.4407,13.9044],[79.4414,13.9029],[79.4426,13.9017],[79.4441,13.9001],[79.4444,13.8986],[79.4445,13.8954],[79.4434,13.8908],[79.434,13.8775],[79.4346,13.8718],[79.436,13.8647],[79.4387,13.8556],[79.4425,13.8487],[79.4491,13.8362],[79.4544,13.8282],[79.4561,13.8223],[79.4565,13.8124],[79.4569,13.8047],[79.4571,13.8023],[79.4586,13.8008],[79.4618,13.7999],[79.465,13.7994],[79.4673,13.7991],[79.469,13.7986],[79.4693,13.7972],[79.467,13.7938],[79.464,13.7909],[79.4603,13.7883],[79.4566,13.7866],[79.4525,13.7856],[79.4476,13.7833],[79.4376,13.7832],[79.4328,13.783],[79.4302,13.7826],[79.4289,13.7834],[79.4262,13.7846],[79.4235,13.7849],[79.422,13.7851],[79.4191,13.7847],[79.4175,13.7827],[79.4173,13.7802],[79.4179,13.7788],[79.4203,13.7769],[79.4215,13.7749],[79.4223,13.7732],[79.4219,13.7708],[79.4208,13.7676],[79.4184,13.7651],[79.4112,13.7636],[79.4028,13.7623],[79.3917,13.7615],[79.3776,13.7576],[79.3627,13.7495],[79.3442,13.7409],[79.3242,13.7314],[79.3098,13.7254],[79.3068,13.7249],[79.3051,13.7263],[79.3034,13.7312],[79.3012,13.738],[79.3,13.7432],[79.2949,13.7548],[79.2827,13.7581],[79.2813,13.7591],[79.2719,13.7598],[79.2665,13.7599],[79.2585,13.7598],[79.2494,13.7599],[79.2445,13.7598],[79.2422,13.7598],[79.2408,13.759],[79.2403,13.7564],[79.2402,13.754],[79.24,13.7522],[79.2391,13.7513],[79.2374,13.752],[79.2352,13.753],[79.2328,13.7538],[79.2285,13.7549],[79.2255,13.7562],[79.2235,13.7571],[79.2224,13.7586],[79.2212,13.7601],[79.2202,13.7623],[79.22,13.7646],[79.2188,13.7675],[79.2172,13.7711],[79.2156,13.7732],[79.2136,13.7746],[79.2099,13.7763],[79.2049,13.7785],[79.2032,13.7796],[79.2008,13.7816],[79.1973,13.7847],[79.1967,13.7864],[79.1963,13.7881],[79.1942,13.7904],[79.1922,13.792],[79.1904,13.7932],[79.1903,13.7947],[79.1914,13.7976],[79.1919,13.7995],[79.1932,13.8018],[79.1968,13.8037],[79.1992,13.8058],[79.201,13.8069],[79.2035,13.8077],[79.2071,13.8079],[79.2092,13.8075],[79.2103,13.8078],[79.2106,13.8089],[79.2107,13.8098],[79.212,13.8106],[79.2131,13.811],[79.2132,13.8122],[79.2122,13.8145],[79.2084,13.8178],[79.2036,13.8201],[79.196,13.8248],[79.1899,13.8291],[79.1826,13.8331],[79.1782,13.8372],[79.175,13.8394],[79.1731,13.8413],[79.1727,13.844],[79.1711,13.8468],[79.1685,13.847],[79.1637,13.8485],[79.1596,13.8501],[79.1574,13.8525],[79.1551,13.8541],[79.1525,13.8562],[79.1498,13.8588],[79.1474,13.8627],[79.1462,13.8655],[79.1444,13.8648],[79.1332,13.8556],[79.1249,13.85],[79.1204,13.8495],[79.1115,13.8499],[79.1013,13.8496],[79.0982,13.8503],[79.0967,13.8529],[79.0946,13.8615],[79.0914,13.8708],[79.0906,13.8769],[79.0893,13.8802],[79.0878,13.8802],[79.0847,13.88],[79.0811,13.8796],[79.0765,13.8802],[79.068,13.8815],[79.0599,13.8826],[79.0545,13.8836],[79.0466,13.8854],[79.0412,13.886],[79.0359,13.8877],[79.0318,13.8889],[79.029,13.8897],[79.0254,13.8911],[79.0231,13.8876],[79.0227,13.8852],[79.0217,13.8817],[79.0242,13.8797],[79.0274,13.8792],[79.0324,13.8782],[79.0346,13.8773],[79.0378,13.8754],[79.041,13.8726],[79.043,13.8699],[79.0453,13.8659],[79.0483,13.8639],[79.0465,13.8608],[79.0414,13.8589],[79.0373,13.8588],[79.0338,13.8608],[79.0287,13.8608],[79.0243,13.8602],[79.0235,13.8579],[79.0235,13.8547],[79.0245,13.8529],[79.0251,13.8506],[79.0235,13.8485],[79.0205,13.8472],[79.0161,13.8463],[79.0135,13.8447],[79.0138,13.8371],[79.0173,13.8332],[79.0192,13.8251],[79.0358,13.8217],[79.0447,13.8177],[79.0418,13.8081],[79.0408,13.8047],[79.0312,13.8037],[79.0277,13.8034],[79.0247,13.8032],[79.0227,13.8019],[79.0221,13.7998],[79.0219,13.7974],[79.022,13.7945],[79.0219,13.7888],[79.0204,13.7873],[79.0199,13.7854],[79.0211,13.7838],[79.022,13.7814],[79.0224,13.779],[79.0235,13.777],[79.0245,13.7744],[79.0264,13.7732],[79.0306,13.7729],[79.0348,13.7728],[79.0368,13.7721],[79.0372,13.7685],[79.0368,13.7658],[79.0362,13.7637],[79.0355,13.7624],[79.0361,13.761],[79.0372,13.7593],[79.0375,13.7576],[79.0375,13.7564],[79.0393,13.7534],[79.0392,13.7509],[79.0387,13.7487],[79.0373,13.7466],[79.0358,13.7456],[79.0342,13.7447],[79.033,13.7439],[79.0316,13.7434],[79.0307,13.7441],[79.0291,13.7447],[79.0277,13.7438],[79.0267,13.7429],[79.0237,13.7427],[79.0214,13.7425],[79.0182,13.7418],[79.0159,13.7409],[79.0145,13.7395],[79.0132,13.7374],[79.0119,13.7351],[79.0104,13.7329],[79.0084,13.7306],[79.006,13.7288],[79.0026,13.7268],[79.0005,13.7254],[78.999,13.725],[78.9976,13.7254],[78.9958,13.7262],[78.9937,13.726],[78.9911,13.7247],[78.9884,13.7236],[78.9862,13.7228],[78.9833,13.7214],[78.9797,13.7182],[78.9788,13.7169],[78.9785,13.7156],[78.9786,13.7139],[78.979,13.7125],[78.9794,13.7112],[78.9799,13.7096],[78.9804,13.6962],[78.9813,13.6908],[78.9821,13.687],[78.9832,13.6845],[78.9844,13.6808],[78.994,13.6728],[78.9958,13.6677],[78.994,13.6649],[78.9914,13.6653],[78.9882,13.6668],[78.9859,13.6659],[78.9844,13.6639],[78.9831,13.6616],[78.9812,13.6597],[78.9788,13.6585],[78.9769,13.6569],[78.9778,13.6549],[78.9789,13.6543],[78.9831,13.6546],[78.9853,13.6558],[78.9869,13.6562],[78.9887,13.6563],[78.9897,13.6555],[78.9906,13.654],[78.9905,13.6525],[78.9901,13.65],[78.9909,13.6489],[78.9917,13.6476],[78.9956,13.6426],[78.9964,13.6401],[78.9958,13.6376],[78.9958,13.6358],[78.9966,13.6349],[78.9973,13.6349],[78.9967,13.6335],[78.9947,13.6321],[78.9927,13.6315],[78.9874,13.6307],[78.9829,13.6306],[78.977,13.6295],[78.9739,13.6287],[78.9705,13.6278],[78.9674,13.6261],[78.9663,13.6245],[78.9676,13.6215],[78.9707,13.6199],[78.9728,13.6172],[78.9745,13.6154],[78.976,13.6125],[78.9748,13.609],[78.973,13.6018],[78.9718,13.5987],[78.9711,13.5973],[78.9693,13.5961],[78.9673,13.5954],[78.9634,13.5955],[78.9592,13.5954],[78.9589,13.594],[78.9585,13.591],[78.957,13.5877],[78.9537,13.5843],[78.9498,13.5838],[78.9479,13.5853],[78.9467,13.5871],[78.9461,13.5889],[78.9457,13.5901],[78.945,13.5909],[78.9438,13.5911],[78.9422,13.591],[78.9382,13.5921],[78.9367,13.5935],[78.9355,13.5931],[78.9352,13.5917],[78.9346,13.5896],[78.9334,13.5876],[78.9319,13.5856],[78.9301,13.5837],[78.9282,13.5816],[78.9261,13.5808],[78.9239,13.5806],[78.9218,13.5809],[78.9194,13.5814],[78.9179,13.5812],[78.916,13.5805],[78.9145,13.5802],[78.913,13.5808],[78.9114,13.5821],[78.9073,13.5845],[78.905,13.5865],[78.9038,13.5892],[78.9027,13.5918],[78.9009,13.5931],[78.8988,13.5945],[78.8962,13.5948],[78.8925,13.5947],[78.8903,13.5948],[78.889,13.5947],[78.8868,13.5941],[78.885,13.5934],[78.8822,13.5936],[78.88,13.5942],[78.8778,13.595],[78.8756,13.5961],[78.8739,13.5973],[78.8731,13.5988],[78.8727,13.6006],[78.8727,13.6021],[78.8739,13.6082],[78.8759,13.6128],[78.8801,13.6203],[78.8827,13.6232],[78.8861,13.6242],[78.8878,13.6248],[78.8884,13.6277],[78.8881,13.6308],[78.8868,13.6331],[78.8854,13.6352],[78.8843,13.6368],[78.8839,13.6386],[78.8841,13.6426],[78.8834,13.6457],[78.8826,13.6493],[78.8827,13.6519],[78.8822,13.6557],[78.8824,13.6594],[78.8815,13.6609],[78.8771,13.6606],[78.8744,13.6604],[78.8717,13.6602],[78.8704,13.66],[78.8686,13.6598],[78.8604,13.6697],[78.858,13.6734],[78.8528,13.6777],[78.8528,13.6719],[78.8512,13.6655],[78.8531,13.661],[78.8542,13.654],[78.8519,13.6505],[78.8497,13.6476],[78.8473,13.644],[78.8445,13.6409],[78.8354,13.6344],[78.8289,13.6278],[78.8225,13.6217],[78.8209,13.6164],[78.8202,13.6135],[78.8167,13.6125],[78.8133,13.6124],[78.8113,13.6121],[78.8095,13.6125],[78.8075,13.6133],[78.8055,13.6142],[78.8028,13.6144],[78.8001,13.6146],[78.7977,13.6138],[78.7969,13.6125],[78.7967,13.6112],[78.7967,13.6093],[78.797,13.6076],[78.7985,13.6059],[78.8002,13.6039],[78.8013,13.5975],[78.803,13.5949],[78.8037,13.5925],[78.8043,13.5904],[78.8043,13.5882],[78.8031,13.5839],[78.7968,13.5835],[78.7895,13.5823],[78.7843,13.5829],[78.7801,13.5835],[78.7758,13.5837],[78.7717,13.584],[78.7607,13.586],[78.7512,13.5878],[78.7496,13.5879],[78.7488,13.5838],[78.7476,13.5807],[78.7446,13.5766],[78.7403,13.5722],[78.7412,13.5639],[78.741,13.559],[78.7424,13.5566],[78.7411,13.5538],[78.7401,13.5508],[78.7407,13.5472],[78.742,13.5429],[78.7417,13.5394],[78.7413,13.5324],[78.7391,13.5283],[78.7351,13.5216],[78.7329,13.5174],[78.7313,13.5175],[78.7241,13.5124],[78.7187,13.5086],[78.7144,13.5062],[78.7108,13.504],[78.707,13.5029],[78.7023,13.5031],[78.6976,13.5028],[78.6941,13.5009],[78.6925,13.497],[78.6891,13.491],[78.6863,13.4882],[78.6821,13.4846],[78.6791,13.4832],[78.6768,13.4799],[78.6775,13.4756],[78.6769,13.4723],[78.6749,13.4708],[78.6744,13.4688],[78.6746,13.4639],[78.6727,13.4607],[78.6672,13.4562],[78.6616,13.4564],[78.6562,13.4642],[78.6557,13.466],[78.6564,13.4685],[78.6583,13.4712],[78.6604,13.4741],[78.6629,13.4761],[78.6656,13.4782],[78.6657,13.4913],[78.6658,13.4964],[78.6645,13.4992],[78.6576,13.5024],[78.6537,13.5046],[78.6462,13.5084],[78.6388,13.5078],[78.6382,13.5084],[78.6368,13.5099],[78.6349,13.5116],[78.6327,13.5136],[78.6316,13.5149],[78.6297,13.5162],[78.6281,13.5169],[78.6257,13.5171],[78.6226,13.5171],[78.6189,13.5173],[78.6096,13.5172],[78.6051,13.5172],[78.6005,13.5171],[78.5971,13.5177],[78.5947,13.5187],[78.5917,13.519],[78.5889,13.5194],[78.5872,13.5209],[78.5855,13.5224],[78.5841,13.5245],[78.5832,13.5267],[78.5833,13.5289],[78.5842,13.5304],[78.585,13.5319],[78.585,13.5334],[78.5848,13.5348],[78.5847,13.5369],[78.585,13.5387],[78.5862,13.54],[78.5868,13.5415],[78.586,13.5427],[78.5837,13.5412],[78.5804,13.5393],[78.5804,13.5371],[78.5792,13.5348],[78.5776,13.5328],[78.5764,13.5312],[78.5765,13.5294],[78.5772,13.527],[78.5761,13.5242],[78.5736,13.5211],[78.5707,13.5188],[78.5667,13.5154],[78.5635,13.5114],[78.563,13.5066],[78.5619,13.5052],[78.5592,13.5049],[78.5587,13.5031],[78.5571,13.5014],[78.5548,13.5001],[78.5531,13.4975],[78.549,13.491],[78.5463,13.4893],[78.5458,13.4882],[78.5462,13.4866],[78.5451,13.4847],[78.543,13.4838],[78.541,13.4842],[78.5405,13.4852],[78.5401,13.4871],[78.5399,13.4889],[78.5395,13.49],[78.532,13.4902],[78.5305,13.4884],[78.5297,13.4871],[78.5265,13.4857],[78.5232,13.485],[78.5186,13.4844],[78.5117,13.485],[78.5067,13.4847],[78.5014,13.4841],[78.4992,13.4832],[78.4981,13.4819],[78.4976,13.4804],[78.4971,13.4792],[78.4962,13.4771],[78.4944,13.4755],[78.492,13.4723],[78.4885,13.4689],[78.4865,13.4666],[78.4862,13.464],[78.4862,13.4602],[78.4834,13.4577],[78.4803,13.4562],[78.4781,13.455],[78.4802,13.4526],[78.4826,13.4519],[78.4828,13.4504],[78.4842,13.4521],[78.4864,13.452],[78.487,13.4509],[78.4867,13.4495],[78.4859,13.4484],[78.4854,13.4473],[78.4856,13.4464],[78.4869,13.4459],[78.4878,13.4459],[78.4901,13.4461],[78.4961,13.4473],[78.4982,13.4463],[78.5,13.4464],[78.5015,13.4475],[78.5032,13.4483],[78.5063,13.4484],[78.5083,13.4484],[78.5115,13.4479],[78.5106,13.4455],[78.5094,13.4437],[78.5075,13.4418],[78.506,13.4397],[78.5052,13.4377],[78.505,13.4359],[78.5044,13.4293],[78.5039,13.4277],[78.5024,13.4264],[78.5024,13.4255],[78.5033,13.4249],[78.5053,13.4255],[78.508,13.4265],[78.5101,13.4259],[78.5117,13.4242],[78.5138,13.4222],[78.5149,13.4201],[78.516,13.419],[78.519,13.418],[78.52,13.4171],[78.5231,13.4105],[78.5245,13.4081],[78.5253,13.4064],[78.5258,13.4048],[78.5254,13.4026],[78.5245,13.4013],[78.5229,13.3996],[78.5219,13.3977],[78.523,13.3956],[78.5241,13.3944],[78.5238,13.3927],[78.5226,13.3915],[78.5225,13.391],[78.5181,13.3793],[78.5172,13.3756],[78.515,13.373],[78.5078,13.3702],[78.5032,13.3669],[78.4987,13.3597],[78.4974,13.358],[78.4987,13.3569],[78.5014,13.3568],[78.5039,13.3558],[78.5061,13.3536],[78.5062,13.351],[78.5059,13.3491],[78.5025,13.3476],[78.502,13.344],[78.5009,13.3402],[78.4986,13.3333],[78.4967,13.3278],[78.4949,13.3257],[78.4912,13.326],[78.4879,13.3256],[78.4866,13.3241],[78.4827,13.3193],[78.4822,13.3201],[78.4806,13.321],[78.479,13.3215],[78.476,13.3217],[78.4714,13.3203],[78.4702,13.3195],[78.4698,13.318],[78.4692,13.3166],[78.4675,13.3154],[78.4649,13.315],[78.4633,13.3143],[78.4592,13.3137],[78.4572,13.3131],[78.4559,13.3122],[78.4536,13.3109],[78.4521,13.3096],[78.4496,13.3084],[78.4473,13.3078],[78.4451,13.3073],[78.4439,13.3088],[78.4436,13.3099],[78.4434,13.3114],[78.4431,13.313],[78.4429,13.3144],[78.4426,13.3161],[78.4416,13.3186],[78.441,13.3221],[78.441,13.3245],[78.4411,13.3258],[78.4409,13.3272],[78.4401,13.3279],[78.4378,13.3279],[78.4359,13.3284],[78.4344,13.3295],[78.4333,13.3298],[78.4317,13.3301],[78.4287,13.3302],[78.4263,13.3298],[78.424,13.3284],[78.4225,13.3274],[78.4213,13.3253],[78.4207,13.3236],[78.42,13.3223],[78.4193,13.3211],[78.4181,13.32],[78.416,13.3191],[78.4116,13.3177],[78.4072,13.3165],[78.4047,13.3157],[78.4011,13.3154],[78.4004,13.3175],[78.3993,13.3192],[78.398,13.3208],[78.394,13.3241],[78.3926,13.325],[78.3907,13.3265],[78.3897,13.328],[78.3882,13.3294],[78.3862,13.3305],[78.385,13.3307],[78.3836,13.3309],[78.3815,13.3309],[78.3801,13.3309],[78.3785,13.3312],[78.3774,13.3316],[78.3774,13.3329],[78.3776,13.3339],[78.3778,13.3354],[78.3782,13.3371],[78.3794,13.3391],[78.3805,13.3404],[78.3815,13.3415],[78.3828,13.3421],[78.3841,13.3424],[78.3856,13.342],[78.387,13.3415],[78.3879,13.3409],[78.3881,13.3395],[78.3878,13.3382],[78.3868,13.3371],[78.3853,13.3363],[78.3851,13.3351],[78.3863,13.3344],[78.3882,13.3341],[78.3902,13.3342],[78.3921,13.3342],[78.3946,13.3341],[78.3998,13.3347],[78.402,13.335],[78.4044,13.3353],[78.4064,13.3359],[78.4075,13.3371],[78.4084,13.3389],[78.409,13.3405],[78.4091,13.3423],[78.409,13.3443],[78.407,13.3464],[78.403,13.3476],[78.4015,13.3481],[78.3995,13.3487],[78.3971,13.3493],[78.3952,13.3496],[78.3937,13.35],[78.3937,13.3511],[78.3938,13.3536],[78.3935,13.355],[78.3919,13.3558],[78.3884,13.3575],[78.383,13.36],[78.38,13.3618],[78.3784,13.3629],[78.3777,13.3629],[78.3767,13.3615],[78.3757,13.361],[78.3736,13.3606],[78.3724,13.3607],[78.3713,13.36],[78.3704,13.3587],[78.3691,13.3575],[78.3679,13.3571],[78.3668,13.3571],[78.3658,13.358],[78.3655,13.3591],[78.3658,13.3608],[78.3659,13.3626],[78.3666,13.3652],[78.3683,13.3706],[78.3705,13.3751],[78.3716,13.377],[78.3735,13.3784],[78.3758,13.3799],[78.3776,13.3813],[78.3788,13.383],[78.3801,13.3875],[78.3816,13.3951],[78.3816,13.4014],[78.3814,13.4076],[78.3804,13.4143],[78.3796,13.4194],[78.3786,13.4216],[78.3781,13.4224],[78.3778,13.4235],[78.3775,13.4256],[78.3774,13.4286],[78.3775,13.4299],[78.3775,13.4314],[78.3773,13.4325],[78.3766,13.4346],[78.3761,13.436],[78.3758,13.4367],[78.3758,13.4375],[78.3762,13.4382],[78.3772,13.4391],[78.378,13.4394],[78.3785,13.4398],[78.3788,13.4404],[78.3786,13.4433],[78.3777,13.4438],[78.3768,13.4438],[78.3761,13.4443],[78.3752,13.4454],[78.3748,13.4467],[78.374,13.4488],[78.3734,13.4513],[78.3733,13.454],[78.374,13.4591],[78.3743,13.4602],[78.3746,13.4617],[78.3735,13.4629],[78.3726,13.4635],[78.372,13.4645],[78.3716,13.4656],[78.3712,13.4668],[78.3709,13.468],[78.3712,13.4692],[78.3717,13.4708],[78.3729,13.4728],[78.3747,13.4759],[78.3767,13.4791],[78.3781,13.4812],[78.3787,13.4824],[78.3786,13.4839],[78.3782,13.4895],[78.3777,13.4945],[78.378,13.4975],[78.378,13.4995],[78.3781,13.501],[78.3778,13.5023],[78.3775,13.5034],[78.3767,13.5041],[78.3759,13.5047],[78.3752,13.506],[78.3752,13.5071],[78.3752,13.5085],[78.3754,13.5095],[78.376,13.5103],[78.378,13.5117],[78.3819,13.5145],[78.383,13.5154],[78.3837,13.5168],[78.384,13.5176],[78.384,13.5185],[78.3835,13.52],[78.3824,13.5236],[78.3825,13.5252],[78.3835,13.5265],[78.3861,13.5302],[78.3905,13.5367],[78.3922,13.5384],[78.3933,13.5397],[78.3938,13.5406],[78.3942,13.5429],[78.394,13.5459],[78.3938,13.5511],[78.3938,13.5526],[78.395,13.554],[78.3958,13.555],[78.3963,13.5556],[78.397,13.5568],[78.3976,13.5584],[78.3987,13.562],[78.3989,13.5638],[78.4,13.5641],[78.4007,13.5643],[78.4011,13.5651],[78.4013,13.5664],[78.402,13.5687],[78.4025,13.5706],[78.4034,13.5718],[78.4043,13.5727],[78.4051,13.5738],[78.4058,13.5751],[78.406,13.5765],[78.4052,13.5771],[78.403,13.5777],[78.402,13.5782],[78.4017,13.5793],[78.4017,13.5808],[78.402,13.5851],[78.4021,13.5865],[78.4019,13.5873],[78.4004,13.5877],[78.3992,13.5877],[78.398,13.5874],[78.3958,13.5882],[78.3954,13.5892],[78.3951,13.5902],[78.394,13.5909],[78.3923,13.5907],[78.3907,13.5906],[78.3877,13.5906],[78.3866,13.5911],[78.385,13.5916],[78.3829,13.5916],[78.381,13.5914],[78.3788,13.591],[78.3732,13.5906],[78.3699,13.5899],[78.3673,13.5894],[78.3666,13.589],[78.3651,13.5879],[78.3631,13.5877],[78.3592,13.5876],[78.3519,13.5864],[78.3496,13.5861],[78.3481,13.5871],[78.3476,13.5881],[78.3472,13.5894],[78.3468,13.5902],[78.3462,13.5906],[78.3442,13.5912],[78.3423,13.5917],[78.3395,13.5925],[78.335,13.5935],[78.3317,13.5945],[78.3289,13.5947],[78.3258,13.5947],[78.3224,13.594],[78.3188,13.5925],[78.3169,13.5917],[78.3148,13.5914],[78.3117,13.5915],[78.3097,13.5915],[78.3059,13.5909],[78.3012,13.59],[78.2985,13.5895],[78.2899,13.5891],[78.286,13.5892],[78.284,13.588],[78.2806,13.588],[78.2782,13.588],[78.2764,13.588],[78.2744,13.5879],[78.2725,13.5877],[78.2707,13.5871],[78.2701,13.5874],[78.2687,13.5874],[78.2669,13.5862],[78.2651,13.5853],[78.2625,13.5835],[78.2607,13.5828],[78.2593,13.5825],[78.2592,13.5837],[78.2588,13.5845],[78.258,13.5857],[78.2524,13.5894],[78.2496,13.5909],[78.2478,13.5926],[78.246,13.5947],[78.2435,13.5971],[78.2423,13.5969],[78.2408,13.5974],[78.2395,13.598],[78.2385,13.5985],[78.2371,13.5988],[78.2355,13.5983],[78.2348,13.5972],[78.2343,13.595],[78.2339,13.5917],[78.2339,13.5895],[78.2331,13.5881],[78.2326,13.587],[78.2317,13.5862],[78.2302,13.586],[78.2286,13.5863],[78.2269,13.5871],[78.225,13.5881],[78.2231,13.5889],[78.222,13.5898],[78.2211,13.5909],[78.2204,13.592],[78.2191,13.5927],[78.218,13.5925],[78.2167,13.5918],[78.2158,13.5902],[78.2152,13.5873],[78.2142,13.585],[78.2135,13.5822],[78.2119,13.5798],[78.2115,13.5788],[78.2101,13.5778],[78.2084,13.5771],[78.2069,13.575],[78.2049,13.5721],[78.202,13.5683],[78.2002,13.567],[78.1972,13.5659],[78.1937,13.5644],[78.1921,13.5658],[78.1907,13.568],[78.1903,13.5697],[78.1898,13.5716],[78.1891,13.5744],[78.1892,13.5772],[78.1895,13.5822],[78.1896,13.5873],[78.1901,13.5893],[78.1914,13.5915],[78.1945,13.5945],[78.1998,13.5998],[78.2027,13.6042],[78.2031,13.607],[78.2041,13.6143],[78.2034,13.6175],[78.2029,13.6187],[78.2024,13.6202],[78.2025,13.6211],[78.2032,13.624],[78.2038,13.6283],[78.1981,13.6283],[78.1948,13.6283],[78.1909,13.6294],[78.1878,13.6301],[78.184,13.6304],[78.1778,13.6304],[78.1724,13.6312],[78.1685,13.6328],[78.1672,13.6345],[78.1669,13.6358],[78.1669,13.6382],[78.1672,13.6405],[78.1682,13.6433],[78.1687,13.6473],[78.1688,13.6505],[78.169,13.6526],[78.1684,13.6547],[78.1671,13.6554],[78.1632,13.6562],[78.1613,13.6568],[78.1575,13.658],[78.1556,13.6582],[78.1526,13.658],[78.1502,13.6579],[78.148,13.6573],[78.1463,13.6566],[78.1441,13.6572],[78.1415,13.6581],[78.1408,13.6585],[78.1378,13.6586],[78.1353,13.6593],[78.1328,13.6592],[78.1311,13.659],[78.1298,13.6581],[78.1278,13.6571],[78.1251,13.6564],[78.1219,13.6563],[78.1184,13.6569],[78.1152,13.6575],[78.1114,13.6567],[78.1068,13.6531],[78.1054,13.6524],[78.1031,13.6512],[78.1017,13.6498],[78.1013,13.6481],[78.1007,13.6458],[78.0994,13.6432],[78.0963,13.643],[78.0916,13.6429],[78.089,13.6433],[78.0873,13.6434],[78.0871,13.65],[78.0872,13.6516],[78.0877,13.6529],[78.0884,13.6547],[78.0894,13.6576],[78.0897,13.6589],[78.0894,13.6595],[78.0891,13.6599],[78.0883,13.6602],[78.0871,13.6608],[78.086,13.6617],[78.0833,13.6634],[78.0815,13.6647],[78.0802,13.6657],[78.0788,13.6665],[78.078,13.6671],[78.0778,13.6683],[78.0779,13.6686],[78.0778,13.6701],[78.0774,13.6725],[78.077,13.6737],[78.0764,13.6736],[78.0755,13.6735],[78.0748,13.6735],[78.0734,13.6738],[78.0723,13.6741],[78.0712,13.6746],[78.0672,13.6756],[78.0688,13.6783],[78.0691,13.6793],[78.0699,13.6801],[78.0707,13.6808],[78.0722,13.6817],[78.0734,13.6824],[78.0738,13.6834],[78.0748,13.6854],[78.076,13.6871],[78.0742,13.688],[78.0732,13.6885],[78.0726,13.6895],[78.0721,13.6907],[78.0718,13.6921],[78.0718,13.6939],[78.0717,13.6955],[78.0719,13.6972],[78.0726,13.6979],[78.0737,13.6982],[78.0762,13.698],[78.0785,13.6971],[78.0821,13.6959],[78.0832,13.6949],[78.085,13.6936],[78.0869,13.6924],[78.0887,13.6918],[78.0905,13.6918],[78.0924,13.6918],[78.0937,13.6917],[78.0958,13.6904],[78.0971,13.6905],[78.0992,13.6907],[78.1018,13.6914],[78.1044,13.6919],[78.1077,13.6922],[78.1102,13.6923],[78.1124,13.692],[78.1145,13.6917],[78.1156,13.6918],[78.1156,13.6935],[78.1156,13.6953],[78.1158,13.697],[78.1159,13.6988],[78.1165,13.7007],[78.1173,13.7041],[78.118,13.706],[78.1189,13.7075],[78.12,13.7093],[78.1213,13.7119],[78.1218,13.7134],[78.1222,13.7149],[78.1221,13.7167],[78.1208,13.7197],[78.1191,13.7217],[78.1173,13.7229],[78.1163,13.7233],[78.1147,13.7237],[78.1136,13.7245],[78.1124,13.7264],[78.1116,13.7286],[78.1109,13.7306],[78.1095,13.732],[78.1068,13.7359],[78.1043,13.7362],[78.1009,13.7369],[78.0994,13.7375],[78.0973,13.7386],[78.0956,13.7394],[78.0943,13.7404],[78.094,13.7413],[78.0942,13.7423],[78.0956,13.7443],[78.0967,13.7462],[78.0973,13.7486],[78.0991,13.751],[78.1001,13.7538],[78.1012,13.7566],[78.1024,13.758],[78.1039,13.759],[78.1062,13.7599],[78.1093,13.7612],[78.1144,13.7632],[78.1163,13.765],[78.1188,13.768],[78.1201,13.7703],[78.1212,13.7734],[78.122,13.777],[78.1226,13.7789],[78.1232,13.7806],[78.1246,13.782],[78.1256,13.7827],[78.1292,13.7858],[78.1288,13.7848],[78.1332,13.7827],[78.1358,13.782],[78.1397,13.781],[78.1439,13.7805],[78.1472,13.7811],[78.1495,13.7829],[78.1515,13.7845],[78.1568,13.7847],[78.1591,13.7847],[78.1611,13.7843],[78.1637,13.7835],[78.1668,13.7838],[78.1731,13.7854],[78.178,13.7859],[78.1849,13.7873],[78.1871,13.7872],[78.1899,13.7865],[78.1927,13.7858],[78.198,13.7848],[78.1997,13.7847],[78.2019,13.7843],[78.2039,13.7834],[78.2057,13.7821],[78.2074,13.7813],[78.2118,13.7812],[78.2148,13.7811],[78.2177,13.781],[78.2204,13.7809],[78.2259,13.7798],[78.2303,13.7794],[78.2365,13.7797],[78.2381,13.7799],[78.2396,13.7806],[78.2419,13.7816],[78.2462,13.7832],[78.2486,13.7853],[78.251,13.7904],[78.2531,13.7911],[78.2544,13.7911],[78.2558,13.7911],[78.2574,13.7913],[78.2592,13.7916],[78.2608,13.7917],[78.2618,13.7923],[78.2625,13.7939],[78.2628,13.796],[78.2627,13.7977],[78.2621,13.7987],[78.2604,13.8007],[78.2567,13.8048],[78.256,13.8057],[78.2552,13.807],[78.2555,13.8088],[78.2555,13.8101],[78.2557,13.8119],[78.2556,13.8197],[78.2563,13.8212],[78.2569,13.8224],[78.2578,13.8237],[78.2568,13.8261],[78.2562,13.8269],[78.2561,13.8302],[78.2565,13.8335],[78.2561,13.8351],[78.2534,13.8371],[78.2516,13.8377],[78.2501,13.8386],[78.2489,13.8398],[78.2478,13.8419],[78.2466,13.8427],[78.2449,13.8435],[78.2436,13.8441],[78.2425,13.8448],[78.2418,13.8454],[78.2415,13.8461],[78.2419,13.848],[78.242,13.8494],[78.2426,13.8502],[78.2435,13.8509],[78.2449,13.8511],[78.2466,13.8515],[78.2483,13.8519],[78.2497,13.852],[78.2516,13.8525],[78.2533,13.8527],[78.2564,13.8539],[78.2574,13.8543],[78.258,13.8549],[78.2583,13.8562],[78.2587,13.8571],[78.2589,13.858],[78.2601,13.8581],[78.2629,13.8574],[78.2643,13.8578],[78.2647,13.8589],[78.2643,13.86],[78.264,13.8612],[78.264,13.8623],[78.2632,13.8631],[78.2634,13.8648],[78.2638,13.8658],[78.2657,13.8662],[78.2682,13.8672],[78.269,13.8687],[78.2681,13.8724],[78.2687,13.8737],[78.2701,13.8761],[78.2712,13.8781],[78.2735,13.8795],[78.2748,13.8817],[78.2747,13.8862],[78.2752,13.8873],[78.2763,13.8884],[78.2773,13.8903],[78.2763,13.8918],[78.2749,13.8931],[78.2736,13.8935],[78.2733,13.8947],[78.2752,13.895],[78.2785,13.8956],[78.2814,13.8962],[78.2839,13.8948],[78.2871,13.8932],[78.2884,13.8926],[78.2905,13.8922],[78.2926,13.892],[78.2953,13.8921],[78.2967,13.8932],[78.2976,13.8941],[78.298,13.8956],[78.2976,13.8978],[78.2979,13.9013],[78.2979,13.9027],[78.2979,13.904],[78.2988,13.9054],[78.3001,13.9066],[78.3016,13.9074],[78.3035,13.9076],[78.3065,13.9078],[78.3076,13.9093],[78.3085,13.9117],[78.3116,13.9155],[78.3149,13.9178],[78.3166,13.9193],[78.3204,13.9207],[78.3235,13.9218],[78.3284,13.9201],[78.3294,13.9195],[78.3306,13.9187],[78.3325,13.9193],[78.3333,13.9208],[78.334,13.9225],[78.3349,13.9246],[78.3364,13.929],[78.3364,13.931],[78.3365,13.9327],[78.3369,13.9343],[78.3377,13.936],[78.3389,13.9361],[78.342,13.9348],[78.3436,13.9348],[78.3461,13.935],[78.3472,13.936],[78.3481,13.938],[78.3481,13.9395],[78.3491,13.9399],[78.3508,13.9396],[78.3519,13.9387],[78.3536,13.9401],[78.3599,13.9454],[78.3629,13.9478],[78.3642,13.9492],[78.3657,13.9509],[78.3669,13.9524],[78.3681,13.9543],[78.3693,13.955],[78.3711,13.9548],[78.3732,13.9538],[78.3741,13.9526],[78.3749,13.9506],[78.3745,13.9487],[78.3729,13.946],[78.3734,13.9443],[78.3747,13.9424],[78.3786,13.9402],[78.3811,13.939],[78.3833,13.9386],[78.3863,13.9386],[78.3883,13.9387],[78.3899,13.9403],[78.3921,13.9447],[78.3933,13.947],[78.401,13.9529],[78.4037,13.9547],[78.406,13.9566],[78.4083,13.9583],[78.4105,13.9592],[78.4138,13.9613],[78.4169,13.9621],[78.4187,13.9629],[78.4202,13.9636],[78.4221,13.9646],[78.4229,13.9661],[78.4239,13.9693],[78.4253,13.9739],[78.4255,13.9766],[78.4258,13.9775],[78.4271,13.9789],[78.4283,13.979],[78.4296,13.979],[78.4317,13.979],[78.435,13.9797],[78.44,13.9812],[78.4431,13.9824],[78.4511,13.9829],[78.4604,13.9874],[78.4677,13.9915],[78.4665,13.9957],[78.467,13.9985],[78.4676,14.0012],[78.4678,14.0031],[78.4676,14.0061],[78.466,14.0069],[78.4614,14.0076],[78.4573,14.0084],[78.4517,14.0105],[78.4456,14.0138],[78.4433,14.0148],[78.4416,14.016],[78.4406,14.018],[78.4403,14.0213],[78.441,14.0313],[78.4407,14.0379],[78.4401,14.0422],[78.4408,14.0445],[78.4458,14.049],[78.4471,14.051],[78.4476,14.0526],[78.447,14.0548],[78.4462,14.0574],[78.4457,14.0604],[78.4459,14.0661],[78.446,14.072],[78.4453,14.0739],[78.4436,14.0768],[78.4429,14.079],[78.4432,14.0815],[78.4452,14.0829],[78.4496,14.0829],[78.4516,14.0833],[78.4536,14.0835],[78.4554,14.0848],[78.4567,14.0873],[78.4579,14.0909],[78.4599,14.1001],[78.4603,14.1028],[78.4601,14.1061],[78.4601,14.1085],[78.4589,14.1101],[78.4553,14.112],[78.4543,14.1141],[78.4504,14.1245],[78.4493,14.1286],[78.4484,14.1307],[78.4473,14.1328],[78.4455,14.1351],[78.4431,14.1367],[78.4414,14.1363],[78.4393,14.1354],[78.4366,14.1367],[78.4329,14.1369],[78.4276,14.138],[78.4263,14.1394],[78.4257,14.1413],[78.425,14.1432],[78.4246,14.1465],[78.4223,14.1496],[78.4226,14.1514],[78.4226,14.1536],[78.422,14.1547],[78.4201,14.1568],[78.4202,14.1594],[78.4201,14.1668],[78.4201,14.1689],[78.4203,14.1705],[78.4217,14.1718],[78.4227,14.1738],[78.4237,14.1762],[78.4244,14.178],[78.426,14.1786],[78.4283,14.1794],[78.4299,14.1817],[78.4298,14.1853],[78.4353,14.1835],[78.4408,14.1815],[78.446,14.1793],[78.4504,14.1774],[78.4558,14.1761],[78.4607,14.1749],[78.4637,14.1748],[78.4669,14.1739],[78.4676,14.1721],[78.468,14.1692],[78.4681,14.1663],[78.47,14.1638],[78.4723,14.1622],[78.4765,14.1614],[78.4775,14.1652],[78.4812,14.1649],[78.4856,14.1643],[78.4894,14.1648],[78.4914,14.1663],[78.4935,14.1685],[78.4966,14.1704],[78.5026,14.1713],[78.5108,14.1688],[78.5135,14.1702],[78.5174,14.171],[78.5197,14.1704],[78.5237,14.1686],[78.5244,14.166],[78.5245,14.1635],[78.5254,14.1605],[78.527,14.158],[78.5285,14.1556],[78.5313,14.1555],[78.5359,14.1556],[78.5443,14.1562],[78.549,14.1564],[78.554,14.1576],[78.5594,14.1595],[78.5635,14.1614],[78.5651,14.1682],[78.565,14.1688],[78.5649,14.1704],[78.5652,14.1716],[78.5669,14.1729],[78.5711,14.1729],[78.5746,14.1736],[78.5765,14.1744],[78.5787,14.1741],[78.5816,14.1743],[78.5842,14.1765],[78.5868,14.1774],[78.5883,14.1795],[78.5888,14.182],[78.5892,14.1869],[78.5895,14.1894],[78.5907,14.1908],[78.594,14.192],[78.5992,14.196],[78.6046,14.1986],[78.6097,14.2023],[78.6122,14.2046],[78.6178,14.2064],[78.6237,14.2101],[78.6264,14.211],[78.6272,14.2137],[78.6252,14.2167],[78.6225,14.2196],[78.6186,14.2238],[78.6168,14.2277],[78.6172,14.2314],[78.6171,14.2344],[78.6151,14.2364],[78.6126,14.239],[78.6061,14.2443],[78.6022,14.249],[78.5993,14.2515],[78.5983,14.2533],[78.5974,14.2563],[78.596,14.2632],[78.5956,14.2672],[78.5948,14.27],[78.5941,14.2716],[78.5922,14.273],[78.5959,14.2751],[78.5981,14.2774],[78.6047,14.2787],[78.6179,14.2825],[78.6202,14.2824],[78.6239,14.2807],[78.6267,14.2785],[78.6312,14.2765],[78.6359,14.2747],[78.64,14.2726],[78.6439,14.272],[78.6466,14.2739],[78.6506,14.273],[78.6542,14.2703],[78.6577,14.2665],[78.6575,14.265],[78.6562,14.2629],[78.6537,14.2595],[78.6526,14.2551],[78.6519,14.2513],[78.6534,14.2498],[78.6561,14.249],[78.6602,14.2487],[78.6661,14.2476],[78.6722,14.248],[78.6758,14.2499],[78.6779,14.2551],[78.6794,14.2593],[78.6806,14.2642],[78.6828,14.2692],[78.6811,14.2774],[78.6788,14.2843],[78.6746,14.2911],[78.6719,14.2942],[78.6691,14.2964],[78.6651,14.2977],[78.6684,14.2989],[78.6746,14.2997],[78.6929,14.2973],[78.6973,14.2965],[78.7018,14.2959],[78.7073,14.2957],[78.7128,14.2947],[78.7167,14.2944],[78.7215,14.2955],[78.7261,14.2951],[78.7332,14.294],[78.7359,14.2953],[78.7401,14.2973],[78.7442,14.2992],[78.747,14.3021],[78.7458,14.3057],[78.7461,14.3085],[78.7494,14.3083],[78.7534,14.3082],[78.7621,14.3101],[78.7651,14.3137],[78.7692,14.3177],[78.7725,14.3147],[78.7804,14.3098],[78.7857,14.3063],[78.7927,14.3031],[78.8001,14.3013],[78.8076,14.2967],[78.8102,14.2942],[78.813,14.2923],[78.8167,14.2919],[78.8212,14.2924],[78.8263,14.2931],[78.8304,14.2949],[78.8343,14.2973],[78.8385,14.2991],[78.8432,14.2979],[78.8464,14.2973],[78.8518,14.2969],[78.8599,14.2968],[78.8705,14.2976],[78.8707,14.3068],[78.8712,14.3092],[78.8726,14.312],[78.8767,14.3175],[78.8778,14.3195],[78.8793,14.3221],[78.8806,14.3235],[78.8835,14.324],[78.8859,14.3228],[78.8889,14.3219],[78.8935,14.3219],[78.9005,14.3219],[78.9029,14.3189],[78.9052,14.3147],[78.9074,14.3072],[78.9098,14.2998],[78.9141,14.2952],[78.9211,14.2879],[78.9273,14.2775],[78.9306,14.2748],[78.9334,14.273],[78.9364,14.2715],[78.9393,14.2714],[78.9426,14.2724],[78.9466,14.2744],[78.9572,14.2786],[78.9609,14.2802],[78.9641,14.2816],[78.9681,14.283],[78.9708,14.2828],[78.9747,14.2813],[78.9809,14.2788],[78.9837,14.2781],[78.9857,14.2768],[78.9878,14.2742],[78.9895,14.2718],[78.9905,14.2714]]]}},{"type":"Feature","properties":{"district":"Sri Sathya Sai","district_hi":"श्री सत्य साई"},"geometry":{"type":"Polygon","coordinates":[[[77.3197,14.3781],[77.3172,14.3794],[77.316,14.381],[77.3159,14.3835],[77.317,14.3854],[77.3184,14.3874],[77.3179,14.3927],[77.3181,14.3959],[77.3189,14.3982],[77.3197,14.4027],[77.3183,14.4073],[77.3202,14.4108],[77.3207,14.4146],[77.3217,14.4198],[77.3223,14.4263],[77.3225,14.4287],[77.3237,14.4331],[77.3242,14.4362],[77.3261,14.4395],[77.3296,14.4426],[77.3331,14.4454],[77.3339,14.4473],[77.3339,14.4502],[77.3334,14.4537],[77.336,14.4547],[77.3384,14.4546],[77.3407,14.4546],[77.3431,14.4551],[77.346,14.4562],[77.3501,14.4592],[77.3521,14.4611],[77.3542,14.4618],[77.3579,14.4617],[77.3623,14.4628],[77.3633,14.4647],[77.3626,14.4676],[77.3621,14.47],[77.3613,14.4724],[77.3608,14.476],[77.3602,14.4788],[77.3595,14.4805],[77.3593,14.4832],[77.3601,14.4854],[77.3671,14.4909],[77.3722,14.4946],[77.3754,14.4975],[77.377,14.5],[77.3752,14.5047],[77.3702,14.5085],[77.3686,14.512],[77.366,14.5176],[77.36,14.5274],[77.3579,14.5306],[77.3574,14.537],[77.3586,14.54],[77.362,14.5408],[77.3669,14.5427],[77.3743,14.5454],[77.3797,14.5466],[77.3831,14.5483],[77.3862,14.5504],[77.3881,14.5528],[77.3895,14.5548],[77.3984,14.5549],[77.4025,14.5523],[77.4063,14.5514],[77.4109,14.5516],[77.4161,14.5515],[77.4199,14.5522],[77.4229,14.5535],[77.4304,14.5548],[77.438,14.558],[77.4442,14.5598],[77.4473,14.5619],[77.4494,14.5639],[77.453,14.5665],[77.4564,14.567],[77.4605,14.5693],[77.4639,14.5699],[77.4677,14.5685],[77.4706,14.567],[77.4711,14.565],[77.4709,14.5617],[77.4707,14.5591],[77.4711,14.5571],[77.4737,14.5558],[77.4758,14.5529],[77.4763,14.5463],[77.4777,14.5392],[77.4776,14.5358],[77.4771,14.533],[77.4766,14.5304],[77.4763,14.527],[77.4735,14.5222],[77.4717,14.5164],[77.4732,14.5124],[77.4759,14.508],[77.4781,14.5055],[77.4798,14.5034],[77.4792,14.501],[77.478,14.4992],[77.4778,14.4972],[77.4801,14.4953],[77.4819,14.4933],[77.4845,14.4905],[77.4862,14.4871],[77.4877,14.482],[77.488,14.4788],[77.4875,14.476],[77.4885,14.4746],[77.4912,14.4742],[77.4945,14.4764],[77.4978,14.478],[77.5027,14.4803],[77.5054,14.4807],[77.5087,14.4819],[77.5115,14.4832],[77.5146,14.4855],[77.5164,14.4879],[77.518,14.4896],[77.5229,14.4879],[77.5273,14.4865],[77.5315,14.4852],[77.5329,14.4838],[77.5327,14.4814],[77.533,14.4779],[77.5332,14.4752],[77.5343,14.4733],[77.5396,14.4727],[77.5542,14.4633],[77.5619,14.4597],[77.5701,14.4551],[77.5791,14.4594],[77.5874,14.4615],[77.5953,14.4622],[77.6073,14.4651],[77.6121,14.4689],[77.6157,14.4765],[77.6208,14.4795],[77.6252,14.4819],[77.637,14.4913],[77.6492,14.4877],[77.6528,14.4839],[77.6628,14.4865],[77.669,14.4918],[77.6758,14.4976],[77.6769,14.5043],[77.6737,14.5104],[77.668,14.514],[77.6622,14.517],[77.6576,14.518],[77.6536,14.5189],[77.6503,14.5197],[77.6525,14.5266],[77.6537,14.5343],[77.6564,14.5376],[77.6611,14.5392],[77.6676,14.5417],[77.6728,14.54],[77.6772,14.538],[77.6847,14.538],[77.694,14.538],[77.6966,14.541],[77.7008,14.5438],[77.7045,14.5473],[77.7063,14.5511],[77.7059,14.5551],[77.7068,14.5572],[77.7093,14.5596],[77.7099,14.5619],[77.7102,14.5654],[77.7113,14.5679],[77.7113,14.571],[77.7123,14.5734],[77.7168,14.5777],[77.7196,14.5796],[77.723,14.578],[77.7273,14.5768],[77.7299,14.5758],[77.7343,14.5768],[77.7378,14.5805],[77.7379,14.585],[77.7367,14.5875],[77.7354,14.5888],[77.7354,14.5912],[77.7375,14.5935],[77.7424,14.5932],[77.7456,14.5937],[77.7496,14.5944],[77.7571,14.5962],[77.7637,14.5943],[77.7702,14.5958],[77.7743,14.5959],[77.7815,14.6018],[77.7905,14.6086],[77.7943,14.6116],[77.7961,14.6139],[77.7983,14.6115],[77.8053,14.6164],[77.8085,14.6121],[77.8167,14.6015],[77.8229,14.6037],[77.829,14.6049],[77.8334,14.6036],[77.8382,14.6018],[77.8414,14.6005],[77.8451,14.5996],[77.8493,14.5999],[77.8514,14.601],[77.854,14.6064],[77.8535,14.6097],[77.85,14.6104],[77.8474,14.6109],[77.8444,14.6111],[77.8419,14.6111],[77.8407,14.612],[77.8426,14.6139],[77.8459,14.6143],[77.8486,14.614],[77.8517,14.6135],[77.8547,14.6141],[77.8555,14.6165],[77.855,14.6188],[77.8537,14.6223],[77.8536,14.627],[77.8539,14.6313],[77.8539,14.6341],[77.8534,14.636],[77.8513,14.6382],[77.8522,14.6401],[77.8554,14.6413],[77.8596,14.6429],[77.8614,14.6445],[77.8659,14.6483],[77.8678,14.6522],[77.8697,14.6542],[77.8726,14.6528],[77.8746,14.6504],[77.8755,14.6476],[77.8772,14.6455],[77.8788,14.6444],[77.8814,14.6448],[77.8861,14.6484],[77.8885,14.6483],[77.8935,14.6486],[77.8954,14.6461],[77.8976,14.6448],[77.9035,14.6444],[77.9139,14.6421],[77.9206,14.6421],[77.9239,14.6412],[77.9265,14.639],[77.9289,14.6386],[77.9349,14.6381],[77.9423,14.6347],[77.9498,14.6354],[77.9534,14.6349],[77.9584,14.6348],[77.9621,14.6307],[77.967,14.6257],[77.9709,14.6236],[77.9745,14.6235],[77.9806,14.623],[77.985,14.6187],[77.9893,14.615],[77.9897,14.6118],[77.989,14.6089],[77.9883,14.6074],[77.9847,14.6027],[77.9825,14.5959],[77.9856,14.5909],[77.9872,14.5869],[77.9877,14.5838],[77.987,14.5802],[77.9858,14.5772],[77.9858,14.5744],[77.9876,14.5722],[77.9891,14.5705],[77.988,14.5692],[77.9858,14.568],[77.9822,14.5656],[77.9805,14.5664],[77.978,14.5672],[77.9761,14.5679],[77.9736,14.5711],[77.9713,14.5737],[77.9696,14.5757],[77.9683,14.5788],[77.9678,14.5815],[77.9677,14.584],[77.9672,14.5873],[77.9658,14.5884],[77.9647,14.5874],[77.964,14.5854],[77.9631,14.5833],[77.9622,14.582],[77.96,14.5813],[77.9577,14.5807],[77.9555,14.5805],[77.9541,14.58],[77.9532,14.579],[77.9523,14.5781],[77.9511,14.5765],[77.9503,14.576],[77.9486,14.5755],[77.9471,14.574],[77.9454,14.5723],[77.9448,14.5708],[77.9458,14.5695],[77.9466,14.5684],[77.9503,14.5638],[77.9527,14.5624],[77.9546,14.5619],[77.9558,14.5616],[77.9582,14.5608],[77.9605,14.5597],[77.9618,14.5574],[77.9638,14.5543],[77.9658,14.5519],[77.9672,14.55],[77.9692,14.5468],[77.9723,14.5434],[77.9762,14.539],[77.9769,14.5373],[77.9762,14.5363],[77.9743,14.5359],[77.9723,14.534],[77.9731,14.5323],[77.9742,14.53],[77.9754,14.5273],[77.9774,14.5242],[77.9805,14.5219],[77.9857,14.5167],[77.9906,14.5099],[77.9939,14.5051],[77.9957,14.5018],[77.9964,14.501],[77.9979,14.499],[77.9993,14.4921],[78.0,14.4894],[78.0013,14.4878],[78.0042,14.4868],[78.01,14.4796],[78.0212,14.4714],[78.0294,14.4653],[78.0378,14.4568],[78.0543,14.4425],[78.063,14.4347],[78.0756,14.427],[78.0807,14.424],[78.0828,14.4222],[78.084,14.4204],[78.0842,14.4183],[78.0849,14.4164],[78.0861,14.4146],[78.0926,14.4083],[78.0967,14.4037],[78.1075,14.392],[78.1102,14.3911],[78.1236,14.3856],[78.1342,14.3787],[78.1459,14.3725],[78.1579,14.3631],[78.165,14.3582],[78.1709,14.3541],[78.1742,14.3531],[78.1745,14.353],[78.1778,14.3526],[78.1811,14.3523],[78.1839,14.3517],[78.1866,14.3506],[78.1875,14.3495],[78.189,14.3477],[78.1929,14.3417],[78.2005,14.336],[78.2014,14.3354],[78.2066,14.3322],[78.2107,14.3311],[78.2138,14.3304],[78.2155,14.3295],[78.2176,14.3274],[78.2194,14.3251],[78.2203,14.3236],[78.2211,14.3218],[78.224,14.32],[78.2281,14.3167],[78.2315,14.3129],[78.2353,14.3115],[78.2404,14.3099],[78.2447,14.3079],[78.251,14.3055],[78.2543,14.3048],[78.2579,14.3043],[78.2606,14.3043],[78.2682,14.3044],[78.2748,14.3049],[78.2768,14.3043],[78.2776,14.3034],[78.2794,14.3021],[78.2814,14.2981],[78.2826,14.2952],[78.283,14.2936],[78.2841,14.2926],[78.2853,14.2919],[78.2874,14.2915],[78.2898,14.2916],[78.3016,14.2897],[78.3106,14.2897],[78.3158,14.2919],[78.3224,14.2926],[78.3294,14.2904],[78.3347,14.2885],[78.3372,14.2882],[78.3411,14.2883],[78.3438,14.2894],[78.3472,14.291],[78.3513,14.2911],[78.3553,14.2912],[78.3616,14.2885],[78.3662,14.2867],[78.3691,14.2862],[78.3765,14.2835],[78.3859,14.2794],[78.397,14.2759],[78.4066,14.2762],[78.4135,14.2769],[78.4158,14.2793],[78.419,14.2821],[78.4223,14.2777],[78.4242,14.2739],[78.4237,14.2699],[78.4228,14.2644],[78.4202,14.2566],[78.4173,14.2469],[78.414,14.2402],[78.4114,14.2342],[78.4089,14.2277],[78.4086,14.2227],[78.4061,14.2139],[78.4059,14.2021],[78.409,14.1995],[78.4129,14.1959],[78.4162,14.1942],[78.4196,14.194],[78.4221,14.1956],[78.4237,14.1976],[78.4263,14.1971],[78.4283,14.1959],[78.43,14.194],[78.4304,14.1919],[78.4297,14.189],[78.4298,14.1853],[78.4299,14.1817],[78.4283,14.1794],[78.426,14.1786],[78.4244,14.178],[78.4237,14.1762],[78.4227,14.1738],[78.4217,14.1718],[78.4203,14.1705],[78.4201,14.1689],[78.4201,14.1668],[78.4202,14.1594],[78.4201,14.1568],[78.422,14.1547],[78.4226,14.1536],[78.4226,14.1514],[78.4223,14.1496],[78.4246,14.1465],[78.425,14.1432],[78.4257,14.1413],[78.4263,14.1394],[78.4276,14.138],[78.4329,14.1369],[78.4366,14.1367],[78.4393,14.1354],[78.4414,14.1363],[78.4431,14.1367],[78.4455,14.1351],[78.4473,14.1328],[78.4484,14.1307],[78.4493,14.1286],[78.4504,14.1245],[78.4543,14.1141],[78.4553,14.112],[78.4589,14.1101],[78.4601,14.1085],[78.4601,14.1061],[78.4603,14.1028],[78.4599,14.1001],[78.4579,14.0909],[78.4567,14.0873],[78.4554,14.0848],[78.4536,14.0835],[78.4516,14.0833],[78.4496,14.0829],[78.4452,14.0829],[78.4432,14.0815],[78.4429,14.079],[78.4436,14.0768],[78.4453,14.0739],[78.446,14.072],[78.4459,14.0661],[78.4457,14.0604],[78.4462,14.0574],[78.447,14.0548],[78.4476,14.0526],[78.4471,14.051],[78.4458,14.049],[78.4408,14.0445],[78.4401,14.0422],[78.4407,14.0379],[78.441,14.0313],[78.4403,14.0213],[78.4406,14.018],[78.4416,14.016],[78.4433,14.0148],[78.4456,14.0138],[78.4517,14.0105],[78.4573,14.0084],[78.4614,14.0076],[78.466,14.0069],[78.4676,14.0061],[78.4678,14.0031],[78.4676,14.0012],[78.467,13.9985],[78.4665,13.9957],[78.4677,13.9915],[78.4604,13.9874],[78.4511,13.9829],[78.4431,13.9824],[78.44,13.9812],[78.435,13.9797],[78.4317,13.979],[78.4296,13.979],[78.4283,13.979],[78.4271,13.9789],[78.4258,13.9775],[78.4255,13.9766],[78.4253,13.9739],[78.4239,13.9693],[78.4229,13.9661],[78.4221,13.9646],[78.4202,13.9636],[78.4187,13.9629],[78.4169,13.9621],[78.4138,13.9613],[78.4105,13.9592],[78.4083,13.9583],[78.406,13.9566],[78.4037,13.9547],[78.401,13.9529],[78.3933,13.947],[78.3921,13.9447],[78.3899,13.9403],[78.3883,13.9387],[78.3863,13.9386],[78.3833,13.9386],[78.3811,13.939],[78.3786,13.9402],[78.3747,13.9424],[78.3734,13.9443],[78.3729,13.946],[78.3745,13.9487],[78.3749,13.9506],[78.3741,13.9526],[78.3732,13.9538],[78.3711,13.9548],[78.3693,13.955],[78.3681,13.9543],[78.3669,13.9524],[78.3657,13.9509],[78.3642,13.9492],[78.3629,13.9478],[78.3599,13.9454],[78.3536,13.9401],[78.3519,13.9387],[78.3508,13.9396],[78.3491,13.9399],[78.3481,13.9395],[78.3481,13.938],[78.3472,13.936],[78.3461,13.935],[78.3436,13.9348],[78.342,13.9348],[78.3389,13.9361],[78.3377,13.936],[78.3369,13.9343],[78.3365,13.9327],[78.3364,13.931],[78.3364,13.929],[78.3349,13.9246],[78.334,13.9225],[78.3333,13.9208],[78.3325,13.9193],[78.3306,13.9187],[78.3294,13.9195],[78.3284,13.9201],[78.3235,13.9218],[78.3204,13.9207],[78.3166,13.9193],[78.3149,13.9178],[78.3116,13.9155],[78.3085,13.9117],[78.3076,13.9093],[78.3065,13.9078],[78.3035,13.9076],[78.3016,13.9074],[78.3001,13.9066],[78.2988,13.9054],[78.2979,13.904],[78.2979,13.9027],[78.2979,13.9013],[78.2976,13.8978],[78.298,13.8956],[78.2976,13.8941],[78.2967,13.8932],[78.2953,13.8921],[78.2926,13.892],[78.2905,13.8922],[78.2884,13.8926],[78.2871,13.8932],[78.2839,13.8948],[78.2814,13.8962],[78.2785,13.8956],[78.2752,13.895],[78.2733,13.8947],[78.2736,13.8935],[78.2749,13.8931],[78.2763,13.8918],[78.2773,13.8903],[78.2763,13.8884],[78.2752,13.8873],[78.2747,13.8862],[78.2748,13.8817],[78.2735,13.8795],[78.2712,13.8781],[78.2701,13.8761],[78.2687,13.8737],[78.2681,13.8724],[78.269,13.8687],[78.2682,13.8672],[78.2657,13.8662],[78.2638,13.8658],[78.2634,13.8648],[78.2632,13.8631],[78.264,13.8623],[78.264,13.8612],[78.2643,13.86],[78.2647,13.8589],[78.2643,13.8578],[78.2629,13.8574],[78.2601,13.8581],[78.2589,13.858],[78.2587,13.8571],[78.2583,13.8562],[78.258,13.8549],[78.2574,13.8543],[78.2564,13.8539],[78.2533,13.8527],[78.2516,13.8525],[78.2497,13.852],[78.2483,13.8519],[78.2466,13.8515],[78.2449,13.8511],[78.2435,13.8509],[78.2426,13.8502],[78.242,13.8494],[78.2419,13.848],[78.2415,13.8461],[78.2418,13.8454],[78.2425,13.8448],[78.2436,13.8441],[78.2449,13.8435],[78.2466,13.8427],[78.2478,13.8419],[78.2489,13.8398],[78.2501,13.8386],[78.2516,13.8377],[78.2534,13.8371],[78.2561,13.8351],[78.2565,13.8335],[78.2561,13.8302],[78.2562,13.8269],[78.2568,13.8261],[78.2578,13.8237],[78.2569,13.8224],[78.2563,13.8212],[78.2556,13.8197],[78.2557,13.8119],[78.2555,13.8101],[78.2555,13.8088],[78.2552,13.807],[78.256,13.8057],[78.2567,13.8048],[78.2604,13.8007],[78.2621,13.7987],[78.2627,13.7977],[78.2628,13.796],[78.2625,13.7939],[78.2618,13.7923],[78.2608,13.7917],[78.2592,13.7916],[78.2574,13.7913],[78.2558,13.7911],[78.2544,13.7911],[78.2531,13.7911],[78.251,13.7904],[78.2486,13.7853],[78.2462,13.7832],[78.2419,13.7816],[78.2396,13.7806],[78.2381,13.7799],[78.2365,13.7797],[78.2303,13.7794],[78.2259,13.7798],[78.2204,13.7809],[78.2177,13.781],[78.2148,13.7811],[78.2118,13.7812],[78.2074,13.7813],[78.2057,13.7821],[78.2039,13.7834],[78.2019,13.7843],[78.1997,13.7847],[78.198,13.7848],[78.1927,13.7858],[78.1899,13.7865],[78.1871,13.7872],[78.1849,13.7873],[78.178,13.7859],[78.1731,13.7854],[78.1668,13.7838],[78.1637,13.7835],[78.1611,13.7843],[78.1591,13.7847],[78.1568,13.7847],[78.1515,13.7845],[78.1495,13.7829],[78.1472,13.7811],[78.1439,13.7805],[78.1397,13.781],[78.1358,13.782],[78.1332,13.7827],[78.1288,13.7848],[78.1292,13.7858],[78.1263,13.7897],[78.1243,13.7977],[78.1219,13.8005],[78.1194,13.8035],[78.1172,13.806],[78.1158,13.8072],[78.1155,13.8078],[78.1158,13.8096],[78.1165,13.8121],[78.1195,13.8178],[78.1219,13.8223],[78.1252,13.8278],[78.1261,13.8302],[78.1255,13.8332],[78.1242,13.8363],[78.1232,13.8378],[78.124,13.8408],[78.1247,13.8435],[78.1244,13.8448],[78.123,13.8459],[78.1214,13.8474],[78.1191,13.8501],[78.1178,13.8518],[78.1174,13.8541],[78.1171,13.8567],[78.1167,13.8603],[78.1181,13.8612],[78.1161,13.8625],[78.1137,13.8623],[78.1084,13.862],[78.1044,13.8614],[78.1024,13.8613],[78.1005,13.8617],[78.0987,13.8625],[78.0964,13.8637],[78.0946,13.8637],[78.0927,13.8636],[78.0896,13.8626],[78.0871,13.8613],[78.0856,13.861],[78.0846,13.8616],[78.0839,13.8627],[78.0826,13.8651],[78.0821,13.8686],[78.0821,13.8727],[78.0815,13.8747],[78.0806,13.8776],[78.0801,13.8801],[78.0793,13.8813],[78.0774,13.8821],[78.0757,13.8829],[78.0743,13.8833],[78.0707,13.8845],[78.0672,13.886],[78.0649,13.8873],[78.0634,13.8889],[78.0629,13.8902],[78.0616,13.8919],[78.0568,13.8932],[78.0547,13.8943],[78.0524,13.8953],[78.051,13.8952],[78.0506,13.8942],[78.0506,13.8925],[78.0506,13.891],[78.0511,13.8889],[78.0519,13.8861],[78.0522,13.8829],[78.0523,13.8787],[78.0521,13.874],[78.0516,13.8714],[78.0499,13.8687],[78.0489,13.8665],[78.0481,13.8636],[78.0475,13.8617],[78.0459,13.8606],[78.0438,13.86],[78.0425,13.8598],[78.0413,13.8602],[78.0393,13.8614],[78.034,13.8629],[78.0294,13.863],[78.0238,13.8631],[78.0207,13.8636],[78.0181,13.8648],[78.0166,13.8668],[78.0155,13.8689],[78.014,13.8704],[78.011,13.8708],[78.0079,13.872],[78.0048,13.8714],[78.003,13.872],[78.0023,13.8717],[78.0015,13.8705],[78.0009,13.8691],[78.0001,13.8685],[77.9982,13.8687],[77.9961,13.8686],[77.9944,13.8681],[77.9935,13.8669],[77.9932,13.8653],[77.9926,13.863],[77.9908,13.86],[77.9898,13.8575],[77.9896,13.8556],[77.9892,13.8538],[77.9867,13.8503],[77.984,13.846],[77.9809,13.8394],[77.98,13.8366],[77.9791,13.8323],[77.9785,13.8298],[77.978,13.8289],[77.9775,13.8288],[77.9753,13.8285],[77.9708,13.8283],[77.9652,13.8287],[77.9611,13.8286],[77.9572,13.8271],[77.9543,13.8262],[77.954,13.828],[77.9553,13.8286],[77.9561,13.8297],[77.9572,13.8303],[77.9579,13.8314],[77.9578,13.8346],[77.9569,13.8365],[77.9562,13.8379],[77.956,13.8396],[77.956,13.8417],[77.9558,13.8482],[77.9558,13.8531],[77.9544,13.8577],[77.9531,13.8623],[77.9516,13.8675],[77.9505,13.8719],[77.9498,13.8772],[77.9502,13.8824],[77.9506,13.8856],[77.9522,13.887],[77.9541,13.8886],[77.957,13.8902],[77.96,13.8911],[77.9615,13.8914],[77.9673,13.893],[77.9724,13.8939],[77.9776,13.8951],[77.9826,13.8953],[77.9855,13.8957],[77.9867,13.8976],[77.9879,13.8998],[77.9885,13.9021],[77.9878,13.9025],[77.9862,13.9031],[77.9855,13.9039],[77.985,13.9051],[77.9851,13.9069],[77.9853,13.911],[77.9846,13.9161],[77.9842,13.9195],[77.9837,13.9227],[77.9826,13.9246],[77.982,13.9257],[77.9819,13.9267],[77.9822,13.9289],[77.9839,13.9361],[77.9851,13.9406],[77.987,13.9484],[77.9878,13.9515],[77.9889,13.9538],[77.9876,13.9546],[77.986,13.9554],[77.9839,13.9568],[77.9817,13.9572],[77.977,13.958],[77.9743,13.9585],[77.972,13.9594],[77.9692,13.9593],[77.9669,13.9555],[77.9661,13.9543],[77.965,13.9539],[77.9639,13.9531],[77.9635,13.9512],[77.9633,13.9495],[77.9621,13.944],[77.9615,13.9406],[77.9611,13.9384],[77.9604,13.9371],[77.9593,13.9358],[77.9586,13.9357],[77.9564,13.9375],[77.954,13.9366],[77.9512,13.9355],[77.9486,13.9343],[77.9476,13.9332],[77.9468,13.9311],[77.9454,13.9283],[77.9418,13.9222],[77.9363,13.9141],[77.9305,13.9069],[77.9291,13.9046],[77.9277,13.9043],[77.9261,13.9044],[77.921,13.9054],[77.9187,13.906],[77.9157,13.9074],[77.9103,13.9119],[77.9071,13.9152],[77.9043,13.9155],[77.9016,13.9153],[77.8995,13.9174],[77.8981,13.919],[77.8973,13.9212],[77.897,13.9246],[77.8978,13.9252],[77.8996,13.9273],[77.9003,13.9286],[77.9003,13.9302],[77.8998,13.932],[77.8991,13.9361],[77.8983,13.9379],[77.8975,13.9399],[77.8947,13.9391],[77.8927,13.9389],[77.8881,13.9383],[77.8828,13.9369],[77.877,13.9358],[77.8717,13.9354],[77.8667,13.9349],[77.8634,13.9354],[77.8593,13.9363],[77.8563,13.937],[77.8534,13.9364],[77.8491,13.9355],[77.8438,13.9349],[77.8405,13.9347],[77.8387,13.9354],[77.8366,13.9368],[77.8331,13.9386],[77.8313,13.9404],[77.8305,13.9423],[77.8289,13.9431],[77.8285,13.9433],[77.8267,13.9408],[77.8254,13.9392],[77.8209,13.9351],[77.8174,13.9331],[77.8168,13.9312],[77.816,13.9282],[77.8152,13.9257],[77.8151,13.9203],[77.8151,13.9175],[77.815,13.9156],[77.8149,13.9142],[77.8161,13.9113],[77.8187,13.9076],[77.8184,13.9054],[77.8175,13.9039],[77.8177,13.9023],[77.8195,13.9008],[77.8214,13.8988],[77.826,13.8984],[77.8281,13.8983],[77.8316,13.897],[77.8339,13.8951],[77.8337,13.8924],[77.8353,13.8878],[77.8363,13.8837],[77.8375,13.88],[77.835,13.8782],[77.8334,13.8774],[77.8322,13.8763],[77.8293,13.8754],[77.8292,13.8741],[77.8292,13.873],[77.8303,13.8723],[77.8317,13.8718],[77.833,13.8714],[77.8363,13.87],[77.8385,13.8686],[77.8371,13.8675],[77.8362,13.8664],[77.8338,13.865],[77.8317,13.864],[77.8278,13.8634],[77.8254,13.8635],[77.8233,13.8631],[77.8218,13.862],[77.8186,13.8598],[77.8156,13.8548],[77.8152,13.8522],[77.8141,13.8493],[77.8133,13.8482],[77.8117,13.8485],[77.8104,13.8487],[77.8096,13.8495],[77.8035,13.8489],[77.801,13.8483],[77.7989,13.8477],[77.7965,13.8476],[77.7925,13.8474],[77.7884,13.8456],[77.7852,13.8435],[77.784,13.843],[77.784,13.8408],[77.7838,13.8381],[77.7851,13.8361],[77.786,13.8334],[77.7885,13.8313],[77.7906,13.8295],[77.7902,13.8254],[77.7903,13.8232],[77.7904,13.8219],[77.787,13.82],[77.785,13.8187],[77.7823,13.817],[77.7782,13.8165],[77.772,13.8159],[77.7651,13.8154],[77.7579,13.813],[77.7537,13.8109],[77.7509,13.8092],[77.7491,13.809],[77.7472,13.809],[77.7462,13.8094],[77.7448,13.8106],[77.7424,13.8112],[77.7407,13.8107],[77.737,13.8087],[77.7333,13.8067],[77.7323,13.8042],[77.7317,13.8012],[77.7298,13.8004],[77.728,13.7996],[77.7263,13.7996],[77.7237,13.7997],[77.7221,13.7994],[77.7209,13.7989],[77.7218,13.797],[77.7225,13.7957],[77.7228,13.7947],[77.7232,13.7904],[77.7225,13.7877],[77.721,13.7856],[77.7202,13.7831],[77.7218,13.7779],[77.7209,13.7742],[77.7216,13.7724],[77.7228,13.77],[77.7237,13.7684],[77.7247,13.7685],[77.7196,13.7647],[77.7197,13.7617],[77.7194,13.7573],[77.7191,13.7536],[77.7182,13.7517],[77.7182,13.7498],[77.7179,13.7473],[77.7175,13.743],[77.7167,13.7428],[77.7141,13.7433],[77.7127,13.7421],[77.7109,13.7411],[77.7097,13.7411],[77.7091,13.7419],[77.7079,13.7451],[77.7074,13.7484],[77.7062,13.752],[77.7058,13.7559],[77.7043,13.7631],[77.7042,13.7664],[77.7031,13.7691],[77.7007,13.7697],[77.6982,13.7702],[77.6962,13.7699],[77.6934,13.7689],[77.6885,13.7671],[77.6851,13.7644],[77.6789,13.7618],[77.6749,13.7607],[77.673,13.7609],[77.6778,13.7674],[77.6795,13.7731],[77.6811,13.7794],[77.6803,13.7833],[77.6793,13.7858],[77.6694,13.7839],[77.6592,13.7853],[77.6518,13.7841],[77.6453,13.7784],[77.6292,13.7721],[77.6242,13.7697],[77.6209,13.7681],[77.6176,13.7624],[77.6186,13.7556],[77.6213,13.754],[77.6245,13.7529],[77.6296,13.7533],[77.6365,13.7492],[77.6423,13.7487],[77.6426,13.7452],[77.6413,13.7421],[77.6373,13.7396],[77.6328,13.7395],[77.6309,13.7356],[77.6267,13.7345],[77.6244,13.7357],[77.621,13.7407],[77.6183,13.746],[77.6131,13.752],[77.6044,13.7509],[77.5996,13.7507],[77.5962,13.7484],[77.5916,13.7414],[77.5867,13.7334],[77.5821,13.7339],[77.5777,13.7377],[77.5714,13.7381],[77.5663,13.7288],[77.5646,13.7257],[77.5614,13.7224],[77.5588,13.7232],[77.5566,13.7277],[77.5537,13.7358],[77.5492,13.7413],[77.5482,13.7509],[77.5439,13.7553],[77.5309,13.7554],[77.5255,13.7535],[77.523,13.7488],[77.5224,13.7451],[77.5236,13.7442],[77.5307,13.7379],[77.5353,13.7321],[77.5349,13.7265],[77.5341,13.7075],[77.5303,13.6951],[77.5249,13.6913],[77.521,13.6929],[77.5135,13.6976],[77.5142,13.7092],[77.5141,13.7131],[77.4911,13.7151],[77.4842,13.715],[77.4848,13.711],[77.4862,13.7061],[77.4873,13.6991],[77.4909,13.695],[77.4911,13.6897],[77.4868,13.686],[77.4701,13.6861],[77.4615,13.6842],[77.4554,13.6827],[77.4527,13.7025],[77.4499,13.7105],[77.4645,13.7111],[77.4648,13.7194],[77.4637,13.73],[77.466,13.7417],[77.468,13.751],[77.4699,13.758],[77.4653,13.7591],[77.4652,13.7599],[77.4605,13.7792],[77.4606,13.7892],[77.4566,13.7895],[77.4589,13.7972],[77.4602,13.8022],[77.4652,13.8037],[77.4645,13.8077],[77.4544,13.8092],[77.4465,13.811],[77.4408,13.8068],[77.4374,13.7967],[77.4247,13.7975],[77.4229,13.8],[77.4252,13.8027],[77.4283,13.8037],[77.4269,13.8064],[77.4231,13.8091],[77.4196,13.8087],[77.4166,13.8059],[77.4161,13.8091],[77.4241,13.824],[77.4284,13.8292],[77.4272,13.8321],[77.4318,13.8379],[77.4322,13.8416],[77.4157,13.8394],[77.4001,13.8416],[77.3872,13.8385],[77.3785,13.8403],[77.3809,13.8439],[77.3809,13.8447],[77.3787,13.8502],[77.3733,13.8529],[77.3667,13.8537],[77.3598,13.8537],[77.3453,13.841],[77.3376,13.8337],[77.3258,13.8335],[77.324,13.8415],[77.3224,13.8451],[77.3208,13.8558],[77.3163,13.8634],[77.3116,13.8662],[77.3094,13.8633],[77.3058,13.8626],[77.2947,13.857],[77.289,13.8475],[77.28,13.8509],[77.2678,13.8477],[77.2606,13.8467],[77.2583,13.8461],[77.2566,13.8498],[77.2586,13.8587],[77.2587,13.8644],[77.2526,13.8652],[77.2474,13.8679],[77.2485,13.8724],[77.2468,13.8796],[77.2446,13.8822],[77.2476,13.8887],[77.2483,13.9001],[77.2451,13.9033],[77.2418,13.9014],[77.2365,13.9012],[77.2356,13.9042],[77.2303,13.9031],[77.2294,13.8982],[77.2299,13.8917],[77.2258,13.8838],[77.219,13.8679],[77.2153,13.8684],[77.216,13.8782],[77.2175,13.8826],[77.2161,13.886],[77.2133,13.8863],[77.21,13.8849],[77.2088,13.8777],[77.2033,13.8685],[77.2002,13.8632],[77.1816,13.8702],[77.1851,13.8761],[77.1852,13.8893],[77.19,13.9081],[77.1891,13.9122],[77.1867,13.9171],[77.1847,13.9241],[77.1698,13.9221],[77.1673,13.9152],[77.1611,13.9061],[77.1612,13.8995],[77.1613,13.8979],[77.1684,13.8894],[77.1711,13.8717],[77.1682,13.8653],[77.1554,13.8674],[77.1476,13.8685],[77.1364,13.8576],[77.1283,13.8566],[77.1318,13.8463],[77.1417,13.8465],[77.1489,13.8456],[77.1545,13.8447],[77.1544,13.8411],[77.1529,13.8351],[77.1608,13.8332],[77.165,13.8335],[77.1689,13.8292],[77.169,13.8284],[77.1652,13.819],[77.1596,13.8167],[77.1629,13.8123],[77.1615,13.8087],[77.1576,13.8064],[77.1608,13.804],[77.1631,13.7986],[77.1658,13.7919],[77.1747,13.784],[77.1787,13.782],[77.175,13.7713],[77.173,13.7627],[77.1587,13.7634],[77.1514,13.7667],[77.1414,13.7653],[77.1385,13.7597],[77.1364,13.7585],[77.1218,13.7608],[77.1156,13.7652],[77.1031,13.7676],[77.1028,13.7676],[77.0946,13.7666],[77.0903,13.7671],[77.09,13.7627],[77.0851,13.7625],[77.0846,13.7584],[77.083,13.7539],[77.0851,13.7426],[77.0762,13.7427],[77.0698,13.7455],[77.0652,13.744],[77.0608,13.7478],[77.0592,13.7534],[77.0583,13.7594],[77.0556,13.761],[77.0505,13.7683],[77.0471,13.7709],[77.0442,13.7707],[77.0429,13.7761],[77.0406,13.7783],[77.0244,13.7792],[77.0246,13.7757],[77.0176,13.7566],[77.0187,13.7512],[77.0156,13.7462],[77.0162,13.7392],[77.0141,13.7388],[77.0,13.7448],[76.9863,13.788],[76.9856,13.7918],[76.9892,13.7949],[76.9918,13.8034],[76.9909,13.8096],[76.9878,13.8144],[76.9823,13.817],[76.9764,13.8187],[76.9781,13.8273],[76.9865,13.8325],[76.9911,13.8396],[76.9919,13.8484],[76.9984,13.8494],[77.0048,13.8517],[77.0083,13.8536],[77.0113,13.8582],[77.0142,13.8602],[77.0131,13.8675],[77.0132,13.8716],[77.0183,13.8727],[77.0164,13.8844],[77.0193,13.8869],[77.0207,13.8893],[77.0206,13.8926],[77.023,13.8974],[77.0228,13.9025],[77.0295,13.9048],[77.0345,13.9056],[77.0399,13.9056],[77.047,13.9065],[77.0438,13.9153],[77.0418,13.9272],[77.0414,13.9288],[77.0408,13.9347],[77.0316,13.9383],[77.0243,13.9408],[77.0163,13.9527],[76.9957,13.9611],[76.9954,13.9695],[76.9982,13.9826],[76.9989,13.9908],[76.9674,14.0096],[76.9531,14.0122],[76.9432,14.0292],[76.9373,14.0315],[76.9332,14.0301],[76.9335,14.0517],[76.9712,14.0585],[76.9756,14.065],[76.9788,14.07],[76.9746,14.0805],[76.9706,14.0859],[76.9608,14.0912],[76.949,14.0919],[76.9531,14.1006],[76.9477,14.1121],[76.9448,14.1204],[76.937,14.1245],[76.9352,14.1297],[76.9299,14.1327],[76.9251,14.1372],[76.9167,14.1287],[76.909,14.1305],[76.9021,14.1348],[76.8913,14.1358],[76.8883,14.1365],[76.8882,14.1378],[76.892,14.1541],[76.8937,14.1658],[76.8964,14.1685],[76.9128,14.1679],[76.9192,14.1646],[76.922,14.1698],[76.9357,14.1724],[76.9421,14.1735],[76.9421,14.1817],[76.9441,14.1865],[76.9422,14.196],[76.9473,14.1986],[76.9477,14.1955],[76.9586,14.1873],[76.959,14.1826],[76.9702,14.1828],[76.9824,14.1787],[77.0081,14.1829],[77.0233,14.176],[77.0247,14.1726],[77.0215,14.1543],[77.0202,14.1317],[77.024,14.1298],[77.0256,14.1251],[77.0204,14.1232],[77.0231,14.1159],[77.022,14.1131],[77.0166,14.1058],[77.0146,14.101],[77.0193,14.0947],[77.0268,14.0913],[77.0286,14.0855],[77.0285,14.0763],[77.0259,14.0711],[77.0239,14.067],[77.0302,14.0571],[77.0462,14.0568],[77.057,14.0539],[77.0739,14.0526],[77.0744,14.0455],[77.0776,14.0431],[77.0856,14.0432],[77.0936,14.0438],[77.1265,14.0465],[77.131,14.0445],[77.1361,14.0228],[77.1415,14.0149],[77.1404,14.0037],[77.1498,14.0014],[77.1703,14.0011],[77.1727,14.0018],[77.1716,14.0131],[77.1751,14.0133],[77.1883,14.0103],[77.1988,14.0091],[77.2056,14.0085],[77.2087,14.0112],[77.2161,14.0108],[77.2202,14.0137],[77.242,14.0124],[77.245,14.0116],[77.2478,14.0181],[77.2549,14.0212],[77.2605,14.0287],[77.2664,14.0318],[77.27,14.0345],[77.2773,14.0348],[77.2791,14.0294],[77.278,14.0217],[77.2747,14.0118],[77.2802,14.0129],[77.2844,14.0144],[77.2959,14.0217],[77.3011,14.026],[77.3048,14.0314],[77.3092,14.0329],[77.3212,14.0301],[77.323,14.0227],[77.3294,14.0133],[77.3356,14.0066],[77.3369,13.9955],[77.3496,13.9942],[77.3598,13.9911],[77.3547,13.9787],[77.3523,13.966],[77.3507,13.9583],[77.3705,13.9528],[77.3538,13.9294],[77.3475,13.916],[77.3527,13.9101],[77.3579,13.9027],[77.3862,13.9058],[77.3935,13.9054],[77.3977,13.9045],[77.3993,13.8885],[77.4059,13.8894],[77.4099,13.8966],[77.4208,13.8992],[77.4228,13.9033],[77.4279,13.9062],[77.4287,13.9098],[77.4343,13.913],[77.4344,13.9193],[77.4251,13.9219],[77.4157,13.9245],[77.4145,13.9381],[77.4127,13.9456],[77.4242,13.9461],[77.4332,13.9458],[77.4355,13.9479],[77.4371,13.9523],[77.4354,13.9632],[77.4351,13.9652],[77.4375,13.9739],[77.4349,13.9786],[77.4339,13.9815],[77.4312,13.9831],[77.4272,13.9829],[77.4233,13.9847],[77.3948,13.9841],[77.3824,13.9748],[77.3797,13.985],[77.3801,13.9906],[77.3887,14.0073],[77.3898,14.0164],[77.3863,14.0151],[77.3555,14.0238],[77.3326,14.0304],[77.3351,14.0462],[77.3391,14.0565],[77.3409,14.0599],[77.3457,14.0595],[77.3497,14.0612],[77.353,14.0618],[77.3565,14.0631],[77.36,14.0623],[77.3638,14.073],[77.372,14.0763],[77.3763,14.081],[77.3785,14.088],[77.3801,14.0926],[77.3814,14.0978],[77.3857,14.0975],[77.3892,14.1],[77.3938,14.1052],[77.3982,14.1106],[77.4014,14.1202],[77.3974,14.1257],[77.3926,14.1266],[77.3873,14.1255],[77.3803,14.1222],[77.3744,14.1184],[77.3657,14.1163],[77.3568,14.1121],[77.3526,14.1078],[77.3498,14.1034],[77.3469,14.1041],[77.3473,14.1063],[77.3505,14.1201],[77.3505,14.1279],[77.3514,14.1312],[77.36,14.1306],[77.3711,14.1343],[77.3789,14.1359],[77.3811,14.1396],[77.3826,14.1432],[77.3841,14.1475],[77.385,14.1533],[77.3879,14.1537],[77.3891,14.1569],[77.3892,14.1597],[77.3927,14.16],[77.3949,14.1608],[77.3954,14.1661],[77.3946,14.1688],[77.3917,14.1728],[77.394,14.1744],[77.4,14.1742],[77.404,14.1733],[77.4094,14.1737],[77.4145,14.1755],[77.4167,14.1766],[77.4204,14.1771],[77.4227,14.177],[77.4228,14.1735],[77.4264,14.1725],[77.4302,14.171],[77.4484,14.1715],[77.4569,14.1699],[77.4668,14.1717],[77.4673,14.1656],[77.4736,14.1652],[77.4811,14.1651],[77.5033,14.1572],[77.5089,14.1692],[77.5144,14.1793],[77.5155,14.1835],[77.5162,14.1858],[77.5124,14.1874],[77.504,14.1953],[77.5013,14.2117],[77.4936,14.224],[77.4957,14.2304],[77.4954,14.2375],[77.4956,14.2411],[77.4966,14.2441],[77.5009,14.2548],[77.5024,14.2603],[77.5011,14.2622],[77.5025,14.2638],[77.5019,14.2666],[77.5007,14.2693],[77.4982,14.2754],[77.4969,14.2798],[77.4917,14.2789],[77.4894,14.282],[77.4857,14.2825],[77.4833,14.2888],[77.4816,14.2917],[77.4778,14.2929],[77.4732,14.2902],[77.4627,14.2828],[77.4565,14.2806],[77.4501,14.2814],[77.4469,14.2839],[77.4442,14.2944],[77.4451,14.3136],[77.4449,14.3181],[77.4382,14.3174],[77.4331,14.3146],[77.4304,14.3133],[77.429,14.3145],[77.4273,14.3235],[77.4277,14.3271],[77.4267,14.3295],[77.4169,14.3321],[77.411,14.3367],[77.407,14.3384],[77.4021,14.3382],[77.3976,14.3372],[77.393,14.3372],[77.3915,14.3358],[77.3891,14.3345],[77.3872,14.3332],[77.3856,14.3298],[77.3814,14.327],[77.3776,14.3234],[77.3762,14.3212],[77.3761,14.3187],[77.3767,14.3147],[77.3765,14.3131],[77.3765,14.311],[77.3758,14.3081],[77.3762,14.3067],[77.3759,14.3045],[77.3769,14.3028],[77.3775,14.3007],[77.3787,14.2993],[77.3798,14.2991],[77.3811,14.299],[77.3836,14.294],[77.3854,14.2827],[77.3876,14.2813],[77.3877,14.2804],[77.3879,14.2785],[77.3872,14.2768],[77.3862,14.2749],[77.3859,14.2717],[77.3872,14.2704],[77.3876,14.2699],[77.3878,14.2696],[77.3882,14.2694],[77.3887,14.2693],[77.3893,14.2691],[77.3909,14.2689],[77.3924,14.2681],[77.3932,14.2676],[77.3942,14.2671],[77.3945,14.2668],[77.3949,14.2665],[77.3952,14.2663],[77.3964,14.2661],[77.3978,14.2659],[77.3996,14.2659],[77.4042,14.2661],[77.4051,14.2623],[77.4057,14.2603],[77.4072,14.2545],[77.4078,14.251],[77.4077,14.2498],[77.4079,14.2491],[77.4076,14.2468],[77.408,14.2431],[77.408,14.2347],[77.4083,14.2329],[77.4084,14.2324],[77.4088,14.2319],[77.4092,14.2317],[77.41,14.2316],[77.4102,14.2314],[77.4108,14.2282],[77.4113,14.2275],[77.4122,14.2268],[77.4143,14.2257],[77.4156,14.2254],[77.4166,14.2253],[77.4165,14.2246],[77.4162,14.2226],[77.4173,14.2176],[77.418,14.2122],[77.4166,14.2101],[77.4128,14.2058],[77.4091,14.2064],[77.3995,14.2038],[77.3915,14.1995],[77.3878,14.2021],[77.3869,14.2035],[77.3854,14.2051],[77.3833,14.2074],[77.3832,14.2085],[77.3832,14.2091],[77.3839,14.2177],[77.3833,14.2217],[77.3759,14.2289],[77.3639,14.2347],[77.3582,14.2353],[77.3582,14.2438],[77.3626,14.2551],[77.362,14.2773],[77.3568,14.2777],[77.3563,14.2835],[77.3562,14.286],[77.3566,14.2892],[77.3567,14.2922],[77.3559,14.2948],[77.3548,14.2967],[77.3515,14.2983],[77.3498,14.2995],[77.3495,14.3022],[77.3496,14.3088],[77.3477,14.3095],[77.3458,14.3084],[77.3456,14.3067],[77.3454,14.3033],[77.3435,14.303],[77.3418,14.3034],[77.3413,14.3059],[77.3341,14.3056],[77.3336,14.3103],[77.3321,14.3108],[77.3286,14.3105],[77.3248,14.311],[77.3209,14.3121],[77.3197,14.3153],[77.3192,14.3196],[77.319,14.323],[77.318,14.3265],[77.3173,14.3348],[77.3216,14.3364],[77.3249,14.3386],[77.3267,14.3396],[77.3282,14.3417],[77.3281,14.3437],[77.3261,14.3457],[77.3263,14.3479],[77.3299,14.3502],[77.3307,14.3543],[77.3302,14.3573],[77.3279,14.3595],[77.3256,14.3624],[77.3252,14.3665],[77.3223,14.3701],[77.319,14.3694],[77.3162,14.3705],[77.3186,14.3738],[77.3197,14.3781]]]}},{"type":"Feature","properties":{"district":"Bapatla","district_hi":"बापटला"},"geometry":{"type":"Polygon","coordinates":[[[80.9028,15.9753],[80.9061,15.9706],[80.9098,15.9622],[80.9101,15.9555],[80.9034,15.9383],[80.9028,15.9301],[80.9024,15.9191],[80.8998,15.9097],[80.8978,15.8983],[80.898,15.8842],[80.8896,15.8729],[80.8739,15.8471],[80.8648,15.8333],[80.8569,15.8185],[80.8545,15.8005],[80.8486,15.7842],[80.8346,15.7545],[80.8322,15.7396],[80.8331,15.7182],[80.8308,15.7138],[80.8278,15.7141],[80.8264,15.7143],[80.8252,15.7143],[80.8246,15.7146],[80.8243,15.7148],[80.8231,15.7158],[80.8205,15.7182],[80.8175,15.7208],[80.8163,15.7222],[80.8147,15.7249],[80.8137,15.7287],[80.8128,15.7306],[80.8121,15.7316],[80.811,15.7324],[80.8094,15.7338],[80.8081,15.7351],[80.8066,15.7359],[80.8037,15.7376],[80.8023,15.7385],[80.8004,15.7398],[80.798,15.742],[80.7967,15.7434],[80.7961,15.744],[80.7958,15.7444],[80.7953,15.7455],[80.7952,15.7456],[80.7951,15.7461],[80.795,15.7463],[80.7945,15.7472],[80.7943,15.7476],[80.7939,15.7485],[80.7937,15.7491],[80.7932,15.7502],[80.7931,15.7505],[80.793,15.7507],[80.793,15.751],[80.793,15.7512],[80.7926,15.752],[80.7923,15.7526],[80.7919,15.7534],[80.7917,15.7538],[80.7913,15.7545],[80.7912,15.7549],[80.7911,15.7555],[80.7911,15.7559],[80.791,15.7561],[80.7907,15.7565],[80.7905,15.7569],[80.7901,15.7578],[80.7898,15.7586],[80.7895,15.7596],[80.7894,15.7603],[80.7893,15.7611],[80.789,15.7623],[80.7887,15.7628],[80.7882,15.7639],[80.7879,15.7648],[80.7876,15.7658],[80.7873,15.7666],[80.787,15.7671],[80.7865,15.7677],[80.786,15.7683],[80.7857,15.7687],[80.7853,15.7694],[80.7847,15.7701],[80.7838,15.7713],[80.7827,15.7726],[80.7814,15.7745],[80.7803,15.7764],[80.78,15.7771],[80.7796,15.778],[80.779,15.7797],[80.7785,15.7812],[80.7784,15.7817],[80.7778,15.7832],[80.7771,15.7847],[80.7765,15.7857],[80.7758,15.7871],[80.7752,15.789],[80.7749,15.79],[80.7749,15.7906],[80.7749,15.7918],[80.7749,15.792],[80.7748,15.7924],[80.774,15.7946],[80.7729,15.7988],[80.7726,15.7999],[80.7724,15.8008],[80.7725,15.8014],[80.7728,15.8037],[80.7729,15.8041],[80.7734,15.8054],[80.7738,15.8056],[80.7743,15.8056],[80.7748,15.8051],[80.7745,15.804],[80.7743,15.8024],[80.7745,15.8016],[80.7753,15.8003],[80.7766,15.7978],[80.7783,15.7966],[80.7808,15.7954],[80.7821,15.7933],[80.7829,15.7895],[80.7837,15.7859],[80.7864,15.7806],[80.789,15.7729],[80.792,15.7602],[80.7943,15.7588],[80.7956,15.7569],[80.7961,15.7546],[80.797,15.7535],[80.7977,15.7531],[80.7992,15.7532],[80.7996,15.7527],[80.8,15.7519],[80.8011,15.746],[80.8049,15.7416],[80.807,15.7406],[80.8114,15.7396],[80.8129,15.7399],[80.8149,15.7411],[80.816,15.7418],[80.8152,15.7435],[80.8147,15.7437],[80.8143,15.7442],[80.8135,15.7467],[80.8127,15.7502],[80.8124,15.7511],[80.8125,15.7538],[80.8121,15.7571],[80.8121,15.7588],[80.812,15.7599],[80.8112,15.7635],[80.8106,15.7654],[80.8087,15.7683],[80.8073,15.7708],[80.8061,15.7739],[80.8056,15.7768],[80.8046,15.7798],[80.8041,15.7814],[80.8041,15.7829],[80.8041,15.785],[80.8032,15.7864],[80.8026,15.7875],[80.8018,15.7897],[80.8001,15.7933],[80.7986,15.7968],[80.7969,15.8026],[80.7961,15.8057],[80.7956,15.8088],[80.7956,15.8117],[80.7956,15.8146],[80.7967,15.8151],[80.7992,15.8171],[80.8002,15.8172],[80.8019,15.8165],[80.8032,15.8162],[80.8042,15.8157],[80.8051,15.8153],[80.8062,15.815],[80.8087,15.8152],[80.8098,15.8158],[80.8104,15.817],[80.8105,15.8204],[80.8107,15.8215],[80.8114,15.8241],[80.8123,15.8287],[80.8121,15.8314],[80.8115,15.8334],[80.8093,15.8375],[80.8071,15.8403],[80.8056,15.8422],[80.802,15.846],[80.801,15.8467],[80.7997,15.847],[80.7976,15.847],[80.7953,15.8459],[80.7938,15.8452],[80.792,15.8432],[80.7912,15.841],[80.7909,15.8407],[80.7907,15.8405],[80.7903,15.8403],[80.79,15.8404],[80.7893,15.8408],[80.7889,15.8412],[80.788,15.8419],[80.7874,15.8428],[80.7873,15.8431],[80.7873,15.8433],[80.7874,15.8434],[80.7877,15.8436],[80.7877,15.8437],[80.7877,15.8439],[80.7876,15.8441],[80.7874,15.8443],[80.7873,15.8444],[80.7869,15.8447],[80.7866,15.8452],[80.7864,15.8454],[80.7861,15.8459],[80.7858,15.8465],[80.7849,15.8471],[80.7844,15.8475],[80.7835,15.8484],[80.783,15.8488],[80.7829,15.8489],[80.7826,15.8494],[80.7819,15.85],[80.7814,15.8505],[80.7811,15.8508],[80.7809,15.851],[80.7805,15.8516],[80.7802,15.8519],[80.78,15.8521],[80.7796,15.8524],[80.7787,15.8532],[80.778,15.8537],[80.7773,15.8542],[80.7766,15.8547],[80.7758,15.8553],[80.7753,15.8556],[80.7749,15.8559],[80.7741,15.8564],[80.7737,15.8567],[80.7728,15.8572],[80.7718,15.8578],[80.7706,15.8585],[80.7697,15.859],[80.7689,15.8594],[80.7687,15.8595],[80.7686,15.8597],[80.7685,15.8598],[80.7671,15.8605],[80.7668,15.8607],[80.7664,15.8608],[80.7654,15.8613],[80.7642,15.8619],[80.7625,15.8627],[80.7602,15.8638],[80.7581,15.8648],[80.7575,15.8651],[80.7558,15.8662],[80.7557,15.8664],[80.7557,15.8666],[80.7558,15.8672],[80.7559,15.8674],[80.7559,15.8677],[80.7558,15.8678],[80.7556,15.868],[80.7555,15.8681],[80.7551,15.8683],[80.7546,15.8685],[80.754,15.8687],[80.7533,15.8689],[80.7528,15.8688],[80.7524,15.8689],[80.7523,15.8691],[80.7521,15.8693],[80.7519,15.8694],[80.7511,15.8698],[80.7504,15.8701],[80.7495,15.8704],[80.7487,15.8707],[80.7478,15.8711],[80.7469,15.8715],[80.746,15.8718],[80.7452,15.8721],[80.7441,15.8724],[80.7432,15.8728],[80.7418,15.8732],[80.7408,15.8735],[80.7396,15.8739],[80.737,15.8747],[80.7354,15.8752],[80.7345,15.8754],[80.7333,15.8758],[80.7325,15.876],[80.7318,15.8762],[80.7302,15.8766],[80.7289,15.8769],[80.7282,15.877],[80.728,15.877],[80.7278,15.877],[80.7277,15.877],[80.7268,15.8772],[80.7262,15.8774],[80.7257,15.8774],[80.7252,15.8776],[80.7243,15.8777],[80.7232,15.8779],[80.7214,15.8781],[80.7209,15.8782],[80.7194,15.8784],[80.7179,15.8786],[80.7161,15.8789],[80.7147,15.8791],[80.7134,15.8792],[80.7109,15.8795],[80.7093,15.8797],[80.7069,15.8799],[80.705,15.8801],[80.7019,15.8804],[80.7,15.8806],[80.6991,15.8806],[80.6976,15.8806],[80.6959,15.8808],[80.695,15.8802],[80.6939,15.8799],[80.6935,15.8799],[80.6924,15.8799],[80.6919,15.8799],[80.6856,15.8799],[80.6845,15.8799],[80.6834,15.8799],[80.6825,15.88],[80.6823,15.8799],[80.682,15.8797],[80.6818,15.8797],[80.681,15.8797],[80.678,15.8797],[80.6759,15.8796],[80.6752,15.8796],[80.6747,15.8796],[80.6723,15.8795],[80.6709,15.8795],[80.6663,15.8792],[80.6639,15.8791],[80.6613,15.8789],[80.6606,15.8789],[80.6582,15.8787],[80.6573,15.8786],[80.6565,15.8785],[80.6545,15.8784],[80.6526,15.8782],[80.6517,15.8781],[80.6496,15.8778],[80.6477,15.8776],[80.6458,15.8774],[80.645,15.8773],[80.6444,15.8772],[80.6432,15.8769],[80.6426,15.8768],[80.6421,15.8767],[80.6415,15.8765],[80.6411,15.8765],[80.6402,15.8764],[80.64,15.8764],[80.6395,15.8763],[80.6394,15.8763],[80.6389,15.8761],[80.6383,15.8758],[80.6382,15.8758],[80.638,15.8756],[80.6377,15.8752],[80.6375,15.875],[80.6374,15.875],[80.6369,15.8749],[80.6356,15.8747],[80.6335,15.8744],[80.6311,15.874],[80.628,15.8736],[80.6269,15.8735],[80.6251,15.8732],[80.6218,15.8727],[80.6208,15.8726],[80.6199,15.8724],[80.6192,15.8723],[80.6185,15.8722],[80.6174,15.872],[80.6153,15.8716],[80.6115,15.8709],[80.6105,15.8707],[80.6086,15.8703],[80.6078,15.8701],[80.605,15.8696],[80.604,15.8694],[80.6024,15.869],[80.6004,15.8686],[80.5992,15.8683],[80.5977,15.8679],[80.5957,15.8675],[80.5946,15.8672],[80.5935,15.8669],[80.5929,15.8667],[80.5915,15.8664],[80.5907,15.8662],[80.589,15.8658],[80.587,15.8653],[80.5864,15.8651],[80.5857,15.8649],[80.5846,15.8646],[80.584,15.8645],[80.5828,15.8641],[80.5821,15.8639],[80.5809,15.8636],[80.5801,15.8634],[80.5792,15.8631],[80.5783,15.8629],[80.5769,15.8625],[80.5765,15.8624],[80.5756,15.8621],[80.5749,15.862],[80.5733,15.8614],[80.5727,15.8613],[80.5708,15.8607],[80.5696,15.8603],[80.5686,15.8601],[80.5664,15.8593],[80.5656,15.8591],[80.5644,15.8587],[80.5633,15.8584],[80.5617,15.8578],[80.5597,15.8571],[80.5592,15.8569],[80.5571,15.8561],[80.556,15.8556],[80.5536,15.8546],[80.5528,15.8543],[80.5521,15.8541],[80.5512,15.8538],[80.5506,15.8536],[80.5489,15.853],[80.5459,15.8521],[80.5443,15.8516],[80.5432,15.8512],[80.543,15.8513],[80.5424,15.8514],[80.5417,15.8515],[80.5412,15.8516],[80.5399,15.8514],[80.5376,15.8508],[80.5366,15.8504],[80.5348,15.8495],[80.5343,15.8491],[80.5334,15.8484],[80.5328,15.8482],[80.5319,15.8478],[80.5304,15.8472],[80.5284,15.8466],[80.5277,15.8463],[80.5268,15.846],[80.5255,15.8456],[80.5248,15.8453],[80.5241,15.8451],[80.523,15.8447],[80.5224,15.8445],[80.521,15.844],[80.5192,15.8434],[80.5182,15.843],[80.5176,15.8428],[80.5145,15.8417],[80.514,15.8415],[80.5127,15.8411],[80.5102,15.8401],[80.5092,15.8398],[80.508,15.8394],[80.5073,15.8391],[80.5068,15.8389],[80.5063,15.8387],[80.5056,15.8385],[80.5029,15.8374],[80.5024,15.8372],[80.5017,15.837],[80.4999,15.8362],[80.4993,15.836],[80.4982,15.8356],[80.4976,15.8353],[80.4956,15.8345],[80.4949,15.8343],[80.4947,15.8342],[80.4942,15.834],[80.494,15.8339],[80.4931,15.8336],[80.4924,15.8333],[80.4915,15.833],[80.491,15.8327],[80.4896,15.8322],[80.4879,15.8314],[80.4871,15.8311],[80.4862,15.8307],[80.4854,15.8304],[80.4839,15.8298],[80.4832,15.8295],[80.4828,15.8293],[80.4814,15.8287],[80.4811,15.8286],[80.4807,15.8284],[80.4784,15.8273],[80.4776,15.8269],[80.4769,15.8266],[80.4763,15.8263],[80.4754,15.826],[80.4744,15.8255],[80.4741,15.8253],[80.4727,15.8247],[80.4721,15.8244],[80.4716,15.8242],[80.4706,15.8238],[80.4695,15.8233],[80.4683,15.8228],[80.4681,15.8226],[80.4674,15.8223],[80.4664,15.8219],[80.465,15.8212],[80.4643,15.8209],[80.4638,15.8206],[80.4632,15.8204],[80.4622,15.8199],[80.4614,15.8195],[80.4605,15.8191],[80.4593,15.8185],[80.4581,15.8179],[80.4576,15.8177],[80.4566,15.8172],[80.4551,15.8165],[80.4542,15.816],[80.453,15.8155],[80.4525,15.8152],[80.4516,15.8148],[80.4509,15.8145],[80.4504,15.8142],[80.4495,15.8138],[80.4483,15.8132],[80.4474,15.8127],[80.4465,15.8123],[80.4457,15.8119],[80.445,15.8116],[80.444,15.8111],[80.4433,15.8107],[80.4421,15.8101],[80.4412,15.8096],[80.4406,15.8093],[80.4403,15.8092],[80.4398,15.8089],[80.4378,15.808],[80.4361,15.8072],[80.4351,15.8067],[80.4347,15.8066],[80.4341,15.8065],[80.4336,15.8063],[80.4334,15.8062],[80.4333,15.806],[80.4333,15.8059],[80.4329,15.8055],[80.4327,15.8054],[80.4322,15.8051],[80.4311,15.8045],[80.4307,15.8043],[80.4301,15.8039],[80.4293,15.8035],[80.4285,15.803],[80.4276,15.8025],[80.4266,15.8019],[80.4255,15.8013],[80.4245,15.8007],[80.4235,15.8002],[80.4226,15.7997],[80.422,15.7994],[80.42,15.7981],[80.4196,15.7979],[80.4192,15.7977],[80.4189,15.7975],[80.4181,15.797],[80.4171,15.7965],[80.4166,15.7962],[80.4154,15.7956],[80.4143,15.7949],[80.4129,15.7941],[80.4117,15.7934],[80.4093,15.7921],[80.4068,15.7906],[80.406,15.7902],[80.4056,15.7899],[80.4046,15.7893],[80.4032,15.7884],[80.402,15.7878],[80.4014,15.7874],[80.4006,15.787],[80.3995,15.7863],[80.3986,15.7857],[80.3978,15.7853],[80.397,15.7848],[80.3962,15.7843],[80.3948,15.7835],[80.3938,15.7829],[80.3934,15.7826],[80.3923,15.782],[80.3908,15.781],[80.3899,15.7805],[80.3892,15.7801],[80.3885,15.7797],[80.3877,15.7791],[80.3869,15.7786],[80.3862,15.7782],[80.3859,15.778],[80.3857,15.7779],[80.3853,15.7777],[80.3849,15.7774],[80.3837,15.7766],[80.3833,15.7764],[80.3825,15.7758],[80.3817,15.7753],[80.3813,15.7751],[80.3806,15.7747],[80.3787,15.7735],[80.3785,15.7733],[80.3783,15.7732],[80.3774,15.7726],[80.3764,15.7719],[80.3752,15.7712],[80.3747,15.7708],[80.3741,15.7704],[80.3738,15.7702],[80.3733,15.7699],[80.3728,15.7695],[80.3723,15.7692],[80.3714,15.7686],[80.3708,15.7682],[80.3701,15.7677],[80.3692,15.7671],[80.3685,15.7666],[80.3678,15.7662],[80.3671,15.7656],[80.3665,15.7651],[80.3657,15.7646],[80.365,15.7641],[80.3637,15.7632],[80.3631,15.7628],[80.3627,15.7625],[80.362,15.762],[80.3609,15.7612],[80.3599,15.7604],[80.3582,15.7592],[80.3571,15.7584],[80.356,15.7576],[80.355,15.7569],[80.354,15.7562],[80.3529,15.7553],[80.3522,15.7548],[80.3514,15.7542],[80.3507,15.7536],[80.3501,15.7532],[80.3497,15.7528],[80.3488,15.7521],[80.3481,15.7516],[80.3478,15.7513],[80.347,15.7507],[80.3464,15.7502],[80.3458,15.7497],[80.3448,15.7489],[80.3441,15.7484],[80.3438,15.7483],[80.3434,15.7482],[80.3427,15.7475],[80.3426,15.7472],[80.3415,15.7461],[80.3411,15.7457],[80.3404,15.7451],[80.3399,15.7448],[80.3397,15.7446],[80.3387,15.7441],[80.3384,15.7435],[80.3382,15.7434],[80.3377,15.7429],[80.3374,15.7426],[80.3371,15.7423],[80.3365,15.7418],[80.3362,15.7416],[80.3353,15.7407],[80.3348,15.7403],[80.3344,15.7399],[80.3336,15.7392],[80.3331,15.7388],[80.3326,15.7384],[80.3318,15.7377],[80.3312,15.737],[80.3304,15.7364],[80.3302,15.7362],[80.3291,15.7353],[80.3285,15.7349],[80.3279,15.7342],[80.3276,15.734],[80.3272,15.7335],[80.3266,15.733],[80.3262,15.7327],[80.3256,15.7321],[80.3252,15.7317],[80.3246,15.7311],[80.3243,15.7308],[80.324,15.7305],[80.3235,15.7302],[80.3232,15.7299],[80.3229,15.7296],[80.3224,15.7291],[80.3218,15.7286],[80.3214,15.7281],[80.3209,15.7277],[80.3205,15.7274],[80.3201,15.727],[80.32,15.7269],[80.3196,15.7265],[80.3193,15.7262],[80.3189,15.7258],[80.3185,15.7254],[80.3181,15.725],[80.3177,15.7247],[80.3165,15.7236],[80.3162,15.7232],[80.3155,15.7227],[80.315,15.7222],[80.3144,15.7216],[80.3137,15.7209],[80.3133,15.7204],[80.3124,15.7196],[80.312,15.7191],[80.3114,15.7185],[80.3107,15.7178],[80.3105,15.7176],[80.3101,15.7172],[80.3097,15.7168],[80.3087,15.7158],[80.3084,15.7155],[80.3081,15.7151],[80.3075,15.7145],[80.3065,15.7135],[80.3059,15.713],[80.3053,15.7124],[80.3049,15.712],[80.3046,15.7116],[80.304,15.711],[80.3037,15.7105],[80.303,15.7097],[80.3026,15.7093],[80.3023,15.709],[80.3021,15.7087],[80.3019,15.7086],[80.3014,15.708],[80.3008,15.7073],[80.3002,15.7067],[80.3,15.7064],[80.2991,15.7055],[80.2989,15.7052],[80.2985,15.7048],[80.2981,15.7044],[80.2975,15.7037],[80.2971,15.7032],[80.2969,15.7029],[80.2963,15.7024],[80.296,15.7021],[80.2957,15.7017],[80.2949,15.7007],[80.2939,15.6997],[80.2935,15.6992],[80.2931,15.6987],[80.2926,15.6981],[80.2921,15.6974],[80.2914,15.6967],[80.2911,15.6963],[80.2907,15.6958],[80.2903,15.6953],[80.2898,15.6947],[80.2892,15.694],[80.2889,15.6936],[80.2886,15.6932],[80.2882,15.6927],[80.2877,15.6921],[80.2875,15.6918],[80.2872,15.6915],[80.287,15.6912],[80.2868,15.6909],[80.2865,15.6905],[80.2862,15.6902],[80.2859,15.6898],[80.2856,15.6895],[80.2851,15.6887],[80.2847,15.6883],[80.2842,15.6877],[80.2838,15.6871],[80.2836,15.6868],[80.2833,15.6864],[80.2828,15.6858],[80.2822,15.685],[80.282,15.6847],[80.2815,15.6841],[80.281,15.6834],[80.2804,15.6826],[80.2798,15.6818],[80.2796,15.6814],[80.2792,15.681],[80.2789,15.6806],[80.2786,15.6801],[80.2781,15.6794],[80.2776,15.6787],[80.2771,15.6781],[80.2765,15.6771],[80.275,15.6751],[80.2735,15.6728],[80.2724,15.6711],[80.2718,15.6703],[80.2712,15.6696],[80.2703,15.6691],[80.2686,15.6646],[80.2691,15.6642],[80.2694,15.6639],[80.2695,15.6636],[80.2696,15.6631],[80.2695,15.6625],[80.2692,15.6618],[80.2691,15.6616],[80.2688,15.6609],[80.2682,15.6599],[80.2679,15.6594],[80.2673,15.6583],[80.267,15.6578],[80.2664,15.657],[80.2659,15.6563],[80.2652,15.6553],[80.2646,15.6545],[80.2639,15.6534],[80.2635,15.6529],[80.2632,15.6524],[80.2627,15.6517],[80.2625,15.6513],[80.2623,15.651],[80.2619,15.6505],[80.2616,15.65],[80.261,15.6491],[80.2608,15.6487],[80.2605,15.6482],[80.2603,15.6479],[80.2598,15.6471],[80.2592,15.6462],[80.2587,15.6454],[80.2582,15.6446],[80.2578,15.6438],[80.2575,15.6434],[80.2573,15.643],[80.2567,15.642],[80.2563,15.6413],[80.2559,15.6405],[80.2552,15.6394],[80.2548,15.6388],[80.2545,15.6382],[80.254,15.6373],[80.2535,15.6365],[80.2527,15.635],[80.2519,15.6335],[80.2516,15.633],[80.2512,15.632],[80.2509,15.6316],[80.2504,15.6306],[80.25,15.6299],[80.2494,15.6286],[80.2492,15.6282],[80.2489,15.6275],[80.2487,15.6271],[80.2479,15.6255],[80.2475,15.6245],[80.2469,15.6233],[80.2466,15.6224],[80.2462,15.6218],[80.2459,15.621],[80.2455,15.6201],[80.2447,15.6181],[80.2443,15.6172],[80.244,15.6166],[80.2436,15.6154],[80.2433,15.6149],[80.2429,15.6138],[80.2424,15.6127],[80.2354,15.6132],[80.2297,15.6142],[80.223,15.6156],[80.2133,15.6166],[80.2056,15.619],[80.2016,15.6194],[80.1972,15.6201],[80.1896,15.6208],[80.1842,15.6209],[80.1793,15.6215],[80.177,15.6232],[80.1747,15.6264],[80.1747,15.6321],[80.1753,15.6332],[80.1783,15.6358],[80.1793,15.6374],[80.1791,15.6398],[80.1776,15.6421],[80.1757,15.6447],[80.1717,15.6475],[80.17,15.6526],[80.1769,15.6707],[80.1791,15.6824],[80.1792,15.686],[80.1807,15.6885],[80.1831,15.6881],[80.1842,15.6863],[80.1886,15.6888],[80.1944,15.699],[80.1947,15.7026],[80.1929,15.7054],[80.1912,15.709],[80.189,15.7117],[80.1916,15.7162],[80.1961,15.7226],[80.1985,15.7254],[80.1982,15.7281],[80.1973,15.73],[80.2003,15.7335],[80.2039,15.7347],[80.2057,15.7383],[80.2083,15.7444],[80.2122,15.7523],[80.2158,15.7593],[80.2202,15.7647],[80.2236,15.7702],[80.2289,15.7752],[80.2345,15.7714],[80.2433,15.7655],[80.2507,15.7613],[80.2576,15.7565],[80.2636,15.7643],[80.2713,15.7721],[80.27,15.7734],[80.269,15.7749],[80.2702,15.7764],[80.272,15.7784],[80.2727,15.7796],[80.2728,15.781],[80.2716,15.7823],[80.2701,15.7836],[80.2648,15.7864],[80.2595,15.7895],[80.2562,15.7919],[80.2505,15.7957],[80.248,15.7987],[80.246,15.7999],[80.2432,15.801],[80.24,15.802],[80.2379,15.8027],[80.2353,15.8038],[80.2315,15.8055],[80.2284,15.8069],[80.2271,15.8075],[80.2253,15.8081],[80.2245,15.8037],[80.2246,15.7985],[80.2256,15.7964],[80.2261,15.7944],[80.2261,15.7932],[80.2244,15.7865],[80.2234,15.7827],[80.2132,15.7732],[80.2049,15.7643],[80.2008,15.7667],[80.196,15.7681],[80.1874,15.7586],[80.1883,15.7566],[80.1897,15.7535],[80.1883,15.7499],[80.1862,15.7438],[80.1849,15.7396],[80.1838,15.7368],[80.1774,15.734],[80.1733,15.7267],[80.171,15.7241],[80.1655,15.7266],[80.1631,15.7179],[80.1553,15.7053],[80.1515,15.6991],[80.1467,15.6996],[80.1412,15.6988],[80.1405,15.6963],[80.139,15.692],[80.1353,15.6928],[80.131,15.6974],[80.1279,15.7009],[80.1236,15.7022],[80.1124,15.7019],[80.1126,15.697],[80.1127,15.6939],[80.1126,15.6921],[80.1147,15.6894],[80.1174,15.6877],[80.122,15.6847],[80.1245,15.6846],[80.1293,15.6831],[80.1272,15.6785],[80.1228,15.6703],[80.1193,15.6697],[80.1138,15.6722],[80.1103,15.6734],[80.1044,15.6747],[80.0962,15.6772],[80.0999,15.6829],[80.0947,15.6847],[80.0883,15.6875],[80.0847,15.6881],[80.0779,15.6858],[80.0753,15.6846],[80.0723,15.684],[80.0696,15.6851],[80.0686,15.6929],[80.0677,15.6939],[80.0646,15.6947],[80.0611,15.6954],[80.0575,15.6954],[80.0541,15.6954],[80.0523,15.6991],[80.0469,15.7032],[80.0421,15.7061],[80.0357,15.7088],[80.032,15.703],[80.0302,15.6995],[80.0266,15.6942],[80.0246,15.6921],[80.0245,15.6867],[80.0228,15.6868],[80.0191,15.6873],[80.0174,15.6883],[80.0172,15.6907],[80.0168,15.6919],[80.0153,15.6925],[80.0128,15.6932],[80.0101,15.6933],[80.0065,15.6944],[80.0026,15.6958],[79.9979,15.699],[79.9958,15.7003],[79.9924,15.7014],[79.99,15.7019],[79.9831,15.7019],[79.9802,15.7017],[79.978,15.7016],[79.9768,15.7019],[79.9742,15.7038],[79.9728,15.7067],[79.9719,15.7088],[79.9715,15.7106],[79.9712,15.7119],[79.9705,15.7141],[79.9702,15.7153],[79.9691,15.7168],[79.9678,15.7131],[79.9672,15.7103],[79.9645,15.7101],[79.9614,15.711],[79.9597,15.7107],[79.9576,15.7103],[79.955,15.7093],[79.9525,15.7071],[79.9509,15.7032],[79.9495,15.7008],[79.9478,15.7001],[79.9459,15.6997],[79.944,15.6989],[79.9412,15.6981],[79.9399,15.6967],[79.9393,15.6942],[79.9391,15.6915],[79.9389,15.6887],[79.9358,15.689],[79.9315,15.6906],[79.9267,15.6916],[79.9227,15.6945],[79.9191,15.6971],[79.9146,15.7001],[79.9106,15.7031],[79.9083,15.704],[79.906,15.7032],[79.9043,15.7022],[79.9025,15.7019],[79.8998,15.7026],[79.8967,15.7051],[79.8938,15.7084],[79.8913,15.7102],[79.8907,15.7114],[79.8918,15.7137],[79.8933,15.7154],[79.896,15.7168],[79.8986,15.7185],[79.9009,15.7199],[79.9033,15.7222],[79.9052,15.7238],[79.9068,15.73],[79.9078,15.7334],[79.9095,15.7341],[79.9121,15.7347],[79.9146,15.7358],[79.9168,15.7368],[79.9193,15.7411],[79.9205,15.7464],[79.9205,15.7496],[79.92,15.7524],[79.9168,15.7564],[79.9113,15.7601],[79.9087,15.7653],[79.9096,15.7672],[79.9107,15.7693],[79.9119,15.772],[79.9133,15.7756],[79.914,15.7778],[79.9143,15.7815],[79.9171,15.7892],[79.918,15.7947],[79.9172,15.8073],[79.9181,15.8141],[79.9205,15.8279],[79.9208,15.8296],[79.9249,15.829],[79.9284,15.8276],[79.9302,15.8279],[79.9346,15.8291],[79.9369,15.8308],[79.9406,15.8326],[79.944,15.8329],[79.9458,15.8337],[79.9445,15.8372],[79.9442,15.8402],[79.9462,15.8459],[79.9493,15.8492],[79.95,15.8526],[79.9492,15.8557],[79.9477,15.8581],[79.9429,15.8567],[79.939,15.8565],[79.9375,15.858],[79.9371,15.8657],[79.9355,15.8692],[79.9316,15.8743],[79.9282,15.8779],[79.9177,15.8804],[79.9122,15.8824],[79.9075,15.885],[79.9042,15.89],[79.8983,15.8961],[79.8949,15.9037],[79.8913,15.9092],[79.8866,15.9126],[79.885,15.9147],[79.8843,15.9166],[79.8843,15.9185],[79.8837,15.9197],[79.88,15.9196],[79.8796,15.921],[79.8795,15.9223],[79.8778,15.9253],[79.8765,15.9299],[79.8757,15.9351],[79.8764,15.9362],[79.8801,15.9405],[79.8855,15.9421],[79.8946,15.9395],[79.8973,15.9473],[79.9001,15.9461],[79.9004,15.9434],[79.903,15.9429],[79.9101,15.9593],[79.9121,15.9668],[79.8991,15.9708],[79.9024,15.9837],[79.8904,15.9881],[79.8896,15.995],[79.8793,16.0],[79.8667,15.9966],[79.8629,15.9933],[79.8648,16.0073],[79.8675,16.0214],[79.869,16.0303],[79.8732,16.0303],[79.8783,16.0345],[79.8806,16.0393],[79.9046,16.0426],[79.91,16.0458],[79.9179,16.0474],[79.9204,16.0554],[79.9204,16.0629],[79.9197,16.0699],[79.9148,16.0717],[79.9156,16.0751],[79.8954,16.0775],[79.8953,16.087],[79.8903,16.0869],[79.89,16.0848],[79.884,16.086],[79.8827,16.092],[79.8685,16.0965],[79.8739,16.1124],[79.8695,16.1119],[79.8701,16.1174],[79.8751,16.1291],[79.867,16.1324],[79.8661,16.135],[79.8685,16.1414],[79.8737,16.1476],[79.8789,16.1551],[79.8894,16.1527],[79.9035,16.1496],[79.9197,16.1404],[79.9273,16.1329],[79.9327,16.1321],[79.9375,16.1395],[79.9421,16.1405],[79.9451,16.1392],[79.9485,16.1434],[79.9536,16.1524],[79.9522,16.1549],[79.9506,16.163],[79.9509,16.1651],[79.953,16.165],[79.9564,16.1635],[79.966,16.1578],[79.976,16.1518],[79.9747,16.1462],[79.9876,16.1426],[80.0003,16.1405],[79.9987,16.1365],[80.0069,16.1338],[80.0114,16.1274],[80.01,16.1192],[80.0142,16.1172],[80.0224,16.1157],[80.0318,16.1174],[80.0334,16.123],[80.0387,16.1261],[80.0436,16.1302],[80.0487,16.1294],[80.052,16.1295],[80.0517,16.1249],[80.0515,16.1199],[80.0477,16.1077],[80.0416,16.0965],[80.0409,16.093],[80.0423,16.091],[80.0431,16.09],[80.0477,16.0855],[80.0616,16.0896],[80.0656,16.0934],[80.0678,16.0947],[80.0718,16.0935],[80.0741,16.0923],[80.0733,16.0899],[80.0721,16.0838],[80.0715,16.0759],[80.0733,16.0687],[80.0753,16.0684],[80.0821,16.0628],[80.0809,16.0566],[80.0842,16.0518],[80.0848,16.0452],[80.0851,16.0384],[80.0879,16.0317],[80.0872,16.0211],[80.0892,16.0172],[80.0916,16.0136],[80.0967,16.0113],[80.1006,16.0123],[80.1042,16.0148],[80.1112,16.0165],[80.1205,16.0211],[80.1307,16.0184],[80.1395,16.0159],[80.1398,16.0172],[80.1332,16.0203],[80.1348,16.0254],[80.135,16.0358],[80.1371,16.0461],[80.1551,16.0455],[80.1551,16.0422],[80.1751,16.0359],[80.1823,16.0348],[80.1815,16.027],[80.188,16.0258],[80.1904,16.0389],[80.1973,16.0384],[80.211,16.0348],[80.2145,16.0336],[80.2186,16.0335],[80.2268,16.0329],[80.2304,16.0323],[80.23,16.0379],[80.2351,16.0369],[80.2358,16.0377],[80.2372,16.0375],[80.2402,16.0525],[80.2483,16.0515],[80.2534,16.0497],[80.2577,16.0478],[80.2615,16.046],[80.262,16.0479],[80.2624,16.0536],[80.2657,16.0522],[80.2671,16.0517],[80.2714,16.0509],[80.2834,16.0496],[80.2885,16.05],[80.2922,16.051],[80.2935,16.0537],[80.3009,16.0501],[80.3006,16.0518],[80.3019,16.0558],[80.3059,16.0544],[80.3074,16.052],[80.31,16.0511],[80.3107,16.0474],[80.3183,16.0449],[80.3164,16.0388],[80.3143,16.0292],[80.3232,16.0266],[80.3279,16.0252],[80.3265,16.0213],[80.3256,16.019],[80.3303,16.0174],[80.3355,16.0153],[80.3376,16.02],[80.3408,16.0205],[80.3437,16.0223],[80.3458,16.0287],[80.3492,16.0281],[80.3546,16.0278],[80.3586,16.027],[80.3585,16.0227],[80.359,16.0222],[80.3618,16.0214],[80.3641,16.0208],[80.3665,16.0193],[80.3661,16.0171],[80.3716,16.0163],[80.3723,16.0153],[80.3719,16.0134],[80.3766,16.0124],[80.3828,16.0115],[80.3858,16.0116],[80.3889,16.0104],[80.3902,16.0092],[80.3907,16.0081],[80.3918,16.0071],[80.3937,16.0066],[80.4029,16.0036],[80.4049,16.0037],[80.4064,16.0026],[80.4086,16.0032],[80.4087,16.0022],[80.4095,16.0013],[80.4107,16.0016],[80.4119,16.002],[80.4138,16.0014],[80.4194,16.0006],[80.4262,15.9999],[80.4252,15.9911],[80.4254,15.989],[80.4268,15.9818],[80.4352,15.9831],[80.4427,15.9832],[80.4458,15.9832],[80.4491,15.9827],[80.4537,15.9823],[80.454,15.9858],[80.4546,15.9885],[80.4551,15.9916],[80.4561,15.9935],[80.4581,15.994],[80.4582,15.9957],[80.4556,15.9994],[80.455,16.0014],[80.4552,16.0038],[80.456,16.0064],[80.4585,16.0086],[80.4607,16.0092],[80.4635,16.0095],[80.4678,16.0087],[80.4755,16.0082],[80.4778,16.0078],[80.4794,16.008],[80.4813,16.0088],[80.4831,16.0099],[80.4858,16.0105],[80.4881,16.0103],[80.4903,16.0094],[80.4937,16.0084],[80.4964,16.0076],[80.4984,16.0063],[80.5,16.0042],[80.4992,16.0029],[80.4973,16.0012],[80.4951,15.9987],[80.4956,15.9973],[80.4969,15.9964],[80.4985,15.996],[80.4997,15.998],[80.5036,16.0004],[80.5062,16.0022],[80.5081,16.003],[80.5102,16.0028],[80.5115,16.0024],[80.5127,16.0015],[80.5135,16.0042],[80.5142,16.0061],[80.5153,16.0073],[80.5171,16.0088],[80.5199,16.0111],[80.5222,16.0138],[80.5303,16.0133],[80.5309,16.0108],[80.5306,16.0095],[80.5295,16.0079],[80.5284,16.006],[80.5274,16.0036],[80.5268,16.0015],[80.527,15.9998],[80.5288,15.9981],[80.5311,15.9975],[80.5346,15.9975],[80.5369,16.0014],[80.5379,16.0034],[80.5386,16.0056],[80.5394,16.0081],[80.5407,16.0089],[80.5435,16.0083],[80.5452,16.0072],[80.5479,16.0067],[80.5494,16.0116],[80.5538,16.0121],[80.5602,16.0121],[80.5621,16.0124],[80.5618,16.0176],[80.5619,16.0219],[80.5624,16.0268],[80.5625,16.0292],[80.5632,16.0304],[80.566,16.0301],[80.5688,16.0284],[80.5718,16.0273],[80.5742,16.027],[80.5766,16.0263],[80.5793,16.0255],[80.582,16.0257],[80.5842,16.0284],[80.5864,16.0312],[80.5872,16.0334],[80.587,16.0353],[80.586,16.0365],[80.5849,16.0379],[80.5842,16.0395],[80.5842,16.0416],[80.586,16.0431],[80.5901,16.0462],[80.5944,16.0468],[80.599,16.0478],[80.5979,16.0494],[80.5972,16.0504],[80.5969,16.0526],[80.5942,16.0529],[80.5913,16.0557],[80.5909,16.0563],[80.5912,16.0634],[80.5927,16.0657],[80.5922,16.0777],[80.5947,16.0932],[80.5972,16.0999],[80.5949,16.1012],[80.5928,16.1021],[80.5911,16.1019],[80.5887,16.1028],[80.5873,16.1043],[80.5857,16.1062],[80.5833,16.109],[80.5817,16.1107],[80.5815,16.1125],[80.5807,16.1156],[80.5693,16.122],[80.5686,16.1315],[80.5695,16.1344],[80.5705,16.1365],[80.5705,16.1417],[80.5714,16.1469],[80.5722,16.1511],[80.5694,16.1509],[80.5625,16.1518],[80.562,16.1492],[80.56,16.1469],[80.5593,16.1446],[80.5577,16.1428],[80.5567,16.1406],[80.5563,16.1369],[80.5544,16.1331],[80.5509,16.1337],[80.5464,16.1349],[80.5445,16.1364],[80.5434,16.139],[80.5435,16.1409],[80.5449,16.1426],[80.5465,16.144],[80.5486,16.1463],[80.5499,16.1482],[80.551,16.1508],[80.5518,16.1551],[80.5523,16.1595],[80.5525,16.1631],[80.5497,16.164],[80.5451,16.1655],[80.5477,16.1683],[80.5484,16.1697],[80.5486,16.1715],[80.5492,16.1731],[80.5504,16.1749],[80.5527,16.1769],[80.5543,16.177],[80.5565,16.1762],[80.5587,16.1754],[80.5604,16.1751],[80.5619,16.1751],[80.563,16.1753],[80.5638,16.1761],[80.5639,16.1773],[80.5633,16.1784],[80.5624,16.1795],[80.5615,16.1805],[80.5612,16.1816],[80.5582,16.1875],[80.5581,16.1909],[80.5591,16.1961],[80.5674,16.2026],[80.5732,16.2061],[80.5748,16.209],[80.5754,16.2103],[80.5789,16.2206],[80.5818,16.2244],[80.5823,16.2262],[80.5838,16.228],[80.5857,16.2273],[80.5868,16.2275],[80.5891,16.2285],[80.5902,16.2319],[80.5905,16.2331],[80.5906,16.2349],[80.5908,16.2363],[80.5922,16.237],[80.5939,16.2368],[80.5959,16.2363],[80.5968,16.2358],[80.5992,16.2355],[80.6012,16.2354],[80.6033,16.2351],[80.6041,16.2341],[80.6045,16.2323],[80.6056,16.2298],[80.6071,16.2276],[80.6082,16.2254],[80.6092,16.2235],[80.6126,16.2226],[80.6206,16.2226],[80.6217,16.2201],[80.6227,16.2192],[80.6266,16.2173],[80.6312,16.215],[80.6339,16.2125],[80.6355,16.2122],[80.6382,16.212],[80.6401,16.2131],[80.6413,16.2141],[80.6432,16.2139],[80.6443,16.2125],[80.6449,16.211],[80.6462,16.2076],[80.6471,16.2062],[80.6475,16.2052],[80.6477,16.2033],[80.6481,16.2015],[80.6487,16.1997],[80.6486,16.1949],[80.6503,16.1948],[80.6605,16.1948],[80.6618,16.191],[80.6629,16.1881],[80.6651,16.1864],[80.6674,16.1848],[80.6705,16.1858],[80.6717,16.1895],[80.6741,16.1931],[80.6759,16.1954],[80.6774,16.1975],[80.6791,16.1984],[80.6863,16.1989],[80.6879,16.2041],[80.6903,16.2115],[80.6916,16.2133],[80.6916,16.2213],[80.6924,16.2268],[80.6954,16.2274],[80.6982,16.2277],[80.7007,16.2278],[80.7026,16.2298],[80.7051,16.2301],[80.7095,16.2306],[80.7137,16.2303],[80.7165,16.2321],[80.7175,16.2356],[80.7177,16.2402],[80.7189,16.2434],[80.7202,16.244],[80.7237,16.2426],[80.7258,16.2434],[80.7281,16.2449],[80.7305,16.2436],[80.7329,16.2423],[80.7348,16.2408],[80.7359,16.2392],[80.7361,16.2373],[80.7362,16.2352],[80.7373,16.2338],[80.7393,16.2333],[80.7422,16.2326],[80.7435,16.2322],[80.7484,16.2321],[80.7487,16.2354],[80.7505,16.238],[80.7521,16.2413],[80.7488,16.242],[80.7481,16.2444],[80.7489,16.2462],[80.7499,16.2478],[80.7513,16.2479],[80.7533,16.2474],[80.7543,16.2474],[80.7557,16.2477],[80.7566,16.2481],[80.7574,16.2493],[80.7582,16.2517],[80.7591,16.2538],[80.7609,16.254],[80.7634,16.2534],[80.765,16.2527],[80.7687,16.2515],[80.7717,16.2504],[80.7737,16.251],[80.7746,16.251],[80.7762,16.2532],[80.777,16.2553],[80.7784,16.2566],[80.7804,16.2569],[80.7823,16.2563],[80.7839,16.2554],[80.7835,16.2537],[80.7819,16.2532],[80.7797,16.2527],[80.7787,16.2513],[80.7788,16.2496],[80.7796,16.2474],[80.7812,16.2461],[80.7841,16.2457],[80.7862,16.245],[80.7883,16.2436],[80.7897,16.2425],[80.7926,16.2421],[80.8024,16.2426],[80.8273,16.2426],[80.8269,16.2392],[80.8255,16.2312],[80.8247,16.2256],[80.8263,16.218],[80.8289,16.2119],[80.8304,16.2084],[80.8331,16.2012],[80.8386,16.1921],[80.8394,16.1901],[80.8404,16.1858],[80.8411,16.1815],[80.8408,16.1785],[80.8394,16.167],[80.8385,16.1639],[80.8384,16.1634],[80.8384,16.1629],[80.8401,16.1566],[80.841,16.1532],[80.8444,16.1442],[80.8457,16.1391],[80.8485,16.1342],[80.8606,16.1254],[80.8661,16.1199],[80.8684,16.1131],[80.8697,16.1066],[80.8732,16.1025],[80.874,16.0958],[80.8744,16.092],[80.8737,16.0867],[80.8742,16.0824],[80.8764,16.0799],[80.8804,16.0776],[80.8822,16.0712],[80.8868,16.0642],[80.8891,16.0599],[80.8907,16.055],[80.8914,16.0527],[80.8945,16.0465],[80.8949,16.0419],[80.8951,16.0348],[80.8947,16.0283],[80.8923,16.0167],[80.8916,16.0089],[80.8986,15.9993],[80.8997,15.9936],[80.8983,15.9817],[80.9028,15.9753]]]}},{"type":"Feature","properties":{"district":"Parvathipuram Manyam","district_hi":"पार्वतीपुरम मान्यम"},"geometry":{"type":"MultiPolygon","coordinates":[[[[83.6315,18.5326],[83.6312,18.5296],[83.6265,18.5296],[83.6244,18.5299],[83.6214,18.5297],[83.6178,18.529],[83.6115,18.53],[83.6079,18.5311],[83.603,18.5332],[83.5994,18.5337],[83.5931,18.5337],[83.5888,18.5351],[83.5857,18.5354],[83.5812,18.5344],[83.5779,18.5325],[83.5687,18.5316],[83.566,18.5346],[83.5617,18.5381],[83.5597,18.5387],[83.5604,18.5407],[83.5597,18.5432],[83.5582,18.5479],[83.5582,18.5511],[83.5593,18.5539],[83.559,18.5573],[83.5604,18.5593],[83.5628,18.5603],[83.5659,18.5613],[83.5695,18.5625],[83.573,18.5636],[83.5751,18.5649],[83.5786,18.5682],[83.58,18.5672],[83.5812,18.5655],[83.5828,18.5638],[83.5849,18.5628],[83.5877,18.5619],[83.5934,18.562],[83.6008,18.5619],[83.605,18.5618],[83.6069,18.5603],[83.6087,18.559],[83.6128,18.5593],[83.6154,18.5601],[83.6173,18.561],[83.6218,18.561],[83.6249,18.5614],[83.6297,18.561],[83.631,18.5601],[83.632,18.5594],[83.6334,18.5555],[83.633,18.5387],[83.6311,18.5372],[83.6302,18.5358],[83.6315,18.5338],[83.6315,18.5326]]],[[[83.8937,18.8168],[83.8911,18.8154],[83.8902,18.8147],[83.8889,18.8128],[83.8868,18.8117],[83.8856,18.8128],[83.8839,18.8143],[83.8817,18.8164],[83.8795,18.8179],[83.8789,18.8173],[83.8792,18.8158],[83.88,18.8143],[83.8794,18.8111],[83.8787,18.8071],[83.8798,18.806],[83.882,18.8049],[83.8844,18.8039],[83.8875,18.8028],[83.8881,18.8004],[83.8891,18.7969],[83.8846,18.7963],[83.8799,18.7966],[83.8752,18.795],[83.8684,18.7917],[83.8664,18.7907],[83.8645,18.7905],[83.8622,18.7898],[83.8598,18.7896],[83.857,18.7897],[83.8523,18.7893],[83.8513,18.7881],[83.85,18.787],[83.848,18.7865],[83.8444,18.7844],[83.8393,18.7811],[83.8347,18.7802],[83.8346,18.7753],[83.8359,18.7736],[83.8377,18.7725],[83.8405,18.7712],[83.8441,18.7697],[83.8488,18.7689],[83.8533,18.7676],[83.8548,18.7687],[83.8562,18.7691],[83.8577,18.7676],[83.859,18.7664],[83.8602,18.7656],[83.8625,18.7658],[83.864,18.767],[83.8669,18.767],[83.8688,18.7666],[83.8703,18.7646],[83.8704,18.7619],[83.8702,18.755],[83.8719,18.7521],[83.8736,18.751],[83.8755,18.7495],[83.878,18.7493],[83.8802,18.7501],[83.8825,18.7504],[83.8847,18.7494],[83.885,18.7476],[83.8854,18.7448],[83.8865,18.7422],[83.8873,18.7395],[83.8876,18.7374],[83.8887,18.7356],[83.8905,18.7334],[83.8916,18.7316],[83.8925,18.7291],[83.8921,18.728],[83.8908,18.728],[83.8886,18.7301],[83.8842,18.7326],[83.8837,18.7408],[83.8812,18.7403],[83.8789,18.7404],[83.8762,18.7408],[83.8743,18.7415],[83.8719,18.7436],[83.8671,18.7434],[83.862,18.7377],[83.861,18.7311],[83.858,18.7295],[83.8542,18.7278],[83.8501,18.7263],[83.8445,18.7252],[83.8401,18.7242],[83.8386,18.7209],[83.8393,18.716],[83.8422,18.7071],[83.8394,18.7044],[83.8396,18.7005],[83.8409,18.6993],[83.8424,18.6979],[83.8436,18.6966],[83.8443,18.6946],[83.8436,18.6929],[83.8423,18.691],[83.8414,18.6889],[83.8411,18.6858],[83.8417,18.6827],[83.8445,18.6793],[83.8468,18.6764],[83.8493,18.6718],[83.8506,18.6679],[83.8584,18.6602],[83.8596,18.6584],[83.864,18.6541],[83.8717,18.6475],[83.8753,18.6437],[83.8804,18.6401],[83.8841,18.6379],[83.8924,18.6342],[83.8939,18.634],[83.8918,18.6308],[83.8924,18.6289],[83.8943,18.6274],[83.8957,18.6261],[83.8964,18.6249],[83.8971,18.6233],[83.8972,18.62],[83.8947,18.6195],[83.8929,18.6189],[83.8923,18.6177],[83.892,18.616],[83.8924,18.615],[83.8929,18.6141],[83.8937,18.6129],[83.8948,18.6116],[83.8951,18.6103],[83.8973,18.6096],[83.8998,18.608],[83.8997,18.607],[83.8988,18.6064],[83.8989,18.6053],[83.9007,18.6043],[83.9014,18.604],[83.903,18.6035],[83.9038,18.6028],[83.9052,18.6005],[83.9055,18.5982],[83.906,18.5968],[83.9076,18.5955],[83.9087,18.5939],[83.9093,18.5924],[83.9098,18.5896],[83.9112,18.5885],[83.9109,18.5876],[83.9097,18.5871],[83.9095,18.5864],[83.9099,18.5861],[83.9108,18.5856],[83.9116,18.5852],[83.9152,18.584],[83.9182,18.5816],[83.9195,18.5804],[83.9213,18.5799],[83.9245,18.5798],[83.925,18.5791],[83.9257,18.5776],[83.9252,18.5765],[83.925,18.575],[83.9246,18.5713],[83.9237,18.5699],[83.9222,18.5687],[83.9208,18.5681],[83.9188,18.5683],[83.9177,18.5685],[83.9155,18.5679],[83.9142,18.5671],[83.9119,18.567],[83.9097,18.5675],[83.9085,18.5684],[83.9074,18.568],[83.9066,18.567],[83.906,18.5665],[83.9037,18.5646],[83.9054,18.5634],[83.9063,18.5627],[83.907,18.5621],[83.9078,18.5604],[83.9064,18.5597],[83.9066,18.5588],[83.9078,18.5582],[83.9091,18.5581],[83.9102,18.5577],[83.9106,18.5565],[83.9108,18.5556],[83.9111,18.5555],[83.9139,18.5555],[83.9156,18.5554],[83.9164,18.5524],[83.9166,18.5469],[83.9178,18.5443],[83.9175,18.5422],[83.9163,18.5418],[83.9153,18.5415],[83.9127,18.5411],[83.9086,18.5396],[83.909,18.5379],[83.9093,18.5367],[83.9083,18.536],[83.9073,18.5352],[83.906,18.5344],[83.9048,18.5349],[83.9035,18.5358],[83.9023,18.5363],[83.9004,18.537],[83.8971,18.5401],[83.896,18.5421],[83.8944,18.5432],[83.892,18.5436],[83.89,18.5433],[83.888,18.5431],[83.8865,18.5434],[83.8856,18.5457],[83.8844,18.5469],[83.8839,18.549],[83.8834,18.553],[83.8827,18.5548],[83.8819,18.5565],[83.8806,18.5553],[83.8796,18.5538],[83.8787,18.5522],[83.8757,18.5501],[83.8734,18.5498],[83.8719,18.5509],[83.8705,18.5516],[83.8688,18.5515],[83.8684,18.5502],[83.8702,18.5491],[83.8717,18.5483],[83.8704,18.5466],[83.8689,18.5459],[83.8675,18.5459],[83.8637,18.546],[83.8618,18.545],[83.8611,18.5434],[83.8617,18.542],[83.8627,18.5413],[83.8642,18.5415],[83.8661,18.5421],[83.8684,18.5426],[83.8693,18.542],[83.8696,18.5404],[83.8691,18.5388],[83.8667,18.5376],[83.8617,18.5353],[83.8597,18.5347],[83.8578,18.5346],[83.8562,18.5345],[83.8514,18.536],[83.8502,18.5385],[83.8492,18.5403],[83.8485,18.5423],[83.8446,18.5459],[83.8336,18.5543],[83.83,18.5562],[83.8273,18.5579],[83.8269,18.5606],[83.8271,18.5637],[83.8279,18.5664],[83.8246,18.5716],[83.818,18.574],[83.8134,18.5779],[83.8121,18.5805],[83.8116,18.5837],[83.811,18.5865],[83.8075,18.5877],[83.8037,18.5873],[83.7972,18.5904],[83.7936,18.5903],[83.7901,18.5909],[83.7869,18.592],[83.7874,18.595],[83.7906,18.5968],[83.7931,18.5987],[83.7937,18.6008],[83.7946,18.6046],[83.796,18.6068],[83.7939,18.6074],[83.7895,18.6043],[83.7886,18.6017],[83.7859,18.6022],[83.7805,18.601],[83.7781,18.5989],[83.7774,18.5945],[83.7747,18.5864],[83.7732,18.5825],[83.7711,18.5706],[83.7617,18.5756],[83.7558,18.5813],[83.7536,18.5854],[83.75,18.5859],[83.7443,18.5828],[83.7407,18.5778],[83.7368,18.5724],[83.7215,18.5711],[83.7033,18.5708],[83.6926,18.5802],[83.6903,18.5821],[83.6883,18.5832],[83.6855,18.5837],[83.6819,18.5839],[83.6794,18.5836],[83.6778,18.5826],[83.6747,18.5819],[83.6725,18.5815],[83.6678,18.5821],[83.6634,18.5836],[83.6611,18.5848],[83.6597,18.5863],[83.6581,18.5876],[83.6556,18.5883],[83.6539,18.5892],[83.6517,18.5897],[83.6497,18.5908],[83.648,18.5917],[83.6475,18.5923],[83.6473,18.5969],[83.6443,18.6013],[83.6379,18.6043],[83.637,18.6064],[83.6367,18.6106],[83.6367,18.6144],[83.6352,18.6178],[83.6324,18.623],[83.6305,18.6255],[83.6272,18.6275],[83.6236,18.6287],[83.6226,18.6305],[83.6232,18.6396],[83.6194,18.6439],[83.6156,18.6471],[83.6117,18.648],[83.6078,18.6484],[83.6061,18.6493],[83.6054,18.6537],[83.6058,18.658],[83.603,18.6592],[83.5994,18.6597],[83.595,18.6606],[83.5899,18.662],[83.5872,18.6657],[83.5868,18.6706],[83.5837,18.6715],[83.5778,18.6736],[83.5749,18.6754],[83.5732,18.6808],[83.5738,18.6859],[83.5742,18.6892],[83.5755,18.6915],[83.5728,18.6958],[83.5705,18.6994],[83.5647,18.7019],[83.5594,18.7028],[83.5563,18.7037],[83.5533,18.7063],[83.5497,18.7084],[83.549,18.7091],[83.5473,18.7095],[83.5438,18.7095],[83.5414,18.7086],[83.5404,18.7069],[83.541,18.7047],[83.5416,18.7029],[83.5425,18.7011],[83.5431,18.6983],[83.5421,18.6923],[83.5426,18.6876],[83.5424,18.6853],[83.5431,18.6843],[83.5451,18.6842],[83.5482,18.6836],[83.5504,18.683],[83.5532,18.6817],[83.5554,18.6805],[83.5592,18.6766],[83.5589,18.6745],[83.5603,18.6711],[83.5619,18.6667],[83.5601,18.6593],[83.5588,18.6575],[83.5554,18.6555],[83.5515,18.649],[83.5509,18.6423],[83.5524,18.6406],[83.5545,18.6399],[83.5561,18.6391],[83.5569,18.6375],[83.5558,18.6291],[83.5542,18.6281],[83.5526,18.6281],[83.5505,18.6273],[83.5496,18.6255],[83.549,18.6231],[83.5502,18.6211],[83.5534,18.6155],[83.5535,18.6132],[83.5534,18.6099],[83.5527,18.6071],[83.5515,18.6002],[83.5508,18.5944],[83.5542,18.5942],[83.5576,18.5946],[83.5602,18.5946],[83.5639,18.5943],[83.5677,18.5937],[83.5712,18.5931],[83.5714,18.5901],[83.5706,18.5886],[83.5686,18.5873],[83.5657,18.5861],[83.5612,18.585],[83.5544,18.5835],[83.5519,18.5791],[83.5489,18.5809],[83.545,18.5813],[83.5441,18.578],[83.5418,18.5755],[83.5413,18.5703],[83.5403,18.5668],[83.5395,18.564],[83.5384,18.5632],[83.5361,18.5641],[83.5345,18.566],[83.533,18.564],[83.533,18.5621],[83.5324,18.56],[83.5319,18.5585],[83.5307,18.5573],[83.5291,18.5553],[83.5283,18.5529],[83.5276,18.5516],[83.5286,18.5503],[83.5309,18.5483],[83.5328,18.5479],[83.5341,18.5485],[83.5341,18.55],[83.5352,18.5508],[83.5372,18.5503],[83.5391,18.5502],[83.5402,18.5491],[83.54,18.5461],[83.5391,18.5434],[83.5395,18.542],[83.5403,18.5405],[83.5431,18.5386],[83.5439,18.5381],[83.5419,18.5353],[83.5409,18.5334],[83.5393,18.5306],[83.5385,18.5291],[83.5368,18.5289],[83.5343,18.5298],[83.5309,18.5288],[83.5291,18.5269],[83.526,18.5263],[83.5242,18.5258],[83.5217,18.5247],[83.5196,18.5227],[83.5164,18.5216],[83.5154,18.5226],[83.5162,18.5238],[83.5174,18.5265],[83.5172,18.5313],[83.5164,18.5318],[83.5157,18.5328],[83.5165,18.5343],[83.5166,18.5357],[83.5154,18.5369],[83.5122,18.5385],[83.5077,18.541],[83.5002,18.5455],[83.4987,18.5466],[83.4985,18.5479],[83.4983,18.5509],[83.4976,18.5534],[83.4946,18.5578],[83.4893,18.5624],[83.4847,18.5643],[83.4795,18.5675],[83.4739,18.5704],[83.4745,18.5728],[83.4747,18.5748],[83.475,18.5769],[83.4759,18.5793],[83.4789,18.5808],[83.4836,18.5818],[83.4862,18.584],[83.4868,18.5867],[83.4885,18.5899],[83.4889,18.5955],[83.4904,18.6013],[83.4907,18.604],[83.4924,18.6066],[83.4926,18.6085],[83.4915,18.6109],[83.4868,18.614],[83.4852,18.6145],[83.4824,18.6149],[83.4806,18.6154],[83.4777,18.6163],[83.4754,18.618],[83.4717,18.6178],[83.47,18.6179],[83.4686,18.6182],[83.4671,18.6195],[83.4666,18.6235],[83.4667,18.6254],[83.4672,18.6277],[83.4656,18.6293],[83.4642,18.6305],[83.4631,18.6318],[83.4622,18.6333],[83.4612,18.6353],[83.4605,18.6369],[83.4599,18.6376],[83.4588,18.6389],[83.4587,18.6399],[83.4593,18.6412],[83.4596,18.6433],[83.4596,18.6451],[83.4571,18.6465],[83.4559,18.6472],[83.4548,18.6484],[83.4532,18.6497],[83.4512,18.6493],[83.4514,18.6477],[83.4516,18.6453],[83.4522,18.6407],[83.4531,18.6385],[83.4528,18.6372],[83.4512,18.6367],[83.4492,18.637],[83.4472,18.6374],[83.4449,18.6353],[83.4458,18.6336],[83.4464,18.6317],[83.4455,18.6292],[83.4451,18.6213],[83.4449,18.6179],[83.4428,18.6166],[83.4404,18.6152],[83.436,18.6122],[83.4319,18.6096],[83.4289,18.608],[83.4285,18.611],[83.4282,18.6129],[83.4253,18.6143],[83.4231,18.6152],[83.4211,18.6163],[83.4183,18.6176],[83.417,18.6184],[83.417,18.6201],[83.4172,18.6226],[83.4168,18.625],[83.4129,18.6243],[83.4101,18.6231],[83.4064,18.6215],[83.4026,18.6201],[83.4,18.6183],[83.3965,18.6145],[83.3921,18.6134],[83.3914,18.612],[83.3905,18.6096],[83.389,18.608],[83.3857,18.6093],[83.384,18.6111],[83.3821,18.6128],[83.3809,18.6145],[83.3799,18.6159],[83.3768,18.6166],[83.3752,18.6157],[83.3743,18.6116],[83.3734,18.6093],[83.3724,18.6082],[83.3717,18.606],[83.3725,18.6044],[83.3742,18.6041],[83.3762,18.6046],[83.3776,18.6043],[83.3782,18.603],[83.3775,18.6007],[83.3753,18.5991],[83.3728,18.5986],[83.3704,18.5984],[83.3672,18.5974],[83.3649,18.5961],[83.3616,18.5948],[83.3592,18.5984],[83.3574,18.5998],[83.3557,18.6041],[83.3549,18.6061],[83.3511,18.6079],[83.3486,18.609],[83.3458,18.6099],[83.3448,18.6105],[83.3443,18.6122],[83.3464,18.6155],[83.3485,18.6169],[83.3487,18.6185],[83.3475,18.6197],[83.3465,18.6208],[83.3465,18.6227],[83.3472,18.625],[83.3456,18.6255],[83.3439,18.6292],[83.3433,18.6313],[83.3428,18.633],[83.3406,18.6351],[83.3401,18.6373],[83.3401,18.6388],[83.3404,18.6404],[83.341,18.6417],[83.3413,18.6428],[83.3412,18.6441],[83.3398,18.6453],[83.3371,18.6454],[83.3347,18.6452],[83.3308,18.6448],[83.3237,18.644],[83.3162,18.6409],[83.313,18.6383],[83.3106,18.6327],[83.3077,18.6321],[83.3033,18.6287],[83.2962,18.6253],[83.2913,18.6203],[83.2897,18.6206],[83.2898,18.6284],[83.2859,18.6282],[83.2815,18.6278],[83.28,18.6251],[83.2774,18.6219],[83.2717,18.6158],[83.269,18.6133],[83.2658,18.608],[83.2625,18.6031],[83.2595,18.5981],[83.2571,18.5954],[83.2548,18.5944],[83.2531,18.5931],[83.252,18.591],[83.251,18.5899],[83.2475,18.5897],[83.2459,18.588],[83.2479,18.5868],[83.251,18.5864],[83.2528,18.5865],[83.2544,18.5873],[83.2572,18.5865],[83.2584,18.5848],[83.2591,18.5828],[83.2592,18.574],[83.2636,18.5736],[83.2674,18.5736],[83.2697,18.573],[83.2666,18.5709],[83.2659,18.5676],[83.2671,18.5616],[83.2658,18.5582],[83.2637,18.5556],[83.2626,18.5525],[83.2632,18.5507],[83.2658,18.5464],[83.2668,18.5426],[83.2643,18.5422],[83.2628,18.5415],[83.2617,18.5403],[83.2604,18.5343],[83.2613,18.5304],[83.2582,18.5289],[83.2546,18.5276],[83.2493,18.526],[83.2451,18.5252],[83.2417,18.5243],[83.236,18.5233],[83.2291,18.5169],[83.2267,18.5151],[83.2223,18.5065],[83.2198,18.5012],[83.2171,18.497],[83.2159,18.493],[83.2154,18.4884],[83.2182,18.484],[83.2206,18.4781],[83.2217,18.4719],[83.2204,18.4683],[83.2129,18.467],[83.2122,18.4682],[83.2111,18.4705],[83.2095,18.4732],[83.2092,18.4763],[83.2087,18.479],[83.2067,18.4792],[83.2025,18.4771],[83.1979,18.4754],[83.1982,18.4706],[83.198,18.4674],[83.1953,18.4639],[83.1926,18.4594],[83.1922,18.4547],[83.1931,18.4531],[83.1956,18.4507],[83.1968,18.4481],[83.1992,18.4447],[83.2008,18.4442],[83.2038,18.444],[83.2062,18.4424],[83.2083,18.4393],[83.2087,18.4365],[83.2077,18.4313],[83.2061,18.43],[83.2061,18.4285],[83.2065,18.4278],[83.2073,18.4276],[83.2081,18.4264],[83.208,18.4235],[83.2094,18.4234],[83.2109,18.4231],[83.2105,18.4206],[83.2094,18.4189],[83.2076,18.417],[83.2056,18.4148],[83.204,18.4111],[83.2056,18.4081],[83.2036,18.406],[83.2021,18.405],[83.2009,18.4024],[83.1975,18.3991],[83.1875,18.3934],[83.1822,18.3909],[83.1803,18.3889],[83.1808,18.3873],[83.1839,18.3864],[83.1872,18.3869],[83.1914,18.3871],[83.195,18.3881],[83.1973,18.388],[83.199,18.3869],[83.199,18.3848],[83.1961,18.3819],[83.1913,18.3788],[83.1859,18.376],[83.1848,18.374],[83.1832,18.3733],[83.1795,18.3737],[83.1764,18.3736],[83.1747,18.3727],[83.1703,18.3672],[83.1656,18.3635],[83.1632,18.361],[83.1627,18.3544],[83.1606,18.3505],[83.1591,18.347],[83.1552,18.3434],[83.154,18.3417],[83.1518,18.341],[83.1456,18.3441],[83.1359,18.3489],[83.1319,18.3498],[83.1208,18.3504],[83.118,18.3487],[83.1163,18.3485],[83.1135,18.3485],[83.1117,18.3492],[83.112,18.3526],[83.1075,18.3522],[83.1069,18.354],[83.106,18.3563],[83.104,18.3565],[83.1008,18.3553],[83.0958,18.3529],[83.0951,18.3522],[83.0947,18.3493],[83.0945,18.346],[83.0933,18.3449],[83.0925,18.343],[83.0918,18.3426],[83.0896,18.3435],[83.0873,18.3443],[83.0844,18.3452],[83.0818,18.3461],[83.0801,18.347],[83.0791,18.3488],[83.0792,18.3549],[83.0787,18.357],[83.0774,18.3591],[83.0762,18.3613],[83.0762,18.3678],[83.0776,18.3713],[83.0797,18.3749],[83.0834,18.3792],[83.0878,18.3841],[83.0908,18.3888],[83.0949,18.3908],[83.0976,18.3942],[83.0996,18.399],[83.1024,18.4066],[83.1051,18.4106],[83.1044,18.4125],[83.1022,18.4129],[83.0985,18.4128],[83.0963,18.4125],[83.0946,18.4114],[83.0931,18.411],[83.0907,18.4111],[83.0881,18.4111],[83.0875,18.4086],[83.0872,18.4067],[83.0858,18.4055],[83.0835,18.4041],[83.0816,18.403],[83.0794,18.4037],[83.0769,18.4053],[83.0739,18.4063],[83.0715,18.4075],[83.0697,18.4078],[83.0682,18.408],[83.0661,18.4084],[83.0646,18.409],[83.0637,18.4099],[83.0626,18.4127],[83.062,18.4136],[83.0608,18.4145],[83.0601,18.4152],[83.0594,18.4162],[83.0588,18.418],[83.0587,18.4185],[83.058,18.419],[83.0574,18.4194],[83.0585,18.42],[83.0608,18.4208],[83.062,18.4213],[83.0632,18.4221],[83.0638,18.4222],[83.0648,18.4224],[83.0654,18.4229],[83.0661,18.4241],[83.067,18.4254],[83.0672,18.4267],[83.0672,18.429],[83.067,18.4299],[83.0659,18.4307],[83.0647,18.4312],[83.064,18.4316],[83.0636,18.4325],[83.0633,18.4333],[83.0624,18.4346],[83.0613,18.4349],[83.0602,18.4349],[83.0594,18.4347],[83.0582,18.4342],[83.0572,18.4339],[83.0562,18.4335],[83.0551,18.4332],[83.0525,18.433],[83.0504,18.4325],[83.0497,18.4302],[83.0489,18.4285],[83.0481,18.4248],[83.0465,18.4241],[83.0452,18.4239],[83.044,18.4244],[83.0432,18.4255],[83.0423,18.4267],[83.041,18.4287],[83.04,18.4305],[83.0387,18.4329],[83.0387,18.4344],[83.039,18.4353],[83.0401,18.4379],[83.0402,18.4395],[83.0396,18.4407],[83.0382,18.4418],[83.0372,18.4431],[83.0361,18.4445],[83.0345,18.4467],[83.0334,18.4476],[83.0323,18.448],[83.0308,18.4479],[83.0287,18.4475],[83.0272,18.4475],[83.0258,18.4478],[83.0246,18.4483],[83.0239,18.4497],[83.0228,18.4511],[83.022,18.4529],[83.0216,18.454],[83.0211,18.4559],[83.0216,18.4569],[83.0227,18.4584],[83.027,18.462],[83.0297,18.4646],[83.0316,18.4662],[83.0343,18.4669],[83.0364,18.4677],[83.0383,18.4685],[83.0394,18.4699],[83.0409,18.4713],[83.0445,18.4752],[83.0472,18.4789],[83.052,18.4823],[83.0549,18.4854],[83.0559,18.4872],[83.0561,18.4891],[83.056,18.4913],[83.0555,18.4934],[83.0552,18.4956],[83.0583,18.4977],[83.0592,18.5006],[83.0598,18.5018],[83.0613,18.5021],[83.0628,18.502],[83.065,18.5037],[83.0666,18.5057],[83.0676,18.5072],[83.0696,18.5094],[83.0714,18.5106],[83.0749,18.5142],[83.0754,18.5156],[83.0755,18.5173],[83.0759,18.5195],[83.0759,18.5208],[83.0756,18.522],[83.0762,18.5226],[83.0767,18.5233],[83.0768,18.5242],[83.077,18.5254],[83.0776,18.5267],[83.0787,18.5274],[83.0797,18.5281],[83.0819,18.5306],[83.083,18.531],[83.0839,18.5314],[83.0846,18.5328],[83.0858,18.5344],[83.0867,18.5354],[83.0875,18.5364],[83.0879,18.5371],[83.0886,18.5379],[83.0889,18.5386],[83.0896,18.5393],[83.0902,18.5396],[83.0909,18.5395],[83.0916,18.5394],[83.0922,18.5394],[83.0931,18.5396],[83.0935,18.5398],[83.0937,18.5402],[83.0939,18.5409],[83.0937,18.5415],[83.0936,18.5423],[83.0938,18.5428],[83.0945,18.5437],[83.0949,18.5442],[83.0951,18.5448],[83.0951,18.5452],[83.0952,18.5461],[83.095,18.547],[83.0947,18.5477],[83.0945,18.5481],[83.0941,18.5486],[83.0936,18.549],[83.0932,18.5492],[83.0929,18.5494],[83.0921,18.5504],[83.0918,18.5509],[83.0915,18.5512],[83.091,18.5514],[83.0906,18.5518],[83.0902,18.5525],[83.0898,18.5529],[83.089,18.553],[83.0884,18.553],[83.0877,18.553],[83.0871,18.553],[83.0864,18.5527],[83.0861,18.5523],[83.0858,18.552],[83.0853,18.5517],[83.0847,18.5517],[83.0842,18.5516],[83.0832,18.5519],[83.0825,18.5527],[83.082,18.5517],[83.0819,18.5508],[83.0811,18.5502],[83.0801,18.5499],[83.0791,18.5498],[83.0777,18.5496],[83.0756,18.5496],[83.074,18.549],[83.0733,18.5483],[83.0724,18.5475],[83.0665,18.5429],[83.0646,18.5414],[83.063,18.5405],[83.0617,18.5405],[83.0607,18.5407],[83.0586,18.5416],[83.0569,18.5422],[83.0549,18.5426],[83.0529,18.5427],[83.0492,18.5428],[83.0472,18.5434],[83.0459,18.5442],[83.0452,18.5456],[83.0442,18.5465],[83.043,18.5474],[83.0402,18.5521],[83.0377,18.5575],[83.0358,18.5615],[83.034,18.568],[83.0322,18.5713],[83.0307,18.5726],[83.0301,18.5732],[83.0299,18.5739],[83.0305,18.5751],[83.0308,18.5762],[83.0308,18.5774],[83.0314,18.5782],[83.0326,18.5789],[83.0342,18.5796],[83.0357,18.5803],[83.0369,18.5806],[83.0381,18.5821],[83.0386,18.584],[83.0392,18.5854],[83.0409,18.5869],[83.0425,18.5873],[83.0444,18.5871],[83.0461,18.587],[83.0477,18.5866],[83.0495,18.5874],[83.0505,18.5882],[83.0518,18.5881],[83.0527,18.5879],[83.0533,18.5884],[83.0534,18.5898],[83.0535,18.5919],[83.0536,18.5954],[83.0537,18.5973],[83.0536,18.5984],[83.053,18.5992],[83.0521,18.5991],[83.051,18.5986],[83.0499,18.598],[83.0485,18.598],[83.0466,18.5981],[83.0455,18.5981],[83.0441,18.5976],[83.0422,18.5968],[83.0404,18.5958],[83.038,18.5948],[83.0348,18.5935],[83.0325,18.5926],[83.0306,18.5915],[83.0292,18.5906],[83.0281,18.5898],[83.0269,18.5888],[83.0253,18.5887],[83.0242,18.5895],[83.0233,18.5904],[83.0224,18.5916],[83.0212,18.5923],[83.0198,18.5924],[83.0184,18.5924],[83.0171,18.5924],[83.0152,18.5933],[83.014,18.5944],[83.013,18.5968],[83.0127,18.5989],[83.0131,18.6002],[83.014,18.601],[83.0149,18.6022],[83.0151,18.6049],[83.0134,18.6054],[83.0108,18.6055],[83.0083,18.606],[83.0048,18.6065],[83.0029,18.6066],[83.0012,18.6068],[83.0008,18.6079],[83.0011,18.6129],[83.0009,18.6199],[83.0042,18.6225],[83.0098,18.6301],[83.0175,18.6357],[83.0103,18.6465],[83.0149,18.6512],[83.0211,18.6524],[83.0245,18.6555],[83.0441,18.6592],[83.0566,18.666],[83.0611,18.6847],[83.0736,18.7023],[83.0695,18.7025],[83.0708,18.7065],[83.0906,18.7254],[83.0932,18.7322],[83.1,18.7343],[83.1071,18.7495],[83.1118,18.7541],[83.1204,18.7583],[83.1223,18.7618],[83.1193,18.7666],[83.1129,18.7689],[83.1367,18.7861],[83.1502,18.7767],[83.1571,18.7679],[83.1639,18.7664],[83.174,18.7723],[83.1778,18.7685],[83.1868,18.7594],[83.1921,18.754],[83.2036,18.7514],[83.2062,18.7491],[83.2059,18.7465],[83.2109,18.738],[83.2099,18.734],[83.2106,18.7325],[83.2127,18.7346],[83.2162,18.7465],[83.2232,18.7532],[83.2249,18.7567],[83.2255,18.7608],[83.2205,18.7733],[83.2224,18.7763],[83.2308,18.7742],[83.2373,18.7723],[83.2475,18.7669],[83.2531,18.7663],[83.2634,18.767],[83.2673,18.7658],[83.2741,18.7652],[83.2779,18.768],[83.2797,18.7714],[83.2792,18.7755],[83.2771,18.779],[83.2779,18.7835],[83.2804,18.7883],[83.2832,18.7935],[83.2874,18.7978],[83.3,18.8007],[83.3083,18.8061],[83.3122,18.807],[83.322,18.804],[83.3262,18.804],[83.331,18.8065],[83.3294,18.8086],[83.3281,18.8114],[83.3281,18.8148],[83.3283,18.8176],[83.3333,18.8211],[83.3381,18.8236],[83.3403,18.8242],[83.3464,18.8267],[83.3537,18.8311],[83.3614,18.8357],[83.3668,18.8402],[83.3702,18.8403],[83.3796,18.8306],[83.3807,18.8294],[83.3842,18.8301],[83.391,18.8343],[83.3944,18.834],[83.4042,18.8389],[83.4066,18.8417],[83.4048,18.8574],[83.4057,18.8608],[83.4068,18.8625],[83.4085,18.8648],[83.4108,18.8673],[83.4115,18.8687],[83.4131,18.8708],[83.4137,18.8735],[83.4097,18.8752],[83.4021,18.8763],[83.3957,18.8791],[83.3933,18.8814],[83.3935,18.8836],[83.3868,18.8884],[83.3818,18.894],[83.3804,18.8979],[83.3823,18.9],[83.3911,18.9053],[83.3918,18.9077],[83.3888,18.9099],[83.3847,18.9105],[83.375,18.9084],[83.3684,18.9092],[83.3644,18.9128],[83.358,18.9239],[83.3555,18.929],[83.3545,18.9348],[83.3558,18.9401],[83.3569,18.9418],[83.3631,18.941],[83.3682,18.9403],[83.3704,18.9415],[83.3717,18.946],[83.3687,18.956],[83.3689,18.9613],[83.3667,18.9626],[83.3622,18.9624],[83.3536,18.965],[83.3529,18.9642],[83.3526,18.9532],[83.3511,18.9431],[83.3477,18.9412],[83.3474,18.9398],[83.3474,18.9342],[83.3492,18.9264],[83.3469,18.9242],[83.3424,18.9238],[83.3369,18.9249],[83.3299,18.9312],[83.3278,18.9338],[83.3267,18.9364],[83.3264,18.9415],[83.3291,18.9439],[83.339,18.9456],[83.3409,18.9472],[83.3403,18.9513],[83.3389,18.9537],[83.3367,18.9547],[83.3349,18.9558],[83.3339,18.958],[83.3335,18.9608],[83.3348,18.9652],[83.3334,18.9668],[83.3277,18.9692],[83.3212,18.9745],[83.3175,18.9846],[83.317,18.9881],[83.3156,18.991],[83.3122,18.9948],[83.3131,18.9975],[83.3157,18.9987],[83.3243,18.9982],[83.3332,18.9966],[83.337,18.996],[83.339,18.9979],[83.3386,19.0004],[83.3379,19.0048],[83.3385,19.0062],[83.3476,19.0189],[83.3493,19.0179],[83.3518,19.018],[83.3538,19.018],[83.3553,19.0186],[83.3559,19.0192],[83.3568,19.0194],[83.3578,19.0192],[83.3602,19.0181],[83.361,19.0179],[83.3623,19.0169],[83.3641,19.0169],[83.3648,19.0164],[83.3649,19.0147],[83.3655,19.0131],[83.3656,19.0127],[83.3658,19.0125],[83.366,19.0123],[83.3663,19.0121],[83.3671,19.0119],[83.3674,19.0116],[83.3674,19.0114],[83.3671,19.0112],[83.3667,19.0112],[83.3665,19.0112],[83.3659,19.0109],[83.3655,19.0105],[83.3651,19.0097],[83.3652,19.0094],[83.3655,19.0094],[83.3658,19.0093],[83.3661,19.0094],[83.3664,19.0095],[83.3668,19.0096],[83.3672,19.0095],[83.3673,19.0091],[83.3673,19.0089],[83.367,19.0087],[83.3668,19.0087],[83.3666,19.0087],[83.3664,19.0088],[83.3661,19.0088],[83.3659,19.0087],[83.3658,19.0084],[83.3658,19.0081],[83.3659,19.0079],[83.3662,19.0077],[83.3665,19.0075],[83.3668,19.0073],[83.3669,19.0072],[83.3669,19.0069],[83.3667,19.0067],[83.3663,19.0061],[83.3665,19.0059],[83.3666,19.0059],[83.367,19.0059],[83.3672,19.0058],[83.3675,19.0057],[83.3675,19.0054],[83.368,19.005],[83.3693,19.004],[83.3711,19.0029],[83.3722,19.0023],[83.3732,19.0023],[83.3743,19.0024],[83.3755,19.0022],[83.3765,19.0019],[83.3782,19.002],[83.3814,19.002],[83.3839,19.0023],[83.3863,19.0032],[83.3889,19.0042],[83.3915,19.0053],[83.3939,19.0057],[83.3947,19.0061],[83.3952,19.0074],[83.3956,19.0087],[83.396,19.0093],[83.3966,19.0096],[83.3971,19.0096],[83.3975,19.0094],[83.3977,19.009],[83.3978,19.0084],[83.398,19.0081],[83.3984,19.0082],[83.3988,19.0083],[83.3994,19.0089],[83.3998,19.0093],[83.4004,19.0095],[83.4008,19.0094],[83.401,19.0093],[83.4012,19.009],[83.4012,19.0085],[83.4016,19.0073],[83.4017,19.0067],[83.4019,19.0062],[83.4021,19.006],[83.4024,19.006],[83.4027,19.0063],[83.4029,19.0066],[83.4031,19.0067],[83.4035,19.0067],[83.4045,19.0064],[83.4047,19.0062],[83.4045,19.0058],[83.4043,19.0055],[83.4042,19.0053],[83.4042,19.0047],[83.4043,19.0044],[83.4046,19.0043],[83.4048,19.0044],[83.4052,19.0049],[83.4056,19.0051],[83.4061,19.0049],[83.4065,19.0047],[83.4067,19.0046],[83.4074,19.0038],[83.4077,19.0037],[83.4079,19.0039],[83.4083,19.0042],[83.4089,19.0044],[83.4093,19.0043],[83.4097,19.0042],[83.4099,19.0039],[83.4101,19.0034],[83.4104,19.0023],[83.4112,19.0018],[83.4117,19.0015],[83.4122,19.0013],[83.4126,19.0015],[83.4127,19.0019],[83.4128,19.0022],[83.4127,19.0025],[83.4127,19.0029],[83.4128,19.0033],[83.4129,19.0035],[83.4135,19.0036],[83.4142,19.0034],[83.4148,19.0033],[83.4154,19.003],[83.4157,19.0025],[83.4159,19.0021],[83.4161,19.0018],[83.4164,19.0016],[83.4169,19.0015],[83.4174,19.0016],[83.4187,19.0009],[83.4195,19.0004],[83.4197,19.0002],[83.4198,18.9999],[83.4197,18.9992],[83.4201,18.9977],[83.4185,18.9939],[83.4177,18.9922],[83.4172,18.9912],[83.4171,18.9904],[83.4177,18.9893],[83.4184,18.9888],[83.4192,18.9887],[83.4209,18.9885],[83.422,18.9871],[83.4236,18.9859],[83.4244,18.9851],[83.4266,18.9837],[83.4275,18.9824],[83.4283,18.9814],[83.4307,18.9791],[83.4333,18.9773],[83.4352,18.9754],[83.437,18.9755],[83.4385,18.9752],[83.4392,18.9747],[83.4396,18.9738],[83.4399,18.9717],[83.4408,18.9707],[83.443,18.9695],[83.4438,18.9686],[83.4442,18.968],[83.4443,18.9673],[83.445,18.9666],[83.4453,18.966],[83.4461,18.9651],[83.4455,18.964],[83.445,18.9627],[83.4446,18.9612],[83.4446,18.9603],[83.4447,18.9598],[83.4453,18.9594],[83.4462,18.9588],[83.4468,18.9583],[83.4477,18.9579],[83.4512,18.9569],[83.4549,18.956],[83.4573,18.9555],[83.4592,18.9552],[83.4604,18.955],[83.4614,18.9547],[83.4622,18.9557],[83.4624,18.9566],[83.4632,18.9577],[83.464,18.9595],[83.4645,18.961],[83.466,18.9645],[83.4674,18.9652],[83.4682,18.966],[83.469,18.9679],[83.4688,18.9696],[83.4683,18.9727],[83.468,18.976],[83.4678,18.9768],[83.4679,18.9784],[83.4674,18.9787],[83.4662,18.9786],[83.4654,18.9786],[83.4644,18.9789],[83.464,18.9793],[83.4635,18.9805],[83.4637,18.9818],[83.4654,18.9857],[83.4662,18.9885],[83.4667,18.9906],[83.4666,18.9918],[83.466,18.9925],[83.4649,18.9929],[83.4638,18.9927],[83.4624,18.9924],[83.4555,18.9914],[83.4552,18.9949],[83.4549,18.9974],[83.4537,19.0005],[83.4522,19.0024],[83.4512,19.004],[83.4503,19.0064],[83.4501,19.0092],[83.4508,19.0106],[83.4521,19.0122],[83.4543,19.0123],[83.4594,19.0118],[83.4623,19.0117],[83.4683,19.008],[83.4703,19.007],[83.473,19.0068],[83.4748,19.0068],[83.4786,19.0078],[83.4811,19.009],[83.4818,19.0107],[83.4818,19.0132],[83.481,19.0151],[83.4797,19.0164],[83.479,19.0181],[83.4788,19.0219],[83.4796,19.0253],[83.4805,19.0273],[83.4815,19.0297],[83.4821,19.0317],[83.4817,19.0341],[83.4803,19.0352],[83.4779,19.0378],[83.4738,19.0404],[83.4714,19.0419],[83.4698,19.0431],[83.4694,19.0466],[83.4692,19.0492],[83.4686,19.051],[83.4676,19.0529],[83.4672,19.0549],[83.4676,19.0572],[83.4676,19.0607],[83.4667,19.0621],[83.4646,19.0626],[83.4627,19.0631],[83.4622,19.0659],[83.4629,19.0689],[83.4634,19.071],[83.4635,19.0736],[83.4628,19.0767],[83.464,19.0789],[83.4671,19.0799],[83.4701,19.0796],[83.4718,19.0785],[83.4731,19.0779],[83.4753,19.0782],[83.4764,19.0791],[83.4769,19.0803],[83.477,19.0832],[83.4761,19.0851],[83.4733,19.0853],[83.4709,19.0856],[83.4687,19.0862],[83.4676,19.0875],[83.4673,19.09],[83.4676,19.0923],[83.4686,19.0936],[83.4712,19.0943],[83.4746,19.0935],[83.4762,19.0932],[83.479,19.093],[83.482,19.0926],[83.4842,19.0913],[83.4855,19.0896],[83.4863,19.088],[83.4866,19.0862],[83.4854,19.0851],[83.4831,19.0833],[83.4823,19.0807],[83.4827,19.078],[83.4836,19.0766],[83.4864,19.074],[83.4931,19.0681],[83.4972,19.064],[83.4992,19.0622],[83.5016,19.0637],[83.5029,19.0655],[83.5045,19.0657],[83.5061,19.0667],[83.5077,19.0686],[83.5094,19.07],[83.5112,19.0708],[83.5113,19.0689],[83.5117,19.0654],[83.5122,19.0636],[83.513,19.0613],[83.5141,19.0598],[83.5161,19.0579],[83.5171,19.0562],[83.5163,19.0549],[83.5154,19.0503],[83.5154,19.049],[83.5151,19.0475],[83.5166,19.0448],[83.5179,19.0405],[83.5186,19.0373],[83.5185,19.0343],[83.5185,19.0328],[83.5182,19.0294],[83.5175,19.0281],[83.5165,19.0272],[83.5156,19.0272],[83.5141,19.0277],[83.5133,19.0282],[83.5113,19.03],[83.5083,19.0346],[83.5045,19.0347],[83.5012,19.0347],[83.4991,19.0338],[83.4974,19.0324],[83.4971,19.0307],[83.4976,19.0287],[83.4985,19.0268],[83.4991,19.0249],[83.5002,19.0219],[83.5012,19.0199],[83.5037,19.0181],[83.5087,19.0166],[83.5125,19.0169],[83.5154,19.0156],[83.5183,19.0142],[83.52,19.0126],[83.5236,19.0125],[83.5285,19.012],[83.5329,19.0124],[83.5358,19.0117],[83.5374,19.013],[83.538,19.0159],[83.5385,19.019],[83.5388,19.022],[83.5393,19.0253],[83.5397,19.0284],[83.5396,19.0358],[83.5417,19.0403],[83.5425,19.0422],[83.5451,19.0429],[83.5484,19.0464],[83.5498,19.0502],[83.5509,19.0529],[83.5525,19.0549],[83.5551,19.0552],[83.5557,19.0553],[83.5567,19.0571],[83.5557,19.0581],[83.5555,19.0606],[83.5545,19.0638],[83.5534,19.0669],[83.5523,19.0695],[83.5508,19.0722],[83.5491,19.0745],[83.5482,19.0772],[83.5478,19.0796],[83.5503,19.0825],[83.5523,19.0853],[83.5554,19.0869],[83.5585,19.0871],[83.5615,19.0866],[83.563,19.0847],[83.5653,19.0801],[83.5663,19.0766],[83.5674,19.0741],[83.5677,19.0718],[83.5666,19.0703],[83.5657,19.0694],[83.5644,19.0684],[83.5633,19.0669],[83.5627,19.0656],[83.562,19.0635],[83.5624,19.0607],[83.5632,19.0594],[83.5649,19.0584],[83.5679,19.0587],[83.5719,19.0598],[83.5749,19.0607],[83.5773,19.0607],[83.5798,19.0599],[83.5816,19.0581],[83.5842,19.0595],[83.5842,19.0623],[83.5841,19.0648],[83.5846,19.0662],[83.5861,19.0674],[83.5867,19.0693],[83.5867,19.0719],[83.586,19.0755],[83.585,19.0805],[83.5842,19.0832],[83.5848,19.0858],[83.5863,19.0878],[83.5878,19.0888],[83.5912,19.0908],[83.5949,19.0936],[83.6004,19.0949],[83.6019,19.0936],[83.6028,19.0927],[83.6058,19.093],[83.6089,19.0949],[83.6105,19.0964],[83.6104,19.098],[83.6093,19.1004],[83.6078,19.1042],[83.6054,19.1084],[83.6035,19.1117],[83.6021,19.1139],[83.6006,19.1152],[83.5991,19.1163],[83.5979,19.1178],[83.5974,19.12],[83.5972,19.1247],[83.5984,19.1307],[83.6004,19.1339],[83.6021,19.1354],[83.6041,19.1364],[83.6057,19.1376],[83.6069,19.139],[83.6087,19.1388],[83.6108,19.1383],[83.6121,19.1373],[83.6135,19.1371],[83.6151,19.1372],[83.6171,19.1377],[83.6187,19.1401],[83.6199,19.1418],[83.6206,19.1433],[83.6208,19.1452],[83.6226,19.1482],[83.624,19.1487],[83.6261,19.1498],[83.6273,19.1508],[83.6277,19.1528],[83.6278,19.1549],[83.6275,19.1572],[83.6265,19.1599],[83.6259,19.1627],[83.6274,19.1616],[83.629,19.1611],[83.631,19.1602],[83.6327,19.1598],[83.6338,19.1594],[83.6351,19.1573],[83.6362,19.1555],[83.637,19.1537],[83.6374,19.153],[83.6373,19.1512],[83.6373,19.1506],[83.6365,19.1479],[83.6358,19.1454],[83.6349,19.1435],[83.6341,19.1412],[83.6339,19.138],[83.6351,19.1358],[83.6366,19.1334],[83.6376,19.1323],[83.6396,19.1313],[83.6442,19.1312],[83.647,19.1296],[83.6488,19.1307],[83.6512,19.1315],[83.6534,19.1312],[83.6549,19.1297],[83.6554,19.1281],[83.656,19.1258],[83.6561,19.1217],[83.6556,19.1209],[83.6532,19.1211],[83.6517,19.121],[83.6504,19.1199],[83.6498,19.1184],[83.6499,19.117],[83.6505,19.1159],[83.6516,19.1138],[83.6518,19.1118],[83.6518,19.1099],[83.6521,19.1087],[83.6546,19.1084],[83.6561,19.1078],[83.657,19.1066],[83.6574,19.1056],[83.6577,19.1039],[83.6597,19.1],[83.6621,19.0988],[83.6635,19.0962],[83.6641,19.0938],[83.6641,19.0919],[83.6638,19.0898],[83.6635,19.0877],[83.6632,19.085],[83.6625,19.083],[83.6624,19.0813],[83.6628,19.0797],[83.665,19.0775],[83.6661,19.0756],[83.6676,19.075],[83.6696,19.0743],[83.6722,19.0737],[83.6739,19.0729],[83.6757,19.0714],[83.6758,19.0702],[83.6768,19.0678],[83.677,19.0661],[83.6774,19.0646],[83.679,19.0636],[83.6806,19.0622],[83.6823,19.0604],[83.6855,19.0581],[83.6879,19.0544],[83.6891,19.0518],[83.6898,19.0495],[83.6907,19.048],[83.6914,19.047],[83.6925,19.0447],[83.6935,19.043],[83.6938,19.041],[83.6938,19.0392],[83.6939,19.0368],[83.6957,19.0351],[83.6969,19.0341],[83.6986,19.0326],[83.6995,19.031],[83.6997,19.0296],[83.6999,19.0278],[83.7005,19.0261],[83.7012,19.0251],[83.702,19.024],[83.7038,19.0231],[83.7086,19.0237],[83.7118,19.0236],[83.7144,19.0236],[83.7172,19.0225],[83.7185,19.0226],[83.7193,19.0226],[83.7202,19.0222],[83.7209,19.0217],[83.7217,19.0218],[83.7224,19.022],[83.7231,19.022],[83.7236,19.0218],[83.727,19.0213],[83.728,19.0215],[83.7293,19.0219],[83.7301,19.0217],[83.7296,19.0208],[83.7299,19.0203],[83.7305,19.0197],[83.7307,19.0189],[83.7304,19.0171],[83.7299,19.016],[83.7287,19.0136],[83.728,19.0126],[83.7273,19.0115],[83.7269,19.0106],[83.7262,19.0092],[83.7248,19.0077],[83.7234,19.0075],[83.7212,19.0077],[83.7203,19.0078],[83.7171,19.0072],[83.7141,19.0061],[83.7131,19.0056],[83.7119,19.005],[83.7112,19.0043],[83.711,19.0035],[83.7113,19.001],[83.7125,18.9987],[83.7142,18.9972],[83.7147,18.9955],[83.7153,18.994],[83.7159,18.9923],[83.7184,18.9912],[83.7212,18.9907],[83.7235,18.9893],[83.7263,18.9885],[83.7293,18.9874],[83.7325,18.9866],[83.7347,18.9856],[83.7351,18.984],[83.735,18.9819],[83.7352,18.9766],[83.735,18.9715],[83.7362,18.9671],[83.7377,18.964],[83.7381,18.9619],[83.7398,18.9584],[83.7407,18.9562],[83.7414,18.9545],[83.7418,18.9527],[83.7417,18.9511],[83.7421,18.9483],[83.7435,18.9459],[83.745,18.9447],[83.7471,18.9434],[83.7482,18.9423],[83.7484,18.9413],[83.7484,18.9381],[83.7485,18.9366],[83.7491,18.9351],[83.7502,18.9339],[83.751,18.9326],[83.7527,18.9303],[83.7534,18.9287],[83.7537,18.9277],[83.7541,18.9258],[83.7544,18.925],[83.7562,18.9252],[83.7577,18.9253],[83.7599,18.926],[83.7614,18.9263],[83.763,18.9261],[83.7638,18.9255],[83.765,18.9227],[83.7668,18.92],[83.7681,18.9174],[83.7689,18.916],[83.7694,18.9146],[83.7703,18.9136],[83.7717,18.9126],[83.7727,18.9119],[83.7738,18.9112],[83.7758,18.9105],[83.7782,18.91],[83.779,18.9098],[83.7851,18.9129],[83.7878,18.9162],[83.7848,18.9275],[83.7776,18.9414],[83.773,18.9448],[83.7692,18.953],[83.7629,18.9504],[83.7581,18.9527],[83.7561,18.9597],[83.7567,18.9668],[83.7537,18.9715],[83.7494,18.9753],[83.7472,18.9867],[83.7488,18.9921],[83.7569,18.999],[83.7583,19.0007],[83.7589,19.0015],[83.76,19.0016],[83.7612,19.0014],[83.7624,19.0016],[83.7635,19.0019],[83.7646,19.0022],[83.7654,19.0028],[83.7661,19.0037],[83.7671,19.0043],[83.7682,19.0047],[83.7694,19.005],[83.7729,19.0059],[83.7741,19.0062],[83.7752,19.0067],[83.7761,19.0073],[83.7771,19.008],[83.7779,19.0088],[83.7797,19.0129],[83.7803,19.0139],[83.7809,19.0148],[83.7816,19.0157],[83.7824,19.0165],[83.7833,19.0172],[83.7843,19.0178],[83.7854,19.0181],[83.7865,19.0182],[83.788,19.0182],[83.7892,19.018],[83.7925,19.0173],[83.7936,19.017],[83.7954,19.0181],[83.7966,19.0066],[83.7988,19.0007],[83.8102,18.9901],[83.8157,18.9768],[83.8183,18.9732],[83.8224,18.9616],[83.8237,18.9571],[83.8211,18.942],[83.8226,18.9385],[83.8266,18.9346],[83.8288,18.9304],[83.8246,18.9179],[83.8261,18.9156],[83.8307,18.914],[83.8426,18.9178],[83.8454,18.9171],[83.8479,18.9126],[83.8493,18.9062],[83.85,18.8968],[83.8444,18.8813],[83.8437,18.8777],[83.8448,18.8733],[83.8514,18.86],[83.8557,18.8563],[83.8668,18.8517],[83.872,18.8477],[83.8746,18.8322],[83.8779,18.8272],[83.8816,18.8265],[83.8909,18.8284],[83.8923,18.8266],[83.8931,18.8188],[83.8937,18.8168]]]]}},{"type":"Feature","properties":{"district":"Eluru","district_hi":"एलुरु"},"geometry":{"type":"Polygon","coordinates":[[[80.7211,16.7173],[80.73,16.7314],[80.7408,16.7505],[80.7501,16.7646],[80.7561,16.7741],[80.7585,16.7776],[80.7593,16.7787],[80.7629,16.7843],[80.7672,16.7894],[80.7682,16.7967],[80.7702,16.8031],[80.7727,16.8072],[80.7745,16.8108],[80.7749,16.8151],[80.7774,16.8229],[80.7779,16.8329],[80.7767,16.8377],[80.7729,16.8407],[80.7713,16.8429],[80.7705,16.8455],[80.7718,16.8498],[80.7766,16.8522],[80.7825,16.8539],[80.7891,16.8569],[80.7977,16.8615],[80.7996,16.8689],[80.8009,16.8727],[80.8014,16.8763],[80.7995,16.8787],[80.7964,16.8831],[80.8131,16.882],[80.8212,16.88],[80.8345,16.8841],[80.842,16.8849],[80.8475,16.8885],[80.8497,16.8974],[80.8515,16.9035],[80.8537,16.9078],[80.8548,16.9152],[80.8527,16.9165],[80.8505,16.9185],[80.8474,16.9214],[80.842,16.924],[80.8357,16.9272],[80.8303,16.9285],[80.8251,16.9309],[80.8245,16.937],[80.8253,16.9408],[80.8257,16.9453],[80.8272,16.9482],[80.8268,16.9544],[80.8269,16.967],[80.8281,16.97],[80.8291,16.9721],[80.8291,16.9739],[80.8286,16.976],[80.8267,16.979],[80.8256,16.9812],[80.8251,16.9847],[80.8251,16.9888],[80.8252,16.9917],[80.8248,16.994],[80.82,16.9964],[80.8169,16.9972],[80.8134,17.0],[80.8087,17.002],[80.8047,17.0035],[80.8014,17.0046],[80.799,17.0058],[80.798,17.0071],[80.7969,17.0093],[80.7953,17.011],[80.7925,17.0137],[80.79,17.0172],[80.7862,17.0215],[80.7821,17.0242],[80.7793,17.0266],[80.7803,17.0292],[80.7852,17.0357],[80.7895,17.0409],[80.7928,17.0468],[80.7939,17.0537],[80.7957,17.058],[80.7967,17.0619],[80.7974,17.0617],[80.7979,17.0616],[80.7984,17.0615],[80.7992,17.0612],[80.8003,17.0607],[80.8005,17.0604],[80.8015,17.0598],[80.8017,17.0596],[80.8027,17.0589],[80.8031,17.0587],[80.8039,17.0581],[80.8043,17.0577],[80.8042,17.0575],[80.8046,17.0574],[80.8056,17.057],[80.8059,17.0568],[80.8065,17.0565],[80.8073,17.0561],[80.8079,17.056],[80.8082,17.056],[80.8085,17.0559],[80.8088,17.0559],[80.8091,17.0558],[80.8102,17.0554],[80.8108,17.0553],[80.8111,17.0552],[80.8123,17.0549],[80.8126,17.0549],[80.8133,17.0549],[80.8133,17.0548],[80.8145,17.0546],[80.8155,17.0545],[80.8182,17.0542],[80.8187,17.0541],[80.8205,17.0536],[80.8231,17.0529],[80.8271,17.0518],[80.8307,17.0507],[80.8343,17.0496],[80.837,17.0489],[80.8376,17.0486],[80.8382,17.0483],[80.84,17.0473],[80.842,17.0459],[80.8422,17.0457],[80.8427,17.0451],[80.8428,17.0446],[80.844,17.0416],[80.8452,17.04],[80.8454,17.0398],[80.8469,17.0405],[80.8484,17.0414],[80.8488,17.0416],[80.8499,17.0423],[80.8513,17.0432],[80.8527,17.044],[80.8533,17.0444],[80.8543,17.0452],[80.8559,17.0464],[80.8567,17.0471],[80.8569,17.0477],[80.8573,17.049],[80.8579,17.0501],[80.8582,17.0505],[80.8644,17.0567],[80.866,17.0601],[80.8673,17.0626],[80.8689,17.0653],[80.8697,17.066],[80.8701,17.0663],[80.8701,17.067],[80.871,17.068],[80.8728,17.0683],[80.8746,17.0708],[80.8757,17.0708],[80.8771,17.0702],[80.8767,17.0728],[80.8767,17.0738],[80.8758,17.0749],[80.8752,17.0751],[80.8751,17.0755],[80.8739,17.0763],[80.8707,17.0778],[80.8685,17.0784],[80.8675,17.0786],[80.8682,17.0801],[80.8683,17.0808],[80.8682,17.0813],[80.8684,17.0826],[80.8688,17.0836],[80.8697,17.0857],[80.8703,17.087],[80.8708,17.0881],[80.8714,17.0896],[80.8725,17.0917],[80.8739,17.092],[80.8746,17.0937],[80.8757,17.096],[80.8742,17.0967],[80.874,17.0985],[80.8745,17.0993],[80.8749,17.1003],[80.8756,17.1022],[80.8758,17.1029],[80.8768,17.1051],[80.8769,17.1052],[80.8766,17.1061],[80.8763,17.1076],[80.876,17.1092],[80.8759,17.1096],[80.8758,17.11],[80.8757,17.1103],[80.8756,17.111],[80.8754,17.1118],[80.875,17.1123],[80.8747,17.1125],[80.8741,17.1128],[80.873,17.1145],[80.8708,17.1172],[80.8699,17.1189],[80.8686,17.1205],[80.8681,17.1225],[80.8685,17.1246],[80.8686,17.1251],[80.8688,17.1261],[80.8688,17.1272],[80.8715,17.1281],[80.873,17.1286],[80.8737,17.1289],[80.8744,17.1297],[80.8772,17.1313],[80.8781,17.1317],[80.8786,17.1326],[80.8789,17.1331],[80.8791,17.1341],[80.8789,17.135],[80.8782,17.1362],[80.8782,17.1377],[80.8777,17.1385],[80.8793,17.1404],[80.8793,17.1426],[80.8788,17.146],[80.8788,17.1465],[80.8784,17.1487],[80.8788,17.1532],[80.88,17.1563],[80.8798,17.1569],[80.8798,17.1579],[80.8797,17.1587],[80.8797,17.1596],[80.8798,17.1617],[80.8807,17.163],[80.88,17.1633],[80.8801,17.1645],[80.8834,17.1633],[80.8855,17.1625],[80.8884,17.1612],[80.8894,17.1611],[80.894,17.1605],[80.8956,17.1602],[80.8972,17.1597],[80.898,17.1595],[80.8985,17.1593],[80.9029,17.1579],[80.9041,17.1574],[80.9051,17.1572],[80.9062,17.1567],[80.917,17.1543],[80.919,17.1552],[80.9195,17.1555],[80.9206,17.156],[80.9226,17.1572],[80.924,17.1573],[80.9245,17.1577],[80.9243,17.1579],[80.9231,17.1611],[80.9233,17.1616],[80.9236,17.1622],[80.9238,17.1647],[80.9238,17.1663],[80.9243,17.1665],[80.9249,17.1668],[80.9253,17.1676],[80.9246,17.1685],[80.9247,17.1693],[80.9249,17.1717],[80.9254,17.1743],[80.9256,17.1771],[80.9255,17.1771],[80.9251,17.1807],[80.9239,17.1807],[80.9238,17.1829],[80.9236,17.1853],[80.9215,17.1864],[80.9215,17.1865],[80.9203,17.1893],[80.9183,17.1896],[80.9181,17.1912],[80.9178,17.1934],[80.9183,17.1948],[80.9194,17.1973],[80.9195,17.1977],[80.9197,17.1996],[80.9199,17.201],[80.9182,17.2043],[80.9177,17.2058],[80.9175,17.2064],[80.9177,17.2081],[80.9173,17.2094],[80.917,17.2106],[80.9162,17.2115],[80.9168,17.213],[80.9165,17.2139],[80.9166,17.2149],[80.9163,17.2163],[80.9174,17.2182],[80.9185,17.2196],[80.9189,17.22],[80.9195,17.2204],[80.9205,17.2198],[80.9207,17.2196],[80.921,17.2198],[80.923,17.2202],[80.9245,17.2201],[80.9254,17.2206],[80.9275,17.2205],[80.9277,17.2206],[80.9285,17.2206],[80.9298,17.2201],[80.9304,17.22],[80.9318,17.2196],[80.933,17.22],[80.9338,17.2198],[80.9353,17.22],[80.9356,17.2201],[80.9364,17.2202],[80.9367,17.2202],[80.9387,17.2201],[80.939,17.22],[80.941,17.2196],[80.9419,17.2191],[80.9427,17.2186],[80.9439,17.2182],[80.9444,17.2181],[80.9451,17.2175],[80.9456,17.2171],[80.946,17.2167],[80.9467,17.216],[80.9471,17.2155],[80.9479,17.2144],[80.948,17.2143],[80.9488,17.2139],[80.949,17.2138],[80.9498,17.2133],[80.9503,17.2128],[80.9516,17.211],[80.9517,17.2109],[80.9526,17.2096],[80.9534,17.2089],[80.9552,17.2079],[80.9555,17.2078],[80.9569,17.2068],[80.9581,17.2059],[80.9592,17.2049],[80.9593,17.2048],[80.9594,17.2048],[80.9607,17.2044],[80.961,17.2043],[80.9611,17.2043],[80.9617,17.2041],[80.9629,17.2039],[80.9634,17.2038],[80.9639,17.2037],[80.9643,17.2036],[80.9646,17.2036],[80.965,17.2035],[80.9652,17.2035],[80.9653,17.2034],[80.9662,17.2033],[80.9663,17.2033],[80.9664,17.2032],[80.9673,17.2031],[80.9678,17.203],[80.9679,17.2027],[80.968,17.2027],[80.968,17.2026],[80.9679,17.2025],[80.9678,17.2021],[80.9677,17.2016],[80.9676,17.2015],[80.9675,17.2011],[80.9674,17.2008],[80.9675,17.2004],[80.9677,17.1992],[80.9677,17.1991],[80.9678,17.1988],[80.968,17.1991],[80.9686,17.2],[80.9692,17.2008],[80.9693,17.2009],[80.9693,17.201],[80.9695,17.2014],[80.9696,17.2014],[80.9697,17.2014],[80.9704,17.2012],[80.9706,17.2012],[80.9707,17.2012],[80.9721,17.2007],[80.9738,17.2008],[80.9743,17.2008],[80.975,17.2008],[80.9755,17.2007],[80.9772,17.1992],[80.9779,17.1989],[80.9786,17.1985],[80.9807,17.1973],[80.9808,17.1972],[80.9805,17.1967],[80.981,17.1962],[80.9819,17.196],[80.9831,17.1959],[80.984,17.1956],[80.9853,17.1952],[80.9868,17.1947],[80.9878,17.1942],[80.9891,17.1937],[80.9907,17.1932],[80.9918,17.1927],[80.9931,17.1921],[80.9942,17.1918],[80.9958,17.1911],[80.9969,17.1907],[80.9977,17.1903],[80.9985,17.19],[81.0001,17.1902],[81.0013,17.1903],[81.0026,17.1906],[81.0039,17.191],[81.005,17.1912],[81.0061,17.1916],[81.0071,17.1918],[81.0082,17.1918],[81.0089,17.1924],[81.0093,17.1931],[81.0101,17.1937],[81.0105,17.1939],[81.0117,17.1941],[81.0126,17.1942],[81.0135,17.1941],[81.0145,17.1941],[81.0159,17.194],[81.0169,17.1939],[81.0183,17.1938],[81.0195,17.1936],[81.0207,17.1933],[81.022,17.1928],[81.0232,17.1924],[81.0244,17.1921],[81.0252,17.1919],[81.026,17.1917],[81.0269,17.1915],[81.0278,17.1912],[81.0289,17.1909],[81.0298,17.1906],[81.0304,17.1904],[81.0311,17.1909],[81.0318,17.1916],[81.0323,17.1922],[81.0329,17.192],[81.0343,17.1919],[81.0355,17.1923],[81.0362,17.1931],[81.037,17.1939],[81.0379,17.1948],[81.0387,17.1957],[81.0394,17.1967],[81.0402,17.1977],[81.0409,17.1988],[81.0415,17.2002],[81.0417,17.2011],[81.0427,17.2015],[81.0434,17.2019],[81.044,17.2025],[81.0445,17.203],[81.0451,17.2035],[81.0457,17.204],[81.0462,17.2044],[81.0471,17.2049],[81.0477,17.2054],[81.0483,17.2066],[81.0485,17.2069],[81.0501,17.2092],[81.0522,17.213],[81.0533,17.2145],[81.0544,17.216],[81.0556,17.2184],[81.0562,17.2203],[81.056,17.2219],[81.0551,17.2242],[81.055,17.2248],[81.0564,17.2244],[81.0573,17.2238],[81.0582,17.2234],[81.058,17.2226],[81.058,17.2223],[81.0588,17.2223],[81.0603,17.2222],[81.0621,17.2221],[81.0636,17.2219],[81.0646,17.221],[81.0655,17.2205],[81.0664,17.2203],[81.0678,17.22],[81.0691,17.2196],[81.0703,17.2189],[81.0714,17.2182],[81.0719,17.2178],[81.0722,17.2177],[81.0734,17.2172],[81.0749,17.2166],[81.0755,17.2164],[81.0756,17.2161],[81.0766,17.2159],[81.0786,17.2156],[81.0795,17.2155],[81.0808,17.2161],[81.0822,17.217],[81.0836,17.2179],[81.0846,17.2182],[81.0865,17.2183],[81.0879,17.2187],[81.089,17.2191],[81.0898,17.2196],[81.0956,17.2209],[81.0967,17.2211],[81.1016,17.2225],[81.1049,17.2231],[81.1086,17.2237],[81.1127,17.224],[81.1137,17.2241],[81.1173,17.2247],[81.1195,17.2248],[81.1215,17.2249],[81.1226,17.2247],[81.1228,17.2247],[81.123,17.2246],[81.1249,17.2246],[81.1251,17.2246],[81.1252,17.2246],[81.1262,17.2247],[81.1264,17.2248],[81.1265,17.224],[81.1276,17.2238],[81.1282,17.2241],[81.1288,17.2244],[81.129,17.2245],[81.1318,17.2258],[81.1323,17.226],[81.1332,17.2257],[81.1343,17.2265],[81.1368,17.2268],[81.1374,17.2269],[81.1401,17.2274],[81.142,17.2278],[81.1434,17.228],[81.1446,17.2289],[81.145,17.2291],[81.1464,17.2293],[81.1471,17.2294],[81.1479,17.2294],[81.148,17.2295],[81.1481,17.2294],[81.149,17.2296],[81.1491,17.2296],[81.1492,17.2296],[81.1503,17.2297],[81.1525,17.2297],[81.1552,17.2303],[81.157,17.2306],[81.158,17.2308],[81.1602,17.2313],[81.1663,17.2313],[81.1696,17.2314],[81.1702,17.2314],[81.1707,17.2314],[81.1723,17.2324],[81.1739,17.2356],[81.1744,17.237],[81.1774,17.2407],[81.1798,17.2431],[81.1818,17.2454],[81.1828,17.2467],[81.1832,17.247],[81.1836,17.2473],[81.1862,17.249],[81.1863,17.2491],[81.1865,17.2493],[81.1865,17.2503],[81.1866,17.2504],[81.1865,17.2506],[81.1866,17.2507],[81.1866,17.2512],[81.1866,17.2515],[81.1867,17.253],[81.1867,17.2536],[81.1868,17.2538],[81.1868,17.2543],[81.1868,17.2545],[81.1862,17.2551],[81.1847,17.2566],[81.1828,17.2589],[81.1825,17.2606],[81.1817,17.2627],[81.1805,17.2646],[81.1799,17.2658],[81.1776,17.2707],[81.1783,17.2742],[81.179,17.2781],[81.1785,17.2831],[81.1772,17.2836],[81.1767,17.2846],[81.1767,17.2877],[81.1768,17.2895],[81.1773,17.2916],[81.1787,17.295],[81.1793,17.2974],[81.1802,17.3],[81.1804,17.3014],[81.1806,17.303],[81.1814,17.3049],[81.1825,17.3074],[81.1832,17.3091],[81.1838,17.3109],[81.1853,17.3129],[81.1867,17.3143],[81.1872,17.3157],[81.1875,17.3182],[81.1877,17.3194],[81.1889,17.3224],[81.1895,17.3236],[81.1911,17.3243],[81.196,17.3242],[81.1995,17.3245],[81.2022,17.3254],[81.2077,17.3258],[81.2114,17.3258],[81.2139,17.325],[81.2172,17.3234],[81.2209,17.3224],[81.2261,17.321],[81.231,17.3203],[81.2362,17.32],[81.238,17.3208],[81.2398,17.3232],[81.242,17.323],[81.2438,17.3234],[81.2451,17.3249],[81.2466,17.3256],[81.2482,17.3253],[81.2508,17.3247],[81.2545,17.3226],[81.2589,17.3216],[81.2619,17.3214],[81.2654,17.3208],[81.2684,17.32],[81.2701,17.3187],[81.2713,17.3177],[81.2724,17.3175],[81.2751,17.3177],[81.2764,17.3202],[81.2776,17.3223],[81.2788,17.3239],[81.2806,17.3251],[81.283,17.3261],[81.2857,17.3271],[81.2886,17.3285],[81.2913,17.3311],[81.2948,17.3349],[81.297,17.3383],[81.298,17.3389],[81.2999,17.3397],[81.3011,17.3408],[81.3023,17.3423],[81.3039,17.3443],[81.3053,17.3464],[81.3063,17.3494],[81.3075,17.3524],[81.3097,17.3551],[81.3111,17.3572],[81.3116,17.3594],[81.3119,17.3609],[81.3133,17.3619],[81.3157,17.3638],[81.3169,17.3665],[81.3169,17.368],[81.3169,17.3691],[81.3184,17.37],[81.3202,17.371],[81.3219,17.3739],[81.3214,17.388],[81.3198,17.3948],[81.3184,17.3985],[81.3173,17.4009],[81.3164,17.4035],[81.3151,17.4053],[81.313,17.4079],[81.3072,17.4108],[81.2839,17.4154],[81.2685,17.4182],[81.2615,17.4206],[81.2552,17.4262],[81.2471,17.4324],[81.2431,17.433],[81.2385,17.4339],[81.233,17.436],[81.2298,17.4377],[81.2241,17.439],[81.2211,17.4405],[81.2166,17.4416],[81.211,17.4424],[81.2097,17.4447],[81.2083,17.4472],[81.206,17.4488],[81.2045,17.4485],[81.203,17.4468],[81.2029,17.4445],[81.2034,17.4425],[81.2031,17.4403],[81.202,17.4349],[81.1981,17.4341],[81.1932,17.4351],[81.1876,17.4372],[81.1832,17.439],[81.1772,17.4442],[81.1738,17.4485],[81.1733,17.4515],[81.1736,17.453],[81.1751,17.4638],[81.1642,17.4634],[81.1574,17.4631],[81.1516,17.463],[81.1491,17.4632],[81.1482,17.464],[81.1518,17.4687],[81.1552,17.4748],[81.1582,17.4813],[81.1586,17.4844],[81.1573,17.4855],[81.151,17.4868],[81.1425,17.4877],[81.1425,17.4907],[81.1437,17.4931],[81.1445,17.4954],[81.1442,17.498],[81.1419,17.5019],[81.1409,17.507],[81.1394,17.5098],[81.1385,17.5125],[81.1388,17.5147],[81.1379,17.5171],[81.1356,17.5188],[81.1334,17.521],[81.1294,17.5252],[81.1268,17.5264],[81.1242,17.5264],[81.1225,17.5256],[81.1204,17.524],[81.1172,17.521],[81.1035,17.5084],[81.1007,17.5045],[81.0979,17.5033],[81.0959,17.5033],[81.0906,17.5062],[81.0852,17.5097],[81.0827,17.5126],[81.081,17.5143],[81.0774,17.5147],[81.0728,17.5155],[81.0686,17.5163],[81.0595,17.5172],[81.0537,17.5184],[81.0472,17.5186],[81.0401,17.5187],[81.0204,17.5194],[81.0169,17.5197],[81.0146,17.5232],[81.0153,17.5262],[81.0154,17.5336],[81.0128,17.5388],[81.0076,17.5471],[81.005,17.549],[81.0027,17.5505],[81.0007,17.5535],[81.0004,17.5578],[80.9981,17.5644],[80.9956,17.5682],[80.9916,17.5715],[80.989,17.5745],[80.9846,17.5792],[80.9821,17.5825],[80.9765,17.5884],[80.9745,17.592],[80.9709,17.5967],[80.9674,17.5988],[80.9621,17.5998],[80.956,17.6006],[80.9517,17.6012],[80.9463,17.601],[80.9404,17.601],[80.9331,17.6012],[80.9128,17.6005],[80.9022,17.6007],[80.8972,17.6014],[80.8907,17.6],[80.8861,17.5971],[80.8812,17.597],[80.8747,17.5973],[80.8654,17.5996],[80.8603,17.6008],[80.8585,17.6009],[80.8571,17.6017],[80.8556,17.603],[80.8549,17.6047],[80.8543,17.6067],[80.8532,17.61],[80.8511,17.6141],[80.8504,17.6198],[80.8515,17.6231],[80.8549,17.6281],[80.8569,17.6304],[80.8618,17.6337],[80.8651,17.6351],[80.8711,17.6337],[80.8736,17.6323],[80.8762,17.632],[80.8813,17.6327],[80.8863,17.6316],[80.8889,17.6322],[80.8909,17.6345],[80.8937,17.6361],[80.8974,17.6374],[80.9002,17.6395],[80.9226,17.6351],[80.9376,17.6321],[80.9469,17.6334],[80.9556,17.6408],[80.9738,17.6496],[80.9894,17.6522],[80.9977,17.6516],[81.0049,17.6483],[81.0081,17.6429],[81.0061,17.618],[81.008,17.6038],[81.0104,17.5997],[81.0138,17.5976],[81.0363,17.5963],[81.0468,17.5997],[81.0586,17.6069],[81.0665,17.6082],[81.0739,17.6086],[81.0773,17.6087],[81.0856,17.6097],[81.1017,17.6203],[81.1086,17.6228],[81.1137,17.6197],[81.1171,17.6146],[81.1182,17.613],[81.1268,17.5873],[81.1321,17.5827],[81.1458,17.5776],[81.1767,17.5722],[81.1894,17.5722],[81.1947,17.5709],[81.2026,17.5652],[81.2083,17.5635],[81.2126,17.5652],[81.2183,17.5737],[81.2279,17.575],[81.2342,17.5737],[81.2425,17.5663],[81.2517,17.5639],[81.2651,17.5639],[81.2716,17.5601],[81.2787,17.5493],[81.2834,17.539],[81.2842,17.5374],[81.291,17.528],[81.2922,17.5234],[81.2923,17.5194],[81.2925,17.5062],[81.2926,17.5007],[81.296,17.4956],[81.3027,17.491],[81.3159,17.4882],[81.3499,17.4994],[81.3637,17.4999],[81.38,17.4961],[81.3832,17.4925],[81.3879,17.4788],[81.3892,17.4748],[81.3942,17.4707],[81.409,17.4647],[81.4253,17.4643],[81.4438,17.4606],[81.4461,17.4611],[81.4493,17.4619],[81.4501,17.4622],[81.4643,17.4683],[81.474,17.4676],[81.4809,17.4691],[81.4909,17.4783],[81.496,17.4806],[81.4965,17.4806],[81.4972,17.4806],[81.4988,17.4806],[81.5087,17.4761],[81.5133,17.4709],[81.5164,17.4584],[81.5221,17.4491],[81.5293,17.4411],[81.5382,17.4368],[81.5435,17.4373],[81.5488,17.4397],[81.5579,17.4413],[81.5618,17.4403],[81.5631,17.4399],[81.5757,17.4298],[81.5775,17.4255],[81.578,17.4213],[81.5791,17.4131],[81.5846,17.4067],[81.5896,17.4052],[81.5947,17.4077],[81.5999,17.4105],[81.6006,17.4105],[81.6038,17.4105],[81.6072,17.4105],[81.6126,17.4073],[81.6157,17.4021],[81.613,17.3991],[81.6096,17.3952],[81.605,17.3838],[81.6052,17.3794],[81.6055,17.3711],[81.6127,17.3549],[81.6115,17.3428],[81.6157,17.3294],[81.6215,17.3261],[81.6375,17.3263],[81.6496,17.3185],[81.6601,17.3137],[81.6728,17.3077],[81.6776,17.3036],[81.6789,17.3001],[81.679,17.2997],[81.6797,17.292],[81.6766,17.2899],[81.6663,17.2851],[81.6587,17.2753],[81.655,17.2642],[81.6563,17.2544],[81.6562,17.2509],[81.6508,17.2425],[81.6423,17.233],[81.64,17.2246],[81.6407,17.211],[81.655,17.1881],[81.6608,17.1728],[81.6529,17.1707],[81.6497,17.1698],[81.6454,17.1692],[81.6429,17.1696],[81.6397,17.1704],[81.6357,17.1727],[81.6318,17.1748],[81.627,17.1761],[81.6217,17.1775],[81.6184,17.179],[81.6169,17.1802],[81.6153,17.1813],[81.6125,17.1825],[81.6107,17.1831],[81.609,17.1822],[81.6074,17.1817],[81.6052,17.1813],[81.6032,17.1813],[81.6014,17.1808],[81.5992,17.1801],[81.5976,17.1804],[81.5958,17.1819],[81.5937,17.1836],[81.5936,17.1871],[81.5934,17.189],[81.5928,17.1913],[81.5921,17.1924],[81.5902,17.1929],[81.5886,17.1938],[81.5871,17.1976],[81.5871,17.1998],[81.5873,17.2025],[81.5876,17.2039],[81.5891,17.2049],[81.5906,17.2056],[81.5922,17.2068],[81.5926,17.2087],[81.5923,17.2108],[81.5916,17.2134],[81.5899,17.2143],[81.5875,17.2132],[81.5838,17.2117],[81.5822,17.2102],[81.5798,17.2095],[81.5764,17.2094],[81.5706,17.2097],[81.5675,17.2098],[81.5654,17.2105],[81.5618,17.2112],[81.5582,17.2119],[81.5557,17.2128],[81.5521,17.2139],[81.5499,17.215],[81.5466,17.2168],[81.5434,17.2158],[81.543,17.2139],[81.5415,17.2124],[81.5392,17.2124],[81.5394,17.2108],[81.5391,17.2085],[81.5357,17.2077],[81.5336,17.2077],[81.5313,17.208],[81.5287,17.2086],[81.5262,17.209],[81.5246,17.2079],[81.5226,17.2054],[81.5201,17.2043],[81.5179,17.203],[81.5146,17.2015],[81.5115,17.2017],[81.5071,17.2026],[81.5038,17.2027],[81.4983,17.2021],[81.4981,17.1982],[81.4973,17.196],[81.4953,17.1947],[81.4936,17.1943],[81.4916,17.1937],[81.4895,17.1925],[81.4885,17.1913],[81.4871,17.1902],[81.4857,17.1891],[81.4837,17.1884],[81.4814,17.1882],[81.479,17.1878],[81.4773,17.1867],[81.4747,17.1836],[81.4725,17.1827],[81.4732,17.1811],[81.4749,17.18],[81.476,17.1786],[81.4762,17.1761],[81.4753,17.1751],[81.4737,17.1747],[81.4709,17.1746],[81.4684,17.1725],[81.4665,17.1712],[81.4639,17.1692],[81.4616,17.1671],[81.457,17.1633],[81.4556,17.161],[81.4569,17.1601],[81.4603,17.1605],[81.4633,17.1617],[81.4657,17.1633],[81.4693,17.1658],[81.4707,17.1664],[81.4706,17.1628],[81.4718,17.1585],[81.4741,17.1559],[81.4758,17.1509],[81.476,17.1371],[81.4759,17.1343],[81.4734,17.1309],[81.4692,17.127],[81.4689,17.1224],[81.4686,17.1174],[81.4658,17.1147],[81.4615,17.1144],[81.4581,17.1155],[81.4532,17.1158],[81.4495,17.1128],[81.4465,17.1085],[81.4463,17.104],[81.4464,17.1016],[81.4483,17.099],[81.4517,17.0992],[81.4558,17.0983],[81.4574,17.0962],[81.4572,17.0929],[81.4561,17.0892],[81.4548,17.0831],[81.4533,17.0794],[81.4515,17.0773],[81.4488,17.0767],[81.4469,17.078],[81.4434,17.0784],[81.4396,17.0773],[81.4369,17.076],[81.4338,17.073],[81.4323,17.0709],[81.4307,17.0687],[81.4301,17.0662],[81.4299,17.0633],[81.4311,17.0613],[81.4332,17.0591],[81.4347,17.0565],[81.4396,17.0505],[81.4423,17.0469],[81.4445,17.0457],[81.447,17.0451],[81.4508,17.0447],[81.4509,17.0424],[81.4501,17.0381],[81.4486,17.037],[81.4477,17.0348],[81.4492,17.0331],[81.4515,17.0312],[81.4534,17.029],[81.4562,17.0215],[81.4562,17.0187],[81.4564,17.0158],[81.4563,17.0135],[81.4542,17.0081],[81.4509,17.0077],[81.4471,17.0085],[81.4447,17.0111],[81.4428,17.0127],[81.442,17.0147],[81.4421,17.0181],[81.4421,17.0201],[81.4407,17.0214],[81.4392,17.0215],[81.4389,17.0251],[81.439,17.0273],[81.4374,17.0291],[81.4359,17.0302],[81.4338,17.032],[81.4335,17.0342],[81.4335,17.0375],[81.4344,17.0409],[81.4343,17.0424],[81.4337,17.0432],[81.4317,17.0444],[81.4283,17.0455],[81.4245,17.0475],[81.4226,17.049],[81.4183,17.0507],[81.4156,17.051],[81.413,17.0489],[81.4126,17.0464],[81.4106,17.045],[81.4084,17.0453],[81.4032,17.0466],[81.3999,17.0469],[81.3976,17.0466],[81.3965,17.045],[81.3957,17.0432],[81.3942,17.0425],[81.3916,17.0423],[81.389,17.043],[81.386,17.0426],[81.3857,17.0411],[81.3839,17.0393],[81.3828,17.0383],[81.3793,17.0338],[81.376,17.0338],[81.3731,17.0334],[81.371,17.032],[81.3695,17.0304],[81.3681,17.0275],[81.3667,17.0244],[81.3669,17.0207],[81.3686,17.0168],[81.3708,17.0131],[81.3716,17.0103],[81.372,17.005],[81.3712,16.9977],[81.3699,16.9927],[81.368,16.9886],[81.3648,16.9856],[81.3614,16.9849],[81.3571,16.9861],[81.3527,16.9875],[81.3493,16.9907],[81.3461,16.9926],[81.3412,16.9924],[81.3373,16.9912],[81.3332,16.9896],[81.3303,16.9868],[81.3285,16.9844],[81.3245,16.9815],[81.317,16.9742],[81.312,16.9674],[81.3104,16.9623],[81.3072,16.9589],[81.3034,16.9571],[81.3004,16.9552],[81.2981,16.9525],[81.2979,16.9498],[81.2929,16.9409],[81.2928,16.9372],[81.2991,16.9358],[81.3038,16.933],[81.3097,16.9323],[81.3158,16.9324],[81.3205,16.9325],[81.3257,16.9321],[81.3293,16.9309],[81.3299,16.9286],[81.329,16.9259],[81.3257,16.9202],[81.327,16.9164],[81.3307,16.9113],[81.3322,16.9066],[81.3326,16.9025],[81.3333,16.9002],[81.3362,16.8996],[81.3376,16.8993],[81.3633,16.8988],[81.3672,16.9028],[81.3714,16.9089],[81.3738,16.9111],[81.3794,16.9104],[81.3824,16.9095],[81.3857,16.909],[81.3887,16.909],[81.389,16.9042],[81.3911,16.9],[81.3916,16.896],[81.3906,16.891],[81.3896,16.8864],[81.3862,16.8801],[81.3879,16.8763],[81.3881,16.8739],[81.3884,16.871],[81.3897,16.8684],[81.3922,16.8676],[81.3931,16.8673],[81.3956,16.868],[81.3974,16.87],[81.3992,16.8717],[81.4018,16.8721],[81.4058,16.8721],[81.4071,16.8717],[81.4091,16.8705],[81.4129,16.8705],[81.4156,16.8707],[81.4189,16.8704],[81.4244,16.8708],[81.4295,16.8735],[81.4357,16.8749],[81.4404,16.8782],[81.4446,16.8832],[81.4483,16.8864],[81.4512,16.8873],[81.4526,16.8898],[81.4508,16.8931],[81.4485,16.8933],[81.446,16.894],[81.4444,16.8961],[81.4432,16.8979],[81.4416,16.9015],[81.4485,16.9016],[81.4614,16.9],[81.4619,16.8918],[81.4603,16.8862],[81.46,16.878],[81.4595,16.8752],[81.4585,16.8722],[81.4592,16.8709],[81.4619,16.8692],[81.4658,16.8678],[81.4703,16.8656],[81.4746,16.8648],[81.4766,16.8627],[81.4768,16.8595],[81.4774,16.8535],[81.4787,16.8509],[81.48,16.8464],[81.4808,16.8406],[81.4816,16.8342],[81.4866,16.8287],[81.4883,16.8261],[81.4883,16.8234],[81.4875,16.8212],[81.4867,16.8194],[81.4877,16.8179],[81.4909,16.8169],[81.4946,16.816],[81.4972,16.8148],[81.4957,16.8107],[81.4931,16.8053],[81.4898,16.7972],[81.4833,16.799],[81.4817,16.7967],[81.4798,16.7931],[81.4776,16.7893],[81.4739,16.783],[81.4732,16.781],[81.4741,16.7797],[81.4752,16.7786],[81.4767,16.7771],[81.4769,16.7752],[81.4766,16.7723],[81.476,16.7683],[81.4768,16.7644],[81.4788,16.762],[81.4807,16.7597],[81.4759,16.76],[81.4722,16.7598],[81.4682,16.7587],[81.4656,16.7558],[81.4624,16.7544],[81.4545,16.7575],[81.4487,16.7584],[81.4442,16.7588],[81.4412,16.7583],[81.443,16.7512],[81.4433,16.746],[81.4439,16.7392],[81.4487,16.7351],[81.4483,16.7316],[81.4476,16.727],[81.4481,16.7256],[81.4511,16.7262],[81.4551,16.7266],[81.4598,16.7276],[81.4632,16.7286],[81.4678,16.728],[81.4696,16.7293],[81.4711,16.7341],[81.4738,16.7321],[81.4768,16.7326],[81.4798,16.7349],[81.4823,16.7367],[81.4861,16.7372],[81.4925,16.7343],[81.495,16.7329],[81.4985,16.7294],[81.501,16.7284],[81.5063,16.7288],[81.5107,16.7312],[81.5138,16.7359],[81.5175,16.7382],[81.5192,16.736],[81.5215,16.7353],[81.5247,16.7344],[81.5283,16.7366],[81.5302,16.7399],[81.5357,16.7398],[81.5422,16.7379],[81.5458,16.7378],[81.5479,16.7395],[81.5499,16.7427],[81.5504,16.7462],[81.5513,16.7501],[81.5519,16.7545],[81.5525,16.7584],[81.5543,16.7621],[81.5582,16.762],[81.5646,16.7614],[81.566,16.758],[81.5664,16.753],[81.5667,16.7459],[81.569,16.7437],[81.5687,16.7392],[81.5665,16.7356],[81.5664,16.7314],[81.5697,16.7275],[81.5731,16.7252],[81.5765,16.7245],[81.5837,16.7231],[81.589,16.7229],[81.5942,16.7241],[81.5967,16.7217],[81.597,16.7184],[81.5966,16.7139],[81.5978,16.7106],[81.6002,16.7079],[81.5992,16.7044],[81.5953,16.7062],[81.5912,16.7045],[81.5859,16.703],[81.5811,16.6999],[81.5792,16.6959],[81.5763,16.6929],[81.5723,16.6927],[81.5719,16.6873],[81.5719,16.6847],[81.5696,16.683],[81.5649,16.6817],[81.5585,16.6816],[81.5567,16.6794],[81.5562,16.6762],[81.5555,16.6732],[81.5534,16.6697],[81.5552,16.6681],[81.5574,16.6652],[81.5617,16.6596],[81.5641,16.6555],[81.5593,16.6498],[81.5544,16.6458],[81.5514,16.6452],[81.5497,16.646],[81.5469,16.6476],[81.545,16.652],[81.5438,16.6538],[81.5414,16.6552],[81.5401,16.6577],[81.5411,16.6599],[81.5418,16.6623],[81.541,16.6649],[81.5398,16.6673],[81.5373,16.6681],[81.5333,16.6682],[81.5333,16.6696],[81.5336,16.6742],[81.524,16.6743],[81.5201,16.6744],[81.5179,16.6757],[81.5146,16.6758],[81.5135,16.6729],[81.5134,16.6711],[81.512,16.6686],[81.5102,16.668],[81.5076,16.6683],[81.5071,16.6664],[81.5063,16.6644],[81.504,16.6639],[81.5012,16.6647],[81.4985,16.6657],[81.4985,16.6673],[81.5001,16.6689],[81.5006,16.6709],[81.4991,16.672],[81.4959,16.6737],[81.4933,16.6753],[81.4896,16.6755],[81.4843,16.6751],[81.4811,16.6761],[81.477,16.6772],[81.4736,16.6792],[81.4721,16.6805],[81.4689,16.6799],[81.4649,16.6786],[81.461,16.6774],[81.4592,16.6774],[81.4552,16.6783],[81.4546,16.6757],[81.4533,16.6741],[81.4493,16.6722],[81.4474,16.6706],[81.4458,16.6675],[81.444,16.6651],[81.4379,16.6646],[81.4341,16.6637],[81.4266,16.665],[81.4209,16.6667],[81.418,16.6665],[81.4137,16.666],[81.4066,16.6673],[81.398,16.6683],[81.3911,16.6676],[81.3826,16.6677],[81.3708,16.6668],[81.3618,16.6662],[81.3583,16.6656],[81.3551,16.6641],[81.3511,16.6623],[81.3474,16.6605],[81.3435,16.66],[81.3427,16.6611],[81.342,16.6642],[81.3407,16.669],[81.3394,16.6705],[81.3391,16.6716],[81.34,16.6724],[81.3412,16.6732],[81.3408,16.6749],[81.3449,16.6767],[81.3503,16.6791],[81.3528,16.6804],[81.3534,16.6927],[81.3514,16.694],[81.3484,16.6935],[81.346,16.6927],[81.3422,16.6924],[81.339,16.6924],[81.3356,16.692],[81.3336,16.6905],[81.3313,16.6899],[81.3277,16.6892],[81.332,16.682],[81.334,16.6792],[81.3331,16.668],[81.3314,16.6568],[81.3304,16.6423],[81.3296,16.632],[81.3267,16.6279],[81.3261,16.6252],[81.3275,16.6207],[81.3311,16.6165],[81.3343,16.6139],[81.3369,16.6112],[81.3399,16.6094],[81.3423,16.6085],[81.3436,16.6063],[81.3447,16.6041],[81.3462,16.6046],[81.3473,16.6055],[81.349,16.6083],[81.3501,16.6096],[81.3518,16.61],[81.3541,16.6101],[81.3549,16.609],[81.3555,16.607],[81.356,16.605],[81.3562,16.6035],[81.3562,16.6014],[81.3568,16.5993],[81.3572,16.5973],[81.3559,16.5972],[81.3544,16.5978],[81.3528,16.5977],[81.3521,16.5969],[81.352,16.596],[81.3526,16.5952],[81.3537,16.5947],[81.3541,16.5936],[81.3538,16.5925],[81.3534,16.5919],[81.3524,16.5918],[81.3484,16.5924],[81.3461,16.5923],[81.3458,16.5912],[81.3464,16.5878],[81.3461,16.5865],[81.3461,16.5851],[81.3459,16.5841],[81.3459,16.5831],[81.3462,16.5821],[81.3468,16.5801],[81.3466,16.5786],[81.3462,16.5775],[81.3457,16.5764],[81.3454,16.5758],[81.3451,16.5745],[81.3453,16.5731],[81.3462,16.5717],[81.3468,16.5704],[81.3473,16.5692],[81.3473,16.5644],[81.3467,16.5623],[81.345,16.5592],[81.3454,16.5573],[81.3463,16.5543],[81.3459,16.5526],[81.3442,16.5497],[81.3438,16.5481],[81.3434,16.5435],[81.3424,16.5403],[81.3423,16.5373],[81.3421,16.5337],[81.3426,16.5317],[81.3428,16.5305],[81.3426,16.5296],[81.3418,16.529],[81.3407,16.5285],[81.3394,16.528],[81.3388,16.5275],[81.3384,16.5254],[81.3382,16.5222],[81.3374,16.5201],[81.3372,16.5187],[81.3372,16.5178],[81.3375,16.5166],[81.3378,16.5156],[81.3383,16.5143],[81.338,16.5133],[81.3372,16.5135],[81.3358,16.514],[81.3346,16.514],[81.3331,16.5136],[81.3318,16.5123],[81.3314,16.5108],[81.3321,16.5092],[81.3336,16.5079],[81.3344,16.5073],[81.3368,16.5058],[81.3382,16.5045],[81.3404,16.5041],[81.3434,16.5039],[81.344,16.5043],[81.3448,16.5051],[81.3451,16.5055],[81.3456,16.5067],[81.3464,16.5066],[81.3472,16.5056],[81.3484,16.5049],[81.3503,16.5046],[81.352,16.5046],[81.3536,16.505],[81.3559,16.5062],[81.3579,16.5068],[81.3601,16.5072],[81.3615,16.5071],[81.3637,16.5056],[81.3638,16.5041],[81.3642,16.5029],[81.3646,16.5017],[81.3651,16.5007],[81.3657,16.5001],[81.367,16.4999],[81.3681,16.4996],[81.3691,16.499],[81.3701,16.4984],[81.371,16.4975],[81.3713,16.4964],[81.3714,16.4952],[81.3712,16.4944],[81.37,16.4927],[81.3693,16.4907],[81.3692,16.4893],[81.369,16.488],[81.3686,16.4866],[81.3681,16.4857],[81.3674,16.484],[81.3673,16.4828],[81.3675,16.4783],[81.3678,16.4759],[81.3684,16.4747],[81.3694,16.4742],[81.3706,16.474],[81.3724,16.4736],[81.3735,16.4729],[81.374,16.4721],[81.3751,16.4703],[81.376,16.4693],[81.3766,16.4684],[81.3773,16.4674],[81.3774,16.4666],[81.377,16.4657],[81.3763,16.4651],[81.3739,16.4627],[81.3732,16.4615],[81.3725,16.4606],[81.3723,16.4596],[81.3726,16.4584],[81.3738,16.4574],[81.3753,16.4564],[81.3773,16.4529],[81.3787,16.4508],[81.3799,16.4494],[81.3815,16.4479],[81.3837,16.4474],[81.3857,16.4472],[81.3868,16.4469],[81.3874,16.4462],[81.3876,16.4454],[81.3871,16.4449],[81.3862,16.4447],[81.3854,16.4442],[81.3852,16.4434],[81.3859,16.4426],[81.3873,16.442],[81.3889,16.441],[81.3897,16.4402],[81.3922,16.4386],[81.394,16.4384],[81.3957,16.4379],[81.3976,16.4385],[81.399,16.4389],[81.4004,16.4388],[81.401,16.4384],[81.4014,16.4374],[81.4009,16.4366],[81.4002,16.4358],[81.3996,16.435],[81.3992,16.4343],[81.399,16.4333],[81.3993,16.4319],[81.3998,16.4305],[81.4011,16.4279],[81.3967,16.4259],[81.388,16.4187],[81.3866,16.4115],[81.3667,16.4081],[81.3462,16.4083],[81.333,16.4164],[81.3246,16.4195],[81.3229,16.4201],[81.32,16.4213],[81.3194,16.423],[81.3196,16.4252],[81.321,16.4272],[81.3232,16.4291],[81.3241,16.4308],[81.3253,16.4343],[81.3257,16.4407],[81.3251,16.4473],[81.3249,16.45],[81.3238,16.4515],[81.3223,16.4533],[81.3216,16.4567],[81.3218,16.461],[81.3198,16.461],[81.3157,16.4609],[81.3081,16.4576],[81.3051,16.4569],[81.3012,16.4559],[81.2964,16.4552],[81.2946,16.4543],[81.2953,16.4528],[81.2978,16.4512],[81.3006,16.4496],[81.3033,16.4468],[81.3046,16.4439],[81.3053,16.4406],[81.302,16.44],[81.3001,16.4397],[81.2971,16.4387],[81.2938,16.4359],[81.2871,16.4298],[81.282,16.4284],[81.2794,16.43],[81.2777,16.4292],[81.2732,16.4242],[81.2647,16.4187],[81.259,16.4112],[81.2557,16.4047],[81.253,16.406],[81.2483,16.4087],[81.2456,16.4109],[81.2417,16.4128],[81.2374,16.415],[81.2334,16.419],[81.231,16.4211],[81.2302,16.4239],[81.2309,16.4267],[81.2305,16.429],[81.223,16.4249],[81.2206,16.424],[81.2165,16.4224],[81.2131,16.4191],[81.2079,16.4092],[81.2068,16.395],[81.2052,16.3855],[81.2044,16.3827],[81.2002,16.3844],[81.1937,16.3852],[81.1889,16.386],[81.1852,16.3864],[81.1811,16.3871],[81.1781,16.3877],[81.1754,16.3884],[81.1739,16.3896],[81.1739,16.3932],[81.1748,16.3966],[81.1751,16.4006],[81.1752,16.4034],[81.1748,16.4048],[81.173,16.4049],[81.169,16.4051],[81.1647,16.4058],[81.1625,16.4065],[81.1603,16.4068],[81.1594,16.4046],[81.1589,16.4025],[81.158,16.3997],[81.1575,16.3969],[81.1569,16.3946],[81.1552,16.3941],[81.153,16.395],[81.1516,16.3955],[81.1482,16.3882],[81.1465,16.3835],[81.145,16.3812],[81.1434,16.3797],[81.1419,16.3786],[81.1395,16.3779],[81.1368,16.3793],[81.1347,16.3806],[81.1325,16.3809],[81.128,16.3828],[81.1232,16.3831],[81.1197,16.3835],[81.117,16.3844],[81.1153,16.386],[81.1144,16.3876],[81.113,16.3892],[81.1112,16.3902],[81.1092,16.3895],[81.1084,16.3885],[81.1045,16.385],[81.1032,16.3833],[81.1013,16.3839],[81.099,16.3845],[81.0966,16.3842],[81.0951,16.3833],[81.0932,16.3828],[81.0911,16.383],[81.0885,16.3841],[81.0868,16.3849],[81.083,16.3869],[81.0804,16.3898],[81.079,16.3916],[81.0793,16.3938],[81.0799,16.3954],[81.0786,16.3985],[81.0765,16.3992],[81.0747,16.3993],[81.0723,16.3987],[81.07,16.3982],[81.0688,16.3984],[81.0666,16.3989],[81.0649,16.3997],[81.0641,16.4],[81.0622,16.4021],[81.0632,16.4043],[81.0629,16.4067],[81.0632,16.4094],[81.0644,16.4129],[81.0612,16.4145],[81.0599,16.4155],[81.0588,16.4174],[81.0577,16.419],[81.0553,16.4201],[81.0535,16.4207],[81.0513,16.4215],[81.0494,16.422],[81.0478,16.4225],[81.0464,16.4232],[81.0456,16.4245],[81.046,16.4353],[81.0475,16.4374],[81.0489,16.4388],[81.0566,16.4397],[81.0615,16.4398],[81.0629,16.442],[81.0652,16.4426],[81.0679,16.4412],[81.0701,16.4404],[81.073,16.4396],[81.0741,16.4386],[81.0755,16.4368],[81.0766,16.4361],[81.0816,16.4342],[81.0829,16.4364],[81.0827,16.438],[81.0815,16.4402],[81.0814,16.4417],[81.0822,16.4429],[81.0834,16.4449],[81.0847,16.4509],[81.0894,16.4576],[81.0905,16.4607],[81.0882,16.4626],[81.0896,16.4649],[81.0912,16.4664],[81.0939,16.4694],[81.0914,16.4725],[81.092,16.4761],[81.0896,16.4778],[81.0872,16.4797],[81.0858,16.4809],[81.0853,16.4824],[81.0853,16.4867],[81.0879,16.4906],[81.0878,16.4928],[81.0893,16.4957],[81.0908,16.4961],[81.0948,16.4941],[81.0985,16.4932],[81.102,16.4941],[81.1047,16.4965],[81.1067,16.4984],[81.1096,16.4988],[81.1121,16.4995],[81.1141,16.5056],[81.1156,16.5108],[81.118,16.5139],[81.1169,16.5158],[81.1141,16.5163],[81.1089,16.5191],[81.1056,16.5205],[81.1027,16.5227],[81.1025,16.5259],[81.1025,16.5343],[81.1036,16.5391],[81.1058,16.5416],[81.1057,16.5436],[81.1051,16.5463],[81.1048,16.5496],[81.1055,16.5514],[81.1066,16.5537],[81.106,16.5571],[81.1031,16.5577],[81.1007,16.5575],[81.0995,16.559],[81.1001,16.5621],[81.1005,16.5649],[81.1011,16.568],[81.1035,16.5709],[81.1065,16.5722],[81.1107,16.5731],[81.1133,16.5727],[81.1157,16.5728],[81.1164,16.579],[81.1113,16.5791],[81.1106,16.5811],[81.1103,16.5852],[81.1106,16.589],[81.1105,16.5913],[81.1123,16.5948],[81.1117,16.5952],[81.1097,16.5966],[81.1067,16.5994],[81.1024,16.6033],[81.1011,16.6056],[81.0975,16.6058],[81.094,16.6059],[81.0903,16.6059],[81.089,16.6045],[81.0882,16.602],[81.0871,16.5958],[81.0884,16.5926],[81.0903,16.592],[81.0926,16.5917],[81.094,16.5909],[81.0943,16.5898],[81.0945,16.588],[81.0943,16.5859],[81.093,16.5848],[81.0893,16.5832],[81.0864,16.5815],[81.0827,16.5788],[81.0805,16.5766],[81.0787,16.5757],[81.0763,16.5754],[81.0727,16.5752],[81.0693,16.5747],[81.0654,16.5718],[81.0622,16.5708],[81.0502,16.5703],[81.0487,16.57],[81.0465,16.5687],[81.0435,16.5671],[81.0403,16.5662],[81.0401,16.5619],[81.0391,16.5623],[81.0371,16.5627],[81.0365,16.5635],[81.036,16.5644],[81.031,16.5627],[81.0282,16.5622],[81.0252,16.5611],[81.0254,16.5598],[81.0252,16.5592],[81.0244,16.5584],[81.0238,16.5574],[81.0231,16.5571],[81.0218,16.5571],[81.0206,16.5573],[81.0192,16.5575],[81.0194,16.5585],[81.0194,16.5598],[81.0191,16.561],[81.0187,16.5621],[81.0172,16.5622],[81.0155,16.5619],[81.0125,16.5613],[81.0116,16.5608],[81.0107,16.565],[81.0096,16.5724],[81.0085,16.5771],[81.0076,16.5819],[81.0064,16.5862],[81.0048,16.587],[81.0016,16.5887],[81.0008,16.5916],[81.001,16.5957],[80.9976,16.5975],[80.9952,16.6],[80.9917,16.604],[80.987,16.6107],[80.9786,16.6233],[80.9747,16.6251],[80.9737,16.6273],[80.9739,16.6321],[80.9718,16.6369],[80.9701,16.6431],[80.9686,16.6478],[80.9633,16.655],[80.9587,16.6605],[80.9582,16.6614],[80.9564,16.6634],[80.9555,16.6648],[80.9543,16.6654],[80.9541,16.669],[80.9544,16.6713],[80.9537,16.6716],[80.9484,16.6728],[80.9455,16.6729],[80.9434,16.6737],[80.9412,16.6742],[80.9385,16.6744],[80.9362,16.6744],[80.9336,16.6759],[80.9326,16.6776],[80.9314,16.6798],[80.9311,16.6874],[80.9311,16.6913],[80.9304,16.6925],[80.928,16.6942],[80.9253,16.6951],[80.9223,16.6963],[80.9193,16.6972],[80.9167,16.6987],[80.9131,16.7012],[80.9095,16.7057],[80.907,16.7073],[80.9061,16.7087],[80.9062,16.7104],[80.9075,16.7122],[80.9084,16.714],[80.9073,16.7149],[80.9052,16.7148],[80.9022,16.7136],[80.8998,16.7122],[80.8944,16.7123],[80.8915,16.7123],[80.8886,16.7129],[80.8848,16.714],[80.8802,16.715],[80.8758,16.7141],[80.8734,16.7121],[80.872,16.7119],[80.8723,16.7102],[80.873,16.7088],[80.8742,16.7071],[80.8751,16.7056],[80.8756,16.7031],[80.8756,16.6951],[80.8768,16.6921],[80.8748,16.6899],[80.8732,16.6905],[80.8692,16.6911],[80.864,16.6923],[80.8605,16.6922],[80.8586,16.6909],[80.8576,16.6885],[80.8576,16.6859],[80.8572,16.6826],[80.8572,16.6779],[80.8597,16.6705],[80.866,16.6682],[80.8704,16.6664],[80.8757,16.6653],[80.879,16.6647],[80.8828,16.6614],[80.8854,16.6562],[80.8861,16.6354],[80.8839,16.63],[80.8821,16.6258],[80.8784,16.6216],[80.8764,16.6191],[80.8739,16.6191],[80.8701,16.622],[80.866,16.6247],[80.8632,16.6257],[80.8596,16.6244],[80.8563,16.6225],[80.8545,16.6205],[80.8522,16.6169],[80.8499,16.6141],[80.8482,16.6127],[80.843,16.6135],[80.8415,16.6136],[80.8385,16.6137],[80.835,16.6172],[80.8324,16.6241],[80.8313,16.6302],[80.8317,16.6358],[80.8343,16.6391],[80.8363,16.6431],[80.8355,16.6458],[80.8316,16.6483],[80.8294,16.6518],[80.8268,16.6531],[80.8222,16.6543],[80.8188,16.6533],[80.8143,16.6507],[80.8105,16.6465],[80.8057,16.6409],[80.8022,16.6379],[80.7995,16.6366],[80.7963,16.637],[80.7957,16.6398],[80.7954,16.6422],[80.7917,16.6418],[80.7888,16.6392],[80.7871,16.6366],[80.7856,16.6329],[80.7841,16.6293],[80.7818,16.6264],[80.7804,16.6247],[80.7752,16.6266],[80.7717,16.6284],[80.7689,16.6271],[80.7665,16.628],[80.7615,16.6302],[80.7576,16.632],[80.7535,16.6318],[80.7488,16.6299],[80.7448,16.629],[80.7412,16.6284],[80.7374,16.6273],[80.7371,16.6272],[80.7352,16.6265],[80.7282,16.6256],[80.7197,16.6269],[80.7125,16.6276],[80.7069,16.6283],[80.7049,16.6286],[80.6977,16.6294],[80.693,16.6322],[80.6892,16.6353],[80.6874,16.6381],[80.687,16.6431],[80.687,16.6683],[80.6885,16.673],[80.6924,16.6803],[80.6984,16.688],[80.7061,16.6971],[80.7091,16.7014],[80.7069,16.7037],[80.7141,16.7085],[80.7211,16.7173]]]}},{"type":"Feature","properties":{"district":"Alluri Sitharama Raju","district_hi":"अल्लूरी सीतारामाराजू"},"geometry":{"type":"Polygon","coordinates":[[[83.1569,18.1913],[83.1518,18.1881],[83.1499,18.1865],[83.1466,18.1863],[83.1436,18.1872],[83.1408,18.1865],[83.1357,18.1822],[83.1351,18.1795],[83.1353,18.1768],[83.1342,18.1753],[83.1313,18.1775],[83.1286,18.1794],[83.1256,18.1808],[83.1228,18.1828],[83.1211,18.1854],[83.1175,18.1877],[83.1125,18.1882],[83.1081,18.1883],[83.1059,18.188],[83.1065,18.1856],[83.1076,18.1836],[83.1081,18.1817],[83.1096,18.1801],[83.1123,18.1798],[83.1142,18.1783],[83.1155,18.1761],[83.117,18.1729],[83.1189,18.1709],[83.1193,18.1689],[83.1178,18.1674],[83.1135,18.1644],[83.1108,18.161],[83.1092,18.1593],[83.1086,18.1576],[83.1117,18.1578],[83.115,18.1576],[83.1173,18.1572],[83.118,18.156],[83.1184,18.1545],[83.1159,18.1491],[83.1139,18.1457],[83.1137,18.1436],[83.113,18.139],[83.1122,18.1398],[83.1092,18.1404],[83.1058,18.1406],[83.104,18.1397],[83.1029,18.1372],[83.1026,18.1342],[83.1043,18.1325],[83.1082,18.1304],[83.1112,18.1286],[83.115,18.1263],[83.1176,18.1244],[83.1217,18.1217],[83.1236,18.1203],[83.1237,18.1176],[83.1235,18.1158],[83.1208,18.115],[83.1177,18.1135],[83.1158,18.1113],[83.112,18.1116],[83.1082,18.1123],[83.1052,18.1119],[83.1044,18.1104],[83.1063,18.1086],[83.1087,18.1083],[83.1124,18.1087],[83.1145,18.1095],[83.117,18.1102],[83.1208,18.1105],[83.1239,18.1105],[83.1272,18.1101],[83.1287,18.1091],[83.1295,18.1069],[83.1301,18.1042],[83.1305,18.1018],[83.1299,18.0997],[83.1282,18.0981],[83.1256,18.0973],[83.1214,18.0973],[83.114,18.0965],[83.1086,18.0955],[83.1068,18.0937],[83.1025,18.0914],[83.0981,18.09],[83.0923,18.0885],[83.0889,18.0877],[83.0791,18.0864],[83.0746,18.0856],[83.0741,18.0822],[83.072,18.077],[83.0699,18.0734],[83.0633,18.0724],[83.0556,18.0723],[83.0511,18.0724],[83.0481,18.0716],[83.0468,18.0763],[83.046,18.0781],[83.0433,18.0799],[83.0412,18.0808],[83.0364,18.0807],[83.03,18.0801],[83.0277,18.0821],[83.0274,18.0853],[83.0262,18.0883],[83.0281,18.0894],[83.0318,18.0861],[83.034,18.088],[83.034,18.091],[83.0299,18.0955],[83.0263,18.0933],[83.0165,18.0882],[83.0061,18.0777],[83.0032,18.0723],[83.0039,18.0705],[83.0049,18.0654],[83.0062,18.0605],[83.0062,18.057],[83.0044,18.055],[83.0021,18.0541],[82.9997,18.0545],[82.9965,18.0524],[82.9937,18.0489],[82.987,18.0371],[82.9846,18.0333],[82.9825,18.0312],[82.979,18.0283],[82.9788,18.0254],[82.9787,18.0226],[82.979,18.0194],[82.9816,18.0173],[82.9794,18.0157],[82.9757,18.0154],[82.973,18.0146],[82.9705,18.013],[82.9687,18.0106],[82.9652,18.0084],[82.9633,18.009],[82.9611,18.0098],[82.9584,18.0072],[82.9548,17.9998],[82.9524,17.9965],[82.9502,17.9929],[82.9481,17.9907],[82.9447,17.9898],[82.9411,17.9919],[82.9381,17.9942],[82.9379,18.0032],[82.9397,18.0067],[82.9397,18.0102],[82.937,18.0118],[82.9328,18.0116],[82.9287,18.0114],[82.9271,18.015],[82.9246,18.0154],[82.921,18.0151],[82.916,18.0118],[82.9164,18.0147],[82.9109,18.0135],[82.9048,18.0127],[82.8984,18.0124],[82.8885,18.0107],[82.888,18.0132],[82.8875,18.0159],[82.8869,18.0182],[82.888,18.0209],[82.8919,18.0248],[82.8878,18.0272],[82.8879,18.0289],[82.8849,18.0272],[82.8827,18.0257],[82.8812,18.0241],[82.8797,18.0197],[82.8792,18.016],[82.8779,18.0138],[82.8754,18.0131],[82.8727,18.0123],[82.8706,18.0111],[82.8688,18.01],[82.8655,18.0073],[82.8636,18.0056],[82.8625,18.0036],[82.8603,18.0016],[82.8578,18.0043],[82.8549,18.0023],[82.8533,18.0016],[82.8506,18.0021],[82.8498,18.004],[82.8488,18.0071],[82.8476,18.0044],[82.8451,18.0042],[82.8422,18.0067],[82.839,18.0055],[82.8343,18.0044],[82.8317,18.0031],[82.8284,18.0019],[82.8246,18.0012],[82.8208,18.0004],[82.8192,17.9975],[82.8169,17.996],[82.8173,17.9928],[82.82,17.992],[82.8243,17.9906],[82.8262,17.9923],[82.8292,17.9941],[82.8317,17.9929],[82.8344,17.9912],[82.837,17.9904],[82.8397,17.9898],[82.8436,17.9893],[82.8452,17.9884],[82.8465,17.9863],[82.8498,17.9849],[82.8498,17.9818],[82.8481,17.9808],[82.8446,17.98],[82.8444,17.9734],[82.8481,17.971],[82.8495,17.9706],[82.8534,17.9693],[82.8556,17.9669],[82.8556,17.9638],[82.8551,17.9606],[82.8523,17.9587],[82.8498,17.9563],[82.8482,17.9544],[82.8456,17.954],[82.8416,17.9534],[82.8378,17.9508],[82.8351,17.9462],[82.8338,17.9406],[82.8333,17.9396],[82.8319,17.9369],[82.8234,17.9316],[82.8204,17.9318],[82.8174,17.9327],[82.8157,17.9342],[82.8131,17.9372],[82.8106,17.9361],[82.8096,17.9326],[82.8089,17.9285],[82.8077,17.9256],[82.8064,17.9247],[82.8018,17.9237],[82.7969,17.9235],[82.7901,17.93],[82.7864,17.9316],[82.7837,17.9341],[82.7804,17.9373],[82.7761,17.9392],[82.7783,17.9346],[82.7798,17.9319],[82.7808,17.9293],[82.7779,17.9291],[82.7755,17.9324],[82.7747,17.9339],[82.773,17.9359],[82.7703,17.9381],[82.7673,17.942],[82.7648,17.9458],[82.7625,17.9492],[82.7605,17.9545],[82.7579,17.9567],[82.7552,17.9597],[82.7544,17.9553],[82.7538,17.952],[82.7536,17.9481],[82.7502,17.9471],[82.7449,17.9486],[82.7358,17.9484],[82.7301,17.9502],[82.7155,17.9555],[82.7137,17.9562],[82.7145,17.9546],[82.7146,17.9527],[82.7133,17.9515],[82.7115,17.9504],[82.7104,17.9494],[82.7103,17.9479],[82.7127,17.9477],[82.7154,17.9476],[82.7167,17.9472],[82.7187,17.9465],[82.7238,17.942],[82.7261,17.9406],[82.7249,17.9379],[82.7253,17.9358],[82.7261,17.934],[82.7256,17.932],[82.7234,17.9309],[82.7202,17.9297],[82.7143,17.9283],[82.7118,17.9266],[82.7103,17.9257],[82.7067,17.923],[82.7062,17.9212],[82.7076,17.9197],[82.7102,17.9176],[82.7111,17.9157],[82.711,17.9138],[82.7102,17.9121],[82.7071,17.9094],[82.7075,17.9084],[82.7091,17.9075],[82.7094,17.9061],[82.7083,17.9044],[82.7068,17.9028],[82.7057,17.9011],[82.705,17.8991],[82.7044,17.8963],[82.7036,17.8938],[82.6983,17.8937],[82.6957,17.8937],[82.6943,17.895],[82.6924,17.8965],[82.689,17.8975],[82.6862,17.8984],[82.681,17.9003],[82.6784,17.8994],[82.6765,17.8985],[82.6744,17.8997],[82.6735,17.9006],[82.6733,17.9028],[82.6716,17.9044],[82.6694,17.9039],[82.6683,17.9023],[82.6674,17.9005],[82.6665,17.8992],[82.6666,17.8981],[82.6686,17.8975],[82.671,17.8973],[82.6735,17.8965],[82.6762,17.8954],[82.6781,17.8943],[82.6781,17.8921],[82.68,17.8918],[82.6816,17.8921],[82.6868,17.892],[82.6888,17.8911],[82.6913,17.8883],[82.6919,17.888],[82.6969,17.8838],[82.7021,17.8804],[82.7051,17.8791],[82.7083,17.8757],[82.7118,17.8751],[82.7174,17.8727],[82.7172,17.8707],[82.715,17.8687],[82.7131,17.8665],[82.7104,17.8659],[82.7028,17.8663],[82.6986,17.8661],[82.698,17.8651],[82.698,17.8637],[82.7,17.8622],[82.6985,17.8605],[82.6977,17.8599],[82.6968,17.8565],[82.6951,17.8533],[82.6922,17.8514],[82.6904,17.8508],[82.6868,17.8519],[82.6856,17.8532],[82.6847,17.8558],[82.6833,17.8573],[82.6814,17.8577],[82.6766,17.8567],[82.6734,17.8541],[82.6704,17.8528],[82.668,17.8516],[82.6638,17.8496],[82.6525,17.845],[82.6477,17.8412],[82.6402,17.8371],[82.6366,17.8357],[82.6334,17.835],[82.6286,17.8364],[82.626,17.8378],[82.625,17.8392],[82.6243,17.8416],[82.6241,17.8433],[82.6222,17.8431],[82.6211,17.8422],[82.6198,17.8406],[82.6246,17.8335],[82.6309,17.8225],[82.6349,17.8133],[82.6368,17.8088],[82.6373,17.8048],[82.6413,17.7992],[82.643,17.7944],[82.6376,17.7956],[82.6342,17.7948],[82.6301,17.7916],[82.628,17.788],[82.6268,17.7843],[82.6247,17.7815],[82.6224,17.7799],[82.621,17.7805],[82.6184,17.7825],[82.6186,17.7867],[82.6186,17.7901],[82.6175,17.793],[82.6158,17.7928],[82.6126,17.7911],[82.6103,17.789],[82.6083,17.7869],[82.6072,17.7843],[82.6055,17.7809],[82.6034,17.7752],[82.5959,17.7707],[82.5917,17.7681],[82.5888,17.7677],[82.589,17.7716],[82.5893,17.7742],[82.5855,17.7745],[82.5809,17.7744],[82.5757,17.7743],[82.5704,17.7744],[82.5654,17.7735],[82.5627,17.7704],[82.562,17.7657],[82.5617,17.7615],[82.5615,17.7581],[82.5621,17.7547],[82.5633,17.749],[82.5599,17.7482],[82.5566,17.7485],[82.5543,17.7476],[82.5546,17.7444],[82.5517,17.7368],[82.5496,17.732],[82.5479,17.7293],[82.5481,17.727],[82.5468,17.722],[82.5453,17.7197],[82.5376,17.7141],[82.5334,17.7112],[82.5301,17.7085],[82.5267,17.7056],[82.5228,17.7046],[82.521,17.7013],[82.5143,17.6996],[82.5075,17.6997],[82.5011,17.7002],[82.4972,17.7031],[82.4954,17.7074],[82.4989,17.7108],[82.5031,17.713],[82.5054,17.7149],[82.5084,17.7166],[82.5111,17.7221],[82.5107,17.7246],[82.5073,17.7224],[82.5053,17.7204],[82.5041,17.7185],[82.5011,17.7172],[82.4997,17.718],[82.4992,17.7216],[82.4974,17.7249],[82.4949,17.7265],[82.4917,17.7282],[82.4775,17.734],[82.4696,17.7377],[82.4646,17.7407],[82.4597,17.7401],[82.4557,17.7391],[82.4541,17.7371],[82.4539,17.7342],[82.4548,17.7324],[82.4557,17.7294],[82.4538,17.7269],[82.4508,17.7258],[82.4476,17.7265],[82.442,17.7276],[82.4374,17.7273],[82.4351,17.7257],[82.4323,17.7235],[82.4301,17.7203],[82.4253,17.7175],[82.4265,17.7152],[82.4294,17.7131],[82.429,17.7098],[82.4268,17.7053],[82.423,17.7014],[82.4165,17.6973],[82.4101,17.6921],[82.4012,17.6868],[82.3986,17.6852],[82.3952,17.6861],[82.3923,17.6861],[82.3903,17.684],[82.3884,17.6821],[82.386,17.6809],[82.3843,17.6803],[82.3824,17.6808],[82.3815,17.6833],[82.3799,17.6857],[82.3773,17.6876],[82.3732,17.6884],[82.3695,17.6872],[82.3679,17.6848],[82.3666,17.6838],[82.364,17.6836],[82.3612,17.6832],[82.3606,17.6771],[82.3555,17.6765],[82.3521,17.6786],[82.3485,17.6794],[82.3516,17.6646],[82.3527,17.6609],[82.3458,17.6545],[82.3436,17.6484],[82.3456,17.646],[82.3499,17.6432],[82.3564,17.6406],[82.3642,17.6403],[82.3702,17.6398],[82.3726,17.6404],[82.3741,17.6417],[82.3781,17.6458],[82.3815,17.6497],[82.3827,17.6515],[82.3889,17.6548],[82.3878,17.6566],[82.3837,17.6576],[82.3796,17.6583],[82.3786,17.6635],[82.3803,17.6669],[82.3849,17.6653],[82.3875,17.6646],[82.3956,17.6645],[82.394,17.67],[82.3973,17.673],[82.405,17.6717],[82.4069,17.6687],[82.4093,17.6645],[82.4088,17.662],[82.4033,17.6597],[82.3976,17.656],[82.3945,17.653],[82.3949,17.6506],[82.398,17.6496],[82.4028,17.6491],[82.4052,17.6443],[82.4074,17.6437],[82.4138,17.6463],[82.4198,17.6497],[82.4242,17.6537],[82.4308,17.6548],[82.433,17.6504],[82.4309,17.6465],[82.4351,17.6398],[82.4417,17.6404],[82.4572,17.637],[82.4627,17.6355],[82.4648,17.6283],[82.4636,17.6244],[82.4637,17.6219],[82.4649,17.6196],[82.4645,17.6177],[82.4632,17.6161],[82.4619,17.6152],[82.4608,17.6146],[82.4597,17.6138],[82.4601,17.6123],[82.4604,17.6104],[82.4598,17.6094],[82.4554,17.6085],[82.4529,17.6083],[82.4517,17.6082],[82.4503,17.6078],[82.4489,17.6074],[82.4455,17.607],[82.4432,17.6063],[82.4405,17.6054],[82.4357,17.6043],[82.4312,17.603],[82.4281,17.6021],[82.4262,17.6011],[82.4232,17.5999],[82.4237,17.5985],[82.4236,17.5971],[82.4217,17.5964],[82.42,17.596],[82.4179,17.5953],[82.4159,17.5952],[82.4107,17.594],[82.406,17.5925],[82.4027,17.5914],[82.3965,17.5888],[82.391,17.5871],[82.3836,17.5839],[82.3787,17.582],[82.3704,17.5782],[82.3677,17.5769],[82.366,17.5768],[82.3641,17.5772],[82.3625,17.578],[82.3594,17.5761],[82.357,17.5756],[82.3565,17.5778],[82.3546,17.5808],[82.354,17.5832],[82.3569,17.5833],[82.3617,17.5831],[82.3653,17.5842],[82.3689,17.5854],[82.373,17.5878],[82.3763,17.5914],[82.3786,17.5956],[82.3838,17.5969],[82.3809,17.6003],[82.3775,17.6013],[82.3736,17.6009],[82.3698,17.5995],[82.366,17.5971],[82.3608,17.5944],[82.3585,17.5934],[82.3536,17.5932],[82.3503,17.5922],[82.3451,17.5907],[82.3427,17.5896],[82.3416,17.5881],[82.3424,17.5879],[82.3431,17.5838],[82.3436,17.5779],[82.3411,17.5748],[82.3387,17.5703],[82.3342,17.5688],[82.3341,17.5661],[82.3329,17.5629],[82.3288,17.558],[82.3295,17.5514],[82.3303,17.5418],[82.3331,17.5336],[82.3358,17.5308],[82.3369,17.5283],[82.3374,17.5253],[82.3366,17.5225],[82.3341,17.5202],[82.3328,17.5174],[82.3333,17.5147],[82.334,17.5121],[82.3306,17.5108],[82.3256,17.5075],[82.3182,17.5026],[82.3144,17.4985],[82.3096,17.4938],[82.3026,17.4877],[82.2945,17.4836],[82.2912,17.4809],[82.2877,17.4727],[82.2861,17.4671],[82.2862,17.4627],[82.286,17.4572],[82.2855,17.451],[82.2833,17.4431],[82.2715,17.4396],[82.2623,17.4375],[82.2501,17.4329],[82.2477,17.424],[82.243,17.4196],[82.2334,17.4094],[82.2218,17.4016],[82.2175,17.3977],[82.2198,17.3944],[82.2185,17.3896],[82.2014,17.3835],[82.1993,17.3797],[82.1993,17.3771],[82.1947,17.377],[82.1888,17.3756],[82.1783,17.3692],[82.1736,17.3658],[82.1647,17.3596],[82.158,17.357],[82.1576,17.3547],[82.1586,17.3528],[82.1614,17.3508],[82.1665,17.3472],[82.1707,17.3444],[82.1703,17.3407],[82.1615,17.3305],[82.1564,17.3265],[82.151,17.3242],[82.1476,17.3206],[82.1493,17.3178],[82.1533,17.3165],[82.1575,17.3173],[82.1632,17.3177],[82.1732,17.3188],[82.1926,17.3231],[82.1869,17.3165],[82.1801,17.3118],[82.1719,17.3067],[82.1563,17.2988],[82.1511,17.2982],[82.1464,17.2998],[82.1437,17.3029],[82.1438,17.3067],[82.1459,17.3088],[82.1447,17.311],[82.1408,17.3093],[82.1331,17.3066],[82.1312,17.3082],[82.1302,17.3114],[82.1318,17.3128],[82.1343,17.3151],[82.1362,17.3174],[82.134,17.3186],[82.1316,17.3149],[82.1284,17.313],[82.127,17.3132],[82.1269,17.3157],[82.1277,17.3182],[82.1321,17.3273],[82.1357,17.3341],[82.1398,17.3396],[82.1435,17.3449],[82.1393,17.3459],[82.1358,17.3461],[82.1327,17.3464],[82.1296,17.3469],[82.1266,17.3466],[82.1237,17.3443],[82.1226,17.3405],[82.1222,17.3373],[82.1217,17.3286],[82.1219,17.3248],[82.1205,17.3235],[82.1159,17.3247],[82.1145,17.3262],[82.1128,17.3265],[82.1083,17.3265],[82.1056,17.3266],[82.1002,17.3268],[82.0997,17.329],[82.1032,17.3322],[82.1064,17.3358],[82.108,17.3384],[82.1072,17.3401],[82.1052,17.3417],[82.1031,17.3419],[82.0996,17.3421],[82.0958,17.3425],[82.0937,17.3437],[82.0922,17.3462],[82.0928,17.3481],[82.0937,17.3499],[82.095,17.3549],[82.0969,17.3562],[82.0995,17.3572],[82.1025,17.3582],[82.105,17.3594],[82.1059,17.3615],[82.1072,17.3642],[82.1094,17.3654],[82.1113,17.3673],[82.1123,17.3692],[82.1115,17.3709],[82.1104,17.3726],[82.1105,17.3743],[82.1119,17.3766],[82.1137,17.3783],[82.1157,17.38],[82.1176,17.3809],[82.1195,17.381],[82.1207,17.3825],[82.1186,17.3853],[82.1175,17.3867],[82.1167,17.3894],[82.1163,17.3909],[82.1145,17.3929],[82.1122,17.3937],[82.1103,17.393],[82.1089,17.3911],[82.1084,17.3896],[82.1066,17.3865],[82.1043,17.3859],[82.1015,17.3865],[82.1001,17.3882],[82.0991,17.3895],[82.0983,17.3911],[82.0993,17.3922],[82.1011,17.3928],[82.1022,17.3939],[82.101,17.3944],[82.0989,17.3956],[82.0992,17.3968],[82.1002,17.3984],[82.1005,17.4004],[82.0984,17.4024],[82.0959,17.4028],[82.0933,17.4012],[82.0935,17.3985],[82.0943,17.3951],[82.0929,17.3933],[82.0911,17.392],[82.0888,17.3902],[82.0868,17.3909],[82.0863,17.3929],[82.0857,17.3952],[82.0848,17.3977],[82.0833,17.399],[82.0823,17.4008],[82.0807,17.4029],[82.0786,17.4035],[82.0753,17.4027],[82.0742,17.4026],[82.0722,17.4008],[82.073,17.3991],[82.0751,17.3985],[82.0764,17.3984],[82.0789,17.3975],[82.0801,17.3958],[82.0802,17.3925],[82.0789,17.3919],[82.0767,17.3919],[82.075,17.3902],[82.0751,17.3876],[82.0744,17.3868],[82.0722,17.3864],[82.07,17.3864],[82.068,17.387],[82.0679,17.3889],[82.0679,17.3912],[82.0665,17.3912],[82.0649,17.3885],[82.0642,17.387],[82.0628,17.3864],[82.0599,17.3852],[82.057,17.3836],[82.0561,17.3807],[82.0534,17.3765],[82.0528,17.3748],[82.0525,17.3727],[82.0534,17.3703],[82.0549,17.3683],[82.0569,17.3669],[82.0605,17.3661],[82.0619,17.3646],[82.0621,17.362],[82.0612,17.3587],[82.0599,17.3559],[82.0571,17.352],[82.0543,17.351],[82.0538,17.3471],[82.0554,17.3444],[82.0583,17.3391],[82.0613,17.3328],[82.0595,17.3266],[82.0545,17.3208],[82.0528,17.3163],[82.0552,17.3153],[82.0589,17.3144],[82.0589,17.3095],[82.0596,17.3064],[82.0626,17.3044],[82.065,17.3048],[82.0683,17.3065],[82.0735,17.3035],[82.0783,17.303],[82.0834,17.3021],[82.0878,17.3012],[82.0907,17.2986],[82.0938,17.2925],[82.0925,17.29],[82.0876,17.2887],[82.0834,17.2869],[82.0774,17.2842],[82.0728,17.2869],[82.0693,17.2898],[82.0661,17.2951],[82.0616,17.2929],[82.0497,17.2826],[82.0394,17.2882],[82.0378,17.2967],[82.0375,17.3034],[82.0329,17.3072],[82.0261,17.3118],[82.0134,17.3114],[82.0083,17.3163],[82.0029,17.3098],[81.9954,17.3107],[81.9859,17.3134],[81.9756,17.3145],[81.9739,17.3101],[81.9744,17.304],[81.965,17.3027],[81.9646,17.2938],[81.9566,17.2884],[81.9433,17.2833],[81.9246,17.2817],[81.9156,17.283],[81.9165,17.2869],[81.9197,17.297],[81.9217,17.3026],[81.9234,17.3063],[81.9243,17.3097],[81.9243,17.3122],[81.9232,17.3135],[81.92,17.3098],[81.9174,17.3074],[81.9142,17.3055],[81.911,17.3051],[81.909,17.3073],[81.9053,17.3095],[81.9024,17.3109],[81.8981,17.3138],[81.8937,17.317],[81.8901,17.3183],[81.8825,17.3149],[81.8791,17.312],[81.8786,17.3089],[81.8798,17.3072],[81.8811,17.3049],[81.881,17.3015],[81.8806,17.2973],[81.8789,17.2947],[81.8758,17.2949],[81.873,17.2944],[81.8706,17.2924],[81.8678,17.2883],[81.8654,17.2893],[81.8626,17.2897],[81.8592,17.2918],[81.8586,17.2948],[81.8591,17.2977],[81.8552,17.299],[81.8507,17.2997],[81.8468,17.3018],[81.8447,17.3059],[81.8453,17.3098],[81.8325,17.3078],[81.8314,17.3082],[81.8292,17.3099],[81.8262,17.3084],[81.8243,17.3041],[81.8246,17.2984],[81.8246,17.2941],[81.8228,17.2879],[81.825,17.2844],[81.826,17.2785],[81.826,17.2595],[81.8143,17.2598],[81.8087,17.2604],[81.8075,17.2534],[81.806,17.2487],[81.8025,17.2449],[81.7968,17.2442],[81.7915,17.2443],[81.7876,17.2449],[81.7833,17.2492],[81.7797,17.2481],[81.777,17.2467],[81.7734,17.2455],[81.7724,17.2486],[81.7661,17.2491],[81.7617,17.2476],[81.7587,17.245],[81.7563,17.2422],[81.7569,17.2383],[81.7553,17.2361],[81.7532,17.2342],[81.7519,17.2341],[81.7501,17.2388],[81.7441,17.2382],[81.7394,17.2361],[81.7338,17.2348],[81.7292,17.234],[81.7252,17.234],[81.7208,17.2345],[81.7186,17.2339],[81.7179,17.2319],[81.7177,17.2276],[81.7189,17.2244],[81.7169,17.2222],[81.7133,17.2224],[81.7091,17.2243],[81.7058,17.2267],[81.7034,17.2297],[81.6999,17.2314],[81.6956,17.2312],[81.6913,17.2309],[81.6872,17.2307],[81.6821,17.2316],[81.681,17.2352],[81.6826,17.2375],[81.6846,17.2403],[81.6849,17.2441],[81.6832,17.2485],[81.6793,17.2527],[81.6807,17.257],[81.6806,17.2601],[81.6852,17.2703],[81.683,17.2723],[81.6759,17.2721],[81.6713,17.2734],[81.6689,17.2732],[81.6587,17.2753],[81.6663,17.2851],[81.6766,17.2899],[81.6797,17.292],[81.679,17.2997],[81.6789,17.3001],[81.6776,17.3036],[81.6728,17.3077],[81.6601,17.3137],[81.6496,17.3185],[81.6375,17.3263],[81.6215,17.3261],[81.6157,17.3294],[81.6115,17.3428],[81.6127,17.3549],[81.6055,17.3711],[81.6052,17.3794],[81.605,17.3838],[81.6096,17.3952],[81.613,17.3991],[81.6157,17.4021],[81.6126,17.4073],[81.6072,17.4105],[81.6038,17.4105],[81.6006,17.4105],[81.5999,17.4105],[81.5947,17.4077],[81.5896,17.4052],[81.5846,17.4067],[81.5791,17.4131],[81.578,17.4213],[81.5775,17.4255],[81.5757,17.4298],[81.5631,17.4399],[81.5618,17.4403],[81.5579,17.4413],[81.5488,17.4397],[81.5435,17.4373],[81.5382,17.4368],[81.5293,17.4411],[81.5221,17.4491],[81.5164,17.4584],[81.5133,17.4709],[81.5087,17.4761],[81.4988,17.4806],[81.4972,17.4806],[81.4965,17.4806],[81.496,17.4806],[81.4909,17.4783],[81.4809,17.4691],[81.474,17.4676],[81.4643,17.4683],[81.4501,17.4622],[81.4493,17.4619],[81.4461,17.4611],[81.4438,17.4606],[81.4253,17.4643],[81.409,17.4647],[81.3942,17.4707],[81.3892,17.4748],[81.3879,17.4788],[81.3832,17.4925],[81.38,17.4961],[81.3637,17.4999],[81.3499,17.4994],[81.3159,17.4882],[81.3027,17.491],[81.296,17.4956],[81.2926,17.5007],[81.2925,17.5062],[81.2923,17.5194],[81.2922,17.5234],[81.291,17.528],[81.2842,17.5374],[81.2834,17.539],[81.2787,17.5493],[81.2716,17.5601],[81.2651,17.5639],[81.2517,17.5639],[81.2425,17.5663],[81.2342,17.5737],[81.2279,17.575],[81.2183,17.5737],[81.2126,17.5652],[81.2083,17.5635],[81.2026,17.5652],[81.1947,17.5709],[81.1894,17.5722],[81.1767,17.5722],[81.1458,17.5776],[81.1321,17.5827],[81.1268,17.5873],[81.1182,17.613],[81.1171,17.6146],[81.1137,17.6197],[81.1086,17.6228],[81.1017,17.6203],[81.0856,17.6097],[81.0773,17.6087],[81.0739,17.6086],[81.0665,17.6082],[81.0586,17.6069],[81.0468,17.5997],[81.0363,17.5963],[81.0138,17.5976],[81.0104,17.5997],[81.008,17.6038],[81.0061,17.618],[81.0081,17.6429],[81.0049,17.6483],[80.9977,17.6516],[80.9894,17.6522],[80.9738,17.6496],[80.9556,17.6408],[80.9469,17.6334],[80.9376,17.6321],[80.9226,17.6351],[80.9002,17.6395],[80.9037,17.6427],[80.9085,17.6471],[80.9091,17.6501],[80.9097,17.6521],[80.91,17.6528],[80.9101,17.6529],[80.9103,17.6535],[80.9106,17.6538],[80.9109,17.6545],[80.9074,17.6562],[80.9044,17.6578],[80.9028,17.6587],[80.9084,17.673],[80.9094,17.6758],[80.9069,17.6794],[80.9062,17.6803],[80.906,17.6804],[80.9057,17.6804],[80.9053,17.6802],[80.905,17.6802],[80.9049,17.6802],[80.9046,17.6803],[80.9047,17.6805],[80.9048,17.6806],[80.9039,17.6808],[80.9038,17.6808],[80.9037,17.6807],[80.9038,17.6806],[80.9036,17.6806],[80.9035,17.6807],[80.9034,17.6809],[80.9034,17.681],[80.9029,17.6814],[80.9028,17.6813],[80.9028,17.6812],[80.9029,17.6811],[80.9027,17.681],[80.9026,17.6811],[80.9023,17.6815],[80.9021,17.6816],[80.9021,17.6819],[80.9017,17.6822],[80.9006,17.6822],[80.9004,17.6822],[80.9,17.6824],[80.8997,17.6825],[80.8996,17.6825],[80.8996,17.6821],[80.8995,17.682],[80.8992,17.6822],[80.899,17.682],[80.8986,17.6816],[80.8978,17.6813],[80.8978,17.6811],[80.8976,17.6811],[80.8974,17.6812],[80.8974,17.6813],[80.8969,17.6814],[80.8968,17.6811],[80.8967,17.6812],[80.8967,17.6813],[80.8963,17.6813],[80.896,17.6815],[80.8954,17.6814],[80.8952,17.6814],[80.8948,17.682],[80.8942,17.6818],[80.8939,17.6814],[80.8936,17.6817],[80.8933,17.6816],[80.8932,17.6811],[80.8926,17.6811],[80.8924,17.6809],[80.8919,17.6807],[80.8917,17.6807],[80.8915,17.6805],[80.8916,17.6803],[80.8917,17.6802],[80.8914,17.6802],[80.891,17.6805],[80.8855,17.6837],[80.8902,17.6889],[80.8919,17.694],[80.8938,17.7029],[80.8943,17.712],[80.8944,17.7217],[80.8935,17.7306],[80.8915,17.7413],[80.8949,17.7409],[80.8989,17.7407],[80.9001,17.7408],[80.9007,17.7411],[80.9014,17.7412],[80.902,17.7414],[80.9026,17.7418],[80.9027,17.742],[80.9026,17.7427],[80.9024,17.7435],[80.9021,17.7444],[80.9014,17.7453],[80.9002,17.7472],[80.8998,17.7476],[80.8995,17.7481],[80.8995,17.7483],[80.8995,17.7484],[80.8995,17.7486],[80.8996,17.7488],[80.8997,17.7489],[80.8997,17.7497],[80.8996,17.75],[80.8995,17.7506],[80.8994,17.7508],[80.8996,17.7514],[80.9,17.7516],[80.8999,17.7519],[80.9,17.7521],[80.9011,17.7516],[80.9011,17.7515],[80.9014,17.7509],[80.9014,17.7502],[80.9013,17.7499],[80.9013,17.7495],[80.9015,17.7491],[80.9022,17.7486],[80.9035,17.7482],[80.9042,17.7479],[80.9046,17.7478],[80.9055,17.7466],[80.9058,17.7465],[80.906,17.7466],[80.9062,17.7467],[80.9063,17.7471],[80.9062,17.7476],[80.9061,17.748],[80.9063,17.7484],[80.9065,17.7485],[80.9066,17.7485],[80.9074,17.7487],[80.9078,17.7488],[80.9084,17.7486],[80.9095,17.7485],[80.9103,17.7484],[80.9109,17.7484],[80.9112,17.7485],[80.9119,17.7494],[80.9122,17.7495],[80.9136,17.75],[80.914,17.7504],[80.9145,17.7507],[80.9149,17.7508],[80.9153,17.7505],[80.9155,17.7502],[80.9156,17.7499],[80.9153,17.7488],[80.9155,17.7485],[80.9173,17.7482],[80.9177,17.7484],[80.9178,17.7487],[80.9173,17.7495],[80.9172,17.7499],[80.9173,17.7506],[80.9174,17.7508],[80.9174,17.7516],[80.9177,17.7525],[80.9179,17.7529],[80.918,17.7536],[80.9187,17.7556],[80.9191,17.7568],[80.9201,17.7571],[80.9214,17.7574],[80.9215,17.7575],[80.9217,17.7575],[80.9225,17.7576],[80.9236,17.7576],[80.9238,17.7571],[80.9238,17.757],[80.9237,17.7566],[80.9248,17.7562],[80.9257,17.7559],[80.9264,17.7556],[80.9265,17.7556],[80.9263,17.7569],[80.9261,17.7583],[80.9261,17.7589],[80.9263,17.7592],[80.9267,17.7598],[80.9271,17.7602],[80.9275,17.7607],[80.9277,17.761],[80.9282,17.7616],[80.9288,17.7615],[80.9303,17.7614],[80.9316,17.7613],[80.935,17.7611],[80.9356,17.7611],[80.9358,17.7611],[80.936,17.7611],[80.9375,17.761],[80.9392,17.7609],[80.9399,17.7608],[80.942,17.7607],[80.9431,17.7607],[80.9451,17.7604],[80.9463,17.7603],[80.9465,17.7605],[80.9466,17.7606],[80.947,17.7613],[80.9475,17.7618],[80.9481,17.7625],[80.9493,17.764],[80.9499,17.7648],[80.9501,17.7651],[80.9506,17.7656],[80.9507,17.7657],[80.9511,17.7662],[80.9518,17.7671],[80.9527,17.7682],[80.953,17.7685],[80.9532,17.7688],[80.9537,17.7696],[80.9549,17.7709],[80.9563,17.7726],[80.9578,17.7747],[80.9583,17.775],[80.959,17.7751],[80.9597,17.776],[80.9599,17.7763],[80.961,17.7764],[80.9618,17.7764],[80.9632,17.7764],[80.9636,17.7771],[80.9647,17.7792],[80.965,17.7796],[80.9659,17.7796],[80.9662,17.7796],[80.9676,17.779],[80.9693,17.7784],[80.9698,17.7784],[80.9702,17.7783],[80.9702,17.7775],[80.9724,17.7787],[80.9737,17.7794],[80.9749,17.7781],[80.9768,17.7772],[80.9764,17.7768],[80.9767,17.7754],[80.9771,17.7737],[80.9775,17.772],[80.9778,17.771],[80.9783,17.7692],[80.9793,17.7668],[80.9802,17.7648],[80.9812,17.7626],[80.9814,17.7622],[80.9826,17.7597],[80.9834,17.7578],[80.9841,17.7563],[80.9849,17.7549],[80.9866,17.7544],[80.988,17.7541],[80.9896,17.7527],[80.9905,17.7519],[80.9919,17.7506],[80.9927,17.7504],[80.9942,17.75],[80.9953,17.7497],[80.9967,17.7493],[80.9983,17.7488],[81.0013,17.7479],[81.0027,17.7476],[81.004,17.7472],[81.0048,17.7471],[81.0055,17.7469],[81.0069,17.7466],[81.0083,17.7463],[81.01,17.7458],[81.0115,17.7455],[81.0133,17.7451],[81.0152,17.7445],[81.0158,17.7444],[81.0166,17.7448],[81.0171,17.745],[81.0173,17.7453],[81.0179,17.7458],[81.0183,17.7461],[81.0188,17.7464],[81.0192,17.7468],[81.0195,17.7471],[81.0199,17.7474],[81.0204,17.7478],[81.0212,17.7484],[81.0222,17.7493],[81.0234,17.7494],[81.0243,17.7494],[81.0248,17.7494],[81.0252,17.7495],[81.0262,17.7486],[81.0269,17.7482],[81.0279,17.7477],[81.0288,17.7472],[81.0294,17.7469],[81.0301,17.7466],[81.031,17.7461],[81.0315,17.746],[81.0318,17.7458],[81.0324,17.7456],[81.0327,17.7457],[81.033,17.7457],[81.0334,17.7458],[81.0338,17.7458],[81.0344,17.7456],[81.035,17.7452],[81.0356,17.7449],[81.0356,17.7443],[81.0356,17.7437],[81.0357,17.7431],[81.0358,17.743],[81.0358,17.7427],[81.0353,17.7413],[81.0357,17.7402],[81.0365,17.7396],[81.0372,17.7391],[81.038,17.7385],[81.0388,17.7375],[81.0396,17.7359],[81.0403,17.7347],[81.0407,17.7338],[81.0401,17.7332],[81.0403,17.7314],[81.0409,17.7313],[81.0419,17.7307],[81.0421,17.7299],[81.0417,17.7287],[81.0422,17.7275],[81.0398,17.7273],[81.0373,17.7265],[81.0193,17.7205],[81.0216,17.7201],[81.0251,17.72],[81.0298,17.7192],[81.0371,17.7175],[81.0415,17.7175],[81.0473,17.719],[81.0476,17.7181],[81.0489,17.7175],[81.0505,17.717],[81.054,17.7164],[81.056,17.7161],[81.0582,17.7152],[81.0601,17.7155],[81.0572,17.7137],[81.0573,17.713],[81.0577,17.7109],[81.0583,17.7086],[81.0588,17.705],[81.0614,17.7019],[81.066,17.6965],[81.0721,17.6966],[81.073,17.6968],[81.0748,17.7026],[81.0773,17.7048],[81.0787,17.7091],[81.0787,17.7104],[81.0783,17.7145],[81.0752,17.713],[81.0735,17.7106],[81.0728,17.711],[81.0663,17.7158],[81.0658,17.717],[81.0649,17.7201],[81.0642,17.7242],[81.0658,17.726],[81.0661,17.7274],[81.0659,17.7282],[81.0649,17.7289],[81.0639,17.7289],[81.063,17.7285],[81.0642,17.7304],[81.0669,17.7332],[81.0742,17.7273],[81.0773,17.7264],[81.0815,17.7228],[81.0818,17.7187],[81.0856,17.7185],[81.0889,17.7218],[81.089,17.7225],[81.0892,17.7351],[81.0857,17.735],[81.0829,17.741],[81.0818,17.7427],[81.0794,17.7477],[81.0789,17.7495],[81.0772,17.7523],[81.0753,17.7572],[81.0748,17.7604],[81.0845,17.7605],[81.082,17.7742],[81.0851,17.7754],[81.0955,17.7755],[81.0938,17.7763],[81.0933,17.7777],[81.091,17.7834],[81.0873,17.7897],[81.0828,17.7937],[81.0822,17.7941],[81.0889,17.8108],[81.1594,17.8527],[81.1919,17.8469],[81.2539,17.8121],[81.3244,17.8153],[81.349,17.8119],[81.3712,17.8084],[81.3811,17.8039],[81.3875,17.7957],[81.3945,17.7949],[81.3947,17.8164],[81.397,17.8184],[81.3993,17.8198],[81.4012,17.8201],[81.4054,17.82],[81.4089,17.8191],[81.4114,17.8174],[81.4132,17.8152],[81.4145,17.8136],[81.4161,17.8128],[81.418,17.8142],[81.4197,17.8162],[81.4214,17.818],[81.4255,17.8206],[81.4289,17.8255],[81.4319,17.8295],[81.4337,17.8309],[81.4356,17.8313],[81.4374,17.8311],[81.439,17.8294],[81.44,17.8272],[81.4407,17.8249],[81.4441,17.8243],[81.4472,17.8249],[81.4497,17.8257],[81.4546,17.827],[81.458,17.8281],[81.4625,17.8301],[81.4673,17.8323],[81.4703,17.8347],[81.4726,17.8362],[81.4774,17.8365],[81.481,17.831],[81.4817,17.8271],[81.4824,17.8234],[81.4846,17.821],[81.4867,17.8195],[81.4876,17.8163],[81.4877,17.8128],[81.4884,17.8115],[81.4925,17.8103],[81.4962,17.8108],[81.499,17.8134],[81.5014,17.8152],[81.5055,17.816],[81.5089,17.8161],[81.5143,17.8159],[81.5216,17.8172],[81.5254,17.8197],[81.5283,17.8222],[81.5313,17.8229],[81.537,17.8213],[81.5485,17.8249],[81.5548,17.8261],[81.5584,17.8261],[81.5632,17.8258],[81.5657,17.8271],[81.568,17.8312],[81.5696,17.8343],[81.5713,17.8358],[81.5743,17.8371],[81.5773,17.8375],[81.5804,17.8368],[81.5859,17.8359],[81.5905,17.8343],[81.5973,17.8322],[81.6074,17.8263],[81.6111,17.8247],[81.6137,17.8236],[81.6162,17.823],[81.6183,17.8232],[81.6206,17.8265],[81.6209,17.8281],[81.6212,17.8302],[81.623,17.8331],[81.6253,17.8335],[81.6278,17.8325],[81.63,17.8325],[81.6331,17.8349],[81.6375,17.8378],[81.6444,17.8459],[81.6506,17.8539],[81.6532,17.8584],[81.6544,17.862],[81.6548,17.8651],[81.6542,17.8678],[81.6561,17.8722],[81.6597,17.8768],[81.6632,17.8813],[81.6664,17.8849],[81.67,17.8865],[81.6749,17.888],[81.6787,17.8872],[81.6829,17.8858],[81.6844,17.8852],[81.6874,17.8851],[81.6894,17.886],[81.6913,17.8887],[81.6922,17.8908],[81.694,17.8939],[81.6953,17.897],[81.6992,17.9005],[81.7021,17.9004],[81.7038,17.8975],[81.7045,17.8923],[81.7044,17.8895],[81.7047,17.8864],[81.7064,17.8823],[81.7074,17.88],[81.7085,17.8762],[81.7102,17.8731],[81.7126,17.8713],[81.7174,17.8737],[81.7245,17.8765],[81.7371,17.8853],[81.7458,17.8914],[81.7551,17.8984],[81.7644,17.9074],[81.7688,17.9109],[81.773,17.9142],[81.7783,17.9168],[81.7853,17.9205],[81.7886,17.9238],[81.7912,17.9305],[81.7927,17.9347],[81.7981,17.9423],[81.8013,17.9462],[81.8053,17.949],[81.8112,17.9521],[81.8176,17.9539],[81.8281,17.9563],[81.8395,17.9591],[81.8469,17.9606],[81.8559,17.9626],[81.8677,17.9646],[81.8764,17.9673],[81.8898,17.9734],[81.8991,17.9765],[81.9028,17.9768],[81.9061,17.979],[81.9071,17.9821],[81.9088,17.9843],[81.9117,17.9864],[81.9151,17.9886],[81.9191,17.9906],[81.9239,17.9911],[81.9292,17.9918],[81.9404,17.9934],[81.9421,17.9941],[81.9444,17.9954],[81.9455,17.9959],[81.9465,17.9961],[81.9478,17.9961],[81.95,17.9961],[81.9513,17.9962],[81.9519,17.9964],[81.953,17.9969],[81.9548,17.9981],[81.9556,17.9983],[81.9568,17.9985],[81.9578,17.9986],[81.959,17.9986],[81.96,17.9986],[81.9616,17.9987],[81.963,17.9991],[81.9639,17.9999],[81.9647,18.0006],[81.9658,18.0015],[81.9671,18.0035],[81.9679,18.0046],[81.9802,18.0147],[81.9809,18.0162],[81.9822,18.0174],[81.9828,18.0178],[81.9836,18.0182],[81.9845,18.0184],[81.9859,18.0185],[81.9873,18.0183],[81.9881,18.0182],[81.9897,18.0184],[81.9907,18.0187],[81.9914,18.0191],[81.9923,18.0197],[81.9927,18.0207],[81.9928,18.022],[81.9932,18.024],[81.9936,18.0257],[81.9938,18.0261],[81.9949,18.0268],[81.9957,18.0273],[81.9969,18.0276],[81.9981,18.028],[81.9997,18.0285],[82.0016,18.0293],[82.0041,18.0294],[82.0053,18.0293],[82.0064,18.0293],[82.0076,18.0293],[82.0087,18.0295],[82.01,18.0306],[82.0108,18.0317],[82.0106,18.0329],[82.0107,18.0342],[82.0107,18.0359],[82.0093,18.0383],[82.0062,18.0441],[82.0059,18.0457],[82.0061,18.0484],[82.0063,18.0526],[82.0068,18.0547],[82.0078,18.0568],[82.0081,18.0572],[82.0086,18.0576],[82.0096,18.058],[82.011,18.0586],[82.0126,18.0591],[82.0144,18.0601],[82.0165,18.0613],[82.019,18.0627],[82.0201,18.063],[82.0224,18.0627],[82.0256,18.063],[82.0266,18.0634],[82.0284,18.0642],[82.0295,18.0658],[82.0304,18.067],[82.0311,18.0682],[82.0326,18.0688],[82.0344,18.0688],[82.0367,18.0679],[82.0384,18.0655],[82.0391,18.0615],[82.0392,18.0598],[82.0395,18.0584],[82.0398,18.0576],[82.0409,18.0567],[82.0422,18.0566],[82.0439,18.0567],[82.0458,18.0568],[82.0473,18.057],[82.0497,18.057],[82.0514,18.057],[82.053,18.0568],[82.0551,18.0564],[82.0574,18.0557],[82.06,18.055],[82.0651,18.0555],[82.0667,18.0559],[82.0674,18.0569],[82.0673,18.0596],[82.0675,18.0619],[82.0685,18.065],[82.07,18.0677],[82.0709,18.0693],[82.0727,18.0714],[82.075,18.0736],[82.0762,18.0746],[82.0773,18.0748],[82.0792,18.0739],[82.0803,18.0732],[82.0813,18.0725],[82.0822,18.0715],[82.0835,18.0707],[82.0844,18.0701],[82.0859,18.0693],[82.0876,18.0684],[82.0881,18.068],[82.0897,18.0676],[82.091,18.0675],[82.0936,18.0673],[82.0949,18.0672],[82.096,18.0665],[82.0967,18.0649],[82.097,18.0639],[82.0973,18.0625],[82.0988,18.0614],[82.1002,18.0608],[82.1011,18.0602],[82.1021,18.0596],[82.1041,18.0596],[82.1053,18.0606],[82.1061,18.0615],[82.1071,18.0622],[82.1084,18.0625],[82.1103,18.0624],[82.1114,18.0615],[82.1127,18.061],[82.1134,18.061],[82.1161,18.0611],[82.1173,18.0616],[82.1183,18.0622],[82.1195,18.0629],[82.1205,18.0636],[82.1215,18.0637],[82.1226,18.0629],[82.1233,18.0618],[82.124,18.0605],[82.125,18.0597],[82.1268,18.0595],[82.129,18.0596],[82.1319,18.0598],[82.1335,18.0597],[82.1345,18.0592],[82.1354,18.0577],[82.1354,18.0562],[82.1358,18.0537],[82.1364,18.0509],[82.1366,18.0484],[82.1367,18.0454],[82.1367,18.0446],[82.1376,18.0436],[82.1387,18.044],[82.1411,18.0463],[82.143,18.0472],[82.1448,18.0483],[82.1458,18.0494],[82.1466,18.0509],[82.1474,18.0516],[82.1488,18.0512],[82.1513,18.0494],[82.1521,18.0486],[82.1527,18.0483],[82.1541,18.0478],[82.1569,18.0495],[82.1609,18.0503],[82.1629,18.0505],[82.1656,18.0509],[82.1675,18.051],[82.169,18.0509],[82.1705,18.0495],[82.1723,18.0471],[82.1736,18.0437],[82.1761,18.04],[82.1784,18.0366],[82.1809,18.0338],[82.1831,18.0303],[82.1842,18.0286],[82.1835,18.0258],[82.1819,18.0239],[82.1808,18.023],[82.1797,18.0219],[82.1791,18.0201],[82.1799,18.0191],[82.1811,18.0188],[82.1826,18.0184],[82.1836,18.0182],[82.1845,18.0174],[82.1857,18.0167],[82.1867,18.0158],[82.1881,18.0153],[82.1898,18.015],[82.1949,18.0159],[82.1975,18.0165],[82.1989,18.0168],[82.2004,18.0171],[82.2017,18.0175],[82.2029,18.0179],[82.204,18.0181],[82.2051,18.0179],[82.2057,18.017],[82.2055,18.016],[82.2055,18.0147],[82.2064,18.0135],[82.2092,18.0105],[82.2112,18.009],[82.2128,18.0079],[82.2142,18.0069],[82.2163,18.0056],[82.2187,18.0041],[82.2216,18.0021],[82.2225,18.0016],[82.2242,18.0012],[82.2281,18.0013],[82.2305,18.0013],[82.2322,18.0014],[82.2342,18.0018],[82.2362,18.002],[82.2387,18.0017],[82.2409,17.9996],[82.2429,17.9981],[82.2443,17.9967],[82.2455,17.9951],[82.248,17.9928],[82.2497,17.9921],[82.2523,17.9916],[82.2555,17.992],[82.2596,17.993],[82.2635,17.9939],[82.2656,17.9952],[82.2674,17.9959],[82.2686,17.9969],[82.269,17.9986],[82.2691,18.0006],[82.2697,18.0032],[82.2717,18.0069],[82.2725,18.0112],[82.2734,18.0152],[82.2739,18.0187],[82.2738,18.0208],[82.273,18.0232],[82.2715,18.0259],[82.2693,18.0311],[82.2685,18.034],[82.268,18.0354],[82.2671,18.0366],[82.2654,18.0384],[82.2626,18.0407],[82.2637,18.0421],[82.2644,18.0424],[82.2668,18.0434],[82.268,18.0439],[82.2693,18.0446],[82.2699,18.0457],[82.2701,18.0469],[82.2704,18.0489],[82.2708,18.0515],[82.2715,18.0535],[82.2722,18.0548],[82.2729,18.0561],[82.2739,18.0569],[82.2758,18.0574],[82.2776,18.0585],[82.2787,18.0599],[82.28,18.0611],[82.2818,18.0624],[82.2837,18.0632],[82.2851,18.0633],[82.2875,18.0625],[82.2885,18.0626],[82.2902,18.065],[82.2904,18.0658],[82.2906,18.0668],[82.2912,18.0676],[82.2921,18.0684],[82.2933,18.0683],[82.2955,18.0676],[82.2959,18.0676],[82.2968,18.0675],[82.2977,18.0676],[82.2984,18.0676],[82.2986,18.0678],[82.2989,18.068],[82.2991,18.0682],[82.2993,18.0686],[82.2996,18.0691],[82.3003,18.0697],[82.3006,18.0699],[82.301,18.0699],[82.3015,18.0699],[82.3022,18.0697],[82.3031,18.0694],[82.304,18.069],[82.3047,18.0687],[82.3051,18.0686],[82.3053,18.0682],[82.3051,18.0678],[82.3045,18.0669],[82.3041,18.0661],[82.3037,18.0656],[82.3033,18.0654],[82.3026,18.0651],[82.302,18.0649],[82.3012,18.0646],[82.3004,18.064],[82.3001,18.0632],[82.3001,18.0627],[82.3002,18.0621],[82.3004,18.0613],[82.3003,18.0604],[82.3002,18.0596],[82.2999,18.0586],[82.2995,18.0577],[82.2993,18.0574],[82.2992,18.0569],[82.299,18.0565],[82.2991,18.056],[82.2992,18.0554],[82.2995,18.055],[82.2998,18.0548],[82.3001,18.0546],[82.3004,18.0546],[82.3007,18.0546],[82.3011,18.0546],[82.3016,18.0548],[82.3028,18.0549],[82.3034,18.0549],[82.3041,18.0551],[82.305,18.0554],[82.3056,18.0555],[82.3061,18.0556],[82.3065,18.0556],[82.307,18.0556],[82.3073,18.0554],[82.3077,18.0551],[82.3085,18.0548],[82.3096,18.0542],[82.3099,18.054],[82.3103,18.0539],[82.3107,18.0538],[82.3109,18.0535],[82.3108,18.0531],[82.3103,18.0523],[82.3092,18.0513],[82.3084,18.0508],[82.3081,18.0506],[82.3077,18.0499],[82.3075,18.0489],[82.3076,18.0482],[82.3077,18.0472],[82.3076,18.0465],[82.3074,18.046],[82.3074,18.0456],[82.3076,18.0453],[82.308,18.045],[82.3088,18.0448],[82.3094,18.0448],[82.3098,18.0448],[82.3102,18.0449],[82.3107,18.0451],[82.3115,18.0454],[82.3126,18.0457],[82.3138,18.0462],[82.3148,18.0466],[82.3153,18.0467],[82.3159,18.0469],[82.3162,18.0471],[82.3165,18.0472],[82.3169,18.0472],[82.3174,18.0472],[82.318,18.047],[82.3186,18.0466],[82.3191,18.0458],[82.3193,18.0455],[82.3195,18.0451],[82.3197,18.0447],[82.3199,18.0446],[82.3203,18.0446],[82.3208,18.0449],[82.3212,18.0456],[82.3219,18.0469],[82.3222,18.0475],[82.3225,18.0483],[82.3226,18.0488],[82.3225,18.0491],[82.322,18.0495],[82.3211,18.0503],[82.3209,18.0506],[82.3208,18.0512],[82.3208,18.0518],[82.3209,18.0526],[82.3208,18.053],[82.3207,18.0534],[82.3207,18.054],[82.3207,18.0547],[82.3201,18.0554],[82.3197,18.0558],[82.3194,18.0561],[82.3193,18.0564],[82.3194,18.0568],[82.3198,18.0574],[82.3204,18.0581],[82.3212,18.0588],[82.322,18.0592],[82.3227,18.0597],[82.3232,18.0599],[82.3249,18.0597],[82.3268,18.0593],[82.3277,18.0591],[82.3288,18.0587],[82.3299,18.0583],[82.3311,18.0571],[82.3319,18.0559],[82.3322,18.0553],[82.3325,18.0548],[82.3328,18.0541],[82.3328,18.0535],[82.3325,18.0528],[82.3323,18.0524],[82.3324,18.0523],[82.3326,18.0519],[82.333,18.0518],[82.3335,18.0515],[82.3343,18.0513],[82.3348,18.0512],[82.3355,18.0513],[82.3361,18.0515],[82.3368,18.0518],[82.3373,18.0521],[82.3382,18.0526],[82.339,18.0533],[82.3397,18.0537],[82.3406,18.0543],[82.3414,18.0547],[82.3417,18.0552],[82.3418,18.056],[82.3423,18.0568],[82.3427,18.0571],[82.3432,18.0577],[82.3441,18.0578],[82.3444,18.0585],[82.3451,18.0607],[82.3462,18.0644],[82.3471,18.0687],[82.3479,18.0703],[82.3489,18.0715],[82.3502,18.0725],[82.3512,18.0739],[82.3518,18.0758],[82.3519,18.0762],[82.3517,18.077],[82.3501,18.0779],[82.3491,18.0785],[82.3486,18.0792],[82.3482,18.0806],[82.3484,18.0816],[82.3491,18.0832],[82.3496,18.0846],[82.3498,18.0876],[82.3491,18.09],[82.3476,18.0944],[82.3471,18.0976],[82.3467,18.0983],[82.3456,18.0988],[82.3437,18.0988],[82.3423,18.0988],[82.3401,18.0988],[82.3388,18.0996],[82.3383,18.1011],[82.3376,18.1037],[82.3367,18.1066],[82.336,18.111],[82.336,18.113],[82.3353,18.1143],[82.335,18.1165],[82.334,18.1202],[82.3357,18.1222],[82.3364,18.1241],[82.336,18.1257],[82.3353,18.1265],[82.3346,18.1276],[82.3353,18.1283],[82.3369,18.1285],[82.3391,18.1311],[82.3401,18.1331],[82.3413,18.1347],[82.3423,18.1366],[82.342,18.1377],[82.3409,18.1407],[82.3402,18.1421],[82.3395,18.1431],[82.339,18.1441],[82.3389,18.1453],[82.3391,18.147],[82.3395,18.1484],[82.3401,18.1499],[82.3413,18.1502],[82.3436,18.1484],[82.3449,18.1476],[82.3465,18.1465],[82.3492,18.145],[82.3538,18.1428],[82.3549,18.1423],[82.3556,18.1415],[82.356,18.1408],[82.3577,18.1389],[82.3586,18.1378],[82.3601,18.1366],[82.3614,18.1352],[82.363,18.1347],[82.3636,18.1348],[82.3653,18.1351],[82.3667,18.1362],[82.3682,18.1372],[82.369,18.1392],[82.3692,18.1422],[82.3694,18.1435],[82.3703,18.1445],[82.3709,18.1453],[82.3717,18.1461],[82.3724,18.1471],[82.3723,18.1488],[82.3713,18.15],[82.3702,18.1512],[82.3675,18.1544],[82.3663,18.1558],[82.3649,18.1578],[82.3626,18.1599],[82.3603,18.1618],[82.3594,18.1629],[82.3577,18.1653],[82.356,18.1679],[82.3552,18.1694],[82.3542,18.1708],[82.3532,18.1718],[82.3518,18.1722],[82.3499,18.1722],[82.3474,18.1723],[82.3428,18.172],[82.3394,18.1722],[82.3372,18.1724],[82.3356,18.1728],[82.3334,18.174],[82.3299,18.1757],[82.3266,18.177],[82.3254,18.1789],[82.3224,18.1807],[82.3205,18.1817],[82.3189,18.1824],[82.3171,18.1831],[82.3158,18.1841],[82.3141,18.1874],[82.3136,18.1904],[82.3131,18.1924],[82.3132,18.1939],[82.3135,18.1957],[82.3135,18.1971],[82.3131,18.1989],[82.3125,18.2003],[82.3119,18.2022],[82.3115,18.2043],[82.3126,18.2054],[82.3147,18.2063],[82.3177,18.2071],[82.32,18.208],[82.3218,18.2087],[82.3235,18.2097],[82.3253,18.211],[82.328,18.2144],[82.3293,18.2161],[82.3313,18.2184],[82.3328,18.2197],[82.3349,18.2208],[82.3363,18.2224],[82.3371,18.2235],[82.3366,18.2242],[82.335,18.2244],[82.3341,18.2245],[82.3326,18.2247],[82.3313,18.2252],[82.3299,18.2267],[82.3263,18.2294],[82.3255,18.23],[82.325,18.231],[82.3248,18.232],[82.3251,18.2331],[82.3256,18.2344],[82.3265,18.2357],[82.328,18.2365],[82.333,18.2384],[82.3351,18.2392],[82.3365,18.2407],[82.3367,18.2416],[82.3363,18.2431],[82.3362,18.2459],[82.336,18.2494],[82.3351,18.2504],[82.3342,18.2515],[82.3341,18.2526],[82.3348,18.2543],[82.3358,18.2564],[82.3363,18.2573],[82.3362,18.2586],[82.3364,18.2603],[82.337,18.2611],[82.3389,18.2623],[82.3401,18.2631],[82.3407,18.2647],[82.3409,18.266],[82.3415,18.2682],[82.341,18.2692],[82.3406,18.2727],[82.3411,18.274],[82.3417,18.275],[82.3426,18.2762],[82.3433,18.2774],[82.3441,18.2788],[82.3444,18.2802],[82.3459,18.2804],[82.3484,18.2803],[82.3516,18.2805],[82.3538,18.2804],[82.3552,18.2806],[82.3566,18.281],[82.3582,18.2814],[82.3595,18.2814],[82.3612,18.2809],[82.363,18.2801],[82.3653,18.2779],[82.3662,18.2777],[82.3675,18.2777],[82.3692,18.2781],[82.371,18.2786],[82.3723,18.2792],[82.3737,18.2799],[82.375,18.2804],[82.3768,18.2805],[82.3774,18.2811],[82.3785,18.2836],[82.38,18.2848],[82.3813,18.2863],[82.3835,18.2887],[82.386,18.2908],[82.388,18.2935],[82.3897,18.2948],[82.3913,18.2965],[82.3927,18.2979],[82.3927,18.3021],[82.3927,18.3082],[82.3926,18.3103],[82.3949,18.3154],[82.3946,18.3156],[82.3943,18.3162],[82.3939,18.3176],[82.3938,18.3185],[82.3936,18.3198],[82.3933,18.3203],[82.3932,18.3215],[82.3931,18.3222],[82.3928,18.3236],[82.3929,18.3245],[82.3929,18.3255],[82.3925,18.3262],[82.3922,18.3265],[82.3916,18.3267],[82.3911,18.3268],[82.3903,18.3269],[82.3897,18.3271],[82.3896,18.3275],[82.3896,18.328],[82.3893,18.3284],[82.3882,18.3286],[82.3867,18.3288],[82.3856,18.3292],[82.385,18.3295],[82.3841,18.3296],[82.3833,18.3294],[82.3825,18.3291],[82.382,18.3291],[82.3813,18.329],[82.3803,18.3289],[82.3797,18.3288],[82.3789,18.3285],[82.3787,18.3277],[82.3784,18.3272],[82.3778,18.3272],[82.3763,18.3278],[82.3749,18.3285],[82.3749,18.3278],[82.3746,18.3272],[82.3743,18.327],[82.374,18.3269],[82.3735,18.3269],[82.3731,18.3268],[82.3725,18.3265],[82.3719,18.3265],[82.3712,18.3265],[82.3706,18.3261],[82.3706,18.3257],[82.3703,18.3254],[82.3691,18.3244],[82.3685,18.3241],[82.3679,18.3238],[82.3675,18.3236],[82.3671,18.323],[82.3673,18.3224],[82.3674,18.3219],[82.3673,18.3213],[82.3669,18.321],[82.3659,18.3204],[82.3653,18.3199],[82.3649,18.3194],[82.3645,18.3189],[82.3641,18.3185],[82.3635,18.3183],[82.3629,18.3183],[82.3622,18.3182],[82.3613,18.3182],[82.3609,18.3178],[82.3605,18.3175],[82.3598,18.3173],[82.3585,18.3165],[82.3578,18.3162],[82.3574,18.316],[82.3571,18.3162],[82.3566,18.3163],[82.3561,18.3162],[82.3558,18.3161],[82.3555,18.3161],[82.3553,18.3163],[82.3549,18.3167],[82.3545,18.3171],[82.354,18.3173],[82.3531,18.317],[82.3529,18.317],[82.3524,18.3172],[82.3521,18.3176],[82.3518,18.3173],[82.3512,18.3167],[82.3505,18.3165],[82.3495,18.3165],[82.3491,18.3167],[82.3483,18.3173],[82.3468,18.3186],[82.3439,18.3201],[82.3425,18.3209],[82.3408,18.3213],[82.3403,18.3234],[82.3398,18.3246],[82.3394,18.3259],[82.3396,18.3272],[82.3401,18.3281],[82.3416,18.3288],[82.3432,18.3299],[82.3447,18.3301],[82.346,18.3296],[82.3476,18.3296],[82.3512,18.3325],[82.3563,18.338],[82.3581,18.3401],[82.3613,18.3427],[82.3633,18.3444],[82.3644,18.3493],[82.3647,18.3526],[82.3673,18.3534],[82.3686,18.3538],[82.3701,18.3556],[82.3703,18.3585],[82.372,18.3584],[82.3742,18.3587],[82.3775,18.361],[82.3824,18.3645],[82.384,18.3655],[82.3856,18.3674],[82.3849,18.3685],[82.3847,18.3701],[82.3851,18.3735],[82.3853,18.3779],[82.3847,18.3819],[82.3848,18.3847],[82.3859,18.3859],[82.3863,18.3867],[82.3847,18.3878],[82.3825,18.3892],[82.3815,18.3904],[82.3814,18.3926],[82.3813,18.3959],[82.3814,18.3989],[82.3807,18.402],[82.3798,18.404],[82.3787,18.4044],[82.3773,18.4047],[82.3758,18.4056],[82.3742,18.409],[82.3725,18.4127],[82.3714,18.4146],[82.3678,18.4184],[82.3664,18.4202],[82.3656,18.4213],[82.3657,18.4222],[82.3673,18.4235],[82.3688,18.4247],[82.3708,18.4268],[82.3727,18.4279],[82.3754,18.4301],[82.3775,18.4308],[82.3794,18.4313],[82.3813,18.4318],[82.3824,18.4327],[82.3829,18.4345],[82.383,18.437],[82.3835,18.4383],[82.3858,18.4412],[82.3864,18.4441],[82.3872,18.4455],[82.3894,18.4471],[82.3913,18.4481],[82.3927,18.4488],[82.394,18.4489],[82.395,18.4489],[82.3962,18.4494],[82.3962,18.4522],[82.3967,18.4541],[82.3999,18.458],[82.4034,18.4634],[82.406,18.4659],[82.4106,18.4703],[82.4152,18.4743],[82.4167,18.4748],[82.4204,18.4761],[82.4305,18.4853],[82.4322,18.4873],[82.4334,18.4902],[82.4339,18.4913],[82.4348,18.4921],[82.4364,18.4929],[82.4376,18.4936],[82.438,18.4945],[82.4381,18.4955],[82.4377,18.4961],[82.437,18.4965],[82.436,18.4964],[82.435,18.4965],[82.4344,18.4968],[82.434,18.4975],[82.4341,18.4984],[82.4345,18.499],[82.4348,18.4995],[82.4355,18.5],[82.4366,18.5006],[82.4373,18.5016],[82.4373,18.5028],[82.4376,18.5051],[82.4379,18.5063],[82.4388,18.507],[82.4399,18.5073],[82.4412,18.5076],[82.4423,18.508],[82.4434,18.5088],[82.4436,18.5098],[82.4439,18.5115],[82.4441,18.5128],[82.4448,18.5143],[82.4455,18.5151],[82.4482,18.5163],[82.4506,18.5174],[82.4528,18.5192],[82.4563,18.5213],[82.4582,18.524],[82.4605,18.5256],[82.4619,18.5274],[82.4627,18.5301],[82.4634,18.5316],[82.4654,18.5339],[82.4679,18.5355],[82.4687,18.5365],[82.4695,18.538],[82.4717,18.5409],[82.4737,18.5427],[82.477,18.5443],[82.4799,18.5464],[82.4821,18.5484],[82.4855,18.5494],[82.4878,18.5496],[82.489,18.5492],[82.4907,18.5483],[82.4918,18.5471],[82.4931,18.5452],[82.4935,18.544],[82.4936,18.5428],[82.4928,18.5416],[82.4914,18.5417],[82.4886,18.5424],[82.4865,18.5431],[82.4843,18.5431],[82.4831,18.5426],[82.4819,18.541],[82.4816,18.5396],[82.4824,18.5378],[82.4833,18.5366],[82.4838,18.5353],[82.485,18.5346],[82.4865,18.5338],[82.4875,18.5329],[82.4874,18.5316],[82.4869,18.5302],[82.4864,18.5293],[82.4864,18.5286],[82.4869,18.5279],[82.4884,18.5271],[82.4903,18.5267],[82.4921,18.5257],[82.4937,18.5248],[82.4952,18.5228],[82.4959,18.5219],[82.4972,18.5208],[82.4993,18.5196],[82.5007,18.5187],[82.5017,18.5174],[82.5024,18.5165],[82.5035,18.5148],[82.5045,18.514],[82.5049,18.5137],[82.5053,18.5137],[82.5062,18.5142],[82.5073,18.5155],[82.5088,18.5167],[82.5116,18.518],[82.5134,18.5183],[82.5152,18.5182],[82.5166,18.5177],[82.5177,18.5176],[82.519,18.5175],[82.5208,18.5175],[82.5219,18.517],[82.5227,18.5165],[82.5248,18.5166],[82.5263,18.5162],[82.5273,18.5154],[82.5285,18.5143],[82.5295,18.5125],[82.5308,18.5116],[82.5323,18.5113],[82.5326,18.5102],[82.5323,18.5094],[82.5314,18.5084],[82.5302,18.5076],[82.5291,18.5069],[82.5272,18.5058],[82.5271,18.5049],[82.5277,18.5041],[82.5286,18.5035],[82.5292,18.5028],[82.5297,18.5017],[82.5297,18.5011],[82.5293,18.5002],[82.5273,18.4978],[82.5267,18.4963],[82.5266,18.4955],[82.5272,18.4946],[82.5279,18.4938],[82.5296,18.4935],[82.5305,18.4933],[82.532,18.4927],[82.5326,18.4914],[82.5328,18.4902],[82.5331,18.4889],[82.5331,18.4874],[82.5322,18.4866],[82.5314,18.4857],[82.5298,18.4846],[82.5286,18.4832],[82.5281,18.4819],[82.5281,18.4811],[82.5283,18.4806],[82.5289,18.4802],[82.5304,18.4804],[82.5318,18.4805],[82.5333,18.4799],[82.5339,18.479],[82.5342,18.4777],[82.5335,18.4763],[82.5322,18.4742],[82.5311,18.4732],[82.5302,18.4726],[82.5293,18.4724],[82.5282,18.4722],[82.527,18.4719],[82.525,18.4719],[82.5243,18.4715],[82.5242,18.4705],[82.5223,18.4689],[82.5199,18.4678],[82.5189,18.4669],[82.5191,18.4663],[82.5205,18.4651],[82.5224,18.4641],[82.5236,18.4636],[82.5248,18.4635],[82.5264,18.4641],[82.528,18.4643],[82.5287,18.4637],[82.5282,18.4627],[82.5276,18.4619],[82.527,18.4608],[82.5271,18.4602],[82.5276,18.4595],[82.5278,18.4592],[82.529,18.4592],[82.5306,18.4592],[82.5318,18.4592],[82.5328,18.4587],[82.5335,18.4581],[82.534,18.4574],[82.5344,18.4562],[82.5346,18.4548],[82.5359,18.453],[82.5361,18.4506],[82.5365,18.4483],[82.5375,18.4458],[82.5386,18.4447],[82.5394,18.4439],[82.5406,18.4445],[82.5417,18.4456],[82.5427,18.4466],[82.5439,18.4486],[82.5442,18.4496],[82.544,18.4505],[82.5431,18.4513],[82.5423,18.4524],[82.5417,18.4535],[82.5414,18.455],[82.5415,18.4565],[82.5423,18.4574],[82.5434,18.4575],[82.5442,18.457],[82.5453,18.4562],[82.546,18.4554],[82.5466,18.4545],[82.5475,18.4538],[82.5485,18.4532],[82.5495,18.4534],[82.5506,18.4539],[82.5515,18.4545],[82.5521,18.4549],[82.5543,18.4548],[82.555,18.4538],[82.5555,18.4527],[82.5559,18.4517],[82.557,18.4501],[82.5594,18.4496],[82.561,18.4488],[82.5618,18.4477],[82.5612,18.4458],[82.5597,18.4443],[82.5577,18.444],[82.557,18.443],[82.5574,18.4418],[82.5573,18.44],[82.5567,18.4387],[82.555,18.4367],[82.5526,18.435],[82.5514,18.4325],[82.552,18.4291],[82.5502,18.4273],[82.5478,18.4266],[82.5464,18.4251],[82.546,18.4226],[82.5443,18.4219],[82.5432,18.4214],[82.5433,18.4169],[82.5446,18.4152],[82.5467,18.4141],[82.5487,18.4132],[82.5484,18.411],[82.5465,18.41],[82.5438,18.4092],[82.5413,18.4081],[82.5389,18.4066],[82.5386,18.4051],[82.5401,18.4031],[82.5411,18.4008],[82.5426,18.3992],[82.545,18.3985],[82.5477,18.3979],[82.5499,18.3983],[82.5522,18.3981],[82.5533,18.3967],[82.5541,18.395],[82.5554,18.394],[82.557,18.3956],[82.5582,18.3975],[82.5608,18.3986],[82.5629,18.3996],[82.5643,18.3988],[82.5655,18.3972],[82.5675,18.3962],[82.572,18.3942],[82.5741,18.3953],[82.5757,18.3961],[82.5768,18.395],[82.579,18.3926],[82.5806,18.3911],[82.5823,18.3885],[82.5835,18.3872],[82.5853,18.3873],[82.5865,18.3896],[82.588,18.3911],[82.5898,18.3909],[82.5913,18.3898],[82.5923,18.3893],[82.5938,18.3891],[82.595,18.389],[82.595,18.3871],[82.5959,18.3847],[82.5971,18.3825],[82.5979,18.3812],[82.5989,18.3802],[82.6002,18.3799],[82.6022,18.3806],[82.6039,18.3818],[82.6053,18.3823],[82.6056,18.3805],[82.6059,18.3784],[82.6059,18.3772],[82.6057,18.3757],[82.6041,18.3745],[82.6036,18.3731],[82.6038,18.3722],[82.6049,18.3708],[82.6056,18.3683],[82.6062,18.3664],[82.6078,18.365],[82.6102,18.3641],[82.6143,18.3628],[82.6161,18.362],[82.6192,18.361],[82.6209,18.3599],[82.6206,18.3581],[82.619,18.3567],[82.6178,18.3554],[82.6151,18.3511],[82.6125,18.3508],[82.6102,18.3507],[82.6083,18.3511],[82.6066,18.352],[82.6048,18.3523],[82.6029,18.3522],[82.6023,18.3514],[82.6022,18.3498],[82.6026,18.3474],[82.6033,18.3439],[82.6053,18.3423],[82.6071,18.3413],[82.6085,18.3396],[82.6093,18.3379],[82.6106,18.3355],[82.6114,18.3322],[82.6107,18.3307],[82.6099,18.3294],[82.6093,18.3278],[82.6078,18.3266],[82.6063,18.3262],[82.6046,18.326],[82.6024,18.3257],[82.6002,18.3264],[82.5985,18.3275],[82.5965,18.3284],[82.5946,18.3282],[82.5929,18.3264],[82.5908,18.323],[82.5897,18.3213],[82.5886,18.3195],[82.5868,18.3186],[82.5847,18.3197],[82.5829,18.3186],[82.582,18.3173],[82.5821,18.3151],[82.5824,18.3141],[82.5826,18.3133],[82.5842,18.3104],[82.5853,18.3089],[82.5871,18.3088],[82.5883,18.3088],[82.5906,18.3088],[82.5918,18.3087],[82.5923,18.3096],[82.5928,18.3105],[82.5933,18.3107],[82.5948,18.3106],[82.5957,18.3104],[82.5962,18.31],[82.5964,18.309],[82.5964,18.3083],[82.5964,18.3074],[82.5963,18.3068],[82.5966,18.3062],[82.5976,18.3057],[82.5982,18.305],[82.5984,18.3044],[82.5983,18.3038],[82.5978,18.3031],[82.597,18.3019],[82.5961,18.3005],[82.5951,18.2994],[82.5948,18.2982],[82.5952,18.2974],[82.5953,18.2967],[82.5954,18.2958],[82.5953,18.2949],[82.5953,18.2939],[82.5951,18.2922],[82.5947,18.2918],[82.594,18.2918],[82.5934,18.2917],[82.5927,18.2913],[82.5923,18.291],[82.5918,18.2904],[82.5917,18.2899],[82.592,18.2893],[82.5928,18.2887],[82.5935,18.2881],[82.594,18.2873],[82.5944,18.2868],[82.5945,18.286],[82.5944,18.2852],[82.594,18.2845],[82.5934,18.284],[82.593,18.2836],[82.5928,18.283],[82.5926,18.2824],[82.5926,18.2815],[82.592,18.2809],[82.5914,18.2807],[82.5907,18.2806],[82.5902,18.2806],[82.5895,18.2806],[82.5892,18.2806],[82.5885,18.2802],[82.5885,18.2796],[82.5885,18.2789],[82.5882,18.2782],[82.5878,18.2773],[82.5876,18.2767],[82.5877,18.276],[82.5889,18.2753],[82.59,18.275],[82.5922,18.2744],[82.5932,18.2745],[82.5944,18.2744],[82.5954,18.2745],[82.5963,18.2745],[82.5966,18.2739],[82.5966,18.2734],[82.5966,18.2729],[82.5967,18.2721],[82.5967,18.2715],[82.5967,18.2708],[82.5968,18.2701],[82.597,18.2694],[82.5971,18.2679],[82.5966,18.2667],[82.5967,18.2656],[82.5968,18.2654],[82.5973,18.2649],[82.5981,18.2646],[82.5991,18.2644],[82.6003,18.2641],[82.6018,18.2639],[82.6027,18.2641],[82.6036,18.2647],[82.6042,18.2647],[82.6047,18.2644],[82.6051,18.264],[82.6055,18.2634],[82.6061,18.2626],[82.607,18.262],[82.608,18.2614],[82.6099,18.2606],[82.6113,18.2599],[82.6131,18.259],[82.6152,18.2577],[82.6166,18.2561],[82.6173,18.2552],[82.6182,18.2542],[82.6187,18.2534],[82.6192,18.2519],[82.6194,18.2511],[82.6197,18.2505],[82.62,18.2501],[82.6204,18.25],[82.6218,18.2488],[82.6221,18.2484],[82.6225,18.2479],[82.6235,18.2467],[82.6245,18.2465],[82.6259,18.2462],[82.6268,18.2458],[82.6277,18.2453],[82.6294,18.2434],[82.63,18.2425],[82.631,18.2412],[82.6327,18.2405],[82.6336,18.2403],[82.6342,18.2399],[82.6344,18.2392],[82.6348,18.2382],[82.636,18.2377],[82.6369,18.2372],[82.6374,18.2367],[82.638,18.2366],[82.6385,18.2372],[82.6394,18.2377],[82.6413,18.2389],[82.6425,18.2399],[82.6436,18.2412],[82.645,18.2428],[82.6461,18.2436],[82.6475,18.2442],[82.6485,18.2449],[82.649,18.2454],[82.6502,18.2467],[82.6518,18.2486],[82.6521,18.2495],[82.652,18.2501],[82.6516,18.2508],[82.6512,18.2515],[82.6504,18.2528],[82.6501,18.2542],[82.65,18.256],[82.6498,18.2572],[82.6495,18.2581],[82.649,18.2588],[82.6484,18.2596],[82.6477,18.2611],[82.6471,18.2617],[82.6459,18.2624],[82.6437,18.2635],[82.643,18.2651],[82.6425,18.2666],[82.6425,18.2681],[82.6432,18.2694],[82.6457,18.271],[82.6489,18.2731],[82.6501,18.2746],[82.6513,18.2776],[82.6523,18.2791],[82.6527,18.2805],[82.6521,18.2815],[82.6512,18.2828],[82.6501,18.2834],[82.6472,18.2849],[82.646,18.2858],[82.6451,18.2867],[82.6444,18.288],[82.6436,18.2895],[82.6432,18.291],[82.6426,18.2925],[82.6419,18.2939],[82.6416,18.296],[82.6414,18.2978],[82.6415,18.2988],[82.6419,18.3003],[82.6423,18.3017],[82.6436,18.3025],[82.6452,18.3026],[82.6468,18.3026],[82.6482,18.3025],[82.6496,18.3022],[82.6505,18.3022],[82.6513,18.3016],[82.6519,18.3005],[82.6536,18.2992],[82.6546,18.298],[82.6555,18.2968],[82.6565,18.2962],[82.6578,18.2964],[82.659,18.2968],[82.6599,18.2973],[82.6618,18.298],[82.6643,18.2983],[82.6662,18.2983],[82.6671,18.2983],[82.6685,18.2989],[82.6692,18.2997],[82.6705,18.3008],[82.6714,18.3017],[82.6721,18.3022],[82.6731,18.3041],[82.675,18.3057],[82.6767,18.3064],[82.678,18.3058],[82.6788,18.3051],[82.6797,18.3042],[82.6807,18.3037],[82.6819,18.3035],[82.6834,18.3035],[82.6855,18.3037],[82.6883,18.3052],[82.6909,18.3066],[82.6921,18.3074],[82.693,18.3095],[82.6938,18.3109],[82.6946,18.3119],[82.6959,18.3119],[82.6992,18.3111],[82.7009,18.3109],[82.7025,18.3113],[82.7043,18.3119],[82.7063,18.3123],[82.7081,18.313],[82.7092,18.3134],[82.7098,18.3139],[82.7088,18.3151],[82.7089,18.3159],[82.7095,18.3167],[82.7101,18.3175],[82.7109,18.3182],[82.7113,18.3191],[82.7118,18.3198],[82.7122,18.3204],[82.7126,18.3209],[82.7131,18.3211],[82.7139,18.3212],[82.7142,18.3213],[82.7146,18.3215],[82.7148,18.3218],[82.7148,18.3224],[82.7152,18.3226],[82.7157,18.3225],[82.716,18.3225],[82.7172,18.3233],[82.7175,18.3234],[82.7178,18.3232],[82.718,18.323],[82.7182,18.3229],[82.7186,18.3228],[82.7192,18.3229],[82.7197,18.3231],[82.7202,18.3233],[82.7206,18.3234],[82.721,18.3235],[82.7212,18.3235],[82.7221,18.3232],[82.7226,18.3232],[82.723,18.3232],[82.7234,18.3232],[82.7237,18.3234],[82.724,18.3236],[82.7241,18.3239],[82.7243,18.3241],[82.7244,18.3244],[82.7246,18.3245],[82.725,18.3247],[82.7252,18.3242],[82.7253,18.3238],[82.7255,18.3236],[82.7256,18.3235],[82.7261,18.3232],[82.7265,18.3228],[82.727,18.3226],[82.7276,18.3224],[82.7281,18.3223],[82.7285,18.3222],[82.7289,18.3221],[82.7292,18.3218],[82.7296,18.3216],[82.7299,18.3215],[82.7302,18.3214],[82.7307,18.3213],[82.7312,18.3212],[82.7316,18.3211],[82.7322,18.3209],[82.7325,18.3207],[82.7329,18.3205],[82.7332,18.3203],[82.7338,18.3202],[82.7346,18.3203],[82.7349,18.3206],[82.7351,18.3208],[82.7353,18.3213],[82.7354,18.3222],[82.7359,18.3231],[82.7362,18.3233],[82.7367,18.3234],[82.7372,18.3233],[82.7383,18.323],[82.7388,18.3229],[82.7391,18.3227],[82.7394,18.3225],[82.7397,18.3224],[82.74,18.3223],[82.7402,18.3222],[82.7405,18.3222],[82.7409,18.3224],[82.7412,18.3226],[82.7413,18.323],[82.7413,18.3234],[82.7413,18.3237],[82.7412,18.3238],[82.741,18.3242],[82.7403,18.325],[82.74,18.3254],[82.7398,18.3257],[82.7394,18.3259],[82.7389,18.3262],[82.7386,18.3265],[82.7383,18.3269],[82.7385,18.3275],[82.7388,18.3277],[82.7397,18.328],[82.7408,18.3283],[82.7413,18.3284],[82.7417,18.3287],[82.742,18.3288],[82.7422,18.329],[82.7423,18.3295],[82.7427,18.3299],[82.7429,18.33],[82.7432,18.3302],[82.7436,18.3301],[82.7441,18.33],[82.7446,18.3298],[82.7451,18.3296],[82.7456,18.3294],[82.7464,18.3291],[82.7469,18.3291],[82.7472,18.3291],[82.7476,18.329],[82.7479,18.3291],[82.7483,18.3292],[82.7486,18.3294],[82.7489,18.3297],[82.7496,18.3303],[82.7503,18.3306],[82.7508,18.3307],[82.7512,18.3308],[82.7517,18.3308],[82.752,18.3307],[82.7525,18.3305],[82.7537,18.3301],[82.7547,18.33],[82.7551,18.3301],[82.7554,18.3303],[82.7556,18.3307],[82.7557,18.331],[82.7559,18.3318],[82.756,18.3322],[82.756,18.3329],[82.7564,18.3334],[82.7568,18.3336],[82.7573,18.3337],[82.7577,18.3337],[82.7581,18.3337],[82.7588,18.3335],[82.7592,18.3334],[82.7595,18.3337],[82.7595,18.334],[82.7594,18.3344],[82.7592,18.3356],[82.7591,18.336],[82.759,18.3363],[82.7587,18.3367],[82.7584,18.3379],[82.7585,18.3384],[82.759,18.339],[82.7595,18.3394],[82.7602,18.3395],[82.761,18.3394],[82.7619,18.3393],[82.7626,18.3392],[82.7631,18.339],[82.7635,18.3384],[82.7637,18.3379],[82.7638,18.3372],[82.764,18.3367],[82.7642,18.3363],[82.7645,18.336],[82.7651,18.3361],[82.7656,18.3365],[82.7661,18.337],[82.767,18.3372],[82.7676,18.3376],[82.7681,18.3378],[82.7689,18.3377],[82.7692,18.3374],[82.77,18.3371],[82.7709,18.3369],[82.7717,18.3371],[82.7719,18.3374],[82.7718,18.3379],[82.7719,18.3387],[82.7723,18.3391],[82.773,18.3392],[82.7736,18.3395],[82.774,18.3398],[82.7745,18.34],[82.7751,18.3401],[82.7745,18.3418],[82.7749,18.3442],[82.7751,18.3459],[82.776,18.3474],[82.7773,18.3495],[82.7785,18.3505],[82.7794,18.3515],[82.7808,18.3523],[82.7818,18.353],[82.7833,18.3536],[82.7853,18.3566],[82.7876,18.3587],[82.7888,18.3601],[82.7908,18.3631],[82.7908,18.3646],[82.7906,18.3659],[82.79,18.3671],[82.7894,18.368],[82.7896,18.37],[82.7891,18.3714],[82.7886,18.3724],[82.788,18.3747],[82.7866,18.3765],[82.7859,18.3781],[82.7845,18.3805],[82.7839,18.3812],[82.7833,18.3817],[82.7831,18.382],[82.7846,18.383],[82.7871,18.3831],[82.7891,18.3845],[82.7906,18.385],[82.7916,18.3852],[82.7932,18.3856],[82.794,18.386],[82.7941,18.3864],[82.7937,18.3872],[82.7938,18.388],[82.7941,18.3885],[82.7939,18.3904],[82.7931,18.3924],[82.7926,18.3937],[82.7921,18.3949],[82.7916,18.3956],[82.7916,18.3963],[82.792,18.3969],[82.7926,18.3973],[82.7938,18.3989],[82.794,18.3995],[82.794,18.4006],[82.7942,18.4014],[82.7955,18.4022],[82.7974,18.4038],[82.7985,18.4047],[82.799,18.4058],[82.7993,18.4073],[82.7977,18.4082],[82.7962,18.4083],[82.794,18.4086],[82.7924,18.4086],[82.7907,18.4088],[82.7895,18.4093],[82.7883,18.4102],[82.7878,18.4115],[82.7879,18.4139],[82.7879,18.4156],[82.7877,18.417],[82.7872,18.4182],[82.7866,18.4196],[82.7856,18.4209],[82.7843,18.4216],[82.7835,18.4229],[82.7832,18.4269],[82.7832,18.4293],[82.784,18.4312],[82.7857,18.4326],[82.7888,18.4345],[82.7925,18.4376],[82.7954,18.4394],[82.797,18.4409],[82.7974,18.4418],[82.7982,18.4441],[82.7997,18.4442],[82.8013,18.445],[82.8022,18.4464],[82.803,18.4484],[82.8038,18.4495],[82.8055,18.4498],[82.8069,18.4501],[82.8086,18.4503],[82.8118,18.4505],[82.8148,18.4506],[82.8172,18.4502],[82.8194,18.4493],[82.8209,18.4485],[82.8228,18.4475],[82.8247,18.4464],[82.8249,18.445],[82.8248,18.4435],[82.8252,18.4427],[82.8267,18.4426],[82.8289,18.4429],[82.8306,18.4425],[82.8328,18.4411],[82.836,18.4384],[82.84,18.4362],[82.842,18.4352],[82.8453,18.434],[82.8471,18.4326],[82.8482,18.4306],[82.8491,18.4289],[82.8498,18.4271],[82.85,18.4245],[82.8503,18.4228],[82.8508,18.4214],[82.8515,18.4207],[82.8531,18.4211],[82.854,18.4218],[82.8549,18.423],[82.8562,18.4245],[82.8594,18.4236],[82.8621,18.4226],[82.8645,18.4216],[82.8664,18.4207],[82.8681,18.4194],[82.869,18.4188],[82.8709,18.4185],[82.8721,18.4185],[82.8735,18.4189],[82.8754,18.42],[82.8759,18.4203],[82.8772,18.4216],[82.8799,18.4209],[82.8827,18.421],[82.8848,18.4219],[82.8871,18.4224],[82.8894,18.4231],[82.8909,18.4236],[82.8925,18.4241],[82.895,18.4241],[82.8972,18.4226],[82.8973,18.4192],[82.8973,18.4168],[82.8984,18.4147],[82.8989,18.4121],[82.8991,18.4104],[82.8991,18.4085],[82.8997,18.4065],[82.8997,18.404],[82.8997,18.4012],[82.8974,18.3962],[82.896,18.3929],[82.8948,18.3914],[82.893,18.3898],[82.8929,18.3887],[82.8934,18.3877],[82.8949,18.3869],[82.8957,18.386],[82.8958,18.385],[82.8959,18.3834],[82.8962,18.381],[82.8973,18.3796],[82.8987,18.3781],[82.9014,18.3761],[82.9039,18.3733],[82.9064,18.3724],[82.9084,18.3726],[82.9112,18.3731],[82.9121,18.3719],[82.9126,18.37],[82.9132,18.3686],[82.9156,18.3695],[82.9164,18.371],[82.9171,18.3726],[82.9182,18.3748],[82.9205,18.375],[82.9233,18.3747],[82.9236,18.3729],[82.9244,18.3707],[82.9256,18.3687],[82.9271,18.3673],[82.9298,18.3656],[82.932,18.3643],[82.9344,18.3632],[82.9374,18.3623],[82.9418,18.3607],[82.9496,18.3609],[82.953,18.3612],[82.9554,18.3621],[82.957,18.3639],[82.9584,18.3651],[82.9609,18.3658],[82.9626,18.3649],[82.9639,18.3629],[82.9646,18.3609],[82.9649,18.3596],[82.9668,18.3586],[82.9691,18.3592],[82.971,18.3601],[82.9727,18.3608],[82.9752,18.3619],[82.9776,18.363],[82.9792,18.3639],[82.9812,18.365],[82.9827,18.3659],[82.984,18.3663],[82.9841,18.3667],[82.984,18.3672],[82.9836,18.3673],[82.9831,18.3671],[82.9826,18.367],[82.9823,18.3675],[82.9825,18.368],[82.9828,18.3681],[82.9829,18.3686],[82.9833,18.369],[82.9837,18.3693],[82.9838,18.3697],[82.984,18.3703],[82.9841,18.3709],[82.9842,18.3714],[82.9843,18.372],[82.9849,18.3729],[82.9851,18.3735],[82.9852,18.374],[82.9854,18.3743],[82.9858,18.3748],[82.986,18.3753],[82.9863,18.3758],[82.9865,18.3762],[82.9866,18.3769],[82.9869,18.3767],[82.9877,18.3769],[82.988,18.3772],[82.9882,18.3774],[82.9882,18.3778],[82.9881,18.378],[82.9877,18.3781],[82.9873,18.3785],[82.9873,18.3788],[82.9873,18.3792],[82.9876,18.3794],[82.9881,18.3792],[82.9885,18.3789],[82.9889,18.3789],[82.9893,18.3796],[82.9897,18.3801],[82.9902,18.3807],[82.9906,18.3809],[82.991,18.3808],[82.9911,18.3806],[82.9912,18.3802],[82.9913,18.3797],[82.9914,18.3793],[82.9916,18.3789],[82.9919,18.3785],[82.9924,18.3787],[82.9928,18.3789],[82.993,18.3794],[82.9932,18.3797],[82.9936,18.38],[82.9936,18.3803],[82.9936,18.3806],[82.9936,18.3811],[82.9941,18.3814],[82.9945,18.3815],[82.9948,18.3815],[82.9951,18.3816],[82.9956,18.3819],[82.9955,18.3822],[82.9954,18.3824],[82.9954,18.3827],[82.9955,18.383],[82.9955,18.3833],[82.9954,18.3836],[82.9955,18.3839],[82.9957,18.3841],[82.9958,18.3843],[82.9958,18.3846],[82.9959,18.3849],[82.9961,18.3853],[82.9965,18.3857],[82.9969,18.3859],[82.9975,18.386],[82.9979,18.386],[82.9981,18.3859],[82.9983,18.3857],[82.9984,18.3855],[82.9986,18.3853],[82.9987,18.385],[82.9988,18.3848],[82.999,18.3846],[82.9991,18.3846],[82.9998,18.3842],[82.9999,18.384],[83.0,18.3838],[83.0001,18.3835],[83.0003,18.3833],[83.0007,18.3832],[83.0011,18.3832],[83.0015,18.3831],[83.0019,18.3831],[83.0024,18.383],[83.0028,18.3829],[83.0033,18.3828],[83.0038,18.3828],[83.0041,18.3828],[83.0051,18.3828],[83.0059,18.3831],[83.0068,18.3833],[83.0073,18.3836],[83.0077,18.3839],[83.0079,18.3841],[83.0087,18.385],[83.0093,18.3855],[83.0101,18.3859],[83.0106,18.3861],[83.0107,18.3862],[83.0107,18.3866],[83.0107,18.3869],[83.0104,18.3871],[83.0103,18.3874],[83.0104,18.3877],[83.0106,18.3877],[83.011,18.3878],[83.0113,18.3879],[83.0114,18.3881],[83.0116,18.3886],[83.0119,18.3887],[83.0122,18.3887],[83.0126,18.3886],[83.0129,18.3883],[83.0132,18.3881],[83.0137,18.3877],[83.0146,18.3871],[83.015,18.3869],[83.0152,18.3868],[83.0155,18.3869],[83.0157,18.3871],[83.0158,18.3874],[83.0161,18.3876],[83.0164,18.3876],[83.0166,18.3876],[83.0169,18.3876],[83.0173,18.3877],[83.0179,18.3883],[83.0182,18.3887],[83.0184,18.389],[83.0187,18.3889],[83.0189,18.3887],[83.0199,18.3887],[83.0206,18.3894],[83.0207,18.39],[83.0207,18.3907],[83.0208,18.3915],[83.0223,18.3912],[83.0232,18.3902],[83.0238,18.3895],[83.0245,18.3888],[83.0248,18.3881],[83.0252,18.3875],[83.0257,18.3871],[83.0269,18.3867],[83.0282,18.3864],[83.0291,18.3859],[83.0301,18.3852],[83.0309,18.3847],[83.0316,18.3842],[83.0324,18.3837],[83.0333,18.3834],[83.0341,18.3832],[83.0355,18.3831],[83.0381,18.383],[83.0401,18.3827],[83.0406,18.3823],[83.0411,18.3814],[83.0429,18.3794],[83.0435,18.3789],[83.0444,18.3786],[83.0453,18.3786],[83.0463,18.3789],[83.0476,18.3799],[83.0489,18.3801],[83.0505,18.3797],[83.0516,18.3792],[83.0531,18.3793],[83.0545,18.3798],[83.0557,18.3806],[83.0568,18.3812],[83.0573,18.3817],[83.0598,18.3839],[83.0622,18.3861],[83.0627,18.3888],[83.064,18.3903],[83.0664,18.3926],[83.0711,18.3967],[83.0727,18.398],[83.0734,18.3989],[83.0763,18.4017],[83.0772,18.4032],[83.0773,18.4038],[83.0769,18.4053],[83.0794,18.4037],[83.0816,18.403],[83.0835,18.4041],[83.0858,18.4055],[83.0872,18.4067],[83.0875,18.4086],[83.0881,18.4111],[83.0907,18.4111],[83.0931,18.411],[83.0946,18.4114],[83.0963,18.4125],[83.0985,18.4128],[83.1022,18.4129],[83.1044,18.4125],[83.1051,18.4106],[83.1024,18.4066],[83.0996,18.399],[83.0976,18.3942],[83.0949,18.3908],[83.0908,18.3888],[83.0878,18.3841],[83.0834,18.3792],[83.0797,18.3749],[83.0776,18.3713],[83.0762,18.3678],[83.0762,18.3613],[83.0774,18.3591],[83.0787,18.357],[83.0792,18.3549],[83.0791,18.3488],[83.0801,18.347],[83.0818,18.3461],[83.0844,18.3452],[83.0873,18.3443],[83.0896,18.3435],[83.0918,18.3426],[83.0925,18.343],[83.0933,18.3449],[83.0945,18.346],[83.0947,18.3493],[83.0951,18.3522],[83.0958,18.3529],[83.1008,18.3553],[83.104,18.3565],[83.106,18.3563],[83.1069,18.354],[83.1075,18.3522],[83.112,18.3526],[83.1117,18.3492],[83.1135,18.3485],[83.1163,18.3485],[83.118,18.3487],[83.1208,18.3504],[83.1319,18.3498],[83.1359,18.3489],[83.1456,18.3441],[83.1518,18.341],[83.1512,18.3344],[83.1495,18.3294],[83.1501,18.3262],[83.1509,18.3249],[83.1533,18.325],[83.1578,18.3266],[83.1607,18.3289],[83.1629,18.328],[83.1629,18.3265],[83.1619,18.3252],[83.1607,18.3231],[83.1616,18.3206],[83.1631,18.3193],[83.1662,18.319],[83.1664,18.3167],[83.1665,18.3137],[83.168,18.3133],[83.171,18.313],[83.175,18.3133],[83.1767,18.3145],[83.1768,18.3158],[83.1767,18.3183],[83.1775,18.3199],[83.1793,18.3213],[83.1888,18.3267],[83.1921,18.3289],[83.1939,18.3302],[83.197,18.3314],[83.2027,18.3328],[83.2092,18.3339],[83.2137,18.3345],[83.2176,18.3343],[83.2206,18.3337],[83.2216,18.3311],[83.2214,18.328],[83.2206,18.3249],[83.2201,18.3224],[83.2158,18.3177],[83.2134,18.3134],[83.2108,18.3089],[83.2108,18.3069],[83.212,18.3057],[83.2128,18.3034],[83.2118,18.3015],[83.2106,18.3006],[83.2116,18.2979],[83.213,18.2962],[83.2127,18.2934],[83.2121,18.2894],[83.2109,18.2879],[83.2107,18.2867],[83.2111,18.2854],[83.2116,18.2848],[83.2131,18.285],[83.2151,18.2851],[83.2167,18.2851],[83.2195,18.2845],[83.2213,18.2834],[83.2221,18.2822],[83.2236,18.281],[83.2244,18.281],[83.2273,18.2814],[83.2283,18.2822],[83.2289,18.284],[83.2293,18.2855],[83.2296,18.2873],[83.2317,18.2875],[83.2326,18.2873],[83.2366,18.285],[83.2413,18.2829],[83.2455,18.2803],[83.2484,18.2789],[83.2504,18.2783],[83.2534,18.2783],[83.2549,18.2781],[83.2573,18.2776],[83.2588,18.2767],[83.2599,18.2759],[83.262,18.2734],[83.2623,18.2697],[83.2616,18.2619],[83.259,18.2516],[83.2602,18.2444],[83.2611,18.2385],[83.2619,18.2364],[83.2649,18.234],[83.2658,18.23],[83.2666,18.2188],[83.2665,18.2166],[83.265,18.2161],[83.2626,18.2165],[83.2602,18.2184],[83.2586,18.2208],[83.2566,18.2241],[83.2549,18.2254],[83.2515,18.2275],[83.248,18.2284],[83.2441,18.2291],[83.2412,18.2298],[83.2393,18.23],[83.2381,18.231],[83.2381,18.233],[83.2381,18.2347],[83.2351,18.2362],[83.2333,18.2358],[83.2332,18.2231],[83.2371,18.223],[83.2424,18.2223],[83.243,18.2028],[83.237,18.2037],[83.2307,18.2049],[83.2287,18.2059],[83.2275,18.2083],[83.2277,18.2116],[83.2279,18.2144],[83.2278,18.2179],[83.2257,18.2205],[83.2236,18.2223],[83.2213,18.2234],[83.2199,18.223],[83.2194,18.2212],[83.2198,18.2193],[83.2207,18.218],[83.222,18.2159],[83.222,18.214],[83.221,18.2113],[83.2161,18.2031],[83.2172,18.2005],[83.2207,18.1991],[83.2235,18.1978],[83.2256,18.1962],[83.2256,18.1925],[83.2242,18.1906],[83.2228,18.1892],[83.2097,18.1893],[83.2088,18.19],[83.2051,18.1934],[83.1964,18.199],[83.1935,18.1975],[83.1909,18.1974],[83.1892,18.1997],[83.1874,18.2021],[83.1859,18.204],[83.1853,18.2056],[83.1854,18.2094],[83.1837,18.2143],[83.1823,18.2163],[83.1818,18.2182],[83.1836,18.2196],[83.1856,18.2223],[83.1793,18.222],[83.1788,18.2244],[83.1776,18.2264],[83.1755,18.2276],[83.1735,18.2258],[83.1735,18.2232],[83.1723,18.2214],[83.1691,18.2211],[83.1692,18.2158],[83.169,18.2128],[83.1675,18.2108],[83.1647,18.2094],[83.1615,18.2093],[83.1578,18.2093],[83.1579,18.2065],[83.1584,18.2043],[83.1593,18.2024],[83.159,18.1999],[83.1563,18.1989],[83.1531,18.1991],[83.1517,18.198],[83.15,18.1968],[83.1483,18.1963],[83.146,18.1979],[83.1466,18.1936],[83.1471,18.1913],[83.1497,18.1916],[83.1516,18.1923],[83.1531,18.1912],[83.1569,18.1913]]]}},{"type":"Feature","properties":{"district":"Konaseema","district_hi":"कोनसीमा"},"geometry":{"type":"Polygon","coordinates":[[[82.093,16.8824],[82.0914,16.8776],[82.0932,16.8741],[82.0988,16.8705],[82.1029,16.8678],[82.101,16.8631],[82.0946,16.8583],[82.0879,16.8481],[82.0901,16.8452],[82.0904,16.8412],[82.0904,16.8352],[82.0926,16.8345],[82.0977,16.836],[82.0994,16.8406],[82.1012,16.8449],[82.1054,16.8458],[82.1082,16.8419],[82.1112,16.8357],[82.1096,16.8301],[82.1,16.813],[82.0975,16.8089],[82.1077,16.8084],[82.1066,16.7917],[82.1099,16.7898],[82.1118,16.7896],[82.1123,16.7861],[82.1133,16.78],[82.1153,16.7729],[82.1211,16.7603],[82.1239,16.7583],[82.1282,16.7578],[82.132,16.7557],[82.1371,16.7509],[82.1404,16.7502],[82.1462,16.7531],[82.1497,16.752],[82.1479,16.7492],[82.1426,16.7477],[82.1367,16.747],[82.1377,16.7424],[82.1384,16.7374],[82.1326,16.7353],[82.1273,16.7306],[82.1232,16.7261],[82.1266,16.7234],[82.131,16.7219],[82.138,16.7218],[82.1417,16.7248],[82.1438,16.7198],[82.144,16.7156],[82.1445,16.7117],[82.1447,16.7084],[82.1442,16.7064],[82.1545,16.7064],[82.1581,16.7071],[82.1613,16.7082],[82.1643,16.7092],[82.1721,16.7109],[82.1785,16.7102],[82.1824,16.7102],[82.1853,16.7107],[82.1873,16.7108],[82.1963,16.7137],[82.2009,16.7171],[82.2024,16.7225],[82.2095,16.7205],[82.225,16.7157],[82.2356,16.7125],[82.2627,16.7054],[82.2872,16.7047],[82.2963,16.7068],[82.2997,16.7128],[82.3069,16.718],[82.3137,16.7281],[82.3124,16.7314],[82.311,16.7361],[82.3085,16.7416],[82.3067,16.7461],[82.3058,16.7483],[82.3037,16.7528],[82.2996,16.7653],[82.2998,16.7735],[82.3035,16.7798],[82.3135,16.7796],[82.3238,16.7759],[82.3245,16.7581],[82.328,16.7479],[82.3288,16.7402],[82.3332,16.7185],[82.341,16.7174],[82.35,16.7167],[82.3617,16.7143],[82.3614,16.7138],[82.3611,16.7133],[82.3609,16.7129],[82.3604,16.7122],[82.3602,16.7118],[82.3599,16.7114],[82.3596,16.711],[82.3594,16.7106],[82.3588,16.7098],[82.3583,16.7091],[82.3581,16.7087],[82.3577,16.7082],[82.3573,16.7075],[82.357,16.7071],[82.3567,16.7067],[82.3564,16.7062],[82.356,16.7058],[82.3556,16.7051],[82.3548,16.7039],[82.354,16.7028],[82.3537,16.7024],[82.3534,16.7018],[82.3531,16.7015],[82.3529,16.7012],[82.3526,16.7007],[82.3522,16.7002],[82.3519,16.6999],[82.3516,16.6996],[82.3513,16.6994],[82.3509,16.6991],[82.3506,16.6987],[82.3496,16.6973],[82.3491,16.6967],[82.3487,16.696],[82.3479,16.695],[82.3474,16.6942],[82.3469,16.6935],[82.3466,16.6931],[82.3461,16.6925],[82.346,16.6923],[82.3458,16.6919],[82.3455,16.6915],[82.3451,16.691],[82.3449,16.6907],[82.3445,16.6901],[82.3443,16.6899],[82.344,16.6895],[82.3438,16.6892],[82.3434,16.6886],[82.3432,16.6883],[82.3428,16.6877],[82.3421,16.6868],[82.3416,16.6861],[82.3409,16.6852],[82.3405,16.6847],[82.3401,16.6842],[82.3399,16.6838],[82.3397,16.6835],[82.339,16.6825],[82.3387,16.6821],[82.3384,16.6816],[82.3381,16.6812],[82.3376,16.6804],[82.3373,16.68],[82.3371,16.6797],[82.3368,16.6792],[82.3362,16.6783],[82.336,16.6779],[82.3354,16.6771],[82.3351,16.6767],[82.3347,16.6761],[82.3341,16.6751],[82.3336,16.6744],[82.3331,16.6737],[82.3324,16.6724],[82.332,16.6718],[82.3316,16.6713],[82.3312,16.6706],[82.3309,16.6701],[82.3306,16.6696],[82.3303,16.6693],[82.3302,16.669],[82.3296,16.6681],[82.3291,16.6672],[82.3289,16.6668],[82.3283,16.6657],[82.3282,16.6654],[82.3279,16.6651],[82.3275,16.6643],[82.327,16.6635],[82.3266,16.6628],[82.3261,16.6619],[82.3255,16.6609],[82.325,16.66],[82.3247,16.6593],[82.3245,16.659],[82.324,16.658],[82.3236,16.6572],[82.3232,16.6564],[82.3229,16.6557],[82.3227,16.6554],[82.3225,16.6548],[82.3222,16.654],[82.3218,16.6529],[82.3217,16.6523],[82.3215,16.6516],[82.3214,16.6512],[82.3212,16.6501],[82.3211,16.6493],[82.3202,16.6477],[82.3197,16.6467],[82.3191,16.6457],[82.318,16.6445],[82.3179,16.6441],[82.3177,16.6436],[82.3175,16.6427],[82.3173,16.6415],[82.3173,16.6407],[82.3172,16.6405],[82.3171,16.6404],[82.3168,16.6401],[82.3166,16.6397],[82.3165,16.6393],[82.3163,16.639],[82.3164,16.6381],[82.3164,16.6379],[82.3165,16.6378],[82.3165,16.6376],[82.3164,16.6375],[82.3164,16.6374],[82.3163,16.6373],[82.3164,16.6371],[82.3164,16.637],[82.3163,16.6368],[82.3163,16.6366],[82.3162,16.6365],[82.3162,16.6364],[82.3162,16.6362],[82.3162,16.636],[82.3161,16.6357],[82.3161,16.6356],[82.316,16.6354],[82.3159,16.6352],[82.3159,16.6347],[82.3159,16.6342],[82.3159,16.6339],[82.3158,16.6334],[82.3156,16.6329],[82.3154,16.6325],[82.3152,16.6319],[82.3148,16.6309],[82.3145,16.6303],[82.3143,16.63],[82.3132,16.6283],[82.3133,16.6277],[82.3133,16.627],[82.3131,16.6256],[82.313,16.6236],[82.313,16.6228],[82.313,16.6211],[82.3129,16.6204],[82.3128,16.6199],[82.3127,16.6195],[82.3126,16.6193],[82.3124,16.6191],[82.3122,16.6188],[82.3121,16.6187],[82.312,16.6184],[82.312,16.6181],[82.3124,16.6175],[82.3125,16.6172],[82.3125,16.617],[82.3125,16.6164],[82.3126,16.6159],[82.3126,16.6156],[82.3127,16.6153],[82.3127,16.615],[82.3128,16.6148],[82.313,16.6141],[82.3131,16.6138],[82.313,16.6132],[82.3132,16.6126],[82.3134,16.612],[82.3135,16.6114],[82.3134,16.6109],[82.3133,16.6103],[82.3131,16.6099],[82.3132,16.6097],[82.3133,16.6094],[82.3137,16.6089],[82.3142,16.6077],[82.3167,16.6007],[82.3181,16.5955],[82.3179,16.5946],[82.3176,16.5937],[82.3173,16.5928],[82.3172,16.5926],[82.3171,16.5923],[82.3168,16.5918],[82.3164,16.5911],[82.316,16.5904],[82.3153,16.5895],[82.3151,16.5892],[82.3148,16.5886],[82.3141,16.5878],[82.3139,16.5875],[82.3136,16.5871],[82.3133,16.5867],[82.3127,16.5861],[82.3125,16.5859],[82.3119,16.5852],[82.3115,16.5846],[82.3111,16.5842],[82.3106,16.5836],[82.3103,16.5832],[82.3099,16.5826],[82.3094,16.5817],[82.309,16.5812],[82.3086,16.5805],[82.3079,16.5795],[82.3072,16.5786],[82.3066,16.5778],[82.3063,16.5774],[82.3059,16.577],[82.3054,16.5765],[82.3051,16.5761],[82.3048,16.5759],[82.3041,16.5751],[82.3038,16.5747],[82.3026,16.5736],[82.3017,16.5729],[82.301,16.5723],[82.3003,16.5718],[82.299,16.5709],[82.2981,16.5702],[82.2974,16.5699],[82.296,16.5693],[82.2951,16.5687],[82.2941,16.5682],[82.2932,16.5678],[82.2919,16.5672],[82.2914,16.567],[82.2908,16.5666],[82.2905,16.5665],[82.2902,16.5664],[82.2881,16.5648],[82.2877,16.5645],[82.2859,16.5631],[82.2851,16.5625],[82.2845,16.562],[82.2839,16.5616],[82.2827,16.5609],[82.282,16.5604],[82.2807,16.5596],[82.2801,16.5593],[82.2788,16.5586],[82.2773,16.5578],[82.2761,16.5571],[82.275,16.5566],[82.2737,16.5558],[82.2727,16.5555],[82.2716,16.5549],[82.2705,16.5544],[82.2697,16.554],[82.2685,16.5535],[82.268,16.5533],[82.2674,16.553],[82.2668,16.5528],[82.2659,16.5524],[82.2651,16.552],[82.2641,16.5516],[82.2631,16.5511],[82.2625,16.5509],[82.2613,16.5503],[82.2604,16.55],[82.2585,16.5492],[82.2575,16.5488],[82.2561,16.5482],[82.2545,16.5475],[82.2539,16.5472],[82.2532,16.547],[82.2527,16.5468],[82.2519,16.5464],[82.2498,16.5457],[82.2485,16.5451],[82.2478,16.5448],[82.2459,16.5441],[82.2449,16.5436],[82.2437,16.5433],[82.2428,16.5429],[82.2423,16.5427],[82.241,16.5422],[82.2399,16.5418],[82.2389,16.5414],[82.238,16.5409],[82.2372,16.5406],[82.2363,16.5403],[82.2357,16.5401],[82.2351,16.5399],[82.2347,16.5397],[82.2341,16.5394],[82.2335,16.5392],[82.2327,16.5388],[82.2322,16.5386],[82.2315,16.5382],[82.2308,16.5379],[82.2297,16.5375],[82.2288,16.5371],[82.2283,16.5369],[82.2278,16.5366],[82.2272,16.5365],[82.2268,16.5363],[82.2257,16.5357],[82.2243,16.535],[82.2237,16.5348],[82.2225,16.5342],[82.2216,16.5339],[82.2207,16.5334],[82.2196,16.533],[82.219,16.5327],[82.2182,16.5324],[82.217,16.5318],[82.2151,16.5307],[82.2143,16.5304],[82.2131,16.5299],[82.2119,16.5294],[82.2103,16.5287],[82.2088,16.528],[82.2073,16.5273],[82.2066,16.527],[82.206,16.5267],[82.2049,16.5262],[82.2041,16.5259],[82.2035,16.5256],[82.2028,16.5253],[82.2006,16.5243],[82.2,16.5241],[82.1989,16.5236],[82.1981,16.5232],[82.1974,16.5229],[82.1963,16.5224],[82.195,16.5218],[82.1945,16.5216],[82.1935,16.5211],[82.1923,16.5205],[82.1908,16.5199],[82.189,16.5191],[82.1882,16.5186],[82.1873,16.5182],[82.1865,16.5179],[82.1855,16.5174],[82.185,16.5171],[82.1844,16.5169],[82.1838,16.5166],[82.1826,16.516],[82.1821,16.5157],[82.1817,16.5155],[82.1812,16.5153],[82.1807,16.5151],[82.1796,16.5145],[82.1787,16.514],[82.1779,16.5135],[82.1774,16.5133],[82.177,16.5132],[82.1766,16.513],[82.1749,16.5122],[82.1733,16.5115],[82.1724,16.5111],[82.1718,16.5108],[82.1707,16.5103],[82.17,16.5099],[82.1688,16.5093],[82.1676,16.5087],[82.167,16.5084],[82.1661,16.508],[82.1644,16.5072],[82.1637,16.5068],[82.1627,16.5063],[82.1621,16.506],[82.1613,16.5056],[82.1606,16.5053],[82.16,16.5051],[82.1588,16.5045],[82.1585,16.5043],[82.1579,16.5041],[82.1569,16.5036],[82.1563,16.5033],[82.1556,16.503],[82.1549,16.5027],[82.1541,16.5023],[82.1533,16.5019],[82.1528,16.5017],[82.1521,16.5014],[82.1513,16.501],[82.1507,16.5007],[82.1499,16.5003],[82.1489,16.4999],[82.1481,16.4996],[82.147,16.499],[82.1464,16.4988],[82.1459,16.4986],[82.1452,16.4984],[82.1445,16.4984],[82.1439,16.4983],[82.1433,16.4981],[82.143,16.4978],[82.1423,16.4972],[82.1416,16.4965],[82.1411,16.4961],[82.1404,16.4956],[82.1401,16.4954],[82.1396,16.4952],[82.1388,16.4949],[82.1383,16.4946],[82.1377,16.4943],[82.1368,16.4939],[82.1359,16.4934],[82.1351,16.4931],[82.1342,16.4927],[82.1329,16.4921],[82.1319,16.4916],[82.1314,16.4913],[82.1307,16.491],[82.1289,16.4902],[82.1275,16.4895],[82.1272,16.4894],[82.1268,16.4892],[82.1264,16.489],[82.1257,16.4886],[82.125,16.4883],[82.1241,16.4879],[82.1235,16.4876],[82.1221,16.4869],[82.1207,16.4863],[82.1196,16.4858],[82.1188,16.4854],[82.1178,16.485],[82.117,16.4846],[82.1165,16.4844],[82.1159,16.4841],[82.1151,16.4837],[82.1143,16.4833],[82.1134,16.4829],[82.1124,16.4824],[82.1114,16.4819],[82.1103,16.4813],[82.1092,16.4807],[82.1085,16.4804],[82.1075,16.4798],[82.1063,16.4793],[82.1053,16.4788],[82.1047,16.4785],[82.1037,16.478],[82.1024,16.4774],[82.101,16.4766],[82.0997,16.4759],[82.0992,16.4756],[82.0989,16.4754],[82.098,16.475],[82.0963,16.4741],[82.0957,16.4738],[82.0954,16.4737],[82.0949,16.4734],[82.0935,16.4727],[82.0925,16.4722],[82.0919,16.4719],[82.0914,16.4716],[82.0907,16.4712],[82.0899,16.4708],[82.0886,16.4701],[82.0879,16.4697],[82.0872,16.4694],[82.0865,16.469],[82.0856,16.4685],[82.085,16.4682],[82.0836,16.4674],[82.0821,16.4666],[82.0811,16.4661],[82.0802,16.4656],[82.0796,16.4653],[82.0786,16.4647],[82.0779,16.4643],[82.0775,16.4641],[82.0771,16.4639],[82.0764,16.4635],[82.0756,16.4631],[82.0751,16.4628],[82.0743,16.4624],[82.0739,16.4622],[82.0733,16.4619],[82.0726,16.4616],[82.0722,16.4614],[82.0705,16.4605],[82.0694,16.4598],[82.0688,16.4595],[82.068,16.4591],[82.0667,16.4583],[82.0657,16.4577],[82.0649,16.4573],[82.0637,16.4567],[82.063,16.4562],[82.0625,16.4559],[82.0611,16.4551],[82.0594,16.4542],[82.0587,16.4539],[82.0569,16.4529],[82.056,16.4525],[82.0551,16.4519],[82.054,16.4514],[82.0534,16.451],[82.0526,16.4506],[82.0519,16.4502],[82.0508,16.4496],[82.0495,16.449],[82.0488,16.4485],[82.048,16.4481],[82.0472,16.4477],[82.0465,16.4473],[82.0457,16.447],[82.0448,16.4464],[82.0438,16.446],[82.0429,16.4455],[82.0422,16.4452],[82.0416,16.4448],[82.041,16.4446],[82.0401,16.4441],[82.0388,16.4435],[82.0369,16.4425],[82.0364,16.4422],[82.0357,16.4419],[82.0348,16.4415],[82.0339,16.4411],[82.033,16.4407],[82.0309,16.4395],[82.0308,16.4394],[82.0307,16.4392],[82.0305,16.4391],[82.0302,16.4389],[82.0293,16.4385],[82.0285,16.4381],[82.0279,16.4378],[82.0271,16.4373],[82.0263,16.4367],[82.0257,16.4364],[82.0249,16.436],[82.0242,16.4357],[82.0236,16.4353],[82.0232,16.4351],[82.0228,16.4349],[82.0219,16.4345],[82.021,16.434],[82.0197,16.4334],[82.0189,16.4329],[82.0178,16.4324],[82.0174,16.4322],[82.0168,16.4319],[82.0158,16.4314],[82.015,16.431],[82.0142,16.4306],[82.0131,16.43],[82.0124,16.4298],[82.012,16.4296],[82.0117,16.4295],[82.011,16.4292],[82.0102,16.4288],[82.0095,16.4284],[82.0088,16.4281],[82.0084,16.4278],[82.0074,16.4273],[82.0063,16.4269],[82.0052,16.4263],[82.0045,16.426],[82.0037,16.4256],[82.0032,16.4253],[82.0024,16.4249],[82.0016,16.4245],[82.0008,16.4241],[81.9999,16.4237],[81.9994,16.4235],[81.999,16.4232],[81.9984,16.4228],[81.9983,16.4228],[81.9982,16.4227],[81.9981,16.4227],[81.998,16.4227],[81.9979,16.4227],[81.9976,16.4226],[81.9968,16.4222],[81.9958,16.4217],[81.9949,16.4213],[81.9938,16.4209],[81.993,16.4205],[81.9921,16.4201],[81.9914,16.4198],[81.9906,16.4194],[81.9899,16.4191],[81.9887,16.4185],[81.9881,16.4182],[81.9876,16.418],[81.987,16.4177],[81.9861,16.4173],[81.9854,16.417],[81.9845,16.4165],[81.9834,16.4159],[81.983,16.4157],[81.9822,16.4152],[81.9813,16.4147],[81.9806,16.4144],[81.9799,16.4141],[81.9791,16.4137],[81.9782,16.4133],[81.9776,16.4131],[81.9767,16.4127],[81.976,16.4123],[81.9754,16.4121],[81.9749,16.4118],[81.9744,16.4115],[81.9739,16.4113],[81.9731,16.4108],[81.9721,16.4103],[81.9713,16.4099],[81.9702,16.4094],[81.9692,16.4089],[81.9689,16.4087],[81.9681,16.4084],[81.9671,16.4078],[81.9665,16.4075],[81.9658,16.4072],[81.9651,16.4069],[81.9646,16.4065],[81.9638,16.406],[81.9633,16.4058],[81.9629,16.4055],[81.9622,16.4051],[81.9619,16.405],[81.9615,16.4048],[81.961,16.4045],[81.9605,16.4042],[81.9603,16.404],[81.9599,16.4037],[81.9595,16.4034],[81.9591,16.4031],[81.9587,16.4028],[81.9585,16.4026],[81.9583,16.4025],[81.9581,16.4024],[81.9578,16.4024],[81.9576,16.4024],[81.9575,16.4023],[81.9571,16.402],[81.9567,16.4017],[81.9564,16.4016],[81.9559,16.4015],[81.9555,16.4016],[81.9552,16.4017],[81.955,16.4017],[81.9521,16.4019],[81.9495,16.4019],[81.9494,16.4016],[81.9489,16.4008],[81.9487,16.4004],[81.9483,16.3998],[81.9477,16.399],[81.9473,16.3983],[81.947,16.398],[81.9464,16.3974],[81.9459,16.397],[81.9455,16.3968],[81.9449,16.3964],[81.9445,16.3961],[81.9441,16.396],[81.9431,16.3956],[81.9427,16.3954],[81.9421,16.3951],[81.9417,16.3948],[81.9413,16.3946],[81.9412,16.3944],[81.9409,16.3943],[81.9407,16.3943],[81.94,16.3941],[81.9391,16.3938],[81.9379,16.3934],[81.937,16.3932],[81.9366,16.3931],[81.9355,16.3933],[81.9339,16.3935],[81.9325,16.3935],[81.9313,16.3933],[81.93,16.393],[81.9289,16.3927],[81.9279,16.3925],[81.9264,16.3922],[81.9254,16.3921],[81.9236,16.392],[81.922,16.3918],[81.9199,16.3913],[81.9189,16.3911],[81.9179,16.391],[81.9172,16.3909],[81.9158,16.3905],[81.9147,16.3903],[81.9138,16.39],[81.9128,16.3898],[81.9115,16.3895],[81.9102,16.3892],[81.9085,16.3889],[81.9074,16.3887],[81.9066,16.3885],[81.9052,16.3882],[81.9035,16.3877],[81.9027,16.3875],[81.9018,16.3872],[81.9001,16.3868],[81.899,16.3865],[81.8975,16.386],[81.8967,16.3858],[81.8959,16.3856],[81.8941,16.3852],[81.8926,16.3847],[81.8918,16.3845],[81.8906,16.3842],[81.8891,16.3837],[81.8883,16.3835],[81.8871,16.3831],[81.8862,16.3829],[81.8853,16.3826],[81.8847,16.3825],[81.8841,16.3823],[81.8833,16.3821],[81.8826,16.3819],[81.8812,16.3814],[81.88,16.3811],[81.8795,16.381],[81.8786,16.3807],[81.8774,16.3804],[81.877,16.3802],[81.8767,16.3802],[81.8754,16.3798],[81.8741,16.3794],[81.8728,16.3791],[81.8719,16.3788],[81.8712,16.3786],[81.8701,16.3782],[81.8688,16.3778],[81.8676,16.3775],[81.8658,16.3769],[81.8635,16.3762],[81.8627,16.376],[81.862,16.3757],[81.8609,16.3754],[81.8597,16.375],[81.8587,16.3747],[81.8579,16.3744],[81.8567,16.374],[81.8559,16.3737],[81.8549,16.3733],[81.8541,16.373],[81.8534,16.3728],[81.852,16.3722],[81.8511,16.3718],[81.8501,16.3715],[81.8494,16.3712],[81.8486,16.3709],[81.8477,16.3705],[81.8464,16.37],[81.8458,16.3697],[81.845,16.3694],[81.8439,16.3689],[81.8424,16.3683],[81.8417,16.3679],[81.841,16.3677],[81.8404,16.3673],[81.8394,16.3669],[81.8388,16.3666],[81.8377,16.3661],[81.8371,16.3658],[81.836,16.3653],[81.8352,16.3649],[81.8345,16.3645],[81.8337,16.3642],[81.8328,16.3637],[81.8315,16.3631],[81.8307,16.3627],[81.8301,16.3624],[81.8295,16.3621],[81.8287,16.3618],[81.8275,16.3612],[81.8265,16.3606],[81.8256,16.3601],[81.825,16.3598],[81.824,16.3593],[81.8232,16.3589],[81.8221,16.3583],[81.8213,16.3579],[81.8205,16.3574],[81.8197,16.357],[81.819,16.3566],[81.8184,16.3562],[81.8176,16.3558],[81.8169,16.3553],[81.8162,16.355],[81.8156,16.3547],[81.8151,16.3545],[81.8146,16.3542],[81.8142,16.354],[81.8137,16.3538],[81.8131,16.3535],[81.8122,16.353],[81.811,16.3524],[81.8096,16.3517],[81.8089,16.3513],[81.8081,16.3509],[81.8071,16.3504],[81.806,16.3498],[81.8054,16.3495],[81.8046,16.3491],[81.804,16.3488],[81.8034,16.3484],[81.8023,16.3479],[81.8012,16.3473],[81.8003,16.3468],[81.7996,16.3465],[81.7988,16.346],[81.7979,16.3456],[81.7964,16.3448],[81.7953,16.3442],[81.7945,16.3439],[81.7935,16.3433],[81.7924,16.3428],[81.7915,16.3424],[81.7909,16.342],[81.7898,16.3415],[81.7888,16.341],[81.7875,16.3405],[81.7865,16.34],[81.7852,16.3394],[81.7838,16.3388],[81.7827,16.3383],[81.7821,16.3381],[81.7814,16.3377],[81.7804,16.3373],[81.7797,16.337],[81.7786,16.3365],[81.7773,16.3359],[81.7768,16.3357],[81.776,16.3354],[81.7754,16.3351],[81.7747,16.3348],[81.7738,16.3344],[81.7725,16.3339],[81.7715,16.3335],[81.7711,16.3334],[81.7703,16.3331],[81.7686,16.3323],[81.7668,16.3316],[81.7653,16.3309],[81.7638,16.3303],[81.7624,16.3297],[81.7606,16.329],[81.7596,16.3286],[81.7581,16.3281],[81.7568,16.3276],[81.7555,16.3271],[81.7541,16.3266],[81.7527,16.326],[81.7513,16.3255],[81.7501,16.325],[81.7487,16.3245],[81.7472,16.324],[81.7454,16.3233],[81.7441,16.3228],[81.7431,16.3225],[81.7423,16.3222],[81.7415,16.3219],[81.7403,16.3214],[81.7395,16.3212],[81.7386,16.3208],[81.7379,16.3205],[81.7367,16.32],[81.7354,16.3195],[81.7344,16.3191],[81.7328,16.3183],[81.7322,16.318],[81.7314,16.3178],[81.7308,16.3175],[81.7302,16.3171],[81.729,16.3163],[81.7279,16.3156],[81.7268,16.3149],[81.7262,16.3145],[81.7256,16.314],[81.7252,16.3137],[81.725,16.3133],[81.7246,16.3126],[81.7243,16.3122],[81.724,16.3118],[81.7239,16.3114],[81.7237,16.311],[81.7234,16.3107],[81.7231,16.3105],[81.7227,16.3103],[81.7222,16.3103],[81.7218,16.3104],[81.7215,16.3106],[81.7211,16.3109],[81.7208,16.3116],[81.7205,16.3122],[81.7204,16.3124],[81.7203,16.3128],[81.72,16.3131],[81.7197,16.3134],[81.7194,16.3135],[81.7193,16.3136],[81.7189,16.3201],[81.7217,16.3366],[81.7205,16.3623],[81.7201,16.3718],[81.7192,16.3735],[81.7102,16.3894],[81.701,16.4141],[81.7008,16.4214],[81.7107,16.4416],[81.7132,16.4437],[81.7162,16.4446],[81.7196,16.4448],[81.7216,16.4435],[81.722,16.4432],[81.7235,16.4418],[81.7305,16.4268],[81.7357,16.4206],[81.7491,16.4171],[81.7502,16.4176],[81.758,16.4216],[81.7657,16.4295],[81.7747,16.4388],[81.7863,16.4524],[81.7878,16.4602],[81.7922,16.4638],[81.797,16.4678],[81.8136,16.4713],[81.8262,16.4767],[81.8451,16.4851],[81.8502,16.4947],[81.8507,16.506],[81.8508,16.5085],[81.855,16.5268],[81.8565,16.5387],[81.8574,16.5464],[81.8544,16.5549],[81.8564,16.5628],[81.8594,16.5682],[81.8578,16.5754],[81.8579,16.5813],[81.8598,16.5906],[81.8605,16.6072],[81.8577,16.614],[81.8501,16.6288],[81.846,16.6463],[81.8431,16.6555],[81.8392,16.6677],[81.8387,16.6766],[81.8298,16.6832],[81.8145,16.6864],[81.801,16.6992],[81.7991,16.7077],[81.7977,16.7142],[81.7974,16.7376],[81.7899,16.7581],[81.7828,16.762],[81.7654,16.7717],[81.7591,16.7847],[81.7593,16.8146],[81.7559,16.8228],[81.7589,16.831],[81.764,16.8343],[81.7608,16.8512],[81.7584,16.8555],[81.753,16.865],[81.7371,16.8828],[81.7375,16.9003],[81.7332,16.9232],[81.7395,16.946],[81.7443,16.9475],[81.7516,16.9407],[81.7529,16.9398],[81.7544,16.9368],[81.7699,16.9373],[81.784,16.938],[81.7853,16.9365],[81.7884,16.9338],[81.7871,16.9329],[81.7864,16.9295],[81.7864,16.9225],[81.788,16.908],[81.7881,16.9037],[81.79,16.8965],[81.7936,16.8924],[81.7981,16.8881],[81.8012,16.8851],[81.8037,16.8799],[81.8038,16.8695],[81.8045,16.8643],[81.8105,16.8657],[81.8132,16.8675],[81.8143,16.8685],[81.8191,16.8692],[81.8223,16.8673],[81.8243,16.8663],[81.8266,16.8661],[81.828,16.8667],[81.8272,16.87],[81.8273,16.874],[81.8296,16.8752],[81.8329,16.8743],[81.8351,16.8731],[81.8376,16.8721],[81.8397,16.8718],[81.8418,16.8715],[81.8433,16.8712],[81.846,16.8705],[81.8469,16.8679],[81.8466,16.8659],[81.8475,16.8631],[81.849,16.8611],[81.8503,16.858],[81.8535,16.8568],[81.8595,16.8568],[81.8624,16.8571],[81.8665,16.8581],[81.8637,16.8649],[81.8654,16.8693],[81.8687,16.8765],[81.8719,16.8806],[81.8778,16.8821],[81.881,16.8869],[81.8802,16.8962],[81.8786,16.9022],[81.8737,16.9028],[81.8665,16.9024],[81.8615,16.9047],[81.8624,16.9119],[81.8674,16.9163],[81.8665,16.9225],[81.865,16.9235],[81.8628,16.9341],[81.8581,16.9381],[81.8602,16.9406],[81.8639,16.9418],[81.8693,16.9429],[81.8762,16.9432],[81.88,16.9443],[81.8837,16.9466],[81.8849,16.9498],[81.8881,16.9517],[81.8917,16.9498],[81.8978,16.949],[81.9032,16.949],[81.9047,16.95],[81.9044,16.956],[81.9045,16.9605],[81.9127,16.9667],[81.9139,16.9708],[81.9158,16.9766],[81.918,16.9802],[81.9191,16.9748],[81.9193,16.971],[81.9219,16.969],[81.9247,16.9695],[81.9287,16.9724],[81.931,16.9701],[81.9325,16.9667],[81.9358,16.9661],[81.938,16.9675],[81.9381,16.9658],[81.9362,16.961],[81.937,16.9571],[81.9384,16.9543],[81.94,16.9512],[81.9371,16.946],[81.9377,16.9322],[81.9369,16.9223],[81.9348,16.9191],[81.935,16.9164],[81.937,16.9139],[81.9408,16.9121],[81.9438,16.9104],[81.9544,16.9036],[81.9564,16.8975],[81.9564,16.8933],[81.9554,16.8913],[81.9527,16.8761],[81.9572,16.8705],[81.9513,16.8523],[81.9512,16.8484],[81.9502,16.841],[81.9519,16.8382],[81.9538,16.8372],[81.9552,16.8356],[81.9548,16.8325],[81.9546,16.8302],[81.9559,16.8257],[81.959,16.8247],[81.9617,16.8247],[81.9636,16.8251],[81.9659,16.8297],[81.9677,16.8369],[81.9695,16.8413],[81.9719,16.849],[81.9742,16.8524],[81.9763,16.8551],[81.9758,16.8572],[81.974,16.8585],[81.9716,16.8608],[81.9715,16.8643],[81.9757,16.8651],[81.9803,16.8651],[81.9822,16.8662],[81.9831,16.8697],[81.9839,16.8731],[81.9852,16.8756],[81.9824,16.8873],[81.9818,16.8928],[81.9847,16.8965],[81.9906,16.8964],[81.9919,16.9026],[81.994,16.9081],[81.9963,16.912],[81.9992,16.9158],[82.0011,16.9196],[82.0052,16.9187],[82.0093,16.9162],[82.0101,16.9133],[82.0126,16.9112],[82.017,16.9103],[82.0176,16.9064],[82.0263,16.9062],[82.0281,16.9041],[82.0271,16.9024],[82.0273,16.8999],[82.029,16.8984],[82.0304,16.8983],[82.0316,16.8992],[82.034,16.9014],[82.0344,16.9041],[82.0352,16.9065],[82.0385,16.9073],[82.0388,16.9047],[82.0384,16.9004],[82.0403,16.8992],[82.0421,16.898],[82.0445,16.8955],[82.0437,16.8919],[82.0429,16.8903],[82.0419,16.8865],[82.044,16.8835],[82.0456,16.8818],[82.0468,16.8806],[82.0502,16.8778],[82.0534,16.8763],[82.0582,16.8759],[82.0592,16.8791],[82.0606,16.8804],[82.0646,16.8805],[82.0698,16.8792],[82.0715,16.8809],[82.0732,16.885],[82.0848,16.8841],[82.093,16.8824]]]}},{"type":"Feature","properties":{"district":"Kakinada","district_hi":"काकीनाडा"},"geometry":{"type":"MultiPolygon","coordinates":[[[[82.093,16.8824],[82.0848,16.8841],[82.0732,16.885],[82.0727,16.8909],[82.0721,16.899],[82.0673,16.8976],[82.0628,16.896],[82.0592,16.8954],[82.056,16.8968],[82.0558,16.8995],[82.0573,16.9048],[82.0567,16.9097],[82.0569,16.9157],[82.0644,16.9309],[82.0645,16.9394],[82.0641,16.9462],[82.0686,16.9506],[82.0724,16.9558],[82.0729,16.9608],[82.0725,16.963],[82.0678,16.9728],[82.0661,16.9877],[82.0658,16.99],[82.0646,16.9927],[82.0611,16.9941],[82.059,16.9961],[82.0603,16.9992],[82.0615,17.0019],[82.0621,17.0044],[82.0616,17.0074],[82.0604,17.0101],[82.0592,17.0121],[82.0652,17.0134],[82.0682,17.0155],[82.069,17.0177],[82.0695,17.0227],[82.0722,17.0251],[82.0754,17.0267],[82.0776,17.0308],[82.0778,17.0333],[82.0776,17.0384],[82.0762,17.0406],[82.0724,17.0411],[82.0684,17.0413],[82.0654,17.0411],[82.0626,17.04],[82.0601,17.0398],[82.0568,17.0414],[82.0547,17.0402],[82.0522,17.0392],[82.0484,17.0396],[82.0468,17.0411],[82.0431,17.0399],[82.0407,17.0411],[82.0383,17.0402],[82.0368,17.038],[82.0339,17.0368],[82.0321,17.0391],[82.0335,17.0445],[82.0348,17.0492],[82.0326,17.0531],[82.0303,17.0622],[82.0347,17.0655],[82.0415,17.0692],[82.0462,17.0734],[82.0474,17.0744],[82.0466,17.0757],[82.0449,17.0805],[82.0457,17.0913],[82.0429,17.0935],[82.0378,17.0963],[82.0296,17.1013],[82.0134,17.1095],[82.0071,17.1153],[82.0008,17.1194],[81.9977,17.1208],[81.9941,17.1185],[81.99,17.1199],[81.9837,17.1215],[81.979,17.1212],[81.9712,17.1202],[81.9654,17.1192],[81.9602,17.1182],[81.9559,17.1172],[81.9527,17.1145],[81.9506,17.111],[81.9475,17.1092],[81.9422,17.1088],[81.9384,17.1059],[81.9242,17.1049],[81.9201,17.1107],[81.9184,17.1152],[81.9187,17.1204],[81.919,17.1282],[81.9159,17.1305],[81.9125,17.1322],[81.9109,17.134],[81.91,17.1378],[81.9112,17.1413],[81.9137,17.1424],[81.915,17.1444],[81.915,17.1519],[81.9135,17.1562],[81.9117,17.1603],[81.9098,17.1627],[81.9085,17.1647],[81.9087,17.168],[81.9105,17.1695],[81.9116,17.1715],[81.9105,17.1723],[81.9069,17.1726],[81.9021,17.1723],[81.9019,17.1756],[81.9033,17.1786],[81.9046,17.1814],[81.9076,17.1865],[81.9129,17.1924],[81.916,17.1959],[81.9198,17.1989],[81.9229,17.2012],[81.9312,17.2011],[81.9345,17.2012],[81.9361,17.2018],[81.9379,17.2034],[81.9384,17.2047],[81.9395,17.2095],[81.9411,17.2139],[81.9419,17.2169],[81.9432,17.219],[81.9447,17.2218],[81.9452,17.2241],[81.9457,17.2295],[81.9502,17.2337],[81.9523,17.2362],[81.9527,17.239],[81.9522,17.2429],[81.9525,17.2499],[81.9534,17.2512],[81.9571,17.2512],[81.9604,17.2518],[81.9618,17.253],[81.9629,17.2556],[81.9642,17.2581],[81.9668,17.2626],[81.9705,17.2625],[81.9752,17.2621],[81.9809,17.2622],[81.9863,17.2624],[81.9886,17.2628],[81.9944,17.2615],[82.0,17.2618],[82.0033,17.2623],[82.0064,17.263],[82.0073,17.2646],[82.007,17.2665],[82.0078,17.2687],[82.0114,17.2712],[82.0142,17.2735],[82.0204,17.2818],[82.0219,17.2856],[82.0239,17.2874],[82.0279,17.2878],[82.032,17.2882],[82.0341,17.2887],[82.0362,17.2889],[82.0394,17.2882],[82.0497,17.2826],[82.0616,17.2929],[82.0661,17.2951],[82.0693,17.2898],[82.0728,17.2869],[82.0774,17.2842],[82.0834,17.2869],[82.0876,17.2887],[82.0925,17.29],[82.0938,17.2925],[82.0907,17.2986],[82.0878,17.3012],[82.0834,17.3021],[82.0783,17.303],[82.0735,17.3035],[82.0683,17.3065],[82.065,17.3048],[82.0626,17.3044],[82.0596,17.3064],[82.0589,17.3095],[82.0589,17.3144],[82.0552,17.3153],[82.0528,17.3163],[82.0545,17.3208],[82.0595,17.3266],[82.0613,17.3328],[82.0583,17.3391],[82.0554,17.3444],[82.0538,17.3471],[82.0543,17.351],[82.0571,17.352],[82.0599,17.3559],[82.0612,17.3587],[82.0621,17.362],[82.0619,17.3646],[82.0605,17.3661],[82.0569,17.3669],[82.0549,17.3683],[82.0534,17.3703],[82.0525,17.3727],[82.0528,17.3748],[82.0534,17.3765],[82.0561,17.3807],[82.057,17.3836],[82.0599,17.3852],[82.0628,17.3864],[82.0642,17.387],[82.0649,17.3885],[82.0665,17.3912],[82.0679,17.3912],[82.0679,17.3889],[82.068,17.387],[82.07,17.3864],[82.0722,17.3864],[82.0744,17.3868],[82.0751,17.3876],[82.075,17.3902],[82.0767,17.3919],[82.0789,17.3919],[82.0802,17.3925],[82.0801,17.3958],[82.0789,17.3975],[82.0764,17.3984],[82.0751,17.3985],[82.073,17.3991],[82.0722,17.4008],[82.0742,17.4026],[82.0753,17.4027],[82.0786,17.4035],[82.0807,17.4029],[82.0823,17.4008],[82.0833,17.399],[82.0848,17.3977],[82.0857,17.3952],[82.0863,17.3929],[82.0868,17.3909],[82.0888,17.3902],[82.0911,17.392],[82.0929,17.3933],[82.0943,17.3951],[82.0935,17.3985],[82.0933,17.4012],[82.0959,17.4028],[82.0984,17.4024],[82.1005,17.4004],[82.1002,17.3984],[82.0992,17.3968],[82.0989,17.3956],[82.101,17.3944],[82.1022,17.3939],[82.1011,17.3928],[82.0993,17.3922],[82.0983,17.3911],[82.0991,17.3895],[82.1001,17.3882],[82.1015,17.3865],[82.1043,17.3859],[82.1066,17.3865],[82.1084,17.3896],[82.1089,17.3911],[82.1103,17.393],[82.1122,17.3937],[82.1145,17.3929],[82.1163,17.3909],[82.1167,17.3894],[82.1175,17.3867],[82.1186,17.3853],[82.1207,17.3825],[82.1195,17.381],[82.1176,17.3809],[82.1157,17.38],[82.1137,17.3783],[82.1119,17.3766],[82.1105,17.3743],[82.1104,17.3726],[82.1115,17.3709],[82.1123,17.3692],[82.1113,17.3673],[82.1094,17.3654],[82.1072,17.3642],[82.1059,17.3615],[82.105,17.3594],[82.1025,17.3582],[82.0995,17.3572],[82.0969,17.3562],[82.095,17.3549],[82.0937,17.3499],[82.0928,17.3481],[82.0922,17.3462],[82.0937,17.3437],[82.0958,17.3425],[82.0996,17.3421],[82.1031,17.3419],[82.1052,17.3417],[82.1072,17.3401],[82.108,17.3384],[82.1064,17.3358],[82.1032,17.3322],[82.0997,17.329],[82.1002,17.3268],[82.1056,17.3266],[82.1083,17.3265],[82.1128,17.3265],[82.1145,17.3262],[82.1159,17.3247],[82.1205,17.3235],[82.1219,17.3248],[82.1217,17.3286],[82.1222,17.3373],[82.1226,17.3405],[82.1237,17.3443],[82.1266,17.3466],[82.1296,17.3469],[82.1327,17.3464],[82.1358,17.3461],[82.1393,17.3459],[82.1435,17.3449],[82.1398,17.3396],[82.1357,17.3341],[82.1321,17.3273],[82.1277,17.3182],[82.1269,17.3157],[82.127,17.3132],[82.1284,17.313],[82.1316,17.3149],[82.134,17.3186],[82.1362,17.3174],[82.1343,17.3151],[82.1318,17.3128],[82.1302,17.3114],[82.1312,17.3082],[82.1331,17.3066],[82.1408,17.3093],[82.1447,17.311],[82.1459,17.3088],[82.1438,17.3067],[82.1437,17.3029],[82.1464,17.2998],[82.1511,17.2982],[82.1563,17.2988],[82.1719,17.3067],[82.1801,17.3118],[82.1869,17.3165],[82.1926,17.3231],[82.1732,17.3188],[82.1632,17.3177],[82.1575,17.3173],[82.1533,17.3165],[82.1493,17.3178],[82.1476,17.3206],[82.151,17.3242],[82.1564,17.3265],[82.1615,17.3305],[82.1703,17.3407],[82.1707,17.3444],[82.1665,17.3472],[82.1614,17.3508],[82.1586,17.3528],[82.1576,17.3547],[82.158,17.357],[82.1647,17.3596],[82.1736,17.3658],[82.1783,17.3692],[82.1888,17.3756],[82.1947,17.377],[82.1993,17.3771],[82.1993,17.3797],[82.2014,17.3835],[82.2185,17.3896],[82.2198,17.3944],[82.2175,17.3977],[82.2218,17.4016],[82.2334,17.4094],[82.243,17.4196],[82.2477,17.424],[82.2501,17.4329],[82.2623,17.4375],[82.2715,17.4396],[82.2833,17.4431],[82.2855,17.451],[82.286,17.4572],[82.2862,17.4627],[82.2861,17.4671],[82.2877,17.4727],[82.2912,17.4809],[82.2945,17.4836],[82.3026,17.4877],[82.3096,17.4938],[82.3144,17.4985],[82.3182,17.5026],[82.3256,17.5075],[82.3306,17.5108],[82.334,17.5121],[82.3322,17.5076],[82.3315,17.5033],[82.3345,17.5024],[82.3367,17.5017],[82.3383,17.501],[82.3404,17.4982],[82.3443,17.4944],[82.3497,17.4993],[82.3524,17.5032],[82.3545,17.505],[82.357,17.5066],[82.3597,17.5084],[82.3619,17.5102],[82.3642,17.5109],[82.3706,17.5107],[82.3748,17.5107],[82.3765,17.5103],[82.3787,17.5081],[82.3784,17.5061],[82.3764,17.5023],[82.3724,17.4964],[82.3696,17.4927],[82.3678,17.4903],[82.3679,17.4891],[82.3694,17.4862],[82.3725,17.4803],[82.3745,17.4793],[82.3778,17.4789],[82.3807,17.4789],[82.3843,17.4791],[82.3884,17.4797],[82.3996,17.4727],[82.4056,17.4692],[82.4098,17.4671],[82.4118,17.4675],[82.4145,17.4687],[82.4181,17.4705],[82.4272,17.4714],[82.4309,17.4709],[82.4312,17.4721],[82.4316,17.4732],[82.4345,17.4721],[82.4367,17.4718],[82.4384,17.4722],[82.4387,17.4745],[82.4388,17.4762],[82.4393,17.4782],[82.4436,17.4782],[82.4492,17.4797],[82.4504,17.481],[82.4521,17.4888],[82.4537,17.4899],[82.4542,17.4929],[82.4545,17.4947],[82.4533,17.496],[82.4527,17.4977],[82.4519,17.5001],[82.4502,17.504],[82.4504,17.5086],[82.4498,17.5109],[82.4567,17.5112],[82.4624,17.5113],[82.4653,17.5125],[82.466,17.5158],[82.4669,17.518],[82.4674,17.5198],[82.4668,17.5224],[82.4652,17.5243],[82.4637,17.5259],[82.4623,17.5278],[82.4607,17.5294],[82.4605,17.5312],[82.461,17.5318],[82.4635,17.5321],[82.4659,17.532],[82.468,17.5314],[82.4683,17.5331],[82.4665,17.5342],[82.4658,17.535],[82.4669,17.5362],[82.4691,17.5346],[82.4707,17.5335],[82.4726,17.531],[82.4747,17.5292],[82.4765,17.5274],[82.4754,17.5254],[82.4741,17.5241],[82.473,17.5225],[82.4735,17.5209],[82.4756,17.5201],[82.4777,17.52],[82.4781,17.5184],[82.4784,17.5158],[82.4793,17.5128],[82.479,17.5092],[82.4796,17.5061],[82.4797,17.5019],[82.4813,17.5016],[82.4839,17.5016],[82.4866,17.5012],[82.489,17.5005],[82.4911,17.5007],[82.4941,17.5011],[82.4954,17.5027],[82.4969,17.5059],[82.498,17.5074],[82.5017,17.5089],[82.5047,17.5084],[82.5063,17.5056],[82.507,17.5038],[82.5094,17.5029],[82.5158,17.5023],[82.5184,17.5022],[82.5208,17.5025],[82.5232,17.5028],[82.5266,17.5037],[82.5297,17.5049],[82.5322,17.5066],[82.539,17.508],[82.5421,17.5095],[82.5458,17.5129],[82.548,17.5157],[82.5484,17.5169],[82.549,17.519],[82.5496,17.522],[82.5506,17.5259],[82.551,17.5271],[82.5521,17.5276],[82.5531,17.5275],[82.5545,17.5263],[82.5568,17.5236],[82.5587,17.5219],[82.5588,17.5178],[82.5589,17.5101],[82.5596,17.5069],[82.5593,17.5021],[82.5592,17.4988],[82.5594,17.4941],[82.5608,17.4933],[82.5611,17.4922],[82.561,17.4913],[82.5617,17.4911],[82.5627,17.4927],[82.5645,17.4927],[82.5662,17.4927],[82.5674,17.4928],[82.5682,17.4921],[82.5686,17.4902],[82.569,17.4879],[82.5693,17.4866],[82.5704,17.486],[82.5724,17.4848],[82.5746,17.4842],[82.5742,17.4834],[82.5773,17.4825],[82.5785,17.4824],[82.579,17.4811],[82.5796,17.4785],[82.5805,17.4768],[82.5819,17.4754],[82.5846,17.475],[82.5849,17.4731],[82.585,17.4706],[82.5857,17.4697],[82.5883,17.4681],[82.5908,17.4674],[82.5912,17.4654],[82.5927,17.4651],[82.5951,17.4635],[82.596,17.4626],[82.6009,17.461],[82.6023,17.4603],[82.6033,17.4601],[82.6049,17.4609],[82.6044,17.4552],[82.6022,17.4507],[82.5997,17.4483],[82.5984,17.4438],[82.5926,17.4387],[82.5876,17.4344],[82.5858,17.4313],[82.5841,17.4302],[82.583,17.4252],[82.58,17.424],[82.5767,17.4205],[82.5753,17.4191],[82.5688,17.4143],[82.5633,17.4107],[82.56,17.4087],[82.5597,17.4015],[82.5585,17.3997],[82.5567,17.3983],[82.5562,17.3912],[82.5557,17.3903],[82.5535,17.3887],[82.5516,17.3862],[82.5516,17.3837],[82.5507,17.3827],[82.5484,17.3799],[82.5453,17.3762],[82.5441,17.3757],[82.5429,17.3748],[82.5433,17.373],[82.5442,17.3725],[82.5456,17.3717],[82.5463,17.371],[82.5471,17.3697],[82.5474,17.3664],[82.5474,17.3637],[82.548,17.362],[82.5484,17.3606],[82.5502,17.3593],[82.5521,17.3577],[82.5532,17.3556],[82.5542,17.3543],[82.5548,17.3532],[82.5561,17.3524],[82.5577,17.3526],[82.5598,17.3531],[82.5616,17.3532],[82.5629,17.353],[82.5635,17.3522],[82.5638,17.3516],[82.5643,17.3512],[82.565,17.3509],[82.566,17.3502],[82.5656,17.3474],[82.5652,17.3424],[82.5637,17.3424],[82.563,17.342],[82.561,17.3423],[82.5598,17.3422],[82.5601,17.3403],[82.5598,17.3381],[82.5594,17.3363],[82.5602,17.335],[82.56,17.3327],[82.5581,17.3296],[82.5559,17.325],[82.5476,17.326],[82.5477,17.3273],[82.5382,17.3283],[82.5356,17.3278],[82.5352,17.3268],[82.535,17.3184],[82.5364,17.3164],[82.5361,17.3138],[82.5348,17.3067],[82.532,17.3048],[82.5301,17.3025],[82.5286,17.3024],[82.5255,17.301],[82.5214,17.3006],[82.5188,17.3003],[82.5179,17.2987],[82.5195,17.2979],[82.5209,17.2967],[82.5211,17.2955],[82.5213,17.2916],[82.521,17.2871],[82.5212,17.285],[82.5217,17.2839],[82.5225,17.2828],[82.5231,17.2817],[82.5226,17.2804],[82.5225,17.2789],[82.5232,17.2772],[82.5247,17.2762],[82.5251,17.2731],[82.5256,17.2713],[82.5341,17.2664],[82.5361,17.2653],[82.5375,17.2649],[82.539,17.2638],[82.539,17.2622],[82.5392,17.26],[82.5402,17.2569],[82.5407,17.255],[82.541,17.2536],[82.5424,17.2489],[82.5359,17.2447],[82.5351,17.244],[82.5338,17.2432],[82.533,17.2426],[82.5323,17.2421],[82.5315,17.2416],[82.5305,17.241],[82.5298,17.2405],[82.529,17.2399],[82.5281,17.2393],[82.5274,17.2388],[82.5263,17.238],[82.5249,17.2371],[82.5237,17.2363],[82.523,17.2358],[82.5217,17.2349],[82.5205,17.2341],[82.5195,17.2334],[82.5182,17.2325],[82.5172,17.2318],[82.5152,17.2305],[82.514,17.2297],[82.5135,17.2293],[82.513,17.229],[82.5116,17.2281],[82.5108,17.2275],[82.5093,17.2264],[82.5086,17.2259],[82.5074,17.225],[82.5062,17.2242],[82.5052,17.2235],[82.504,17.2226],[82.5033,17.2221],[82.5027,17.2217],[82.5024,17.2214],[82.5021,17.2212],[82.5016,17.2209],[82.5011,17.2205],[82.5002,17.2199],[82.4993,17.2193],[82.4983,17.2186],[82.4964,17.2172],[82.4952,17.2162],[82.494,17.2154],[82.4924,17.2141],[82.491,17.213],[82.4899,17.2122],[82.489,17.2116],[82.4876,17.2106],[82.4865,17.2098],[82.4844,17.2082],[82.4835,17.2075],[82.4825,17.2067],[82.4815,17.206],[82.4801,17.2049],[82.4791,17.2042],[82.4783,17.2035],[82.4775,17.2029],[82.4765,17.2022],[82.4755,17.2014],[82.4743,17.2005],[82.4734,17.1998],[82.4722,17.1988],[82.4701,17.1972],[82.4682,17.1957],[82.4673,17.1949],[82.4662,17.1941],[82.4655,17.1936],[82.4643,17.1925],[82.4636,17.192],[82.4622,17.1908],[82.4614,17.1902],[82.4601,17.1891],[82.4587,17.188],[82.4579,17.1874],[82.4571,17.1866],[82.4557,17.1855],[82.4547,17.1847],[82.4536,17.1838],[82.4529,17.1832],[82.452,17.1825],[82.4511,17.1817],[82.4503,17.181],[82.4492,17.1801],[82.4484,17.1795],[82.4475,17.1787],[82.4465,17.1779],[82.445,17.1766],[82.4442,17.176],[82.4431,17.1751],[82.4423,17.1744],[82.4415,17.1737],[82.4401,17.1725],[82.4392,17.1717],[82.4374,17.1702],[82.4366,17.1694],[82.4361,17.169],[82.4353,17.1683],[82.4341,17.1672],[82.4332,17.1665],[82.4322,17.1656],[82.4312,17.1647],[82.4298,17.1635],[82.4289,17.1627],[82.4277,17.1617],[82.4268,17.1608],[82.4262,17.1603],[82.4255,17.1597],[82.425,17.1593],[82.4245,17.1588],[82.4241,17.1584],[82.4236,17.158],[82.423,17.1575],[82.4222,17.1567],[82.4215,17.1562],[82.4208,17.1555],[82.4203,17.1551],[82.4197,17.1545],[82.4191,17.154],[82.4186,17.1535],[82.4181,17.1531],[82.4176,17.1526],[82.4169,17.152],[82.4162,17.1514],[82.4157,17.151],[82.4152,17.1506],[82.4146,17.1501],[82.4138,17.1493],[82.4129,17.1485],[82.4122,17.1478],[82.4113,17.1471],[82.4102,17.146],[82.4095,17.1453],[82.4093,17.1451],[82.4092,17.1449],[82.409,17.1448],[82.4086,17.1444],[82.4083,17.1441],[82.4081,17.1439],[82.4079,17.1437],[82.4079,17.1436],[82.4078,17.1436],[82.4077,17.1436],[82.4076,17.1436],[82.4075,17.1436],[82.4074,17.1436],[82.4074,17.1435],[82.4073,17.1434],[82.4072,17.1432],[82.4071,17.143],[82.407,17.1429],[82.4069,17.1428],[82.4067,17.1427],[82.4065,17.1425],[82.4061,17.1421],[82.4054,17.1414],[82.4048,17.1407],[82.4044,17.1403],[82.4041,17.14],[82.404,17.1399],[82.4039,17.1399],[82.4038,17.1399],[82.4037,17.1398],[82.4032,17.1394],[82.4026,17.1387],[82.4025,17.1387],[82.4023,17.1386],[82.4021,17.1385],[82.4019,17.1383],[82.4015,17.1379],[82.4009,17.1373],[82.4002,17.1366],[82.3996,17.1361],[82.3989,17.1354],[82.3981,17.1347],[82.3972,17.1338],[82.3968,17.1334],[82.3961,17.1327],[82.3956,17.1323],[82.3948,17.1316],[82.3943,17.1311],[82.3939,17.1307],[82.3932,17.1299],[82.3928,17.1295],[82.3925,17.1292],[82.3923,17.129],[82.3921,17.1288],[82.3919,17.1286],[82.3915,17.1282],[82.3912,17.1279],[82.3909,17.1276],[82.3907,17.1274],[82.3905,17.1272],[82.3903,17.1271],[82.39,17.127],[82.3898,17.1269],[82.3895,17.1267],[82.3893,17.1266],[82.389,17.1262],[82.3884,17.1257],[82.3879,17.1251],[82.3875,17.1247],[82.3872,17.1244],[82.3869,17.1242],[82.3864,17.1236],[82.3857,17.123],[82.3851,17.1223],[82.3845,17.1218],[82.3841,17.1214],[82.3838,17.1211],[82.3832,17.1205],[82.3826,17.12],[82.3822,17.1196],[82.3813,17.1188],[82.3809,17.1184],[82.3806,17.1182],[82.3801,17.1176],[82.3795,17.1171],[82.379,17.1166],[82.3782,17.1158],[82.3778,17.1154],[82.3771,17.1148],[82.3766,17.1143],[82.3757,17.1136],[82.3752,17.1131],[82.3747,17.1126],[82.3742,17.1121],[82.3737,17.1117],[82.3733,17.1113],[82.3727,17.1107],[82.3721,17.1101],[82.371,17.1091],[82.3704,17.1085],[82.3699,17.108],[82.3694,17.1075],[82.3689,17.1071],[82.3686,17.1068],[82.3683,17.1066],[82.3681,17.1063],[82.3678,17.1061],[82.3673,17.1057],[82.3666,17.105],[82.3663,17.1047],[82.3659,17.1043],[82.3653,17.1038],[82.3652,17.1037],[82.365,17.1036],[82.3647,17.1032],[82.3641,17.1026],[82.3634,17.1021],[82.3628,17.1019],[82.3618,17.1011],[82.3612,17.1003],[82.361,17.0999],[82.3608,17.0997],[82.3605,17.0994],[82.3598,17.0989],[82.3596,17.0988],[82.3593,17.0985],[82.3587,17.0979],[82.3581,17.0974],[82.3565,17.0957],[82.3557,17.0949],[82.3552,17.0944],[82.3546,17.0937],[82.3535,17.0926],[82.3526,17.0918],[82.3517,17.091],[82.3509,17.0903],[82.3505,17.0899],[82.3502,17.0897],[82.35,17.0896],[82.3498,17.0896],[82.3489,17.0889],[82.3487,17.0885],[82.3486,17.0883],[82.3484,17.0881],[82.3481,17.0877],[82.3473,17.0872],[82.3466,17.0865],[82.346,17.0859],[82.3454,17.0853],[82.3442,17.084],[82.3437,17.0834],[82.3434,17.0831],[82.3428,17.0826],[82.3423,17.0821],[82.3416,17.0816],[82.3409,17.0809],[82.3401,17.0802],[82.3396,17.0797],[82.3391,17.0793],[82.3383,17.0786],[82.3377,17.078],[82.3373,17.0777],[82.3367,17.0772],[82.3363,17.0768],[82.3356,17.0761],[82.3352,17.0757],[82.335,17.0755],[82.3348,17.0753],[82.3347,17.0751],[82.3347,17.0749],[82.3346,17.0746],[82.3344,17.0743],[82.3341,17.0739],[82.3339,17.0737],[82.3336,17.0734],[82.3334,17.0733],[82.333,17.073],[82.3327,17.0729],[82.3324,17.0727],[82.3321,17.0725],[82.3318,17.0724],[82.3316,17.0722],[82.3314,17.0721],[82.3312,17.0719],[82.3309,17.0715],[82.3305,17.0711],[82.3303,17.0707],[82.3301,17.0704],[82.33,17.0703],[82.3299,17.0702],[82.3296,17.0699],[82.329,17.0693],[82.3285,17.0688],[82.328,17.0684],[82.3276,17.068],[82.3271,17.0674],[82.3264,17.0667],[82.3246,17.0647],[82.3241,17.0642],[82.3233,17.0634],[82.323,17.0632],[82.3227,17.0629],[82.3225,17.0626],[82.322,17.0622],[82.3217,17.0619],[82.3206,17.0607],[82.32,17.0602],[82.3194,17.0596],[82.3185,17.0587],[82.3178,17.0579],[82.3173,17.0573],[82.3169,17.0568],[82.3161,17.056],[82.3157,17.0555],[82.3152,17.055],[82.3145,17.0541],[82.3136,17.0531],[82.3117,17.051],[82.3109,17.05],[82.3102,17.0492],[82.3086,17.0472],[82.3077,17.0461],[82.307,17.0451],[82.3062,17.0441],[82.305,17.0424],[82.304,17.041],[82.3028,17.0392],[82.3022,17.0383],[82.3015,17.0371],[82.3012,17.0367],[82.3002,17.0351],[82.2991,17.0334],[82.2978,17.031],[82.2964,17.0284],[82.2951,17.0258],[82.2943,17.0238],[82.2938,17.0229],[82.2935,17.0221],[82.2929,17.0206],[82.2921,17.0185],[82.2913,17.0165],[82.2905,17.0146],[82.2895,17.0118],[82.2886,17.009],[82.2867,17.0024],[82.2862,17.0006],[82.2856,16.9989],[82.285,16.9973],[82.2845,16.9957],[82.2839,16.9938],[82.2835,16.9919],[82.2831,16.9898],[82.2831,16.9891],[82.283,16.9881],[82.2828,16.987],[82.2828,16.9866],[82.2828,16.9863],[82.2827,16.9858],[82.2826,16.9854],[82.2825,16.9851],[82.2821,16.9849],[82.2818,16.9848],[82.2814,16.9849],[82.2813,16.9844],[82.2821,16.9844],[82.2852,16.9844],[82.2852,16.9843],[82.2853,16.9842],[82.2852,16.9838],[82.2852,16.983],[82.2852,16.9828],[82.2853,16.9826],[82.2853,16.9825],[82.2853,16.9824],[82.2852,16.9824],[82.2851,16.9824],[82.285,16.9824],[82.285,16.9825],[82.285,16.9828],[82.2851,16.9841],[82.2851,16.9842],[82.285,16.9843],[82.2847,16.9843],[82.2847,16.9841],[82.2844,16.9841],[82.2844,16.9827],[82.284,16.9827],[82.284,16.9842],[82.2838,16.9842],[82.2835,16.9842],[82.2834,16.9842],[82.2833,16.9842],[82.2832,16.9842],[82.283,16.9842],[82.283,16.9843],[82.2828,16.9843],[82.2827,16.9842],[82.282,16.9842],[82.2819,16.9842],[82.2813,16.9842],[82.2813,16.9828],[82.2809,16.9828],[82.2809,16.9842],[82.2802,16.9843],[82.2802,16.9835],[82.2801,16.9835],[82.2801,16.9837],[82.28,16.9837],[82.2799,16.9837],[82.2799,16.9838],[82.2796,16.9839],[82.2796,16.984],[82.2795,16.9841],[82.2793,16.9843],[82.2783,16.9843],[82.2781,16.9843],[82.278,16.9843],[82.2779,16.9842],[82.2776,16.984],[82.2773,16.9837],[82.2772,16.9833],[82.2771,16.983],[82.2771,16.9829],[82.2771,16.9828],[82.2773,16.9827],[82.2781,16.9826],[82.2787,16.9825],[82.2785,16.9825],[82.2784,16.9824],[82.2784,16.9823],[82.2784,16.9819],[82.2784,16.9817],[82.2784,16.9815],[82.2785,16.9814],[82.2786,16.9814],[82.2786,16.9813],[82.2787,16.9811],[82.2787,16.981],[82.2787,16.9809],[82.2788,16.9808],[82.2788,16.9807],[82.2787,16.9806],[82.2786,16.9805],[82.2785,16.9804],[82.2785,16.9802],[82.2784,16.9797],[82.2785,16.9796],[82.2785,16.9795],[82.2785,16.9794],[82.2784,16.9793],[82.2784,16.9791],[82.2782,16.9782],[82.2782,16.978],[82.2787,16.9776],[82.2793,16.9774],[82.2795,16.9774],[82.2805,16.9772],[82.2807,16.9772],[82.2808,16.9772],[82.2815,16.9772],[82.2819,16.9771],[82.282,16.9771],[82.2821,16.977],[82.2823,16.977],[82.2824,16.9769],[82.2826,16.9768],[82.2829,16.9766],[82.2831,16.9765],[82.2839,16.9764],[82.2828,16.9709],[82.2826,16.971],[82.282,16.9711],[82.2819,16.971],[82.2818,16.971],[82.2814,16.971],[82.2809,16.9711],[82.2808,16.971],[82.2808,16.9709],[82.2806,16.9691],[82.2806,16.969],[82.2808,16.9688],[82.2811,16.9686],[82.2812,16.9686],[82.2814,16.9686],[82.2814,16.9685],[82.2814,16.9683],[82.281,16.9662],[82.2809,16.966],[82.2809,16.9658],[82.2808,16.9653],[82.2807,16.9647],[82.2807,16.9643],[82.2806,16.9639],[82.2804,16.9632],[82.2804,16.9631],[82.2803,16.9623],[82.28,16.9607],[82.28,16.9605],[82.2799,16.9601],[82.2798,16.9596],[82.2797,16.9593],[82.2795,16.9584],[82.2793,16.9577],[82.2792,16.9574],[82.2791,16.9573],[82.279,16.9572],[82.2787,16.9572],[82.2709,16.9586],[82.2706,16.9585],[82.2701,16.9583],[82.2699,16.9581],[82.2698,16.9578],[82.2697,16.9574],[82.2696,16.9573],[82.2695,16.9572],[82.2691,16.9572],[82.2685,16.9572],[82.2685,16.9571],[82.2685,16.957],[82.2685,16.9568],[82.2686,16.9554],[82.2688,16.9541],[82.2691,16.9522],[82.2692,16.9521],[82.2693,16.9521],[82.2701,16.9524],[82.2706,16.9528],[82.2707,16.953],[82.2708,16.9531],[82.2709,16.9531],[82.2713,16.9527],[82.2716,16.9523],[82.2719,16.9518],[82.272,16.9516],[82.272,16.9514],[82.272,16.9513],[82.272,16.9512],[82.2722,16.9508],[82.2724,16.9506],[82.2727,16.9502],[82.2731,16.9498],[82.2734,16.9495],[82.2736,16.9491],[82.2736,16.949],[82.2729,16.9483],[82.2722,16.9471],[82.2721,16.9472],[82.2722,16.9475],[82.2718,16.9478],[82.2713,16.9468],[82.2719,16.9465],[82.2718,16.9462],[82.2713,16.9465],[82.2712,16.9465],[82.271,16.946],[82.271,16.9459],[82.2715,16.9457],[82.2715,16.9456],[82.2703,16.9423],[82.2701,16.942],[82.2698,16.9417],[82.2694,16.9414],[82.2689,16.9412],[82.2679,16.9408],[82.2656,16.9401],[82.2621,16.9389],[82.2605,16.9384],[82.2587,16.9382],[82.2573,16.9383],[82.2571,16.9384],[82.2555,16.9387],[82.2495,16.9396],[82.2491,16.9398],[82.2471,16.9403],[82.2451,16.9408],[82.2451,16.9405],[82.245,16.9402],[82.2451,16.9401],[82.2453,16.94],[82.2455,16.9398],[82.2457,16.9395],[82.2464,16.9393],[82.247,16.9393],[82.2484,16.939],[82.25,16.9388],[82.254,16.9382],[82.2541,16.9382],[82.2541,16.9381],[82.2541,16.938],[82.254,16.938],[82.2536,16.938],[82.2532,16.9376],[82.2531,16.9376],[82.253,16.9376],[82.2529,16.9377],[82.2528,16.9377],[82.2523,16.9376],[82.2523,16.9375],[82.2523,16.9372],[82.2522,16.9369],[82.252,16.9364],[82.252,16.9362],[82.252,16.936],[82.252,16.9359],[82.252,16.9358],[82.2519,16.9354],[82.2517,16.9345],[82.2514,16.9338],[82.251,16.9328],[82.2508,16.9321],[82.2507,16.9319],[82.2503,16.9318],[82.25,16.9317],[82.25,16.9316],[82.2504,16.9314],[82.2505,16.9312],[82.2505,16.9308],[82.2506,16.9294],[82.2504,16.9266],[82.2505,16.9228],[82.2508,16.919],[82.251,16.9176],[82.2508,16.9175],[82.2503,16.9173],[82.2503,16.9171],[82.2507,16.9169],[82.251,16.9169],[82.2512,16.9166],[82.2513,16.916],[82.2515,16.9143],[82.2512,16.914],[82.251,16.9138],[82.2511,16.9136],[82.2517,16.9132],[82.2519,16.9125],[82.2519,16.9115],[82.2518,16.9105],[82.2517,16.9093],[82.2513,16.908],[82.251,16.9078],[82.2484,16.9082],[82.2484,16.908],[82.2484,16.9078],[82.2492,16.9075],[82.2499,16.9069],[82.2507,16.9059],[82.2514,16.9056],[82.2528,16.9053],[82.2537,16.905],[82.2545,16.9045],[82.2554,16.9036],[82.2561,16.9025],[82.2566,16.9005],[82.2569,16.8991],[82.2563,16.8988],[82.2558,16.8986],[82.2557,16.8985],[82.2561,16.8985],[82.2566,16.8983],[82.2572,16.898],[82.258,16.8959],[82.2586,16.8939],[82.2588,16.8916],[82.2587,16.8902],[82.259,16.889],[82.2594,16.8878],[82.2602,16.8876],[82.2609,16.8874],[82.2622,16.8871],[82.2636,16.8866],[82.2643,16.8863],[82.265,16.8858],[82.2663,16.8844],[82.268,16.8825],[82.269,16.8809],[82.2696,16.8796],[82.2708,16.8771],[82.2717,16.8766],[82.2722,16.8769],[82.2728,16.8773],[82.2738,16.8777],[82.275,16.878],[82.2765,16.8781],[82.278,16.8781],[82.2793,16.8778],[82.2805,16.8775],[82.282,16.877],[82.2833,16.8761],[82.2846,16.8747],[82.2852,16.8743],[82.2856,16.8737],[82.2857,16.8731],[82.2858,16.873],[82.2863,16.8721],[82.2868,16.8716],[82.2874,16.8716],[82.2881,16.8716],[82.2887,16.8717],[82.2893,16.8719],[82.2901,16.8722],[82.2903,16.8722],[82.2905,16.8722],[82.2908,16.8721],[82.2917,16.8717],[82.2924,16.8714],[82.2932,16.8709],[82.2936,16.8705],[82.2943,16.8701],[82.2961,16.8692],[82.2985,16.8676],[82.3009,16.8656],[82.303,16.8635],[82.3045,16.8618],[82.3061,16.8598],[82.3073,16.8581],[82.3084,16.8572],[82.3096,16.8562],[82.3111,16.8544],[82.3124,16.8523],[82.3134,16.8503],[82.3186,16.8505],[82.3194,16.8512],[82.3208,16.8522],[82.3217,16.8531],[82.3228,16.8535],[82.3249,16.854],[82.3261,16.8544],[82.3269,16.8546],[82.3277,16.8546],[82.3285,16.8545],[82.3303,16.8544],[82.3322,16.855],[82.3337,16.8554],[82.3355,16.8557],[82.3377,16.8556],[82.3386,16.8553],[82.339,16.8547],[82.34,16.8536],[82.3407,16.8536],[82.3418,16.8534],[82.3435,16.8528],[82.3448,16.8524],[82.3465,16.852],[82.3473,16.8517],[82.3482,16.851],[82.3486,16.8503],[82.349,16.85],[82.3491,16.85],[82.3492,16.8501],[82.3494,16.8504],[82.3498,16.8506],[82.3504,16.8508],[82.3507,16.8511],[82.351,16.8516],[82.3512,16.8517],[82.3514,16.8517],[82.3519,16.8515],[82.3523,16.8512],[82.3529,16.851],[82.3534,16.8507],[82.3536,16.8504],[82.3538,16.8501],[82.3538,16.8497],[82.3538,16.8493],[82.3538,16.8488],[82.3537,16.8484],[82.3535,16.8479],[82.3535,16.8474],[82.3535,16.8473],[82.3535,16.8471],[82.3535,16.847],[82.3537,16.847],[82.3541,16.847],[82.3543,16.8476],[82.3547,16.8493],[82.3548,16.8501],[82.3549,16.8509],[82.3549,16.8512],[82.3548,16.8516],[82.3547,16.8519],[82.3547,16.852],[82.3548,16.8521],[82.3549,16.8521],[82.3551,16.852],[82.3553,16.8519],[82.3555,16.8518],[82.3556,16.8516],[82.3557,16.8509],[82.3558,16.8497],[82.3558,16.8487],[82.3558,16.8475],[82.3556,16.8464],[82.3555,16.8455],[82.3556,16.8445],[82.3554,16.8435],[82.3551,16.8423],[82.3548,16.8412],[82.3545,16.8382],[82.3539,16.836],[82.3534,16.8342],[82.3531,16.8328],[82.3527,16.8317],[82.3525,16.8309],[82.352,16.8293],[82.3517,16.8289],[82.3516,16.828],[82.3517,16.8278],[82.3519,16.8276],[82.352,16.8266],[82.3519,16.8257],[82.3515,16.823],[82.3512,16.8216],[82.3511,16.8212],[82.3509,16.8206],[82.3508,16.8201],[82.3503,16.8181],[82.3499,16.8169],[82.3496,16.8156],[82.3489,16.8129],[82.3488,16.8122],[82.3485,16.8113],[82.3484,16.8106],[82.3483,16.81],[82.3482,16.8093],[82.3484,16.8087],[82.3491,16.8086],[82.3498,16.8088],[82.3501,16.8092],[82.3501,16.8093],[82.3503,16.8093],[82.3507,16.8091],[82.3509,16.8089],[82.351,16.8088],[82.3511,16.8084],[82.3508,16.8068],[82.3506,16.806],[82.3504,16.8053],[82.3501,16.8045],[82.3496,16.8021],[82.3494,16.8009],[82.3494,16.8006],[82.3493,16.8004],[82.3492,16.7999],[82.3492,16.7997],[82.3491,16.7994],[82.349,16.7992],[82.3489,16.7987],[82.349,16.7985],[82.349,16.7983],[82.3489,16.7976],[82.3487,16.7968],[82.3485,16.7963],[82.3483,16.7956],[82.3481,16.7949],[82.3478,16.7935],[82.3475,16.7919],[82.3473,16.7912],[82.3472,16.7906],[82.3471,16.7902],[82.347,16.7896],[82.3468,16.7891],[82.3467,16.7886],[82.3466,16.7881],[82.3465,16.7876],[82.3465,16.7873],[82.3464,16.787],[82.3463,16.7868],[82.3463,16.7862],[82.3462,16.7853],[82.3462,16.7851],[82.3462,16.785],[82.3463,16.7849],[82.3463,16.7848],[82.3463,16.7847],[82.3462,16.7843],[82.346,16.7834],[82.3459,16.7821],[82.3457,16.7814],[82.3454,16.7798],[82.345,16.7784],[82.3445,16.7762],[82.3443,16.7749],[82.3441,16.774],[82.3438,16.773],[82.3436,16.7724],[82.3434,16.7717],[82.3431,16.7707],[82.3428,16.7699],[82.3423,16.7687],[82.3421,16.7683],[82.342,16.7677],[82.3419,16.7672],[82.3418,16.767],[82.3417,16.7668],[82.3417,16.7666],[82.3417,16.7665],[82.3417,16.766],[82.3416,16.7657],[82.3414,16.765],[82.3412,16.7642],[82.341,16.7634],[82.3409,16.7625],[82.3407,16.7612],[82.3405,16.7603],[82.3404,16.7599],[82.3404,16.7596],[82.3405,16.7587],[82.3404,16.7577],[82.3401,16.7561],[82.3402,16.7544],[82.3401,16.753],[82.34,16.7526],[82.34,16.7522],[82.3399,16.7519],[82.34,16.7514],[82.3404,16.7503],[82.3407,16.7496],[82.3409,16.749],[82.3413,16.7484],[82.3416,16.7477],[82.3421,16.7469],[82.3426,16.746],[82.3427,16.7456],[82.3428,16.7453],[82.3428,16.7451],[82.3428,16.7448],[82.3427,16.7446],[82.3426,16.7444],[82.3423,16.7441],[82.3536,16.7414],[82.3625,16.7411],[82.3626,16.7412],[82.3627,16.7412],[82.3628,16.7413],[82.3631,16.7413],[82.3635,16.7412],[82.3641,16.741],[82.3642,16.7409],[82.3644,16.741],[82.3646,16.7411],[82.3648,16.7412],[82.3652,16.7413],[82.3658,16.7413],[82.3661,16.7414],[82.3664,16.7413],[82.3667,16.7411],[82.3668,16.741],[82.3673,16.7404],[82.3677,16.7397],[82.3679,16.7393],[82.3681,16.7387],[82.3681,16.7374],[82.368,16.7363],[82.3679,16.7353],[82.3677,16.7343],[82.3674,16.7325],[82.3672,16.7312],[82.3671,16.7302],[82.367,16.7293],[82.3667,16.7286],[82.3665,16.7276],[82.3663,16.7266],[82.3661,16.7256],[82.3659,16.7248],[82.3657,16.7238],[82.3654,16.7227],[82.365,16.7212],[82.3647,16.7203],[82.3641,16.7187],[82.3636,16.7176],[82.3634,16.7172],[82.3629,16.716],[82.3624,16.7153],[82.3622,16.715],[82.362,16.7147],[82.3617,16.7143],[82.35,16.7167],[82.341,16.7174],[82.3332,16.7185],[82.3288,16.7402],[82.328,16.7479],[82.3245,16.7581],[82.3238,16.7759],[82.3135,16.7796],[82.3035,16.7798],[82.2998,16.7735],[82.2996,16.7653],[82.3037,16.7528],[82.3058,16.7483],[82.3052,16.7481],[82.305,16.7479],[82.3048,16.7475],[82.3046,16.7473],[82.3043,16.747],[82.3039,16.7468],[82.3036,16.7467],[82.3033,16.7465],[82.303,16.7463],[82.3028,16.7461],[82.3027,16.7458],[82.3027,16.7454],[82.3027,16.7451],[82.3026,16.7449],[82.3025,16.7446],[82.3024,16.7444],[82.3022,16.744],[82.302,16.7436],[82.3019,16.7435],[82.3017,16.7433],[82.3014,16.7432],[82.3011,16.743],[82.301,16.743],[82.3007,16.743],[82.3005,16.743],[82.3002,16.743],[82.2999,16.7429],[82.2995,16.7427],[82.2991,16.7424],[82.2987,16.7421],[82.2986,16.742],[82.2985,16.7419],[82.2986,16.7404],[82.2985,16.7401],[82.2985,16.74],[82.2984,16.74],[82.2983,16.7399],[82.2983,16.7398],[82.2983,16.7397],[82.2983,16.7396],[82.2982,16.7396],[82.2981,16.7396],[82.2979,16.7396],[82.2977,16.7395],[82.2976,16.7394],[82.2974,16.7384],[82.2973,16.738],[82.297,16.7374],[82.2968,16.737],[82.2967,16.7368],[82.2968,16.7364],[82.2968,16.7353],[82.2968,16.7349],[82.2961,16.7338],[82.2958,16.7333],[82.2956,16.7331],[82.2953,16.733],[82.2952,16.7329],[82.295,16.7321],[82.2949,16.7317],[82.2945,16.7315],[82.2941,16.7314],[82.294,16.7313],[82.2939,16.7312],[82.2936,16.7307],[82.2935,16.7306],[82.2932,16.7301],[82.2929,16.7299],[82.2928,16.7298],[82.2928,16.7297],[82.2928,16.7296],[82.2928,16.7295],[82.2926,16.7293],[82.2924,16.729],[82.2923,16.7288],[82.2922,16.7286],[82.2922,16.7284],[82.2921,16.7283],[82.292,16.7282],[82.2918,16.7281],[82.2917,16.728],[82.2915,16.7281],[82.2913,16.728],[82.2912,16.7279],[82.2911,16.7278],[82.291,16.7276],[82.291,16.7275],[82.291,16.7273],[82.2909,16.7272],[82.2907,16.7271],[82.2903,16.7268],[82.2901,16.7266],[82.2896,16.7263],[82.2894,16.7261],[82.2885,16.7259],[82.2883,16.7258],[82.2872,16.7258],[82.2865,16.7258],[82.2861,16.7258],[82.2857,16.7258],[82.2852,16.726],[82.2851,16.7261],[82.2848,16.7262],[82.2845,16.7263],[82.2842,16.7263],[82.2834,16.7265],[82.2824,16.7267],[82.2818,16.7269],[82.2809,16.727],[82.2805,16.727],[82.2798,16.7271],[82.2794,16.7272],[82.2785,16.7272],[82.2774,16.7272],[82.2766,16.7272],[82.2762,16.7271],[82.2755,16.7269],[82.2749,16.7267],[82.2745,16.7265],[82.2742,16.7263],[82.2737,16.7259],[82.2731,16.7252],[82.2728,16.7248],[82.2726,16.7244],[82.2724,16.7239],[82.2722,16.7236],[82.272,16.7232],[82.2715,16.7226],[82.2711,16.7221],[82.2706,16.7218],[82.2702,16.7215],[82.27,16.7214],[82.2699,16.7214],[82.2698,16.7214],[82.2696,16.7215],[82.269,16.7215],[82.2684,16.7214],[82.2681,16.7214],[82.2679,16.7214],[82.2675,16.7213],[82.2671,16.7214],[82.266,16.7216],[82.2651,16.7217],[82.2642,16.7219],[82.2639,16.7219],[82.2636,16.7218],[82.2631,16.7217],[82.2624,16.7214],[82.262,16.7211],[82.2616,16.7208],[82.2612,16.7206],[82.2606,16.7204],[82.2601,16.7203],[82.2594,16.7202],[82.2586,16.7201],[82.2579,16.72],[82.2572,16.7201],[82.2568,16.7202],[82.2563,16.7203],[82.2562,16.7204],[82.2556,16.7206],[82.2553,16.7208],[82.2547,16.7209],[82.2535,16.7209],[82.2525,16.7211],[82.2515,16.7213],[82.2503,16.7217],[82.2494,16.722],[82.2485,16.7221],[82.2474,16.7221],[82.2461,16.7221],[82.2446,16.7219],[82.2427,16.7217],[82.2422,16.7216],[82.2408,16.7216],[82.2391,16.7216],[82.2376,16.7222],[82.2365,16.7227],[82.235,16.7236],[82.2337,16.7244],[82.2332,16.7245],[82.2329,16.7245],[82.2328,16.7248],[82.2328,16.7256],[82.2329,16.7261],[82.2328,16.7267],[82.2326,16.727],[82.2323,16.7273],[82.2321,16.7275],[82.2317,16.7279],[82.2311,16.728],[82.2297,16.7283],[82.2205,16.7319],[82.2169,16.7335],[82.2173,16.7344],[82.2176,16.7352],[82.2181,16.7365],[82.2182,16.7369],[82.2182,16.7376],[82.2181,16.7382],[82.2178,16.7398],[82.2179,16.7406],[82.2183,16.7416],[82.2187,16.7426],[82.2195,16.7435],[82.2202,16.7442],[82.2209,16.7448],[82.2214,16.7453],[82.2219,16.746],[82.2222,16.7466],[82.2223,16.7472],[82.2224,16.7478],[82.2226,16.7483],[82.2228,16.7485],[82.2233,16.7487],[82.2242,16.7489],[82.2246,16.749],[82.225,16.7493],[82.2253,16.7497],[82.2253,16.7501],[82.2251,16.7506],[82.2247,16.7511],[82.2241,16.752],[82.2238,16.7526],[82.2238,16.7532],[82.2239,16.7537],[82.2246,16.754],[82.2256,16.7545],[82.2268,16.755],[82.2277,16.7552],[82.2283,16.7552],[82.2302,16.755],[82.2311,16.755],[82.2316,16.7551],[82.2321,16.7555],[82.2324,16.7558],[82.2324,16.7563],[82.2322,16.757],[82.2318,16.7577],[82.2312,16.7588],[82.2303,16.7602],[82.2297,16.7608],[82.2289,16.7614],[82.2283,16.7617],[82.2277,16.7617],[82.2268,16.7614],[82.2262,16.761],[82.2259,16.7603],[82.226,16.7594],[82.2259,16.7579],[82.2257,16.757],[82.2253,16.7563],[82.2249,16.7561],[82.2241,16.7561],[82.2234,16.7567],[82.2231,16.7572],[82.2222,16.7578],[82.2214,16.7585],[82.2212,16.7582],[82.2212,16.7581],[82.221,16.7581],[82.2209,16.758],[82.2207,16.7579],[82.2206,16.7578],[82.2205,16.7576],[82.2204,16.7575],[82.2204,16.7574],[82.2202,16.7572],[82.2201,16.757],[82.22,16.7569],[82.2199,16.7567],[82.2198,16.7565],[82.2198,16.7563],[82.2198,16.7562],[82.2199,16.756],[82.2199,16.7559],[82.22,16.7558],[82.2203,16.7558],[82.2205,16.7557],[82.2206,16.7558],[82.2207,16.7559],[82.2208,16.7561],[82.221,16.7562],[82.2213,16.7562],[82.2215,16.7563],[82.2219,16.7564],[82.2222,16.7564],[82.2225,16.7564],[82.2229,16.7562],[82.2231,16.7561],[82.223,16.756],[82.223,16.7558],[82.223,16.7557],[82.223,16.7556],[82.2228,16.7553],[82.2225,16.7549],[82.2225,16.7548],[82.2224,16.7546],[82.222,16.7538],[82.2218,16.7533],[82.2216,16.753],[82.2212,16.7528],[82.221,16.7526],[82.2206,16.7522],[82.2204,16.7521],[82.2203,16.7518],[82.2202,16.7513],[82.2202,16.751],[82.2203,16.7509],[82.2203,16.7505],[82.2202,16.7502],[82.2202,16.7501],[82.2201,16.7501],[82.2199,16.75],[82.2195,16.75],[82.2193,16.75],[82.2192,16.7501],[82.2188,16.7504],[82.2182,16.7508],[82.218,16.751],[82.2177,16.7511],[82.2175,16.7512],[82.2169,16.7513],[82.2165,16.7514],[82.2161,16.7515],[82.2159,16.7515],[82.2156,16.7517],[82.2155,16.7519],[82.2155,16.7521],[82.2155,16.7523],[82.2155,16.7525],[82.2154,16.7526],[82.2153,16.7526],[82.2151,16.7527],[82.2149,16.7527],[82.2146,16.7527],[82.2144,16.7526],[82.2143,16.7526],[82.2142,16.7525],[82.2141,16.7522],[82.214,16.7521],[82.2139,16.7519],[82.2137,16.7518],[82.2134,16.7517],[82.2131,16.7516],[82.2128,16.7514],[82.2124,16.7511],[82.2119,16.7506],[82.2116,16.7503],[82.2113,16.75],[82.2112,16.7499],[82.2112,16.7497],[82.2113,16.7494],[82.2115,16.749],[82.2117,16.7487],[82.2117,16.7486],[82.2117,16.7481],[82.2115,16.7477],[82.2114,16.7473],[82.2112,16.7467],[82.211,16.7462],[82.2106,16.7457],[82.2101,16.7453],[82.2097,16.7449],[82.209,16.7444],[82.2086,16.7442],[82.2081,16.7437],[82.2075,16.7432],[82.207,16.7428],[82.2077,16.7413],[82.2089,16.7404],[82.2085,16.7398],[82.2083,16.7395],[82.2078,16.7386],[82.2076,16.7382],[82.2071,16.7384],[82.2069,16.7382],[82.2066,16.737],[82.2064,16.7366],[82.2062,16.7362],[82.2061,16.7361],[82.2057,16.7354],[82.2055,16.7349],[82.2054,16.7344],[82.2045,16.7345],[82.2036,16.7346],[82.2025,16.7348],[82.2025,16.7344],[82.202,16.7344],[82.2014,16.7349],[82.201,16.7344],[82.2007,16.7346],[82.2005,16.7344],[82.2003,16.7346],[82.2,16.7344],[82.1998,16.7345],[82.1989,16.7345],[82.1978,16.7346],[82.1972,16.7347],[82.1968,16.7349],[82.1961,16.7351],[82.1954,16.7354],[82.1947,16.7358],[82.1942,16.736],[82.1933,16.7361],[82.1929,16.7363],[82.1927,16.7364],[82.1924,16.7368],[82.1923,16.7369],[82.1918,16.7372],[82.1916,16.7373],[82.1912,16.7375],[82.1909,16.7373],[82.1894,16.7366],[82.189,16.7371],[82.1889,16.7372],[82.1886,16.7374],[82.1878,16.7371],[82.1868,16.7368],[82.1863,16.7366],[82.1862,16.7359],[82.1862,16.7355],[82.1862,16.7353],[82.1862,16.7352],[82.1861,16.7345],[82.1862,16.7337],[82.1861,16.7334],[82.1862,16.7332],[82.1862,16.733],[82.1865,16.7328],[82.1866,16.7324],[82.1866,16.7321],[82.1866,16.7316],[82.1866,16.7312],[82.1866,16.7309],[82.1861,16.7309],[82.1862,16.7306],[82.1863,16.7303],[82.1864,16.73],[82.1879,16.7302],[82.189,16.7303],[82.1893,16.7304],[82.1893,16.7302],[82.1903,16.7302],[82.191,16.7303],[82.1918,16.7304],[82.1925,16.7305],[82.1935,16.7306],[82.1938,16.7306],[82.1928,16.7274],[82.1923,16.7254],[82.2024,16.7225],[82.2009,16.7171],[82.1963,16.7137],[82.1873,16.7108],[82.1853,16.7107],[82.1824,16.7102],[82.1785,16.7102],[82.1721,16.7109],[82.1643,16.7092],[82.1613,16.7082],[82.1581,16.7071],[82.1545,16.7064],[82.1442,16.7064],[82.1447,16.7084],[82.1445,16.7117],[82.144,16.7156],[82.1438,16.7198],[82.1417,16.7248],[82.138,16.7218],[82.131,16.7219],[82.1266,16.7234],[82.1232,16.7261],[82.1273,16.7306],[82.1326,16.7353],[82.1384,16.7374],[82.1377,16.7424],[82.1367,16.747],[82.1426,16.7477],[82.1479,16.7492],[82.1497,16.752],[82.1462,16.7531],[82.1404,16.7502],[82.1371,16.7509],[82.132,16.7557],[82.1282,16.7578],[82.1239,16.7583],[82.1211,16.7603],[82.1153,16.7729],[82.1133,16.78],[82.1123,16.7861],[82.1118,16.7896],[82.1099,16.7898],[82.1066,16.7917],[82.1077,16.8084],[82.0975,16.8089],[82.1,16.813],[82.1096,16.8301],[82.1112,16.8357],[82.1082,16.8419],[82.1054,16.8458],[82.1012,16.8449],[82.0994,16.8406],[82.0977,16.836],[82.0926,16.8345],[82.0904,16.8352],[82.0904,16.8412],[82.0901,16.8452],[82.0879,16.8481],[82.0946,16.8583],[82.101,16.8631],[82.1029,16.8678],[82.0988,16.8705],[82.0932,16.8741],[82.0914,16.8776],[82.093,16.8824]]],[[[82.3541,16.8539],[82.3544,16.8552],[82.3547,16.8561],[82.3547,16.8567],[82.3547,16.8571],[82.3551,16.86],[82.3554,16.8615],[82.3557,16.8634],[82.3558,16.8646],[82.356,16.8654],[82.3561,16.8661],[82.3566,16.868],[82.357,16.8702],[82.3573,16.8724],[82.3579,16.8749],[82.3586,16.8784],[82.359,16.8803],[82.3593,16.8824],[82.3594,16.8841],[82.3594,16.8851],[82.3596,16.8861],[82.3597,16.887],[82.3598,16.8877],[82.3598,16.8884],[82.3599,16.889],[82.36,16.8897],[82.3601,16.89],[82.3602,16.8905],[82.3603,16.891],[82.3605,16.8919],[82.3605,16.8929],[82.3606,16.8937],[82.3607,16.8947],[82.3608,16.8962],[82.361,16.8976],[82.3612,16.8989],[82.3613,16.8999],[82.3615,16.9008],[82.3615,16.9018],[82.3616,16.9028],[82.3616,16.9035],[82.3619,16.9045],[82.362,16.9052],[82.3621,16.906],[82.3623,16.9067],[82.3625,16.9079],[82.3626,16.9087],[82.3627,16.9093],[82.3626,16.91],[82.3626,16.9107],[82.3626,16.9108],[82.3627,16.9109],[82.3627,16.9111],[82.3627,16.9117],[82.3626,16.9122],[82.3626,16.9131],[82.3625,16.9138],[82.3624,16.9145],[82.3624,16.915],[82.3625,16.9154],[82.3624,16.9161],[82.3624,16.9169],[82.3624,16.9173],[82.3625,16.9176],[82.3625,16.9181],[82.3625,16.9185],[82.3625,16.9187],[82.3625,16.919],[82.3625,16.9192],[82.3625,16.9194],[82.3625,16.9196],[82.3625,16.9198],[82.3624,16.92],[82.3624,16.9201],[82.3624,16.9202],[82.3625,16.9204],[82.3624,16.9207],[82.3623,16.9209],[82.3624,16.9211],[82.3624,16.9212],[82.3625,16.9213],[82.3625,16.9214],[82.3625,16.9215],[82.3624,16.9216],[82.3624,16.9217],[82.3624,16.9218],[82.3625,16.9219],[82.3625,16.922],[82.3624,16.9221],[82.3624,16.9222],[82.3624,16.9224],[82.3624,16.9225],[82.3624,16.9228],[82.3624,16.923],[82.3624,16.9231],[82.3624,16.9232],[82.3624,16.9234],[82.3624,16.9235],[82.3623,16.9237],[82.3623,16.9239],[82.3623,16.9241],[82.3623,16.9243],[82.3622,16.9245],[82.3622,16.9247],[82.3622,16.9251],[82.3622,16.9254],[82.3622,16.926],[82.3621,16.9265],[82.3619,16.9282],[82.3615,16.9304],[82.3613,16.9313],[82.3611,16.9323],[82.3609,16.9341],[82.3607,16.9357],[82.3606,16.9363],[82.3606,16.9364],[82.3605,16.9365],[82.3604,16.9369],[82.3604,16.9372],[82.3603,16.9378],[82.36,16.9392],[82.3596,16.941],[82.3592,16.9426],[82.3589,16.9445],[82.3588,16.9449],[82.3588,16.9453],[82.3587,16.9457],[82.3587,16.9461],[82.3586,16.9463],[82.3585,16.9469],[82.358,16.9492],[82.3579,16.9501],[82.3577,16.9507],[82.3573,16.952],[82.3572,16.9522],[82.3571,16.9523],[82.3572,16.9522],[82.3573,16.9522],[82.3573,16.9523],[82.3573,16.9524],[82.3572,16.9526],[82.3571,16.9527],[82.357,16.9529],[82.3568,16.9534],[82.3566,16.9538],[82.3563,16.9544],[82.3562,16.9545],[82.3562,16.9547],[82.3562,16.9548],[82.3561,16.9549],[82.3561,16.955],[82.356,16.9551],[82.3559,16.9552],[82.3554,16.9562],[82.3549,16.9569],[82.3548,16.9571],[82.3544,16.9576],[82.3541,16.9581],[82.3538,16.9585],[82.3537,16.9587],[82.3536,16.959],[82.3535,16.9591],[82.3534,16.9592],[82.3533,16.9594],[82.3531,16.9597],[82.353,16.9597],[82.353,16.9598],[82.353,16.96],[82.353,16.9602],[82.3529,16.9604],[82.3527,16.9606],[82.3526,16.9606],[82.3525,16.9606],[82.3523,16.9607],[82.3523,16.9608],[82.3522,16.9608],[82.3522,16.9609],[82.3521,16.9609],[82.352,16.9609],[82.3519,16.9609],[82.3518,16.9609],[82.3514,16.961],[82.351,16.9614],[82.3506,16.9618],[82.3499,16.9622],[82.3492,16.9628],[82.3489,16.9631],[82.3488,16.9632],[82.3486,16.9634],[82.3485,16.9635],[82.3483,16.9637],[82.3482,16.9638],[82.3481,16.9637],[82.3479,16.9637],[82.3471,16.9641],[82.3468,16.9643],[82.3463,16.9645],[82.3455,16.9649],[82.345,16.9651],[82.3447,16.9653],[82.3442,16.9656],[82.3438,16.9657],[82.3435,16.9659],[82.3434,16.9659],[82.3432,16.9659],[82.343,16.966],[82.3427,16.9661],[82.3423,16.9663],[82.342,16.9665],[82.3417,16.9666],[82.3414,16.9666],[82.3413,16.9667],[82.3412,16.9669],[82.3411,16.967],[82.3411,16.9671],[82.341,16.9672],[82.341,16.9674],[82.3409,16.9675],[82.3408,16.9676],[82.3407,16.9676],[82.3405,16.9677],[82.3404,16.9677],[82.3403,16.9677],[82.3402,16.9677],[82.3402,16.9678],[82.3402,16.9679],[82.3402,16.968],[82.3402,16.9681],[82.3401,16.9683],[82.3395,16.969],[82.3391,16.9695],[82.3389,16.9698],[82.3388,16.97],[82.3388,16.9701],[82.3387,16.9704],[82.3384,16.9709],[82.3384,16.9711],[82.3383,16.9713],[82.3382,16.9713],[82.3382,16.9714],[82.338,16.9716],[82.3378,16.9719],[82.3377,16.9723],[82.3374,16.9726],[82.3371,16.973],[82.3368,16.9734],[82.3365,16.9737],[82.3365,16.9739],[82.3365,16.9741],[82.3364,16.9742],[82.3364,16.9745],[82.3363,16.9746],[82.3361,16.9749],[82.336,16.9751],[82.3359,16.9757],[82.3359,16.9759],[82.3358,16.9761],[82.3358,16.9762],[82.3357,16.9764],[82.3355,16.977],[82.3353,16.9773],[82.335,16.9779],[82.3348,16.9782],[82.3347,16.9785],[82.3346,16.9787],[82.3345,16.9788],[82.3342,16.979],[82.334,16.9793],[82.3339,16.9795],[82.3337,16.98],[82.3336,16.9802],[82.3334,16.9804],[82.3325,16.9814],[82.3322,16.9818],[82.3321,16.9818],[82.332,16.982],[82.3318,16.9821],[82.3316,16.9824],[82.3313,16.9826],[82.3311,16.9828],[82.331,16.9828],[82.3308,16.9828],[82.3305,16.9828],[82.3303,16.9829],[82.3299,16.9832],[82.3297,16.9834],[82.3295,16.9835],[82.3292,16.9836],[82.3291,16.9836],[82.329,16.9835],[82.3289,16.9835],[82.3288,16.9835],[82.3285,16.9836],[82.3284,16.9836],[82.3283,16.9835],[82.3281,16.9832],[82.328,16.9831],[82.328,16.9832],[82.3279,16.9833],[82.3276,16.9836],[82.3273,16.984],[82.3267,16.9846],[82.3264,16.985],[82.3261,16.9853],[82.3257,16.9855],[82.3252,16.9857],[82.3248,16.9858],[82.3248,16.986],[82.3248,16.9862],[82.3247,16.9866],[82.3248,16.987],[82.3247,16.9874],[82.3247,16.9877],[82.3247,16.9879],[82.3248,16.9881],[82.3249,16.9884],[82.325,16.9886],[82.3252,16.9889],[82.3254,16.9891],[82.3255,16.9894],[82.3257,16.9898],[82.326,16.9902],[82.3265,16.9905],[82.3269,16.9909],[82.3272,16.9911],[82.3276,16.9914],[82.328,16.9917],[82.3284,16.992],[82.3286,16.9922],[82.3291,16.9924],[82.3296,16.9926],[82.3301,16.9928],[82.3306,16.993],[82.3309,16.9931],[82.3314,16.9931],[82.332,16.9932],[82.3323,16.9933],[82.3325,16.9934],[82.3328,16.9934],[82.333,16.9934],[82.3331,16.9935],[82.3332,16.9935],[82.3335,16.9935],[82.3341,16.9934],[82.3346,16.9932],[82.335,16.9931],[82.3356,16.9928],[82.3358,16.9926],[82.336,16.9924],[82.3362,16.9924],[82.3366,16.9921],[82.3372,16.9917],[82.3376,16.9914],[82.338,16.9912],[82.3383,16.9909],[82.3386,16.9906],[82.3392,16.9901],[82.34,16.9896],[82.3412,16.9886],[82.3423,16.9877],[82.3428,16.9873],[82.3433,16.9868],[82.3439,16.9863],[82.3447,16.9853],[82.3456,16.9844],[82.3469,16.983],[82.3477,16.982],[82.3485,16.9812],[82.3496,16.98],[82.3514,16.9779],[82.3522,16.977],[82.353,16.9758],[82.3536,16.9748],[82.3539,16.9742],[82.3542,16.9735],[82.3547,16.9726],[82.3551,16.9719],[82.3559,16.9705],[82.3564,16.9692],[82.357,16.9681],[82.3577,16.9666],[82.3582,16.9654],[82.3586,16.9641],[82.3588,16.9637],[82.3592,16.9625],[82.3598,16.9607],[82.3601,16.9596],[82.3603,16.9586],[82.3604,16.9576],[82.3608,16.9551],[82.361,16.9535],[82.3611,16.9522],[82.3613,16.95],[82.3613,16.9493],[82.3614,16.9486],[82.3615,16.9474],[82.3615,16.9461],[82.3615,16.9452],[82.3616,16.9443],[82.3617,16.943],[82.3618,16.9414],[82.3619,16.9404],[82.362,16.9391],[82.362,16.9385],[82.362,16.9378],[82.3621,16.937],[82.3621,16.9363],[82.3622,16.9355],[82.3623,16.9344],[82.3624,16.9335],[82.3624,16.9329],[82.3625,16.9323],[82.3626,16.9312],[82.3627,16.9303],[82.3628,16.9294],[82.3628,16.9288],[82.3629,16.9282],[82.363,16.9272],[82.363,16.926],[82.363,16.9252],[82.363,16.9244],[82.363,16.923],[82.363,16.922],[82.3631,16.9203],[82.3632,16.9195],[82.3632,16.9184],[82.3632,16.9176],[82.3632,16.9169],[82.3632,16.9162],[82.3632,16.916],[82.3632,16.9157],[82.3633,16.9148],[82.3632,16.9144],[82.3633,16.9135],[82.3634,16.9128],[82.3634,16.9115],[82.3634,16.9102],[82.3634,16.9088],[82.3633,16.9082],[82.3632,16.9078],[82.3627,16.904],[82.3625,16.9023],[82.3623,16.9005],[82.3621,16.899],[82.3618,16.896],[82.3613,16.8918],[82.3608,16.8892],[82.3606,16.8876],[82.3603,16.8853],[82.36,16.8827],[82.3597,16.8808],[82.3595,16.8798],[82.3593,16.8784],[82.3589,16.8761],[82.3588,16.8754],[82.3587,16.8752],[82.3584,16.875],[82.3582,16.8747],[82.358,16.8736],[82.3568,16.8677],[82.356,16.863],[82.3552,16.8585],[82.355,16.8566],[82.3547,16.8546],[82.3543,16.8539],[82.3543,16.8538],[82.3542,16.8538],[82.3541,16.8539]]]]}},{"type":"Feature","properties":{"district":"Anakapalli","district_hi":"अनकापल्ली"},"geometry":{"type":"Polygon","coordinates":[[[82.5484,17.3799],[82.5507,17.3827],[82.5516,17.3837],[82.5516,17.3862],[82.5535,17.3887],[82.5557,17.3903],[82.5562,17.3912],[82.5567,17.3983],[82.5585,17.3997],[82.5597,17.4015],[82.56,17.4087],[82.5633,17.4107],[82.5688,17.4143],[82.5753,17.4191],[82.5767,17.4205],[82.58,17.424],[82.583,17.4252],[82.5841,17.4302],[82.5858,17.4313],[82.5876,17.4344],[82.5926,17.4387],[82.5984,17.4438],[82.5997,17.4483],[82.6022,17.4507],[82.6044,17.4552],[82.6049,17.4609],[82.6033,17.4601],[82.6023,17.4603],[82.6009,17.461],[82.596,17.4626],[82.5951,17.4635],[82.5927,17.4651],[82.5912,17.4654],[82.5908,17.4674],[82.5883,17.4681],[82.5857,17.4697],[82.585,17.4706],[82.5849,17.4731],[82.5846,17.475],[82.5819,17.4754],[82.5805,17.4768],[82.5796,17.4785],[82.579,17.4811],[82.5785,17.4824],[82.5773,17.4825],[82.5742,17.4834],[82.5746,17.4842],[82.5724,17.4848],[82.5704,17.486],[82.5693,17.4866],[82.569,17.4879],[82.5686,17.4902],[82.5682,17.4921],[82.5674,17.4928],[82.5662,17.4927],[82.5645,17.4927],[82.5627,17.4927],[82.5617,17.4911],[82.561,17.4913],[82.5611,17.4922],[82.5608,17.4933],[82.5594,17.4941],[82.5592,17.4988],[82.5593,17.5021],[82.5596,17.5069],[82.5589,17.5101],[82.5588,17.5178],[82.5587,17.5219],[82.5568,17.5236],[82.5545,17.5263],[82.5531,17.5275],[82.5521,17.5276],[82.551,17.5271],[82.5506,17.5259],[82.5496,17.522],[82.549,17.519],[82.5484,17.5169],[82.548,17.5157],[82.5458,17.5129],[82.5421,17.5095],[82.539,17.508],[82.5322,17.5066],[82.5297,17.5049],[82.5266,17.5037],[82.5232,17.5028],[82.5208,17.5025],[82.5184,17.5022],[82.5158,17.5023],[82.5094,17.5029],[82.507,17.5038],[82.5063,17.5056],[82.5047,17.5084],[82.5017,17.5089],[82.498,17.5074],[82.4969,17.5059],[82.4954,17.5027],[82.4941,17.5011],[82.4911,17.5007],[82.489,17.5005],[82.4866,17.5012],[82.4839,17.5016],[82.4813,17.5016],[82.4797,17.5019],[82.4796,17.5061],[82.479,17.5092],[82.4793,17.5128],[82.4784,17.5158],[82.4781,17.5184],[82.4777,17.52],[82.4756,17.5201],[82.4735,17.5209],[82.473,17.5225],[82.4741,17.5241],[82.4754,17.5254],[82.4765,17.5274],[82.4747,17.5292],[82.4726,17.531],[82.4707,17.5335],[82.4691,17.5346],[82.4669,17.5362],[82.4658,17.535],[82.4665,17.5342],[82.4683,17.5331],[82.468,17.5314],[82.4659,17.532],[82.4635,17.5321],[82.461,17.5318],[82.4605,17.5312],[82.4607,17.5294],[82.4623,17.5278],[82.4637,17.5259],[82.4652,17.5243],[82.4668,17.5224],[82.4674,17.5198],[82.4669,17.518],[82.466,17.5158],[82.4653,17.5125],[82.4624,17.5113],[82.4567,17.5112],[82.4498,17.5109],[82.4504,17.5086],[82.4502,17.504],[82.4519,17.5001],[82.4527,17.4977],[82.4533,17.496],[82.4545,17.4947],[82.4542,17.4929],[82.4537,17.4899],[82.4521,17.4888],[82.4504,17.481],[82.4492,17.4797],[82.4436,17.4782],[82.4393,17.4782],[82.4388,17.4762],[82.4387,17.4745],[82.4384,17.4722],[82.4367,17.4718],[82.4345,17.4721],[82.4316,17.4732],[82.4312,17.4721],[82.4309,17.4709],[82.4272,17.4714],[82.4181,17.4705],[82.4145,17.4687],[82.4118,17.4675],[82.4098,17.4671],[82.4056,17.4692],[82.3996,17.4727],[82.3884,17.4797],[82.3843,17.4791],[82.3807,17.4789],[82.3778,17.4789],[82.3745,17.4793],[82.3725,17.4803],[82.3694,17.4862],[82.3679,17.4891],[82.3678,17.4903],[82.3696,17.4927],[82.3724,17.4964],[82.3764,17.5023],[82.3784,17.5061],[82.3787,17.5081],[82.3765,17.5103],[82.3748,17.5107],[82.3706,17.5107],[82.3642,17.5109],[82.3619,17.5102],[82.3597,17.5084],[82.357,17.5066],[82.3545,17.505],[82.3524,17.5032],[82.3497,17.4993],[82.3443,17.4944],[82.3404,17.4982],[82.3383,17.501],[82.3367,17.5017],[82.3345,17.5024],[82.3315,17.5033],[82.3322,17.5076],[82.334,17.5121],[82.3333,17.5147],[82.3328,17.5174],[82.3341,17.5202],[82.3366,17.5225],[82.3374,17.5253],[82.3369,17.5283],[82.3358,17.5308],[82.3331,17.5336],[82.3303,17.5418],[82.3295,17.5514],[82.3288,17.558],[82.3329,17.5629],[82.3341,17.5661],[82.3342,17.5688],[82.3387,17.5703],[82.3411,17.5748],[82.3436,17.5779],[82.3431,17.5838],[82.3424,17.5879],[82.3416,17.5881],[82.3427,17.5896],[82.3451,17.5907],[82.3503,17.5922],[82.3536,17.5932],[82.3585,17.5934],[82.3608,17.5944],[82.366,17.5971],[82.3698,17.5995],[82.3736,17.6009],[82.3775,17.6013],[82.3809,17.6003],[82.3838,17.5969],[82.3786,17.5956],[82.3763,17.5914],[82.373,17.5878],[82.3689,17.5854],[82.3653,17.5842],[82.3617,17.5831],[82.3569,17.5833],[82.354,17.5832],[82.3546,17.5808],[82.3565,17.5778],[82.357,17.5756],[82.3594,17.5761],[82.3625,17.578],[82.3641,17.5772],[82.366,17.5768],[82.3677,17.5769],[82.3704,17.5782],[82.3787,17.582],[82.3836,17.5839],[82.391,17.5871],[82.3965,17.5888],[82.4027,17.5914],[82.406,17.5925],[82.4107,17.594],[82.4159,17.5952],[82.4179,17.5953],[82.42,17.596],[82.4217,17.5964],[82.4236,17.5971],[82.4237,17.5985],[82.4232,17.5999],[82.4262,17.6011],[82.4281,17.6021],[82.4312,17.603],[82.4357,17.6043],[82.4405,17.6054],[82.4432,17.6063],[82.4455,17.607],[82.4489,17.6074],[82.4503,17.6078],[82.4517,17.6082],[82.4529,17.6083],[82.4554,17.6085],[82.4598,17.6094],[82.4604,17.6104],[82.4601,17.6123],[82.4597,17.6138],[82.4608,17.6146],[82.4619,17.6152],[82.4632,17.6161],[82.4645,17.6177],[82.4649,17.6196],[82.4637,17.6219],[82.4636,17.6244],[82.4648,17.6283],[82.4627,17.6355],[82.4572,17.637],[82.4417,17.6404],[82.4351,17.6398],[82.4309,17.6465],[82.433,17.6504],[82.4308,17.6548],[82.4242,17.6537],[82.4198,17.6497],[82.4138,17.6463],[82.4074,17.6437],[82.4052,17.6443],[82.4028,17.6491],[82.398,17.6496],[82.3949,17.6506],[82.3945,17.653],[82.3976,17.656],[82.4033,17.6597],[82.4088,17.662],[82.4093,17.6645],[82.4069,17.6687],[82.405,17.6717],[82.3973,17.673],[82.394,17.67],[82.3956,17.6645],[82.3875,17.6646],[82.3849,17.6653],[82.3803,17.6669],[82.3786,17.6635],[82.3796,17.6583],[82.3837,17.6576],[82.3878,17.6566],[82.3889,17.6548],[82.3827,17.6515],[82.3815,17.6497],[82.3781,17.6458],[82.3741,17.6417],[82.3726,17.6404],[82.3702,17.6398],[82.3642,17.6403],[82.3564,17.6406],[82.3499,17.6432],[82.3456,17.646],[82.3436,17.6484],[82.3458,17.6545],[82.3527,17.6609],[82.3516,17.6646],[82.3485,17.6794],[82.3521,17.6786],[82.3555,17.6765],[82.3606,17.6771],[82.3612,17.6832],[82.364,17.6836],[82.3666,17.6838],[82.3679,17.6848],[82.3695,17.6872],[82.3732,17.6884],[82.3773,17.6876],[82.3799,17.6857],[82.3815,17.6833],[82.3824,17.6808],[82.3843,17.6803],[82.386,17.6809],[82.3884,17.6821],[82.3903,17.684],[82.3923,17.6861],[82.3952,17.6861],[82.3986,17.6852],[82.4012,17.6868],[82.4101,17.6921],[82.4165,17.6973],[82.423,17.7014],[82.4268,17.7053],[82.429,17.7098],[82.4294,17.7131],[82.4265,17.7152],[82.4253,17.7175],[82.4301,17.7203],[82.4323,17.7235],[82.4351,17.7257],[82.4374,17.7273],[82.442,17.7276],[82.4476,17.7265],[82.4508,17.7258],[82.4538,17.7269],[82.4557,17.7294],[82.4548,17.7324],[82.4539,17.7342],[82.4541,17.7371],[82.4557,17.7391],[82.4597,17.7401],[82.4646,17.7407],[82.4696,17.7377],[82.4775,17.734],[82.4917,17.7282],[82.4949,17.7265],[82.4974,17.7249],[82.4992,17.7216],[82.4997,17.718],[82.5011,17.7172],[82.5041,17.7185],[82.5053,17.7204],[82.5073,17.7224],[82.5107,17.7246],[82.5111,17.7221],[82.5084,17.7166],[82.5054,17.7149],[82.5031,17.713],[82.4989,17.7108],[82.4954,17.7074],[82.4972,17.7031],[82.5011,17.7002],[82.5075,17.6997],[82.5143,17.6996],[82.521,17.7013],[82.5228,17.7046],[82.5267,17.7056],[82.5301,17.7085],[82.5334,17.7112],[82.5376,17.7141],[82.5453,17.7197],[82.5468,17.722],[82.5481,17.727],[82.5479,17.7293],[82.5496,17.732],[82.5517,17.7368],[82.5546,17.7444],[82.5543,17.7476],[82.5566,17.7485],[82.5599,17.7482],[82.5633,17.749],[82.5621,17.7547],[82.5615,17.7581],[82.5617,17.7615],[82.562,17.7657],[82.5627,17.7704],[82.5654,17.7735],[82.5704,17.7744],[82.5757,17.7743],[82.5809,17.7744],[82.5855,17.7745],[82.5893,17.7742],[82.589,17.7716],[82.5888,17.7677],[82.5917,17.7681],[82.5959,17.7707],[82.6034,17.7752],[82.6055,17.7809],[82.6072,17.7843],[82.6083,17.7869],[82.6103,17.789],[82.6126,17.7911],[82.6158,17.7928],[82.6175,17.793],[82.6186,17.7901],[82.6186,17.7867],[82.6184,17.7825],[82.621,17.7805],[82.6224,17.7799],[82.6247,17.7815],[82.6268,17.7843],[82.628,17.788],[82.6301,17.7916],[82.6342,17.7948],[82.6376,17.7956],[82.643,17.7944],[82.6413,17.7992],[82.6373,17.8048],[82.6368,17.8088],[82.6349,17.8133],[82.6309,17.8225],[82.6246,17.8335],[82.6198,17.8406],[82.6211,17.8422],[82.6222,17.8431],[82.6241,17.8433],[82.6243,17.8416],[82.625,17.8392],[82.626,17.8378],[82.6286,17.8364],[82.6334,17.835],[82.6366,17.8357],[82.6402,17.8371],[82.6477,17.8412],[82.6525,17.845],[82.6638,17.8496],[82.668,17.8516],[82.6704,17.8528],[82.6734,17.8541],[82.6766,17.8567],[82.6814,17.8577],[82.6833,17.8573],[82.6847,17.8558],[82.6856,17.8532],[82.6868,17.8519],[82.6904,17.8508],[82.6922,17.8514],[82.6951,17.8533],[82.6968,17.8565],[82.6977,17.8599],[82.6985,17.8605],[82.7,17.8622],[82.698,17.8637],[82.698,17.8651],[82.6986,17.8661],[82.7028,17.8663],[82.7104,17.8659],[82.7131,17.8665],[82.715,17.8687],[82.7172,17.8707],[82.7174,17.8727],[82.7118,17.8751],[82.7083,17.8757],[82.7051,17.8791],[82.7021,17.8804],[82.6969,17.8838],[82.6919,17.888],[82.6913,17.8883],[82.6888,17.8911],[82.6868,17.892],[82.6816,17.8921],[82.68,17.8918],[82.6781,17.8921],[82.6781,17.8943],[82.6762,17.8954],[82.6735,17.8965],[82.671,17.8973],[82.6686,17.8975],[82.6666,17.8981],[82.6665,17.8992],[82.6674,17.9005],[82.6683,17.9023],[82.6694,17.9039],[82.6716,17.9044],[82.6733,17.9028],[82.6735,17.9006],[82.6744,17.8997],[82.6765,17.8985],[82.6784,17.8994],[82.681,17.9003],[82.6862,17.8984],[82.689,17.8975],[82.6924,17.8965],[82.6943,17.895],[82.6957,17.8937],[82.6983,17.8937],[82.7036,17.8938],[82.7044,17.8963],[82.705,17.8991],[82.7057,17.9011],[82.7068,17.9028],[82.7083,17.9044],[82.7094,17.9061],[82.7091,17.9075],[82.7075,17.9084],[82.7071,17.9094],[82.7102,17.9121],[82.711,17.9138],[82.7111,17.9157],[82.7102,17.9176],[82.7076,17.9197],[82.7062,17.9212],[82.7067,17.923],[82.7103,17.9257],[82.7118,17.9266],[82.7143,17.9283],[82.7202,17.9297],[82.7234,17.9309],[82.7256,17.932],[82.7261,17.934],[82.7253,17.9358],[82.7249,17.9379],[82.7261,17.9406],[82.7238,17.942],[82.7187,17.9465],[82.7167,17.9472],[82.7154,17.9476],[82.7127,17.9477],[82.7103,17.9479],[82.7104,17.9494],[82.7115,17.9504],[82.7133,17.9515],[82.7146,17.9527],[82.7145,17.9546],[82.7137,17.9562],[82.7155,17.9555],[82.7301,17.9502],[82.7358,17.9484],[82.7449,17.9486],[82.7502,17.9471],[82.7536,17.9481],[82.7538,17.952],[82.7544,17.9553],[82.7552,17.9597],[82.7579,17.9567],[82.7605,17.9545],[82.7625,17.9492],[82.7648,17.9458],[82.7673,17.942],[82.7703,17.9381],[82.773,17.9359],[82.7747,17.9339],[82.7755,17.9324],[82.7779,17.9291],[82.7808,17.9293],[82.7798,17.9319],[82.7783,17.9346],[82.7761,17.9392],[82.7804,17.9373],[82.7837,17.9341],[82.7864,17.9316],[82.7901,17.93],[82.7969,17.9235],[82.8018,17.9237],[82.8064,17.9247],[82.8077,17.9256],[82.8089,17.9285],[82.8096,17.9326],[82.8106,17.9361],[82.8131,17.9372],[82.8157,17.9342],[82.8174,17.9327],[82.8204,17.9318],[82.8234,17.9316],[82.8319,17.9369],[82.8333,17.9396],[82.8338,17.9406],[82.8351,17.9462],[82.8378,17.9508],[82.8416,17.9534],[82.8456,17.954],[82.8482,17.9544],[82.8498,17.9563],[82.8523,17.9587],[82.8551,17.9606],[82.8556,17.9638],[82.8556,17.9669],[82.8534,17.9693],[82.8495,17.9706],[82.8481,17.971],[82.8444,17.9734],[82.8446,17.98],[82.8481,17.9808],[82.8498,17.9818],[82.8498,17.9849],[82.8465,17.9863],[82.8452,17.9884],[82.8436,17.9893],[82.8397,17.9898],[82.837,17.9904],[82.8344,17.9912],[82.8317,17.9929],[82.8292,17.9941],[82.8262,17.9923],[82.8243,17.9906],[82.82,17.992],[82.8173,17.9928],[82.8169,17.996],[82.8192,17.9975],[82.8208,18.0004],[82.8246,18.0012],[82.8284,18.0019],[82.8317,18.0031],[82.8343,18.0044],[82.839,18.0055],[82.8422,18.0067],[82.8451,18.0042],[82.8476,18.0044],[82.8488,18.0071],[82.8498,18.004],[82.8506,18.0021],[82.8533,18.0016],[82.8549,18.0023],[82.8578,18.0043],[82.8603,18.0016],[82.8625,18.0036],[82.8636,18.0056],[82.8655,18.0073],[82.8688,18.01],[82.8706,18.0111],[82.8727,18.0123],[82.8754,18.0131],[82.8779,18.0138],[82.8792,18.016],[82.8797,18.0197],[82.8812,18.0241],[82.8827,18.0257],[82.8849,18.0272],[82.8879,18.0289],[82.8878,18.0272],[82.8919,18.0248],[82.888,18.0209],[82.8869,18.0182],[82.8875,18.0159],[82.888,18.0132],[82.8885,18.0107],[82.8984,18.0124],[82.9048,18.0127],[82.9109,18.0135],[82.9164,18.0147],[82.916,18.0118],[82.921,18.0151],[82.9246,18.0154],[82.9271,18.015],[82.9287,18.0114],[82.9328,18.0116],[82.937,18.0118],[82.9397,18.0102],[82.9397,18.0067],[82.9379,18.0032],[82.9381,17.9942],[82.9411,17.9919],[82.9447,17.9898],[82.9481,17.9907],[82.9502,17.9929],[82.9524,17.9965],[82.9548,17.9998],[82.9584,18.0072],[82.9611,18.0098],[82.9633,18.009],[82.9652,18.0084],[82.9687,18.0106],[82.9705,18.013],[82.973,18.0146],[82.9757,18.0154],[82.9794,18.0157],[82.9816,18.0173],[82.979,18.0194],[82.9787,18.0226],[82.9788,18.0254],[82.979,18.0283],[82.9825,18.0312],[82.9846,18.0333],[82.987,18.0371],[82.9937,18.0489],[82.9965,18.0524],[82.9997,18.0545],[83.0021,18.0541],[83.0044,18.055],[83.0062,18.057],[83.0062,18.0605],[83.0049,18.0654],[83.0039,18.0705],[83.0032,18.0723],[83.0061,18.0777],[83.0165,18.0882],[83.0263,18.0933],[83.0299,18.0955],[83.034,18.091],[83.034,18.088],[83.0318,18.0861],[83.0281,18.0894],[83.0262,18.0883],[83.0274,18.0853],[83.0277,18.0821],[83.03,18.0801],[83.0364,18.0807],[83.0412,18.0808],[83.0433,18.0799],[83.046,18.0781],[83.0468,18.0763],[83.0481,18.0716],[83.0486,18.0693],[83.0494,18.068],[83.0509,18.0666],[83.0512,18.0646],[83.05,18.0635],[83.0455,18.0624],[83.0377,18.0615],[83.0299,18.0608],[83.0269,18.0591],[83.0239,18.0566],[83.0203,18.0541],[83.0192,18.0517],[83.0168,18.0488],[83.016,18.046],[83.0158,18.0437],[83.0127,18.0404],[83.0108,18.0382],[83.0093,18.0359],[83.009,18.0339],[83.0111,18.0351],[83.0133,18.0365],[83.0145,18.0359],[83.0161,18.0343],[83.0162,18.0326],[83.0153,18.0309],[83.0134,18.0297],[83.0111,18.0284],[83.009,18.0261],[83.0084,18.0232],[83.0098,18.0216],[83.0109,18.0205],[83.0106,18.0175],[83.0092,18.0142],[83.0085,18.0119],[83.0087,18.0092],[83.0098,18.0075],[83.0117,18.0056],[83.0122,18.0029],[83.0122,18.0007],[83.0121,17.9973],[83.0115,17.9958],[83.0095,17.9938],[83.0089,17.9921],[83.0078,17.9901],[83.0069,17.9884],[83.0082,17.9847],[83.0088,17.9832],[83.0087,17.9813],[83.0084,17.9791],[83.0082,17.9767],[83.0122,17.976],[83.0148,17.9751],[83.0206,17.9713],[83.0245,17.9705],[83.0262,17.9725],[83.0305,17.974],[83.036,17.973],[83.0382,17.9699],[83.0397,17.9687],[83.0451,17.9666],[83.0475,17.9649],[83.049,17.9654],[83.052,17.9648],[83.056,17.9622],[83.0582,17.9595],[83.0595,17.957],[83.0604,17.9545],[83.0619,17.9533],[83.0629,17.9531],[83.0657,17.9527],[83.0677,17.9519],[83.0681,17.9473],[83.0684,17.9452],[83.0721,17.9455],[83.0755,17.9461],[83.0789,17.9458],[83.0808,17.9449],[83.0838,17.943],[83.0847,17.9414],[83.0872,17.9399],[83.0909,17.9404],[83.0954,17.9406],[83.0996,17.9409],[83.103,17.941],[83.1107,17.9391],[83.1111,17.9382],[83.1101,17.9371],[83.1087,17.9345],[83.1087,17.9326],[83.1094,17.9298],[83.1094,17.9267],[83.1092,17.9241],[83.1094,17.9224],[83.113,17.9208],[83.1162,17.9192],[83.1185,17.9184],[83.1204,17.9176],[83.1198,17.9117],[83.1221,17.9108],[83.1236,17.9102],[83.1248,17.9079],[83.1245,17.9064],[83.1236,17.9043],[83.1244,17.9034],[83.1266,17.9022],[83.1255,17.8984],[83.125,17.8941],[83.125,17.8909],[83.125,17.8873],[83.1262,17.8827],[83.1266,17.8806],[83.1271,17.8788],[83.1282,17.8768],[83.1296,17.8742],[83.1328,17.8753],[83.1356,17.8759],[83.139,17.8757],[83.1414,17.8741],[83.1439,17.8727],[83.1462,17.8708],[83.1464,17.8678],[83.1473,17.864],[83.149,17.8587],[83.1484,17.8553],[83.1479,17.853],[83.1475,17.851],[83.1462,17.8469],[83.146,17.8458],[83.1468,17.8455],[83.1509,17.8455],[83.1543,17.8449],[83.1569,17.8436],[83.1587,17.8424],[83.1606,17.8412],[83.1612,17.8415],[83.1624,17.8338],[83.1626,17.8224],[83.1614,17.8034],[83.162,17.7933],[83.161,17.7873],[83.1624,17.7832],[83.1627,17.7794],[83.1581,17.7768],[83.1574,17.7714],[83.1615,17.7659],[83.1622,17.7596],[83.1605,17.7523],[83.1586,17.7418],[83.1535,17.7358],[83.154,17.734],[83.1528,17.7304],[83.1514,17.7253],[83.1501,17.7217],[83.1465,17.7185],[83.1439,17.7177],[83.1405,17.7176],[83.1365,17.7175],[83.1355,17.7151],[83.1338,17.7141],[83.1313,17.7143],[83.1278,17.7148],[83.1245,17.7153],[83.1211,17.7148],[83.1214,17.7118],[83.1218,17.7049],[83.1218,17.7005],[83.1206,17.6983],[83.1171,17.6985],[83.1139,17.6967],[83.1117,17.6928],[83.1128,17.6897],[83.115,17.6856],[83.1178,17.6833],[83.1206,17.6823],[83.1238,17.6825],[83.1276,17.6846],[83.1303,17.6858],[83.1345,17.6864],[83.1379,17.6865],[83.139,17.6837],[83.1407,17.6822],[83.1415,17.6794],[83.1422,17.6759],[83.1429,17.6746],[83.1467,17.674],[83.1529,17.6745],[83.153,17.669],[83.1511,17.6663],[83.1472,17.6605],[83.1449,17.657],[83.1452,17.6534],[83.1469,17.647],[83.1479,17.6418],[83.1455,17.6383],[83.1424,17.6343],[83.1368,17.6249],[83.1329,17.6187],[83.1298,17.6152],[83.1284,17.6128],[83.1283,17.6106],[83.1275,17.6075],[83.1294,17.606],[83.1283,17.6042],[83.1266,17.6028],[83.1248,17.6007],[83.1238,17.5959],[83.1209,17.5818],[83.1173,17.5655],[83.1151,17.5557],[83.1136,17.5465],[83.1126,17.5461],[83.1115,17.5457],[83.1109,17.5454],[83.1102,17.5451],[83.1096,17.5449],[83.109,17.5446],[83.1082,17.5444],[83.1076,17.5443],[83.1066,17.5439],[83.1057,17.5436],[83.1046,17.5433],[83.1029,17.5427],[83.1006,17.5417],[83.0992,17.5411],[83.0966,17.5399],[83.0952,17.5394],[83.0946,17.5391],[83.0943,17.5391],[83.0941,17.539],[83.0939,17.539],[83.0935,17.539],[83.0928,17.5384],[83.0928,17.5382],[83.0927,17.538],[83.0923,17.5377],[83.0919,17.5373],[83.0913,17.5368],[83.0909,17.5365],[83.0902,17.5356],[83.0899,17.5352],[83.0897,17.535],[83.0897,17.5349],[83.0896,17.5344],[83.0896,17.5342],[83.0895,17.5341],[83.0895,17.534],[83.0895,17.5339],[83.0896,17.5338],[83.0895,17.5337],[83.0894,17.5337],[83.0893,17.5337],[83.0889,17.5335],[83.0884,17.5333],[83.0876,17.5329],[83.0866,17.5326],[83.0854,17.5323],[83.0836,17.5319],[83.0819,17.5314],[83.0808,17.5312],[83.0798,17.5309],[83.0789,17.5306],[83.0782,17.5304],[83.0771,17.5301],[83.0762,17.5299],[83.0748,17.5294],[83.0724,17.5285],[83.0707,17.5279],[83.0696,17.5274],[83.0691,17.5272],[83.0687,17.527],[83.068,17.5268],[83.0673,17.5265],[83.0665,17.526],[83.0663,17.5258],[83.0663,17.5257],[83.0663,17.5254],[83.0663,17.5253],[83.0662,17.5252],[83.0661,17.5252],[83.066,17.5252],[83.066,17.5251],[83.0659,17.525],[83.0659,17.5249],[83.0658,17.5249],[83.0657,17.5249],[83.0656,17.525],[83.0656,17.5251],[83.0656,17.5252],[83.0656,17.5253],[83.0655,17.5253],[83.0654,17.5254],[83.065,17.5253],[83.0646,17.5253],[83.0633,17.5248],[83.061,17.5238],[83.0599,17.5234],[83.0589,17.5231],[83.0579,17.5227],[83.0572,17.5224],[83.0566,17.5223],[83.0556,17.5219],[83.0549,17.5216],[83.0544,17.5214],[83.0533,17.521],[83.0523,17.5206],[83.0516,17.5204],[83.0509,17.5201],[83.0504,17.5199],[83.0497,17.5196],[83.0484,17.5191],[83.0476,17.5188],[83.0465,17.5183],[83.0453,17.5179],[83.0444,17.5176],[83.0435,17.5172],[83.0424,17.5168],[83.0415,17.5164],[83.0407,17.5161],[83.0399,17.5158],[83.0386,17.5153],[83.0379,17.5151],[83.0374,17.5149],[83.0371,17.5147],[83.0368,17.5146],[83.0361,17.5143],[83.0345,17.5136],[83.0334,17.5131],[83.0323,17.5127],[83.0314,17.5123],[83.031,17.5122],[83.0304,17.5119],[83.0296,17.5115],[83.0286,17.511],[83.0271,17.5103],[83.0258,17.5097],[83.0242,17.5089],[83.0236,17.5086],[83.0231,17.5083],[83.0227,17.5081],[83.0222,17.5079],[83.0215,17.5076],[83.0203,17.507],[83.0194,17.5065],[83.0189,17.5063],[83.0184,17.5059],[83.0176,17.5055],[83.0169,17.505],[83.0162,17.5045],[83.0148,17.5037],[83.014,17.5031],[83.0131,17.5025],[83.0127,17.5022],[83.0119,17.5016],[83.0106,17.5007],[83.0101,17.5003],[83.0094,17.4996],[83.0087,17.499],[83.0084,17.4987],[83.0082,17.4985],[83.0079,17.4982],[83.0076,17.4978],[83.0071,17.4974],[83.0066,17.4967],[83.0059,17.4959],[83.0055,17.4955],[83.0051,17.4948],[83.0047,17.4941],[83.0044,17.4935],[83.0039,17.4921],[83.0038,17.4915],[83.0037,17.491],[83.0036,17.4906],[83.0036,17.4902],[83.0036,17.4899],[83.0038,17.4896],[83.0039,17.4893],[83.004,17.4891],[83.004,17.489],[83.0042,17.4888],[83.0044,17.4887],[83.0044,17.4886],[83.0045,17.4884],[83.0045,17.4882],[83.0045,17.4881],[83.0042,17.4879],[83.0039,17.4876],[83.0036,17.4872],[83.0034,17.4868],[83.0032,17.4864],[83.0025,17.4858],[83.0019,17.4852],[83.0017,17.4851],[83.0015,17.4848],[83.0014,17.4846],[83.0012,17.4844],[83.001,17.4843],[83.0008,17.4841],[83.0006,17.484],[83.0004,17.4838],[83.0002,17.4836],[82.9998,17.4834],[82.9991,17.4828],[82.9986,17.4826],[82.9982,17.4824],[82.9977,17.4821],[82.9972,17.4818],[82.9969,17.4815],[82.9968,17.4814],[82.9967,17.4813],[82.9966,17.481],[82.9965,17.4808],[82.9962,17.4806],[82.996,17.4804],[82.9955,17.48],[82.9952,17.4799],[82.995,17.4797],[82.9947,17.4796],[82.9945,17.4794],[82.9941,17.4791],[82.9939,17.4788],[82.9938,17.4786],[82.9937,17.4784],[82.9936,17.4783],[82.9936,17.4781],[82.9935,17.4779],[82.9935,17.4776],[82.9935,17.4773],[82.9936,17.4769],[82.9936,17.4768],[82.9937,17.4766],[82.9938,17.4764],[82.9939,17.4761],[82.9942,17.476],[82.9943,17.4762],[82.9944,17.4763],[82.9945,17.4764],[82.9946,17.4765],[82.9947,17.4765],[82.9949,17.4765],[82.995,17.4764],[82.995,17.4762],[82.995,17.4759],[82.995,17.4758],[82.9949,17.4756],[82.9949,17.4755],[82.9948,17.4754],[82.9947,17.4752],[82.9946,17.4751],[82.9946,17.475],[82.9945,17.475],[82.9944,17.475],[82.9943,17.475],[82.9941,17.475],[82.9939,17.4749],[82.9938,17.4748],[82.9936,17.4747],[82.9935,17.4744],[82.9934,17.4744],[82.9933,17.4743],[82.9932,17.4742],[82.9931,17.4742],[82.993,17.4741],[82.9927,17.4739],[82.9925,17.4738],[82.9923,17.4737],[82.9921,17.4736],[82.992,17.4734],[82.9919,17.4732],[82.9918,17.473],[82.9918,17.4729],[82.9918,17.4728],[82.9918,17.4727],[82.9917,17.4727],[82.9916,17.4727],[82.9916,17.4726],[82.9916,17.4725],[82.9916,17.4724],[82.9915,17.4724],[82.9915,17.4723],[82.9914,17.4723],[82.9913,17.4723],[82.9912,17.4725],[82.9912,17.4726],[82.9909,17.4727],[82.9908,17.4726],[82.9906,17.4726],[82.9904,17.4725],[82.9902,17.4724],[82.9899,17.4723],[82.9895,17.4721],[82.9891,17.4718],[82.9889,17.4718],[82.9888,17.4717],[82.9882,17.4714],[82.9877,17.4712],[82.9873,17.471],[82.9862,17.4706],[82.9853,17.4703],[82.9834,17.4695],[82.9824,17.4691],[82.9816,17.4688],[82.9804,17.4683],[82.9794,17.468],[82.9782,17.4676],[82.9772,17.4672],[82.9759,17.4668],[82.9749,17.4664],[82.9732,17.4658],[82.9726,17.4655],[82.9719,17.4652],[82.9712,17.465],[82.9706,17.4648],[82.9696,17.4643],[82.9668,17.4632],[82.9652,17.4626],[82.9636,17.462],[82.9628,17.4617],[82.9619,17.4614],[82.9609,17.461],[82.9598,17.4606],[82.9574,17.4597],[82.957,17.4595],[82.9564,17.4592],[82.9558,17.459],[82.955,17.4586],[82.9538,17.458],[82.952,17.4572],[82.9509,17.4566],[82.9502,17.4562],[82.95,17.456],[82.9498,17.4559],[82.9497,17.4558],[82.9497,17.4556],[82.9497,17.4554],[82.9497,17.4552],[82.9496,17.4551],[82.9495,17.455],[82.9492,17.4549],[82.9489,17.4547],[82.9487,17.4545],[82.9484,17.4541],[82.9483,17.4539],[82.9482,17.4537],[82.9481,17.4536],[82.9479,17.4535],[82.9478,17.4534],[82.9477,17.4533],[82.9476,17.4532],[82.9474,17.453],[82.9473,17.4529],[82.9473,17.4528],[82.9472,17.4528],[82.9471,17.4528],[82.9471,17.4527],[82.947,17.4526],[82.9469,17.4526],[82.9466,17.4525],[82.9464,17.4524],[82.9464,17.4523],[82.9463,17.4522],[82.9462,17.4521],[82.946,17.452],[82.9459,17.452],[82.9457,17.452],[82.9455,17.4519],[82.9454,17.4519],[82.9453,17.4518],[82.9452,17.4518],[82.9451,17.4517],[82.945,17.4517],[82.9447,17.4517],[82.9443,17.4516],[82.9436,17.4515],[82.943,17.4512],[82.9423,17.4509],[82.9419,17.4507],[82.9415,17.4506],[82.9412,17.4505],[82.9409,17.4503],[82.9391,17.4496],[82.9385,17.4493],[82.938,17.4491],[82.9364,17.4484],[82.9359,17.4481],[82.9351,17.4478],[82.9341,17.4474],[82.9334,17.447],[82.9322,17.4464],[82.9316,17.4461],[82.9313,17.4458],[82.931,17.4455],[82.9308,17.4452],[82.9302,17.4449],[82.9296,17.4445],[82.9289,17.4443],[82.9279,17.4439],[82.9268,17.4434],[82.9261,17.4432],[82.9253,17.4429],[82.9236,17.4421],[82.9221,17.4415],[82.92,17.4406],[82.9158,17.4389],[82.9131,17.4379],[82.9115,17.4372],[82.9096,17.4364],[82.9081,17.4358],[82.9058,17.4348],[82.9035,17.4339],[82.9024,17.4334],[82.9015,17.433],[82.9007,17.4327],[82.8994,17.4321],[82.8986,17.4318],[82.8979,17.4315],[82.8968,17.431],[82.8945,17.4299],[82.8931,17.4293],[82.8918,17.4288],[82.8892,17.4275],[82.8874,17.4267],[82.8861,17.426],[82.885,17.4254],[82.8842,17.425],[82.8842,17.4244],[82.8842,17.4239],[82.8844,17.4235],[82.8844,17.4232],[82.8844,17.4228],[82.8842,17.4231],[82.8841,17.4234],[82.8839,17.4238],[82.8828,17.4238],[82.8826,17.4238],[82.8811,17.4234],[82.8806,17.4232],[82.8802,17.423],[82.8799,17.4228],[82.8796,17.4227],[82.8794,17.4225],[82.8793,17.4223],[82.879,17.4219],[82.8788,17.4217],[82.8785,17.4214],[82.8782,17.4212],[82.8779,17.4207],[82.8776,17.4206],[82.8773,17.4205],[82.8771,17.4204],[82.8769,17.4204],[82.8766,17.4204],[82.8763,17.4204],[82.8761,17.4203],[82.876,17.4203],[82.8748,17.4198],[82.874,17.4195],[82.8736,17.4193],[82.8733,17.4191],[82.8729,17.419],[82.8723,17.4189],[82.8718,17.4189],[82.8715,17.4188],[82.871,17.4188],[82.8707,17.4187],[82.8705,17.4186],[82.8705,17.4184],[82.8704,17.4182],[82.8703,17.4179],[82.8704,17.4178],[82.8705,17.4176],[82.8706,17.4175],[82.8707,17.4174],[82.8707,17.4173],[82.8707,17.4172],[82.8706,17.4172],[82.8705,17.4171],[82.8702,17.4169],[82.8699,17.4166],[82.8698,17.4163],[82.8697,17.4163],[82.8696,17.4162],[82.8696,17.4161],[82.8695,17.4161],[82.8695,17.416],[82.8694,17.4159],[82.8693,17.4159],[82.8692,17.416],[82.8691,17.4161],[82.869,17.4161],[82.8689,17.4161],[82.8687,17.416],[82.8685,17.416],[82.8675,17.4157],[82.8666,17.4155],[82.8661,17.4152],[82.866,17.4152],[82.8659,17.4152],[82.8658,17.4151],[82.8657,17.4151],[82.8656,17.4151],[82.8655,17.4151],[82.8654,17.415],[82.8653,17.415],[82.8652,17.4149],[82.8651,17.4148],[82.865,17.4148],[82.8649,17.4148],[82.8647,17.4147],[82.8646,17.4147],[82.8643,17.4146],[82.8638,17.4144],[82.8623,17.4139],[82.8603,17.4132],[82.8591,17.4127],[82.8578,17.4121],[82.8559,17.4114],[82.8543,17.4108],[82.8514,17.4097],[82.849,17.4088],[82.8479,17.4084],[82.847,17.4081],[82.8462,17.4078],[82.8454,17.4075],[82.8445,17.4071],[82.8417,17.4061],[82.8402,17.4055],[82.8389,17.405],[82.8369,17.4042],[82.8363,17.4039],[82.8353,17.4035],[82.8344,17.4032],[82.8318,17.4023],[82.8304,17.4017],[82.8298,17.4015],[82.8288,17.4011],[82.8275,17.4005],[82.8269,17.4003],[82.8265,17.4001],[82.8261,17.3999],[82.8256,17.3997],[82.825,17.3994],[82.8238,17.3989],[82.823,17.3986],[82.8226,17.3984],[82.822,17.3981],[82.821,17.3976],[82.8199,17.3971],[82.8189,17.3965],[82.8185,17.3962],[82.8182,17.3958],[82.8182,17.3956],[82.8182,17.3954],[82.8183,17.3953],[82.8184,17.3952],[82.8186,17.3951],[82.8186,17.3949],[82.8186,17.3948],[82.8185,17.3947],[82.8183,17.3946],[82.818,17.3946],[82.8174,17.3945],[82.8171,17.3944],[82.8163,17.394],[82.8153,17.3936],[82.8145,17.3932],[82.8134,17.3928],[82.8127,17.3925],[82.8113,17.3919],[82.8097,17.3913],[82.8078,17.3905],[82.8061,17.3898],[82.8049,17.3893],[82.8043,17.389],[82.8037,17.3888],[82.8026,17.3883],[82.8016,17.3879],[82.8008,17.3875],[82.7997,17.3871],[82.7987,17.3866],[82.7975,17.3861],[82.7966,17.3858],[82.7959,17.3855],[82.7953,17.3853],[82.794,17.3847],[82.793,17.3843],[82.7917,17.3837],[82.7903,17.3832],[82.789,17.3827],[82.7875,17.382],[82.7869,17.3818],[82.786,17.3814],[82.7853,17.3812],[82.7843,17.3807],[82.7833,17.3804],[82.782,17.3798],[82.7809,17.3794],[82.7804,17.3791],[82.7797,17.3788],[82.7791,17.3786],[82.7784,17.3783],[82.7774,17.3778],[82.7769,17.3776],[82.7755,17.377],[82.7749,17.3768],[82.7739,17.3763],[82.7731,17.376],[82.7719,17.3755],[82.7714,17.3753],[82.7702,17.3747],[82.7687,17.374],[82.7679,17.3737],[82.7669,17.3732],[82.7662,17.3729],[82.7657,17.3727],[82.7644,17.3721],[82.7639,17.3719],[82.7629,17.3715],[82.7623,17.3711],[82.7615,17.3709],[82.7602,17.3702],[82.7589,17.3697],[82.7579,17.3692],[82.7568,17.3687],[82.7564,17.3684],[82.7556,17.368],[82.754,17.3673],[82.7533,17.3669],[82.7526,17.3666],[82.7518,17.3663],[82.7512,17.3659],[82.7506,17.3656],[82.7501,17.3654],[82.7496,17.3652],[82.7492,17.365],[82.7487,17.3647],[82.7479,17.3644],[82.7469,17.3639],[82.746,17.3635],[82.7451,17.3631],[82.7445,17.3628],[82.7433,17.3622],[82.7423,17.3617],[82.7414,17.3614],[82.7408,17.3611],[82.7404,17.361],[82.7399,17.3607],[82.7395,17.3605],[82.7387,17.3601],[82.738,17.3598],[82.7374,17.3595],[82.7368,17.3592],[82.7363,17.3589],[82.7359,17.3586],[82.7354,17.3584],[82.7339,17.3578],[82.7325,17.3571],[82.7313,17.3565],[82.7301,17.3559],[82.729,17.3553],[82.7277,17.3547],[82.7267,17.3543],[82.7256,17.3538],[82.724,17.3529],[82.7229,17.3524],[82.7208,17.3514],[82.7193,17.3506],[82.718,17.3499],[82.7172,17.3496],[82.7164,17.3491],[82.7149,17.3484],[82.7137,17.3477],[82.7128,17.3473],[82.7115,17.3466],[82.7109,17.3463],[82.7104,17.346],[82.71,17.3459],[82.7099,17.3458],[82.7089,17.3452],[82.7079,17.3447],[82.7069,17.3442],[82.7057,17.3436],[82.705,17.3432],[82.7043,17.3428],[82.7034,17.3424],[82.7021,17.3417],[82.7013,17.3414],[82.7006,17.341],[82.6994,17.3404],[82.6984,17.3398],[82.6973,17.3393],[82.6962,17.3387],[82.6948,17.338],[82.6933,17.3371],[82.6922,17.3366],[82.6913,17.3361],[82.6908,17.3359],[82.6896,17.3351],[82.6886,17.3346],[82.6875,17.334],[82.6869,17.3337],[82.6863,17.3334],[82.6852,17.3328],[82.6839,17.3321],[82.6825,17.3314],[82.6809,17.3306],[82.6798,17.3299],[82.679,17.3295],[82.6781,17.329],[82.6773,17.3286],[82.6764,17.3281],[82.6755,17.3276],[82.6748,17.3272],[82.674,17.3267],[82.673,17.3262],[82.672,17.3257],[82.671,17.3251],[82.6703,17.3247],[82.6695,17.3243],[82.668,17.3235],[82.667,17.323],[82.6664,17.3226],[82.666,17.3223],[82.6651,17.3219],[82.6643,17.3215],[82.6627,17.3207],[82.6616,17.3201],[82.6608,17.3197],[82.6598,17.319],[82.6586,17.3183],[82.6575,17.3177],[82.6564,17.3171],[82.6552,17.3165],[82.6543,17.3159],[82.6529,17.3151],[82.6519,17.3145],[82.6511,17.3141],[82.6501,17.3136],[82.6488,17.3128],[82.6478,17.3122],[82.6467,17.3117],[82.646,17.3112],[82.6458,17.3111],[82.6456,17.311],[82.6449,17.3106],[82.6442,17.3102],[82.6432,17.3097],[82.6419,17.309],[82.641,17.3084],[82.6406,17.3082],[82.64,17.3078],[82.6389,17.3072],[82.6376,17.3064],[82.6361,17.3055],[82.6346,17.3047],[82.6338,17.3042],[82.6329,17.3038],[82.6321,17.3033],[82.6306,17.3024],[82.6296,17.3018],[82.6286,17.3012],[82.6274,17.3005],[82.6261,17.2998],[82.6249,17.299],[82.6237,17.2983],[82.6225,17.2976],[82.6214,17.2969],[82.6201,17.2962],[82.6193,17.2956],[82.6184,17.2951],[82.6179,17.2947],[82.6177,17.2945],[82.6176,17.2944],[82.617,17.294],[82.6164,17.2937],[82.6162,17.2935],[82.616,17.2934],[82.6157,17.2931],[82.6154,17.293],[82.615,17.2928],[82.6147,17.2927],[82.6143,17.2925],[82.6138,17.2923],[82.6137,17.2922],[82.6134,17.2922],[82.6132,17.2922],[82.6128,17.2919],[82.6124,17.2915],[82.6123,17.2914],[82.6121,17.2912],[82.6119,17.2911],[82.6117,17.2909],[82.6114,17.2906],[82.6109,17.2903],[82.6103,17.29],[82.6097,17.2898],[82.6091,17.2895],[82.6085,17.2892],[82.608,17.289],[82.6074,17.2886],[82.6066,17.2881],[82.6058,17.2877],[82.6051,17.2873],[82.6045,17.287],[82.6041,17.2868],[82.6035,17.2864],[82.6026,17.2859],[82.6019,17.2855],[82.6015,17.2852],[82.6013,17.2851],[82.6,17.2844],[82.5987,17.2836],[82.598,17.2833],[82.5971,17.2828],[82.5962,17.2824],[82.5952,17.2818],[82.5942,17.2812],[82.5931,17.2806],[82.5924,17.2802],[82.5914,17.2796],[82.5908,17.2792],[82.5901,17.2788],[82.5894,17.2784],[82.5882,17.2777],[82.5867,17.2768],[82.5857,17.2763],[82.5847,17.2757],[82.5833,17.2749],[82.5825,17.2744],[82.5813,17.2736],[82.5803,17.273],[82.5789,17.2722],[82.5781,17.2717],[82.5773,17.2712],[82.5766,17.2708],[82.5754,17.27],[82.5743,17.2694],[82.5733,17.2687],[82.5727,17.2684],[82.5719,17.2679],[82.5706,17.2671],[82.5704,17.267],[82.5703,17.267],[82.5701,17.2669],[82.57,17.2669],[82.5689,17.2662],[82.5678,17.2655],[82.5665,17.2647],[82.5653,17.2639],[82.5646,17.2635],[82.5632,17.2625],[82.5617,17.2616],[82.5613,17.2613],[82.5609,17.2611],[82.5608,17.261],[82.5606,17.2609],[82.5605,17.2608],[82.5604,17.2607],[82.5599,17.2604],[82.5593,17.2601],[82.5588,17.2598],[82.5585,17.2596],[82.558,17.2593],[82.5576,17.259],[82.5565,17.2582],[82.5556,17.2576],[82.5549,17.2572],[82.5537,17.2564],[82.5515,17.255],[82.5506,17.2543],[82.5491,17.2534],[82.548,17.2527],[82.5471,17.2521],[82.5457,17.2512],[82.5451,17.2508],[82.545,17.2507],[82.5446,17.2505],[82.5439,17.25],[82.5435,17.2497],[82.5432,17.2495],[82.543,17.2493],[82.5427,17.2491],[82.5425,17.249],[82.5424,17.2489],[82.541,17.2536],[82.5407,17.255],[82.5402,17.2569],[82.5392,17.26],[82.539,17.2622],[82.539,17.2638],[82.5375,17.2649],[82.5361,17.2653],[82.5341,17.2664],[82.5256,17.2713],[82.5251,17.2731],[82.5247,17.2762],[82.5232,17.2772],[82.5225,17.2789],[82.5226,17.2804],[82.5231,17.2817],[82.5225,17.2828],[82.5217,17.2839],[82.5212,17.285],[82.521,17.2871],[82.5213,17.2916],[82.5211,17.2955],[82.5209,17.2967],[82.5195,17.2979],[82.5179,17.2987],[82.5188,17.3003],[82.5214,17.3006],[82.5255,17.301],[82.5286,17.3024],[82.5301,17.3025],[82.532,17.3048],[82.5348,17.3067],[82.5361,17.3138],[82.5364,17.3164],[82.535,17.3184],[82.5352,17.3268],[82.5356,17.3278],[82.5382,17.3283],[82.5477,17.3273],[82.5476,17.326],[82.5559,17.325],[82.5581,17.3296],[82.56,17.3327],[82.5602,17.335],[82.5594,17.3363],[82.5598,17.3381],[82.5601,17.3403],[82.5598,17.3422],[82.561,17.3423],[82.563,17.342],[82.5637,17.3424],[82.5652,17.3424],[82.5656,17.3474],[82.566,17.3502],[82.565,17.3509],[82.5643,17.3512],[82.5638,17.3516],[82.5635,17.3522],[82.5629,17.353],[82.5616,17.3532],[82.5598,17.3531],[82.5577,17.3526],[82.5561,17.3524],[82.5548,17.3532],[82.5542,17.3543],[82.5532,17.3556],[82.5521,17.3577],[82.5502,17.3593],[82.5484,17.3606],[82.548,17.362],[82.5474,17.3637],[82.5474,17.3664],[82.5471,17.3697],[82.5463,17.371],[82.5456,17.3717],[82.5442,17.3725],[82.5433,17.373],[82.5429,17.3748],[82.5441,17.3757],[82.5453,17.3762],[82.5484,17.3799]]]}},{"type":"Feature","properties":{"district":"Nandyal","district_hi":"नंद्याल"},"geometry":{"type":"Polygon","coordinates":[[[78.0142,15.112],[78.0139,15.1137],[78.0125,15.1155],[78.0105,15.1166],[78.0083,15.1184],[78.0071,15.1205],[78.0067,15.122],[78.005,15.1223],[78.0033,15.1223],[78.0011,15.1227],[77.9993,15.1234],[77.998,15.1242],[77.9968,15.1254],[77.9963,15.1272],[77.9956,15.1295],[77.9942,15.1326],[77.992,15.1339],[77.9895,15.1348],[77.9864,15.1362],[77.9848,15.1368],[77.9828,15.1372],[77.9776,15.1386],[77.9742,15.1393],[77.9723,15.1345],[77.971,15.1318],[77.9693,15.1285],[77.9671,15.1257],[77.9659,15.1241],[77.965,15.1232],[77.9651,15.121],[77.9641,15.1154],[77.9632,15.1121],[77.9613,15.1092],[77.9583,15.1096],[77.9489,15.1116],[77.9426,15.1129],[77.9364,15.1152],[77.9348,15.1144],[77.9337,15.1134],[77.9327,15.1131],[77.9317,15.1134],[77.93,15.1145],[77.9282,15.1155],[77.9262,15.1162],[77.9205,15.1175],[77.919,15.119],[77.9169,15.1207],[77.9145,15.1221],[77.9128,15.1232],[77.9113,15.1236],[77.9094,15.1237],[77.9072,15.1233],[77.906,15.1233],[77.9063,15.1267],[77.9061,15.1293],[77.9068,15.1308],[77.9081,15.1309],[77.9101,15.1298],[77.9119,15.1291],[77.9138,15.1289],[77.9155,15.1289],[77.9154,15.1308],[77.9144,15.1326],[77.9126,15.1333],[77.9108,15.1338],[77.909,15.134],[77.9092,15.1351],[77.9103,15.1355],[77.9111,15.1363],[77.9108,15.1369],[77.91,15.1376],[77.9095,15.1379],[77.9094,15.139],[77.91,15.1402],[77.9113,15.141],[77.9131,15.1416],[77.9135,15.1419],[77.9138,15.1425],[77.914,15.1439],[77.9142,15.1448],[77.9177,15.1457],[77.9202,15.1467],[77.9225,15.1478],[77.9235,15.1482],[77.9242,15.1489],[77.9244,15.1502],[77.9244,15.1516],[77.9244,15.1524],[77.9233,15.1528],[77.921,15.1532],[77.9207,15.1533],[77.9205,15.1555],[77.921,15.1565],[77.9223,15.1573],[77.9235,15.1588],[77.9238,15.1611],[77.9235,15.1618],[77.9218,15.1621],[77.9215,15.1628],[77.922,15.1634],[77.9229,15.1636],[77.9233,15.1644],[77.9228,15.1653],[77.9216,15.166],[77.9206,15.1663],[77.9195,15.167],[77.9189,15.1688],[77.9181,15.1713],[77.9188,15.1729],[77.9186,15.1736],[77.9173,15.1737],[77.9157,15.174],[77.9136,15.1745],[77.9119,15.1748],[77.9074,15.1758],[77.9058,15.1769],[77.9047,15.1778],[77.9026,15.1781],[77.9005,15.1779],[77.8972,15.1776],[77.8954,15.1775],[77.8899,15.1783],[77.8873,15.1786],[77.8854,15.1785],[77.8845,15.1777],[77.8841,15.1765],[77.8842,15.1755],[77.8846,15.1742],[77.885,15.1727],[77.885,15.1712],[77.8845,15.1699],[77.8823,15.1664],[77.8808,15.1626],[77.8808,15.1578],[77.8815,15.1508],[77.8813,15.1498],[77.8804,15.149],[77.8795,15.1483],[77.8792,15.1472],[77.8784,15.144],[77.8755,15.139],[77.8755,15.1373],[77.8756,15.1362],[77.8755,15.1356],[77.8705,15.1358],[77.8669,15.1356],[77.8579,15.1355],[77.8546,15.1353],[77.8524,15.1346],[77.8501,15.1335],[77.845,15.1303],[77.8431,15.1301],[77.8425,15.1309],[77.8419,15.1329],[77.841,15.1369],[77.8399,15.1408],[77.8389,15.1428],[77.8373,15.1443],[77.8345,15.1448],[77.8323,15.1448],[77.8269,15.1436],[77.8235,15.1435],[77.8195,15.1433],[77.8165,15.1433],[77.8153,15.1427],[77.8147,15.1412],[77.8133,15.1392],[77.81,15.1376],[77.8093,15.1356],[77.8099,15.1346],[77.8104,15.1333],[77.8103,15.1314],[77.8104,15.1295],[77.8099,15.1282],[77.8075,15.1252],[77.8051,15.1231],[77.8028,15.122],[77.8008,15.1212],[77.7987,15.1205],[77.7962,15.1192],[77.7955,15.1171],[77.7949,15.115],[77.7942,15.1128],[77.793,15.1097],[77.7926,15.1082],[77.792,15.1071],[77.7905,15.1066],[77.789,15.1068],[77.7876,15.1076],[77.7871,15.1086],[77.7869,15.1104],[77.7863,15.1119],[77.7851,15.1126],[77.7846,15.1129],[77.7815,15.1128],[77.7806,15.1121],[77.7799,15.1112],[77.7775,15.1109],[77.7763,15.111],[77.7751,15.1112],[77.7732,15.1117],[77.7715,15.1132],[77.7713,15.1145],[77.7718,15.1161],[77.7728,15.118],[77.7736,15.1198],[77.7741,15.1217],[77.774,15.1234],[77.7739,15.1244],[77.7714,15.1245],[77.769,15.125],[77.7626,15.1266],[77.759,15.1273],[77.7541,15.128],[77.7503,15.1291],[77.748,15.1303],[77.7473,15.1319],[77.7472,15.1346],[77.7464,15.1397],[77.7454,15.1415],[77.7445,15.143],[77.7432,15.1443],[77.7422,15.1453],[77.7403,15.1457],[77.735,15.1477],[77.7324,15.1488],[77.7314,15.1499],[77.7302,15.1518],[77.7293,15.1543],[77.7302,15.1605],[77.7306,15.1638],[77.731,15.1651],[77.7325,15.1679],[77.7328,15.1691],[77.7315,15.1698],[77.7286,15.17],[77.7219,15.171],[77.7183,15.1718],[77.7173,15.1724],[77.7166,15.1732],[77.7164,15.1745],[77.7167,15.1756],[77.7175,15.1765],[77.7178,15.1774],[77.7175,15.1787],[77.7162,15.1804],[77.7148,15.1808],[77.7145,15.1822],[77.7142,15.1828],[77.7132,15.1831],[77.7125,15.1838],[77.7124,15.185],[77.7124,15.1863],[77.7112,15.1871],[77.7099,15.1867],[77.7093,15.1857],[77.7087,15.184],[77.7067,15.1821],[77.7047,15.1811],[77.7031,15.1808],[77.7017,15.1806],[77.7,15.181],[77.698,15.1813],[77.695,15.1824],[77.6937,15.1834],[77.6931,15.1852],[77.6929,15.1866],[77.6932,15.1881],[77.6956,15.1923],[77.6959,15.1949],[77.6962,15.1967],[77.6969,15.1983],[77.698,15.1999],[77.6988,15.2032],[77.6979,15.2053],[77.6973,15.2064],[77.6955,15.207],[77.694,15.2068],[77.6921,15.2067],[77.6903,15.2072],[77.6893,15.2078],[77.6884,15.2088],[77.6883,15.211],[77.6882,15.213],[77.6866,15.2133],[77.6835,15.2134],[77.681,15.2144],[77.679,15.2169],[77.6765,15.2189],[77.6759,15.2215],[77.6766,15.2253],[77.677,15.2273],[77.6764,15.2291],[77.6782,15.2328],[77.6793,15.2347],[77.6787,15.2361],[77.6756,15.2389],[77.6761,15.2409],[77.6787,15.2446],[77.681,15.2459],[77.6831,15.2458],[77.6851,15.247],[77.6839,15.2498],[77.6828,15.2545],[77.6819,15.2577],[77.6811,15.2639],[77.6813,15.2698],[77.6838,15.2822],[77.688,15.295],[77.689,15.3024],[77.6907,15.3106],[77.6901,15.3117],[77.6894,15.3128],[77.6892,15.3139],[77.6901,15.3155],[77.6903,15.3168],[77.69,15.3182],[77.6887,15.3196],[77.6871,15.3202],[77.6852,15.32],[77.6836,15.3199],[77.682,15.3189],[77.6802,15.3184],[77.6774,15.3187],[77.675,15.3207],[77.6732,15.3226],[77.6698,15.3261],[77.6662,15.3316],[77.6655,15.3325],[77.6621,15.3336],[77.6601,15.3346],[77.6568,15.3357],[77.6549,15.3369],[77.6542,15.3382],[77.6545,15.3399],[77.6551,15.3413],[77.6565,15.3433],[77.6585,15.3472],[77.6617,15.3488],[77.6642,15.3513],[77.6648,15.3549],[77.6665,15.3565],[77.668,15.3581],[77.6696,15.3597],[77.6699,15.3615],[77.671,15.3668],[77.6721,15.3727],[77.6728,15.3741],[77.6741,15.375],[77.6743,15.3765],[77.6735,15.3775],[77.6724,15.3788],[77.6729,15.3811],[77.6769,15.3841],[77.6781,15.3849],[77.6794,15.3861],[77.6798,15.387],[77.6797,15.3884],[77.6797,15.39],[77.6806,15.3918],[77.6824,15.3929],[77.6846,15.3932],[77.6868,15.3926],[77.6885,15.3908],[77.6902,15.3895],[77.6922,15.3878],[77.6927,15.3871],[77.6941,15.3865],[77.6949,15.3868],[77.6967,15.3875],[77.6979,15.3876],[77.7006,15.3849],[77.7025,15.3835],[77.7045,15.3829],[77.7062,15.3824],[77.7088,15.3817],[77.7129,15.3812],[77.7158,15.381],[77.7176,15.3813],[77.7205,15.3847],[77.7235,15.3853],[77.7256,15.3852],[77.7277,15.3862],[77.7286,15.3867],[77.7305,15.3869],[77.7322,15.3879],[77.7344,15.3906],[77.7376,15.3938],[77.7394,15.398],[77.7414,15.4018],[77.7438,15.4046],[77.7453,15.4067],[77.7472,15.4084],[77.7481,15.4101],[77.7467,15.4118],[77.7454,15.4132],[77.7449,15.4142],[77.7456,15.4153],[77.7468,15.4164],[77.7487,15.4177],[77.7506,15.4198],[77.7521,15.4212],[77.7556,15.4183],[77.7582,15.4155],[77.7611,15.4131],[77.7643,15.413],[77.7668,15.4132],[77.7674,15.4122],[77.7678,15.4107],[77.7688,15.4084],[77.7709,15.408],[77.7762,15.4075],[77.7771,15.4069],[77.778,15.405],[77.7786,15.4045],[77.7799,15.4044],[77.7806,15.4059],[77.7813,15.4085],[77.7837,15.4103],[77.7852,15.4123],[77.7871,15.4146],[77.7898,15.4177],[77.7922,15.421],[77.7929,15.4223],[77.793,15.4235],[77.7928,15.4247],[77.792,15.4261],[77.7915,15.4275],[77.7922,15.4291],[77.7928,15.4303],[77.7946,15.4326],[77.7947,15.4368],[77.7948,15.4426],[77.7964,15.4427],[77.7989,15.4426],[77.7997,15.4431],[77.8005,15.4445],[77.8011,15.4457],[77.801,15.4472],[77.7999,15.4481],[77.7983,15.4494],[77.8016,15.4518],[77.8035,15.4527],[77.8046,15.4532],[77.8061,15.454],[77.8062,15.4551],[77.8054,15.4561],[77.803,15.4572],[77.8009,15.4581],[77.7992,15.4601],[77.7972,15.4625],[77.798,15.4659],[77.7997,15.4662],[77.8016,15.4661],[77.8033,15.4667],[77.8053,15.4675],[77.8065,15.4681],[77.8075,15.4694],[77.8075,15.4711],[77.8067,15.4722],[77.8067,15.4733],[77.8081,15.4756],[77.8086,15.477],[77.8146,15.4822],[77.8163,15.4837],[77.8177,15.4853],[77.8186,15.4866],[77.8185,15.4882],[77.818,15.4897],[77.8197,15.49],[77.8251,15.4894],[77.8312,15.489],[77.8374,15.4888],[77.8394,15.4883],[77.8409,15.4878],[77.8426,15.4877],[77.8441,15.4888],[77.8451,15.4895],[77.8463,15.4895],[77.848,15.4891],[77.8501,15.488],[77.8518,15.4869],[77.852,15.4857],[77.8509,15.4839],[77.8489,15.4803],[77.8475,15.4781],[77.8468,15.4762],[77.8461,15.4736],[77.8459,15.4716],[77.8464,15.4698],[77.848,15.469],[77.85,15.4681],[77.8527,15.4676],[77.8551,15.4681],[77.8573,15.4693],[77.8614,15.4716],[77.8675,15.4764],[77.8709,15.48],[77.8719,15.4816],[77.8732,15.484],[77.8742,15.486],[77.8754,15.488],[77.8765,15.4856],[77.878,15.4844],[77.8798,15.483],[77.8815,15.4823],[77.8825,15.4814],[77.8836,15.4794],[77.8839,15.4779],[77.8853,15.4765],[77.8894,15.4735],[77.893,15.4704],[77.8971,15.4677],[77.8999,15.4663],[77.9019,15.4665],[77.9037,15.4674],[77.9055,15.4682],[77.907,15.469],[77.9085,15.4689],[77.9099,15.4678],[77.9111,15.4661],[77.9112,15.4645],[77.9117,15.4605],[77.9127,15.4594],[77.9127,15.4568],[77.9113,15.4556],[77.9114,15.454],[77.9108,15.4514],[77.91,15.4501],[77.9085,15.4488],[77.908,15.4476],[77.9092,15.4464],[77.9137,15.4446],[77.9154,15.4445],[77.9176,15.4441],[77.9195,15.4426],[77.9214,15.4407],[77.923,15.4386],[77.9252,15.4378],[77.9274,15.4377],[77.9278,15.4366],[77.9324,15.4307],[77.9362,15.4252],[77.9386,15.4222],[77.9408,15.4194],[77.9422,15.4172],[77.9447,15.4179],[77.9466,15.4183],[77.9476,15.4188],[77.9486,15.42],[77.9489,15.423],[77.9494,15.424],[77.9507,15.4256],[77.9535,15.4264],[77.9555,15.4264],[77.9578,15.4265],[77.9592,15.4278],[77.9604,15.4279],[77.963,15.4278],[77.9645,15.4283],[77.9672,15.4299],[77.9694,15.431],[77.9716,15.4315],[77.9733,15.4313],[77.9765,15.4327],[77.9802,15.4316],[77.9826,15.4301],[77.9853,15.43],[77.9881,15.4298],[77.9896,15.4285],[77.9906,15.428],[77.9926,15.4287],[77.9945,15.4301],[77.996,15.4311],[77.9969,15.4326],[77.9986,15.4334],[77.9996,15.4336],[78.0004,15.4347],[78.0001,15.4364],[77.9989,15.4393],[77.9979,15.4422],[77.998,15.4465],[77.9984,15.4543],[77.9983,15.4562],[77.9993,15.4575],[78.0009,15.4585],[78.0034,15.459],[78.0056,15.4581],[78.0067,15.4579],[78.0085,15.4576],[78.01,15.4572],[78.0118,15.4568],[78.0146,15.4567],[78.0167,15.4566],[78.0225,15.4561],[78.0249,15.4546],[78.0258,15.454],[78.0273,15.4556],[78.0279,15.4568],[78.0273,15.4576],[78.0267,15.4607],[78.0288,15.4611],[78.0325,15.461],[78.0359,15.4609],[78.0336,15.4637],[78.0322,15.4642],[78.0302,15.4652],[78.032,15.4668],[78.0311,15.4692],[78.0319,15.4712],[78.0332,15.4722],[78.0342,15.4729],[78.0362,15.4737],[78.0393,15.4741],[78.0441,15.4746],[78.0452,15.4781],[78.0476,15.4778],[78.0502,15.4776],[78.0517,15.4787],[78.0527,15.4802],[78.0528,15.482],[78.0522,15.4839],[78.0517,15.4858],[78.0514,15.4903],[78.0489,15.4963],[78.0486,15.4987],[78.0518,15.5025],[78.0538,15.5036],[78.0557,15.5052],[78.0574,15.5073],[78.0576,15.5094],[78.0567,15.5128],[78.0548,15.5163],[78.0548,15.5234],[78.0548,15.5262],[78.0533,15.5294],[78.0518,15.5349],[78.0517,15.539],[78.0517,15.5425],[78.0524,15.544],[78.0543,15.5438],[78.0566,15.5427],[78.0589,15.541],[78.0598,15.5391],[78.0622,15.5374],[78.064,15.5363],[78.0657,15.5359],[78.0674,15.5361],[78.0693,15.5367],[78.0706,15.5367],[78.0718,15.5351],[78.0716,15.5329],[78.0724,15.5312],[78.0752,15.5318],[78.077,15.5359],[78.0779,15.5401],[78.078,15.5443],[78.0779,15.5483],[78.0768,15.5533],[78.077,15.5569],[78.0798,15.5617],[78.0816,15.5665],[78.0822,15.5694],[78.083,15.5712],[78.0869,15.5722],[78.0931,15.5736],[78.1011,15.576],[78.1036,15.5766],[78.1065,15.5767],[78.1092,15.578],[78.1125,15.5795],[78.117,15.58],[78.1209,15.5805],[78.1289,15.5821],[78.1322,15.582],[78.1353,15.5809],[78.139,15.5794],[78.1426,15.5759],[78.145,15.5731],[78.1469,15.5712],[78.1483,15.5696],[78.1485,15.5676],[78.1473,15.5645],[78.1456,15.5623],[78.1423,15.558],[78.1414,15.5547],[78.1393,15.5501],[78.1388,15.5465],[78.1387,15.5446],[78.1394,15.5429],[78.1412,15.5418],[78.1405,15.5393],[78.1403,15.5379],[78.1389,15.5348],[78.1388,15.5334],[78.1401,15.5318],[78.1455,15.5322],[78.149,15.5324],[78.1531,15.5333],[78.1561,15.5341],[78.1585,15.5346],[78.1615,15.536],[78.167,15.5393],[78.1701,15.5415],[78.1736,15.542],[78.1767,15.5429],[78.1795,15.544],[78.1822,15.5448],[78.1856,15.5448],[78.1871,15.5457],[78.1888,15.5474],[78.1896,15.5488],[78.1902,15.5501],[78.1902,15.5511],[78.1899,15.5529],[78.1881,15.555],[78.1854,15.5556],[78.1815,15.557],[78.18,15.5613],[78.1798,15.5627],[78.1802,15.5639],[78.1809,15.5654],[78.1819,15.5664],[78.1829,15.5676],[78.1828,15.5689],[78.182,15.5701],[78.182,15.5717],[78.1834,15.5744],[78.1837,15.5763],[78.1857,15.5809],[78.1867,15.5822],[78.1881,15.5829],[78.1897,15.5836],[78.1903,15.5844],[78.1898,15.5858],[78.1888,15.5867],[78.1881,15.5885],[78.1883,15.5897],[78.189,15.5912],[78.1901,15.5926],[78.192,15.595],[78.1971,15.595],[78.1992,15.5946],[78.2028,15.5935],[78.2044,15.5933],[78.2067,15.5928],[78.2082,15.5922],[78.2106,15.5912],[78.212,15.5902],[78.2137,15.5897],[78.2149,15.59],[78.2182,15.5918],[78.2185,15.5937],[78.2181,15.595],[78.2176,15.5968],[78.2161,15.5988],[78.2145,15.6014],[78.2144,15.6041],[78.2147,15.6098],[78.2152,15.6108],[78.2165,15.6124],[78.2175,15.6141],[78.2175,15.6157],[78.2168,15.618],[78.2165,15.6193],[78.2176,15.6209],[78.2191,15.6214],[78.2207,15.6218],[78.2229,15.6217],[78.2245,15.6223],[78.2258,15.6234],[78.2271,15.6252],[78.2281,15.6271],[78.2294,15.6296],[78.2317,15.6322],[78.2354,15.6339],[78.2376,15.6347],[78.2413,15.6356],[78.2461,15.6364],[78.2489,15.6367],[78.2518,15.6368],[78.254,15.6368],[78.2572,15.6378],[78.2607,15.6401],[78.2643,15.6404],[78.2659,15.6413],[78.2678,15.6427],[78.2692,15.6442],[78.2696,15.6504],[78.2695,15.6521],[78.2684,15.6543],[78.2668,15.6553],[78.2656,15.6574],[78.2658,15.6613],[78.2659,15.6647],[78.2664,15.6687],[78.2672,15.6765],[78.2681,15.6807],[78.2701,15.6861],[78.2706,15.688],[78.2714,15.691],[78.2722,15.6949],[78.2731,15.6973],[78.273,15.7017],[78.2606,15.7031],[78.2531,15.7051],[78.2418,15.7022],[78.2321,15.6978],[78.2259,15.6949],[78.2215,15.6947],[78.2167,15.6949],[78.2133,15.6959],[78.2113,15.699],[78.2104,15.7035],[78.2063,15.7155],[78.2027,15.7177],[78.199,15.7193],[78.1975,15.7205],[78.195,15.7221],[78.1914,15.7223],[78.1898,15.724],[78.1896,15.7266],[78.1881,15.7286],[78.1892,15.7294],[78.1914,15.7297],[78.192,15.731],[78.1904,15.733],[78.1867,15.7337],[78.1868,15.7389],[78.1885,15.7394],[78.1913,15.7394],[78.1923,15.7403],[78.1924,15.742],[78.1906,15.7437],[78.1869,15.7447],[78.1836,15.7454],[78.1817,15.7447],[78.18,15.7451],[78.1795,15.7469],[78.1786,15.7494],[78.1755,15.7497],[78.1732,15.75],[78.1728,15.7516],[78.1723,15.7552],[78.169,15.7556],[78.1653,15.7555],[78.1636,15.7566],[78.1625,15.7598],[78.1675,15.7616],[78.171,15.7621],[78.1742,15.7644],[78.1759,15.7664],[78.1766,15.7692],[78.1772,15.772],[78.1808,15.7723],[78.1849,15.7721],[78.1852,15.7737],[78.186,15.7763],[78.1886,15.7765],[78.1928,15.7763],[78.1965,15.7765],[78.1968,15.7785],[78.197,15.7819],[78.1996,15.7823],[78.2037,15.7831],[78.2053,15.7895],[78.2041,15.7904],[78.202,15.7919],[78.1997,15.7932],[78.1972,15.7948],[78.1955,15.7955],[78.1928,15.7972],[78.1901,15.7976],[78.1877,15.798],[78.1855,15.7984],[78.1837,15.7984],[78.1807,15.7981],[78.1746,15.7987],[78.1718,15.7996],[78.1698,15.8004],[78.1659,15.8019],[78.1622,15.8042],[78.1602,15.8061],[78.1593,15.8073],[78.1591,15.8093],[78.1589,15.8123],[78.1579,15.8141],[78.157,15.8152],[78.1558,15.8162],[78.1543,15.8172],[78.1541,15.8181],[78.1553,15.8182],[78.1571,15.8181],[78.1584,15.8182],[78.1606,15.8186],[78.1622,15.8195],[78.1646,15.8207],[78.1668,15.822],[78.1685,15.8237],[78.1694,15.8276],[78.171,15.828],[78.173,15.828],[78.1751,15.8293],[78.1753,15.8311],[78.1746,15.8326],[78.173,15.8339],[78.1719,15.8346],[78.1713,15.8351],[78.1712,15.8364],[78.1732,15.8385],[78.173,15.8408],[78.1713,15.8426],[78.1699,15.8438],[78.1688,15.8448],[78.1681,15.8457],[78.1679,15.8471],[78.1689,15.8505],[78.1697,15.8529],[78.1693,15.8555],[78.1721,15.8561],[78.1752,15.8569],[78.1753,15.8569],[78.1754,15.857],[78.1762,15.8582],[78.1762,15.8583],[78.1765,15.8583],[78.176,15.86],[78.1758,15.8649],[78.1758,15.8676],[78.1763,15.8691],[78.177,15.871],[78.1773,15.8731],[78.1769,15.8735],[78.1766,15.8736],[78.1767,15.8741],[78.1767,15.8756],[78.1764,15.8762],[78.1763,15.8764],[78.1764,15.8765],[78.1772,15.8773],[78.1781,15.8779],[78.1782,15.878],[78.1823,15.8804],[78.1867,15.8853],[78.1902,15.8926],[78.1887,15.8938],[78.1877,15.8948],[78.1876,15.8949],[78.1865,15.8959],[78.1864,15.896],[78.1863,15.8961],[78.1843,15.898],[78.1842,15.8982],[78.1838,15.8986],[78.1832,15.8981],[78.1801,15.8999],[78.1803,15.9015],[78.1798,15.9032],[78.1797,15.9033],[78.1797,15.9035],[78.1808,15.906],[78.1819,15.9084],[78.183,15.9095],[78.1851,15.9115],[78.1869,15.9127],[78.1885,15.9135],[78.1917,15.9146],[78.192,15.9146],[78.1928,15.915],[78.1943,15.9155],[78.1972,15.916],[78.1994,15.9165],[78.2014,15.9171],[78.202,15.9177],[78.2026,15.9183],[78.2036,15.9189],[78.2044,15.9193],[78.206,15.9197],[78.2086,15.92],[78.2131,15.9207],[78.2167,15.9214],[78.2207,15.9221],[78.2274,15.9236],[78.2301,15.9245],[78.2331,15.9257],[78.2345,15.9263],[78.2365,15.9271],[78.2399,15.9288],[78.2437,15.9307],[78.2462,15.9322],[78.2482,15.9336],[78.2491,15.9342],[78.2501,15.9347],[78.2508,15.9352],[78.2515,15.936],[78.2523,15.9372],[78.2524,15.9375],[78.2524,15.9376],[78.2526,15.9383],[78.253,15.9394],[78.2532,15.9409],[78.2532,15.943],[78.253,15.9454],[78.2528,15.9475],[78.2525,15.9499],[78.2526,15.9504],[78.2525,15.9526],[78.2523,15.9549],[78.2522,15.9567],[78.2523,15.9591],[78.2523,15.96],[78.2522,15.9623],[78.2524,15.9642],[78.2524,15.9657],[78.2524,15.9675],[78.2522,15.9691],[78.2519,15.9702],[78.2517,15.9715],[78.2514,15.9723],[78.2513,15.9729],[78.2512,15.9735],[78.2512,15.974],[78.2514,15.9752],[78.2517,15.9761],[78.2521,15.977],[78.2529,15.9792],[78.2536,15.9806],[78.2537,15.9808],[78.2537,15.9807],[78.2542,15.9818],[78.2547,15.9827],[78.2558,15.9847],[78.2571,15.987],[78.258,15.9891],[78.2586,15.9909],[78.2592,15.9933],[78.2594,15.9956],[78.2596,15.9974],[78.2597,15.999],[78.2597,15.9995],[78.2597,15.9999],[78.2596,16.0006],[78.2596,16.0009],[78.2595,16.0016],[78.2594,16.0034],[78.2591,16.0051],[78.2587,16.006],[78.2573,16.0086],[78.2564,16.0114],[78.2558,16.0136],[78.2558,16.0169],[78.2563,16.0179],[78.2576,16.0203],[78.2597,16.0245],[78.2603,16.0253],[78.2612,16.0259],[78.2639,16.0274],[78.2652,16.0277],[78.2662,16.0279],[78.2679,16.0279],[78.2689,16.0277],[78.271,16.0273],[78.2738,16.0268],[78.2769,16.0259],[78.2786,16.025],[78.2813,16.0235],[78.2844,16.0218],[78.2895,16.0184],[78.2917,16.0171],[78.2946,16.0155],[78.2978,16.0139],[78.3012,16.0124],[78.3028,16.0119],[78.3045,16.0117],[78.3054,16.0117],[78.3066,16.0119],[78.31,16.0122],[78.3116,16.0125],[78.3135,16.013],[78.3156,16.0142],[78.3171,16.015],[78.3203,16.0173],[78.322,16.019],[78.3226,16.0198],[78.323,16.0208],[78.323,16.0217],[78.3228,16.0249],[78.3221,16.0279],[78.3219,16.0293],[78.3219,16.03],[78.322,16.0307],[78.3223,16.0317],[78.3229,16.033],[78.3232,16.0336],[78.3236,16.0343],[78.3245,16.0357],[78.3257,16.0373],[78.327,16.0391],[78.3275,16.0396],[78.3282,16.0401],[78.3302,16.0412],[78.3315,16.0414],[78.3333,16.0421],[78.334,16.0423],[78.3346,16.0424],[78.336,16.0423],[78.3367,16.0423],[78.3374,16.0424],[78.338,16.0427],[78.3384,16.0429],[78.3391,16.0437],[78.3406,16.0457],[78.3412,16.0464],[78.3427,16.0476],[78.3438,16.0479],[78.3446,16.0481],[78.3473,16.0487],[78.3488,16.0489],[78.3503,16.0489],[78.3519,16.0487],[78.3536,16.0483],[78.3558,16.0479],[78.3587,16.0473],[78.3618,16.0468],[78.3629,16.0467],[78.3641,16.0468],[78.3646,16.047],[78.3652,16.0472],[78.366,16.0476],[78.3668,16.0486],[78.3682,16.0505],[78.3688,16.0509],[78.3694,16.0514],[78.3698,16.0516],[78.3703,16.0521],[78.3706,16.0527],[78.3709,16.0531],[78.3714,16.0533],[78.3735,16.054],[78.3743,16.0546],[78.3748,16.055],[78.375,16.0556],[78.3753,16.0561],[78.3756,16.0565],[78.3762,16.0574],[78.3769,16.058],[78.3791,16.0603],[78.3813,16.0622],[78.3827,16.0634],[78.3853,16.0653],[78.3863,16.0658],[78.3875,16.0666],[78.3903,16.0676],[78.3935,16.0685],[78.395,16.0693],[78.396,16.0699],[78.3978,16.0709],[78.4008,16.0731],[78.4021,16.0741],[78.4049,16.0754],[78.4061,16.0758],[78.4071,16.076],[78.408,16.076],[78.4092,16.0759],[78.4114,16.0754],[78.4139,16.0753],[78.4167,16.075],[78.4198,16.0745],[78.422,16.0742],[78.4251,16.074],[78.4284,16.074],[78.4299,16.0739],[78.4305,16.0737],[78.4312,16.0735],[78.4322,16.0733],[78.4334,16.0731],[78.4358,16.0727],[78.4381,16.0727],[78.4404,16.073],[78.4438,16.0734],[78.4451,16.0734],[78.4452,16.0734],[78.4503,16.0735],[78.4542,16.0735],[78.4586,16.0735],[78.4602,16.0735],[78.4619,16.0731],[78.4644,16.0722],[78.4667,16.0713],[78.4695,16.0707],[78.4711,16.0703],[78.4733,16.0698],[78.4772,16.0694],[78.4797,16.0689],[78.4834,16.0677],[78.4854,16.0671],[78.4863,16.0666],[78.4899,16.0648],[78.4925,16.0641],[78.4951,16.063],[78.4966,16.0622],[78.4989,16.0613],[78.5026,16.0601],[78.5065,16.0589],[78.5079,16.0582],[78.5089,16.0579],[78.5106,16.0577],[78.5133,16.0572],[78.5153,16.0565],[78.517,16.0559],[78.5186,16.0552],[78.5196,16.055],[78.5208,16.0548],[78.5216,16.0547],[78.5225,16.0544],[78.5234,16.054],[78.5246,16.0534],[78.5267,16.0522],[78.5292,16.0512],[78.5308,16.0508],[78.5323,16.05],[78.534,16.049],[78.536,16.0479],[78.5381,16.0468],[78.5408,16.0453],[78.543,16.044],[78.544,16.0438],[78.5476,16.043],[78.5495,16.0427],[78.5507,16.0427],[78.5517,16.0429],[78.5534,16.0431],[78.5548,16.0434],[78.5565,16.0439],[78.5595,16.0452],[78.5606,16.0461],[78.5626,16.0476],[78.564,16.0493],[78.5656,16.0505],[78.5667,16.0512],[78.5707,16.053],[78.5735,16.055],[78.5752,16.0563],[78.5767,16.0576],[78.579,16.059],[78.5805,16.0598],[78.5817,16.061],[78.5829,16.0622],[78.5843,16.0626],[78.5866,16.0636],[78.5873,16.0639],[78.5877,16.0643],[78.5881,16.0646],[78.5886,16.0653],[78.5905,16.0672],[78.5922,16.069],[78.5933,16.0703],[78.5939,16.0713],[78.5947,16.0739],[78.5955,16.0764],[78.5961,16.0774],[78.5968,16.0786],[78.5979,16.0799],[78.599,16.0815],[78.6003,16.083],[78.6014,16.084],[78.6023,16.0846],[78.6034,16.085],[78.606,16.086],[78.6092,16.0872],[78.61,16.0874],[78.6108,16.0875],[78.613,16.0875],[78.6144,16.0875],[78.6166,16.0877],[78.6184,16.088],[78.6193,16.0883],[78.6203,16.0884],[78.6227,16.0883],[78.6248,16.0882],[78.6278,16.0878],[78.6308,16.0872],[78.6328,16.0867],[78.6348,16.0861],[78.6377,16.0849],[78.6405,16.0837],[78.6432,16.0825],[78.6454,16.0816],[78.6475,16.0805],[78.6504,16.0791],[78.6506,16.0786],[78.6506,16.0755],[78.6506,16.0724],[78.6508,16.072],[78.6515,16.0713],[78.6535,16.0701],[78.6557,16.0686],[78.6565,16.0677],[78.6573,16.0669],[78.658,16.0661],[78.6617,16.0622],[78.6664,16.0569],[78.6686,16.0544],[78.6695,16.0528],[78.6705,16.0513],[78.6713,16.0494],[78.6722,16.0473],[78.6733,16.0456],[78.6751,16.0435],[78.6768,16.0414],[78.6779,16.04],[78.6795,16.0376],[78.6803,16.0362],[78.6813,16.0349],[78.6818,16.0345],[78.6824,16.0343],[78.684,16.0337],[78.6881,16.032],[78.6934,16.0298],[78.6957,16.0289],[78.6976,16.0281],[78.6994,16.0273],[78.7003,16.0271],[78.7015,16.027],[78.7047,16.0266],[78.7055,16.0266],[78.7063,16.0262],[78.708,16.0255],[78.7112,16.025],[78.7145,16.0237],[78.7232,16.021],[78.7254,16.0198],[78.7268,16.0185],[78.7291,16.0157],[78.7315,16.013],[78.7347,16.0106],[78.7364,16.0098],[78.7383,16.0096],[78.7404,16.0099],[78.742,16.0109],[78.7441,16.0126],[78.7463,16.0141],[78.748,16.0154],[78.7492,16.0159],[78.7492,16.0161],[78.7502,16.0166],[78.7529,16.0173],[78.7544,16.0175],[78.7562,16.0177],[78.7582,16.0177],[78.7611,16.0173],[78.7636,16.0171],[78.7654,16.0171],[78.7665,16.0173],[78.768,16.0177],[78.7692,16.0183],[78.771,16.019],[78.7723,16.0194],[78.7744,16.02],[78.776,16.0204],[78.7778,16.0207],[78.7792,16.0208],[78.7807,16.0208],[78.7816,16.0209],[78.7827,16.0211],[78.784,16.0215],[78.7852,16.022],[78.7872,16.0231],[78.7891,16.0239],[78.7907,16.0247],[78.7922,16.0259],[78.7936,16.0275],[78.795,16.0289],[78.7959,16.03],[78.7962,16.0309],[78.7965,16.0315],[78.7975,16.0334],[78.7991,16.0359],[78.7997,16.0373],[78.8001,16.038],[78.8007,16.0385],[78.8018,16.0393],[78.8028,16.0399],[78.8047,16.0411],[78.8078,16.0432],[78.8116,16.0447],[78.8142,16.0458],[78.8153,16.0462],[78.8158,16.0465],[78.8162,16.0468],[78.8168,16.0472],[78.8192,16.0492],[78.8207,16.051],[78.8236,16.055],[78.8258,16.0588],[78.8268,16.061],[78.8277,16.0619],[78.829,16.0631],[78.8315,16.0653],[78.8336,16.0675],[78.8356,16.0696],[78.8365,16.0709],[78.8371,16.0721],[78.838,16.0739],[78.839,16.0765],[78.8401,16.079],[78.8411,16.0819],[78.8416,16.0845],[78.8421,16.0873],[78.8424,16.0901],[78.8423,16.0944],[78.842,16.0978],[78.8415,16.1016],[78.8406,16.1047],[78.8402,16.107],[78.8396,16.1086],[78.8394,16.1096],[78.8395,16.1113],[78.8389,16.1157],[78.838,16.1186],[78.8376,16.1205],[78.8368,16.1232],[78.8364,16.1248],[78.8356,16.127],[78.8349,16.1295],[78.834,16.1331],[78.8335,16.1351],[78.8332,16.137],[78.833,16.1391],[78.8328,16.1422],[78.8329,16.143],[78.8332,16.1439],[78.8336,16.1447],[78.8342,16.1455],[78.8344,16.1458],[78.8351,16.1461],[78.836,16.1465],[78.838,16.1469],[78.8411,16.1477],[78.8442,16.1484],[78.8472,16.1491],[78.8491,16.1492],[78.8536,16.1492],[78.856,16.1492],[78.8599,16.1486],[78.8631,16.1481],[78.8667,16.1472],[78.8692,16.1464],[78.8711,16.1453],[78.872,16.1448],[78.8727,16.1442],[78.8736,16.1432],[78.8745,16.1416],[78.8754,16.1394],[78.8762,16.1368],[78.8769,16.1342],[78.8772,16.1321],[78.8774,16.1312],[78.8778,16.1289],[78.8777,16.1277],[78.8781,16.1241],[78.8784,16.1227],[78.879,16.1198],[78.8798,16.1169],[78.8809,16.1136],[78.8818,16.1112],[78.8827,16.109],[78.8844,16.1059],[78.8855,16.1029],[78.8865,16.1005],[78.8878,16.0961],[78.8888,16.0921],[78.8891,16.0893],[78.8888,16.086],[78.8889,16.0855],[78.8892,16.0851],[78.8898,16.0849],[78.8916,16.0848],[78.8924,16.085],[78.8936,16.0852],[78.8946,16.0855],[78.8956,16.086],[78.8976,16.0873],[78.8981,16.0878],[78.8986,16.0884],[78.8989,16.0888],[78.8997,16.0894],[78.9011,16.0903],[78.9024,16.0916],[78.9042,16.0935],[78.9051,16.0945],[78.9057,16.0951],[78.9067,16.0957],[78.9093,16.0968],[78.9117,16.0976],[78.9138,16.0983],[78.9147,16.0987],[78.9155,16.099],[78.9167,16.0998],[78.9187,16.101],[78.9206,16.1025],[78.9215,16.1032],[78.922,16.1041],[78.9221,16.1047],[78.9222,16.1062],[78.9222,16.1064],[78.9219,16.1087],[78.9213,16.1123],[78.9206,16.1171],[78.9208,16.1201],[78.9212,16.1218],[78.9216,16.1228],[78.9216,16.1229],[78.922,16.1243],[78.9222,16.1255],[78.9228,16.127],[78.9234,16.1243],[78.9258,16.1146],[78.9296,16.099],[78.9309,16.0932],[78.9282,16.0753],[78.9266,16.0633],[78.923,16.0428],[78.9222,16.0381],[78.9172,16.011],[78.9133,15.9831],[78.9116,15.9707],[78.9104,15.9679],[78.8972,15.9578],[78.8801,15.9442],[78.8646,15.9327],[78.8455,15.9143],[78.8371,15.9072],[78.8232,15.8873],[78.8105,15.8681],[78.8082,15.8596],[78.8036,15.8347],[78.7988,15.8083],[78.7959,15.7903],[78.7948,15.784],[78.7912,15.7638],[78.7907,15.7615],[78.7884,15.7537],[78.7836,15.7288],[78.7801,15.7084],[78.776,15.6883],[78.773,15.6714],[78.7711,15.6653],[78.7705,15.6449],[78.7696,15.6346],[78.7694,15.6328],[78.7702,15.6198],[78.7704,15.6057],[78.7718,15.5971],[78.7719,15.5853],[78.7733,15.577],[78.7742,15.5677],[78.7754,15.5629],[78.7753,15.5502],[78.7765,15.5433],[78.7753,15.5194],[78.7758,15.5148],[78.775,15.5085],[78.7719,15.4878],[78.77,15.4708],[78.7696,15.4594],[78.7703,15.4401],[78.7709,15.4227],[78.771,15.4216],[78.7698,15.4172],[78.7672,15.4097],[78.7605,15.3938],[78.7539,15.3812],[78.7487,15.3705],[78.7463,15.3637],[78.7424,15.3534],[78.741,15.3425],[78.7397,15.3375],[78.7381,15.3337],[78.7365,15.3282],[78.737,15.3243],[78.7379,15.3139],[78.7379,15.2929],[78.7381,15.2808],[78.7393,15.2791],[78.7393,15.2687],[78.7388,15.2562],[78.7388,15.2525],[78.7379,15.2474],[78.737,15.2447],[78.7366,15.2433],[78.7367,15.2279],[78.7368,15.2127],[78.7367,15.2036],[78.7368,15.1996],[78.7379,15.1956],[78.7405,15.187],[78.7421,15.1823],[78.7452,15.1826],[78.7487,15.183],[78.7583,15.1851],[78.7532,15.1593],[78.7532,15.1426],[78.7503,15.1346],[78.7531,15.1306],[78.7512,15.1018],[78.7525,15.0987],[78.7584,15.0844],[78.7602,15.08],[78.755,15.0763],[78.7564,15.0714],[78.7589,15.066],[78.7576,15.063],[78.7625,15.0594],[78.7615,15.0537],[78.7545,15.0426],[78.7526,15.0373],[78.7518,15.0368],[78.7482,15.0341],[78.7207,15.0083],[78.7155,15.0015],[78.7179,14.9695],[78.6917,14.9687],[78.6882,14.9606],[78.6878,14.9538],[78.6846,14.939],[78.6761,14.936],[78.6755,14.9359],[78.6748,14.9361],[78.6736,14.9367],[78.6724,14.9367],[78.6702,14.9361],[78.6681,14.9357],[78.6659,14.9353],[78.6652,14.9333],[78.6642,14.9319],[78.6626,14.9309],[78.6612,14.9305],[78.66,14.9304],[78.6587,14.9305],[78.6562,14.9303],[78.6501,14.9297],[78.6479,14.9289],[78.6461,14.9286],[78.644,14.9282],[78.6419,14.9283],[78.6412,14.9273],[78.6394,14.9269],[78.6362,14.9265],[78.6336,14.9264],[78.63,14.9263],[78.6303,14.9303],[78.6314,14.9354],[78.632,14.9387],[78.6315,14.9397],[78.6313,14.9429],[78.6313,14.945],[78.6302,14.9453],[78.6292,14.9459],[78.6255,14.9473],[78.6219,14.948],[78.6185,14.9485],[78.615,14.9486],[78.6116,14.9492],[78.6091,14.9504],[78.6077,14.9511],[78.6064,14.9521],[78.6056,14.9535],[78.6041,14.9539],[78.6022,14.954],[78.6001,14.9535],[78.5988,14.9527],[78.5972,14.9516],[78.5964,14.9505],[78.5959,14.9491],[78.5948,14.9464],[78.5943,14.9433],[78.5932,14.9409],[78.5917,14.9396],[78.5899,14.9396],[78.5885,14.941],[78.5875,14.943],[78.5866,14.9442],[78.5854,14.9455],[78.5833,14.9462],[78.581,14.9465],[78.5793,14.9453],[78.5786,14.9444],[78.5774,14.9434],[78.576,14.9421],[78.5754,14.9404],[78.5743,14.9387],[78.5727,14.9386],[78.5708,14.9381],[78.5699,14.9375],[78.5686,14.9366],[78.567,14.9353],[78.566,14.9341],[78.5651,14.9329],[78.5636,14.9322],[78.5619,14.9316],[78.5606,14.9312],[78.5583,14.9307],[78.5567,14.9305],[78.5549,14.9304],[78.5523,14.9311],[78.5501,14.9317],[78.5489,14.9323],[78.5468,14.9329],[78.5471,14.9359],[78.5472,14.9401],[78.5474,14.944],[78.5478,14.9471],[78.55,14.956],[78.5512,14.9607],[78.5511,14.9618],[78.5487,14.9634],[78.5451,14.9641],[78.5418,14.9647],[78.5399,14.9648],[78.5383,14.9646],[78.5374,14.9639],[78.5372,14.9629],[78.5366,14.9619],[78.5338,14.961],[78.5318,14.9607],[78.5302,14.9608],[78.5285,14.9605],[78.5279,14.96],[78.5273,14.9589],[78.5265,14.9575],[78.5257,14.9563],[78.5246,14.9545],[78.5235,14.9535],[78.5224,14.9533],[78.5201,14.9533],[78.5191,14.9535],[78.5175,14.9493],[78.5169,14.9476],[78.5169,14.9465],[78.5173,14.9456],[78.518,14.9451],[78.5193,14.9443],[78.5199,14.9434],[78.5191,14.9422],[78.5181,14.9411],[78.5169,14.9399],[78.5149,14.9388],[78.5118,14.9366],[78.5095,14.9337],[78.5072,14.9301],[78.5043,14.9259],[78.4999,14.9234],[78.4979,14.922],[78.4961,14.9193],[78.4929,14.9153],[78.4905,14.9115],[78.4885,14.9078],[78.486,14.9023],[78.4849,14.9008],[78.481,14.9012],[78.4773,14.9026],[78.4776,14.9056],[78.4799,14.9119],[78.4821,14.9201],[78.4838,14.924],[78.4854,14.9273],[78.4889,14.9309],[78.4912,14.9357],[78.4927,14.9403],[78.4952,14.9479],[78.4975,14.9539],[78.4983,14.9561],[78.4999,14.956],[78.505,14.9553],[78.5059,14.9579],[78.5078,14.964],[78.51,14.9702],[78.5107,14.974],[78.5127,14.9772],[78.5139,14.9835],[78.5145,14.9886],[78.5165,14.997],[78.515,14.9985],[78.5162,15.0017],[78.515,15.0031],[78.5108,15.0046],[78.509,15.005],[78.5088,15.0054],[78.51,15.0072],[78.5112,15.0093],[78.5132,15.0111],[78.5147,15.0124],[78.5158,15.014],[78.5153,15.0189],[78.5137,15.0196],[78.5128,15.023],[78.5128,15.0302],[78.5129,15.0377],[78.513,15.0473],[78.5142,15.0512],[78.5155,15.0585],[78.5157,15.0604],[78.5147,15.0613],[78.5131,15.0626],[78.5103,15.0635],[78.5085,15.0647],[78.508,15.0661],[78.508,15.0676],[78.5074,15.0688],[78.5061,15.0697],[78.5043,15.0704],[78.5022,15.0706],[78.4994,15.0709],[78.4976,15.071],[78.4951,15.071],[78.4918,15.0722],[78.4881,15.0724],[78.4858,15.0723],[78.4832,15.0722],[78.482,15.0715],[78.4815,15.0702],[78.4817,15.0687],[78.4818,15.0673],[78.4819,15.0655],[78.4815,15.0644],[78.4803,15.0634],[78.4783,15.0636],[78.4771,15.0639],[78.4754,15.0638],[78.4746,15.0634],[78.4751,15.0626],[78.4766,15.0624],[78.4776,15.0617],[78.478,15.0609],[78.478,15.0597],[78.478,15.0584],[78.4787,15.0568],[78.4789,15.0554],[78.4797,15.0538],[78.4801,15.0527],[78.4815,15.0519],[78.4827,15.0503],[78.4841,15.0502],[78.4854,15.0508],[78.4871,15.0507],[78.4873,15.0488],[78.4871,15.0457],[78.488,15.0428],[78.4885,15.0417],[78.4873,15.0409],[78.4866,15.0398],[78.4862,15.0373],[78.4861,15.0362],[78.4855,15.0363],[78.4845,15.0373],[78.4842,15.0386],[78.4843,15.0403],[78.4839,15.0417],[78.4832,15.0429],[78.4817,15.0431],[78.4805,15.0424],[78.4801,15.0411],[78.4794,15.0396],[78.4788,15.0387],[78.4779,15.0382],[78.4762,15.0375],[78.4748,15.0367],[78.4733,15.0363],[78.4721,15.0362],[78.4703,15.0367],[78.4692,15.0386],[78.4673,15.039],[78.4644,15.0392],[78.4627,15.0386],[78.4606,15.0369],[78.46,15.0356],[78.4591,15.0339],[78.4583,15.0328],[78.4571,15.0316],[78.4559,15.0313],[78.4547,15.0313],[78.4518,15.032],[78.4477,15.0324],[78.4462,15.0325],[78.4446,15.0335],[78.443,15.034],[78.441,15.0345],[78.4396,15.0347],[78.4391,15.0357],[78.4378,15.0366],[78.4367,15.0354],[78.4358,15.0342],[78.434,15.0333],[78.432,15.033],[78.4284,15.0333],[78.4251,15.0327],[78.4226,15.0326],[78.4208,15.0322],[78.4198,15.0316],[78.4183,15.0301],[78.4177,15.0276],[78.4173,15.0233],[78.4157,15.0172],[78.4143,15.0125],[78.4138,15.0079],[78.4133,14.9984],[78.4126,14.991],[78.4102,14.9728],[78.4018,14.973],[78.4,14.9719],[78.3984,14.9708],[78.397,14.9701],[78.3955,14.9698],[78.3936,14.9694],[78.3916,14.9689],[78.3896,14.9687],[78.3875,14.9695],[78.3861,14.9707],[78.384,14.972],[78.3809,14.9743],[78.3742,14.9784],[78.3673,14.9822],[78.3595,14.986],[78.3543,14.9907],[78.3496,14.9964],[78.347,14.9983],[78.3455,14.9994],[78.3432,15.0028],[78.343,15.0033],[78.3442,15.0065],[78.3454,15.0094],[78.3499,15.0157],[78.3504,15.0213],[78.3505,15.0261],[78.3529,15.0306],[78.3543,15.0317],[78.3601,15.0305],[78.365,15.0288],[78.3693,15.0268],[78.3704,15.0283],[78.3725,15.0315],[78.3751,15.036],[78.3777,15.0375],[78.3815,15.0386],[78.3844,15.0396],[78.392,15.0439],[78.3962,15.0466],[78.3993,15.0489],[78.3982,15.0497],[78.3955,15.0511],[78.3896,15.0529],[78.3841,15.0543],[78.3787,15.0565],[78.3789,15.058],[78.3803,15.0612],[78.3816,15.0662],[78.3822,15.0686],[78.3818,15.0696],[78.3787,15.0704],[78.3746,15.0714],[78.3715,15.0721],[78.3702,15.0711],[78.3697,15.0691],[78.3677,15.0637],[78.3654,15.0587],[78.3645,15.0543],[78.364,15.0527],[78.3617,15.0529],[78.3589,15.0533],[78.3557,15.054],[78.3537,15.0547],[78.3539,15.0566],[78.3542,15.0586],[78.3545,15.0604],[78.3545,15.0617],[78.35,15.0637],[78.3462,15.0646],[78.341,15.0655],[78.3352,15.0663],[78.3326,15.067],[78.33,15.0693],[78.3258,15.0733],[78.3242,15.0733],[78.322,15.0724],[78.3205,15.0715],[78.3191,15.0704],[78.3173,15.0697],[78.3152,15.0697],[78.3136,15.0697],[78.3119,15.0702],[78.3078,15.0722],[78.3052,15.0733],[78.3023,15.0738],[78.2984,15.0739],[78.2955,15.0739],[78.2916,15.0736],[78.2895,15.0732],[78.2853,15.072],[78.2816,15.0682],[78.2802,15.0652],[78.2787,15.0633],[78.2778,15.0623],[78.2769,15.061],[78.2752,15.0566],[78.2755,15.0548],[78.2759,15.0533],[78.2766,15.0516],[78.2789,15.0467],[78.2798,15.0421],[78.2806,15.0408],[78.2824,15.0392],[78.2833,15.0381],[78.2835,15.0359],[78.2834,15.0316],[78.2826,15.031],[78.2815,15.0297],[78.2804,15.0289],[78.2763,15.0282],[78.2715,15.0281],[78.266,15.0277],[78.2602,15.0272],[78.2569,15.0238],[78.2545,15.0196],[78.2485,15.0086],[78.2442,15.0003],[78.242,15.0006],[78.2394,15.0016],[78.236,15.0034],[78.2343,15.0],[78.2325,14.9956],[78.2319,14.9928],[78.2309,14.9889],[78.2285,14.9847],[78.2267,14.9811],[78.224,14.9755],[78.2226,14.9683],[78.2206,14.9567],[78.219,14.9549],[78.2157,14.9536],[78.2124,14.9527],[78.2099,14.9527],[78.2072,14.9535],[78.2024,14.9551],[78.1986,14.9565],[78.1837,14.9637],[78.1768,14.9651],[78.1679,14.9644],[78.1629,14.9639],[78.1591,14.9632],[78.1562,14.9615],[78.1545,14.9608],[78.1528,14.9585],[78.153,14.9554],[78.1523,14.9523],[78.152,14.9501],[78.1508,14.9487],[78.1464,14.9482],[78.1433,14.9483],[78.141,14.9488],[78.1387,14.9484],[78.137,14.9481],[78.1362,14.9515],[78.1356,14.9552],[78.1352,14.9581],[78.1343,14.9606],[78.1338,14.9615],[78.1322,14.9618],[78.1302,14.9618],[78.1275,14.9621],[78.1262,14.9627],[78.1254,14.9633],[78.1251,14.965],[78.1233,14.9651],[78.1198,14.9652],[78.1182,14.9663],[78.1161,14.9669],[78.1114,14.9672],[78.1046,14.9674],[78.098,14.9677],[78.0931,14.9694],[78.0878,14.972],[78.087,14.9732],[78.0878,14.977],[78.0884,14.9826],[78.0868,14.983],[78.0853,14.9837],[78.0843,14.9846],[78.083,14.986],[78.0819,14.9868],[78.0793,14.9878],[78.0723,14.9918],[78.0677,14.994],[78.0654,14.9957],[78.0647,14.9974],[78.0628,14.9989],[78.0621,15.0001],[78.0617,15.0018],[78.0606,15.0031],[78.0591,15.0031],[78.0583,15.003],[78.0573,15.002],[78.0569,15.0008],[78.0566,14.9996],[78.0562,14.9977],[78.0546,14.9925],[78.0509,14.9938],[78.0426,14.997],[78.0364,14.9988],[78.0343,14.9996],[78.0336,15.001],[78.0327,15.0032],[78.0317,15.0051],[78.0307,15.0062],[78.0296,15.0072],[78.0284,15.0083],[78.0276,15.0092],[78.0267,15.0108],[78.0263,15.012],[78.0268,15.0159],[78.0267,15.0169],[78.0216,15.0173],[78.0199,15.0184],[78.0151,15.0239],[78.0101,15.0291],[78.0104,15.0328],[78.0103,15.0362],[78.0101,15.0397],[78.0106,15.0427],[78.0108,15.0438],[78.0102,15.0461],[78.0105,15.0501],[78.0098,15.0516],[78.0072,15.0524],[78.0056,15.0527],[78.0036,15.0558],[78.0015,15.0586],[77.9987,15.0608],[77.9965,15.0626],[77.9951,15.0648],[77.996,15.0676],[77.9969,15.0698],[77.9981,15.0715],[77.9986,15.0729],[77.9982,15.0739],[77.9966,15.0759],[77.9961,15.0774],[77.9966,15.0788],[77.9975,15.0806],[77.9979,15.082],[77.9984,15.0828],[78.0004,15.0822],[78.0012,15.0812],[78.0032,15.0808],[78.0043,15.0808],[78.0055,15.0813],[78.0059,15.0826],[78.0067,15.0868],[78.0069,15.0907],[78.0066,15.0945],[78.0073,15.0953],[78.0105,15.0999],[78.0126,15.1021],[78.0139,15.1026],[78.0139,15.1053],[78.0142,15.112]]]}},{"type":"Feature","properties":{"district":"NTR","district_hi":"एनटीआर"},"geometry":{"type":"Polygon","coordinates":[[[80.4699,16.941],[80.4693,16.9416],[80.4695,16.9416],[80.4688,16.9423],[80.4674,16.9432],[80.4659,16.9443],[80.4641,16.9455],[80.4628,16.9469],[80.4615,16.9481],[80.4602,16.9489],[80.4601,16.9487],[80.459,16.9493],[80.4578,16.95],[80.4563,16.9509],[80.456,16.951],[80.4533,16.9525],[80.4512,16.9537],[80.4496,16.9546],[80.4495,16.9547],[80.4479,16.9556],[80.4476,16.9558],[80.447,16.9561],[80.4454,16.9561],[80.4438,16.9564],[80.4421,16.9567],[80.4421,16.9568],[80.4411,16.957],[80.4394,16.9567],[80.4394,16.9572],[80.4394,16.9573],[80.4376,16.9578],[80.4373,16.9578],[80.4367,16.9579],[80.4366,16.958],[80.4361,16.9581],[80.4352,16.9584],[80.4341,16.9588],[80.4331,16.9591],[80.4328,16.9592],[80.4309,16.9599],[80.4292,16.9604],[80.4291,16.9603],[80.4282,16.9607],[80.4255,16.9611],[80.4237,16.9614],[80.4235,16.9611],[80.4227,16.9615],[80.4216,16.9622],[80.4214,16.9626],[80.4207,16.9628],[80.4199,16.9629],[80.419,16.9627],[80.4185,16.9627],[80.4173,16.9629],[80.4168,16.9631],[80.4162,16.9631],[80.4137,16.9635],[80.4136,16.9635],[80.4105,16.964],[80.4064,16.9642],[80.405,16.9648],[80.4037,16.9652],[80.402,16.9657],[80.4003,16.9662],[80.3987,16.9666],[80.3976,16.9669],[80.3977,16.9671],[80.3963,16.9673],[80.3948,16.9678],[80.393,16.9685],[80.391,16.9692],[80.3882,16.9702],[80.3864,16.9709],[80.3843,16.9717],[80.3834,16.972],[80.3815,16.9726],[80.3812,16.9726],[80.3804,16.9732],[80.379,16.9737],[80.3786,16.9726],[80.3762,16.973],[80.3754,16.9732],[80.3742,16.9735],[80.3729,16.9737],[80.3701,16.9741],[80.3694,16.9741],[80.3688,16.9743],[80.3683,16.9742],[80.3678,16.974],[80.3673,16.9739],[80.3667,16.9737],[80.3664,16.9739],[80.366,16.9741],[80.3657,16.9748],[80.3655,16.9749],[80.3651,16.9751],[80.3632,16.9759],[80.363,16.9757],[80.3634,16.9764],[80.3635,16.9765],[80.3638,16.9765],[80.3638,16.9767],[80.3644,16.9775],[80.3653,16.9778],[80.3656,16.9782],[80.3659,16.9789],[80.3659,16.979],[80.3662,16.9799],[80.3665,16.9804],[80.3665,16.9805],[80.3664,16.9806],[80.3664,16.9807],[80.3667,16.981],[80.367,16.981],[80.3675,16.9812],[80.3678,16.9812],[80.3681,16.981],[80.3684,16.9813],[80.3688,16.9818],[80.3689,16.982],[80.3693,16.9826],[80.3694,16.9828],[80.3695,16.9829],[80.3703,16.9842],[80.3706,16.9845],[80.3707,16.9847],[80.3712,16.985],[80.3714,16.9851],[80.3715,16.9853],[80.3722,16.9862],[80.3733,16.9868],[80.3735,16.9869],[80.3736,16.987],[80.3746,16.9877],[80.3755,16.9884],[80.3757,16.9887],[80.3758,16.9888],[80.3759,16.9889],[80.3766,16.9898],[80.377,16.9904],[80.3772,16.9906],[80.3779,16.9918],[80.3785,16.9927],[80.3786,16.9928],[80.3787,16.9929],[80.379,16.9937],[80.3799,16.9953],[80.3799,16.9954],[80.38,16.9955],[80.3806,16.9966],[80.3809,16.9968],[80.381,16.997],[80.381,16.9978],[80.3812,16.998],[80.3813,16.9981],[80.3814,16.9982],[80.3825,16.9994],[80.3829,16.9997],[80.3832,17.0],[80.3843,17.0011],[80.3846,17.0014],[80.385,17.0017],[80.3852,17.0019],[80.3852,17.002],[80.3855,17.0029],[80.3856,17.0032],[80.3857,17.0033],[80.3864,17.0039],[80.3869,17.0049],[80.387,17.0051],[80.387,17.0052],[80.3872,17.0068],[80.3872,17.007],[80.3872,17.0071],[80.3872,17.008],[80.3907,17.0091],[80.3934,17.0101],[80.395,17.0106],[80.3962,17.0111],[80.3971,17.0114],[80.3981,17.0118],[80.3987,17.012],[80.3988,17.012],[80.3989,17.0121],[80.4008,17.0129],[80.4019,17.0134],[80.4045,17.0146],[80.4074,17.0159],[80.4075,17.0159],[80.4073,17.0167],[80.4072,17.0174],[80.4072,17.0175],[80.4072,17.0181],[80.4071,17.0191],[80.4071,17.0195],[80.4072,17.0198],[80.4073,17.0213],[80.4073,17.0216],[80.4072,17.0216],[80.4073,17.0219],[80.4073,17.022],[80.4071,17.0234],[80.4072,17.0246],[80.4073,17.0256],[80.4066,17.0258],[80.4069,17.0262],[80.4062,17.0272],[80.4052,17.0286],[80.4042,17.0294],[80.4032,17.03],[80.4008,17.0313],[80.401,17.0319],[80.4012,17.0325],[80.4014,17.0331],[80.4015,17.0335],[80.4007,17.0335],[80.3993,17.0335],[80.3988,17.0334],[80.3987,17.0334],[80.3985,17.0335],[80.3979,17.0339],[80.3976,17.034],[80.3973,17.0344],[80.3962,17.0358],[80.3957,17.0358],[80.3961,17.0359],[80.3961,17.0378],[80.3963,17.0389],[80.3967,17.0404],[80.3967,17.0405],[80.3964,17.0425],[80.3962,17.0435],[80.3961,17.0437],[80.3961,17.044],[80.3962,17.0447],[80.3963,17.0452],[80.3962,17.0455],[80.3967,17.0478],[80.3968,17.0483],[80.3972,17.0485],[80.3975,17.0486],[80.3977,17.0489],[80.3979,17.0493],[80.3979,17.0495],[80.3979,17.0499],[80.398,17.0502],[80.398,17.0505],[80.398,17.051],[80.398,17.0516],[80.3981,17.0524],[80.3957,17.0533],[80.3941,17.054],[80.3944,17.0545],[80.3934,17.0551],[80.3932,17.056],[80.3929,17.0571],[80.3927,17.0582],[80.3925,17.059],[80.3916,17.0601],[80.3912,17.0614],[80.3908,17.0622],[80.39,17.063],[80.3885,17.0642],[80.3877,17.0663],[80.3886,17.0671],[80.389,17.0675],[80.3892,17.068],[80.3891,17.0688],[80.387,17.0708],[80.3871,17.0709],[80.3872,17.0709],[80.3877,17.0715],[80.3878,17.0717],[80.3879,17.0718],[80.388,17.072],[80.3883,17.0725],[80.3887,17.0731],[80.3887,17.0732],[80.3888,17.0732],[80.3892,17.0737],[80.3894,17.0738],[80.3898,17.0743],[80.3901,17.0745],[80.3903,17.0747],[80.3905,17.0749],[80.3905,17.075],[80.3908,17.0753],[80.3911,17.0756],[80.3915,17.076],[80.3919,17.0763],[80.3924,17.0768],[80.3927,17.0771],[80.3928,17.0772],[80.3931,17.0774],[80.3941,17.078],[80.3944,17.0781],[80.3951,17.0785],[80.3954,17.0787],[80.3955,17.0787],[80.3958,17.0789],[80.3967,17.0793],[80.3968,17.0794],[80.3971,17.0796],[80.3975,17.0798],[80.3977,17.0798],[80.3978,17.0799],[80.3982,17.0802],[80.3987,17.0806],[80.3991,17.0808],[80.3993,17.081],[80.3995,17.0811],[80.3998,17.0814],[80.3998,17.0815],[80.4001,17.0817],[80.4004,17.0819],[80.4005,17.0821],[80.4007,17.0823],[80.4015,17.0821],[80.4019,17.0821],[80.4024,17.082],[80.4026,17.0819],[80.4033,17.0818],[80.4035,17.0817],[80.4036,17.0818],[80.4041,17.0825],[80.4047,17.0831],[80.4049,17.0835],[80.4051,17.0841],[80.4051,17.0843],[80.4051,17.0844],[80.405,17.0847],[80.405,17.0854],[80.4049,17.086],[80.4048,17.0867],[80.4048,17.0869],[80.4055,17.0875],[80.4056,17.0876],[80.4057,17.0877],[80.4059,17.0881],[80.406,17.0882],[80.4061,17.0881],[80.4065,17.0881],[80.4067,17.0879],[80.4068,17.0879],[80.4073,17.0877],[80.4075,17.0876],[80.4076,17.0875],[80.4076,17.0871],[80.4082,17.0866],[80.4084,17.0874],[80.4086,17.0884],[80.4088,17.0891],[80.4089,17.0897],[80.409,17.0904],[80.4091,17.0909],[80.4098,17.0911],[80.4101,17.0913],[80.4106,17.0926],[80.4112,17.0928],[80.412,17.0928],[80.4131,17.093],[80.414,17.0932],[80.4141,17.0922],[80.4143,17.0921],[80.4146,17.0919],[80.4151,17.0918],[80.4153,17.0917],[80.4153,17.0916],[80.4153,17.0914],[80.4155,17.0914],[80.4167,17.0916],[80.419,17.0919],[80.4193,17.0919],[80.4195,17.092],[80.4195,17.0919],[80.4196,17.0919],[80.4184,17.0898],[80.4187,17.0897],[80.4193,17.0898],[80.4193,17.0896],[80.4191,17.0893],[80.4183,17.0888],[80.4184,17.0885],[80.4179,17.0884],[80.4177,17.0878],[80.4176,17.087],[80.4176,17.0865],[80.4179,17.0853],[80.4182,17.0844],[80.4182,17.0839],[80.4183,17.0806],[80.4183,17.0789],[80.4179,17.0768],[80.4165,17.0741],[80.4167,17.0738],[80.4174,17.0731],[80.4182,17.0721],[80.4187,17.0714],[80.4207,17.0694],[80.4208,17.0693],[80.4209,17.0692],[80.4218,17.0682],[80.4232,17.0669],[80.4234,17.0665],[80.4246,17.0643],[80.4256,17.0628],[80.4276,17.0609],[80.4283,17.0604],[80.4307,17.058],[80.4311,17.0575],[80.4313,17.0576],[80.432,17.0566],[80.4328,17.0541],[80.4335,17.0517],[80.4359,17.0443],[80.4377,17.0408],[80.4381,17.0381],[80.4398,17.0376],[80.4417,17.0372],[80.4436,17.0368],[80.4457,17.0363],[80.4462,17.0362],[80.4477,17.036],[80.4524,17.0353],[80.4548,17.0344],[80.4569,17.0336],[80.4579,17.0332],[80.4607,17.0319],[80.4622,17.0312],[80.4647,17.0304],[80.4652,17.032],[80.4657,17.0338],[80.4664,17.0361],[80.4673,17.0385],[80.4677,17.0399],[80.4679,17.0413],[80.4689,17.0434],[80.4695,17.0458],[80.4696,17.046],[80.4705,17.048],[80.4713,17.0502],[80.4716,17.0505],[80.4719,17.0505],[80.472,17.0505],[80.4727,17.0504],[80.4729,17.0505],[80.4737,17.0507],[80.4742,17.0508],[80.4743,17.0508],[80.4745,17.0508],[80.4749,17.0509],[80.4756,17.0511],[80.4759,17.0511],[80.4761,17.0511],[80.4762,17.0511],[80.4763,17.0511],[80.4768,17.0513],[80.4771,17.0514],[80.4773,17.0515],[80.4774,17.0515],[80.4778,17.0516],[80.4784,17.0517],[80.4789,17.0517],[80.479,17.0517],[80.4792,17.0517],[80.48,17.0517],[80.4806,17.0517],[80.4808,17.0517],[80.4826,17.0517],[80.4838,17.0519],[80.4847,17.052],[80.4849,17.0521],[80.4851,17.0521],[80.4857,17.052],[80.4865,17.0519],[80.4868,17.0519],[80.4869,17.0519],[80.4886,17.0515],[80.4888,17.0515],[80.4896,17.0514],[80.4903,17.0512],[80.4908,17.0511],[80.4917,17.0511],[80.4917,17.0513],[80.4915,17.0525],[80.4915,17.0527],[80.4916,17.0528],[80.4919,17.0534],[80.4922,17.0542],[80.4923,17.0545],[80.4923,17.0546],[80.4925,17.0552],[80.4928,17.0553],[80.4929,17.0555],[80.4931,17.0563],[80.4932,17.0564],[80.4932,17.0566],[80.4933,17.0569],[80.4936,17.0573],[80.4935,17.0575],[80.4935,17.0582],[80.4935,17.0585],[80.494,17.059],[80.4945,17.0597],[80.4946,17.0596],[80.4956,17.0602],[80.496,17.0605],[80.4965,17.0608],[80.4972,17.0613],[80.4989,17.0626],[80.5012,17.0642],[80.502,17.0649],[80.5043,17.0666],[80.5047,17.0676],[80.5049,17.0684],[80.5049,17.069],[80.505,17.0695],[80.5051,17.0699],[80.5052,17.0702],[80.5054,17.0711],[80.5055,17.0718],[80.5059,17.0729],[80.5064,17.0745],[80.5069,17.0757],[80.507,17.0769],[80.507,17.0771],[80.507,17.0776],[80.5071,17.0784],[80.5076,17.0786],[80.5078,17.0794],[80.5082,17.0803],[80.5086,17.0816],[80.5087,17.0821],[80.5088,17.0825],[80.509,17.0833],[80.5097,17.0845],[80.5103,17.0853],[80.5096,17.0858],[80.5086,17.0866],[80.508,17.0867],[80.5077,17.0869],[80.5072,17.0872],[80.5063,17.0876],[80.5056,17.0884],[80.5053,17.0885],[80.5056,17.0884],[80.5042,17.0893],[80.504,17.0893],[80.5036,17.0894],[80.5035,17.0895],[80.5033,17.0896],[80.5035,17.09],[80.5039,17.0911],[80.5041,17.092],[80.5043,17.0928],[80.5045,17.0936],[80.5046,17.094],[80.5047,17.0946],[80.5051,17.096],[80.5057,17.098],[80.5066,17.0998],[80.5068,17.1],[80.5069,17.1001],[80.5075,17.1008],[80.5081,17.1016],[80.5091,17.1028],[80.5099,17.1037],[80.5109,17.1051],[80.5112,17.1054],[80.5117,17.106],[80.5119,17.1062],[80.512,17.1064],[80.5122,17.1067],[80.5127,17.1073],[80.5128,17.1075],[80.5129,17.1077],[80.513,17.1081],[80.5131,17.1083],[80.5146,17.1123],[80.5142,17.1154],[80.5141,17.1182],[80.5142,17.1194],[80.5142,17.121],[80.5164,17.1205],[80.5173,17.1204],[80.5183,17.1203],[80.5206,17.1199],[80.5226,17.1195],[80.5233,17.1193],[80.5256,17.1188],[80.5256,17.1186],[80.5257,17.1185],[80.526,17.1184],[80.5263,17.1183],[80.5273,17.1179],[80.5278,17.1176],[80.5279,17.1177],[80.5281,17.1178],[80.5285,17.1181],[80.5296,17.1185],[80.5304,17.1189],[80.5306,17.119],[80.5313,17.1192],[80.5314,17.1193],[80.5317,17.1193],[80.534,17.1197],[80.5341,17.1198],[80.5345,17.1202],[80.5347,17.1203],[80.5348,17.1205],[80.5349,17.1206],[80.5349,17.1207],[80.535,17.1208],[80.5351,17.121],[80.5352,17.121],[80.5357,17.1212],[80.5364,17.1215],[80.5375,17.1221],[80.5377,17.1222],[80.5388,17.1227],[80.5393,17.1229],[80.5404,17.1234],[80.5412,17.1236],[80.5425,17.1243],[80.5427,17.1244],[80.5431,17.1243],[80.5438,17.1246],[80.544,17.1252],[80.5441,17.1254],[80.5443,17.1255],[80.5448,17.1256],[80.545,17.1258],[80.545,17.126],[80.5449,17.1262],[80.5449,17.1268],[80.5451,17.1263],[80.5453,17.1263],[80.5456,17.127],[80.5472,17.1293],[80.5473,17.1294],[80.548,17.1302],[80.549,17.1313],[80.5508,17.1321],[80.5515,17.1321],[80.5519,17.1324],[80.5525,17.1329],[80.5531,17.1334],[80.5532,17.1335],[80.5536,17.1333],[80.5544,17.1329],[80.5547,17.1328],[80.555,17.1327],[80.5553,17.1326],[80.5576,17.1323],[80.5584,17.1323],[80.5588,17.1323],[80.5595,17.1324],[80.5601,17.1325],[80.5608,17.1328],[80.5618,17.1333],[80.5621,17.1334],[80.5629,17.1338],[80.5642,17.1345],[80.5646,17.1349],[80.5653,17.1354],[80.5662,17.1359],[80.5668,17.1365],[80.5674,17.1373],[80.568,17.1381],[80.5687,17.1392],[80.5698,17.141],[80.5704,17.142],[80.5705,17.1421],[80.5707,17.1426],[80.5711,17.1433],[80.5713,17.1431],[80.5714,17.1435],[80.5722,17.1441],[80.5731,17.1448],[80.5733,17.1449],[80.5742,17.1458],[80.5743,17.146],[80.5745,17.1461],[80.5746,17.1462],[80.5747,17.1464],[80.575,17.1469],[80.5757,17.1477],[80.5763,17.1483],[80.5777,17.1496],[80.5779,17.15],[80.5786,17.1514],[80.579,17.1521],[80.5795,17.1528],[80.5795,17.1529],[80.5798,17.1532],[80.5828,17.1516],[80.5842,17.151],[80.5845,17.1508],[80.585,17.1506],[80.5859,17.1501],[80.5863,17.15],[80.5868,17.1497],[80.5871,17.1496],[80.5876,17.1494],[80.588,17.1492],[80.5884,17.149],[80.5891,17.1487],[80.5893,17.1486],[80.5946,17.1466],[80.5976,17.1455],[80.5994,17.1448],[80.6008,17.1425],[80.6017,17.141],[80.6026,17.1406],[80.603,17.1398],[80.6039,17.1383],[80.6048,17.1368],[80.6058,17.1349],[80.606,17.1345],[80.6072,17.1349],[80.6072,17.1351],[80.609,17.1345],[80.6102,17.1338],[80.6113,17.1335],[80.6121,17.1333],[80.6121,17.1334],[80.6127,17.1333],[80.6131,17.1332],[80.6132,17.1331],[80.6133,17.133],[80.6134,17.1331],[80.6139,17.1329],[80.6141,17.1328],[80.6143,17.1327],[80.6147,17.1326],[80.615,17.1325],[80.6155,17.1324],[80.6162,17.1321],[80.6166,17.132],[80.6167,17.1318],[80.6176,17.1314],[80.6184,17.1308],[80.6188,17.1302],[80.6191,17.1298],[80.6187,17.129],[80.6192,17.1287],[80.6202,17.1282],[80.6215,17.1287],[80.6232,17.1291],[80.6238,17.1293],[80.6248,17.1291],[80.6251,17.1292],[80.626,17.1294],[80.6278,17.1296],[80.6284,17.1297],[80.6293,17.1299],[80.6308,17.1295],[80.6329,17.1291],[80.6353,17.1288],[80.6362,17.1285],[80.6373,17.128],[80.6397,17.1268],[80.6403,17.1265],[80.6411,17.126],[80.6424,17.1252],[80.6435,17.1246],[80.6441,17.1242],[80.6439,17.1238],[80.6436,17.1234],[80.6437,17.1219],[80.6437,17.1214],[80.644,17.1209],[80.6431,17.1189],[80.6429,17.1184],[80.6419,17.1159],[80.6432,17.1149],[80.6449,17.1137],[80.6451,17.1137],[80.6464,17.1127],[80.6465,17.1126],[80.6466,17.1125],[80.6479,17.1115],[80.648,17.1114],[80.6496,17.1113],[80.6502,17.111],[80.652,17.1107],[80.6535,17.1105],[80.6544,17.1104],[80.6558,17.1101],[80.6559,17.11],[80.6565,17.1099],[80.6567,17.1097],[80.6581,17.109],[80.6584,17.1088],[80.6587,17.1089],[80.6592,17.1086],[80.6598,17.1082],[80.6603,17.1079],[80.6605,17.1078],[80.6609,17.1075],[80.661,17.1074],[80.6622,17.1068],[80.6628,17.1065],[80.664,17.1057],[80.6652,17.1048],[80.6685,17.1027],[80.6699,17.1017],[80.67,17.1001],[80.6695,17.0962],[80.6683,17.0952],[80.6664,17.0941],[80.6647,17.0933],[80.6625,17.0902],[80.6603,17.0894],[80.6564,17.0874],[80.6557,17.0868],[80.6537,17.0834],[80.6502,17.0713],[80.6524,17.0697],[80.6531,17.0693],[80.6549,17.0686],[80.6559,17.0681],[80.6578,17.0679],[80.6591,17.0679],[80.6596,17.0678],[80.6612,17.0678],[80.6626,17.0678],[80.6664,17.0675],[80.6678,17.0678],[80.6693,17.0689],[80.6722,17.068],[80.6745,17.0681],[80.6768,17.0716],[80.6798,17.0717],[80.6814,17.0724],[80.6868,17.0731],[80.6874,17.073],[80.6918,17.0736],[80.6922,17.0734],[80.6932,17.0736],[80.694,17.0739],[80.6947,17.0742],[80.6952,17.0741],[80.6961,17.0744],[80.6963,17.075],[80.6968,17.0759],[80.6973,17.0766],[80.6978,17.0781],[80.6968,17.08],[80.6975,17.0798],[80.6982,17.0808],[80.698,17.0817],[80.6992,17.0818],[80.6993,17.0821],[80.6997,17.082],[80.7004,17.0817],[80.7007,17.0815],[80.7012,17.0814],[80.7016,17.0813],[80.7019,17.0813],[80.7024,17.0814],[80.7026,17.0814],[80.705,17.0808],[80.7065,17.0811],[80.7093,17.0819],[80.7126,17.0814],[80.7138,17.0811],[80.7142,17.081],[80.715,17.0808],[80.7158,17.0805],[80.7173,17.08],[80.7182,17.08],[80.7194,17.0799],[80.7205,17.0796],[80.7212,17.0795],[80.7217,17.0794],[80.7235,17.0793],[80.7241,17.0793],[80.7266,17.0788],[80.7279,17.0786],[80.7279,17.0787],[80.7284,17.0788],[80.7291,17.0784],[80.7312,17.0781],[80.7341,17.0778],[80.7348,17.0776],[80.7368,17.0774],[80.7383,17.0778],[80.739,17.0782],[80.7392,17.0788],[80.7399,17.0747],[80.7453,17.0739],[80.7478,17.0736],[80.7494,17.0727],[80.7491,17.0721],[80.7487,17.0718],[80.7485,17.0716],[80.7485,17.0712],[80.7491,17.0712],[80.7502,17.0709],[80.7505,17.0714],[80.7525,17.0716],[80.7538,17.071],[80.7552,17.0708],[80.7604,17.0685],[80.7653,17.0665],[80.7672,17.0662],[80.7694,17.0663],[80.771,17.0663],[80.7728,17.0663],[80.7744,17.0658],[80.7768,17.0658],[80.7786,17.0655],[80.7792,17.0654],[80.7806,17.0653],[80.7815,17.0647],[80.7822,17.0641],[80.7825,17.0641],[80.7848,17.0642],[80.7874,17.0642],[80.792,17.0633],[80.7933,17.0631],[80.7945,17.0626],[80.7952,17.0623],[80.7967,17.0619],[80.7957,17.058],[80.7939,17.0537],[80.7928,17.0468],[80.7895,17.0409],[80.7852,17.0357],[80.7803,17.0292],[80.7793,17.0266],[80.7821,17.0242],[80.7862,17.0215],[80.79,17.0172],[80.7925,17.0137],[80.7953,17.011],[80.7969,17.0093],[80.798,17.0071],[80.799,17.0058],[80.8014,17.0046],[80.8047,17.0035],[80.8087,17.002],[80.8134,17.0],[80.8169,16.9972],[80.82,16.9964],[80.8248,16.994],[80.8252,16.9917],[80.8251,16.9888],[80.8251,16.9847],[80.8256,16.9812],[80.8267,16.979],[80.8286,16.976],[80.8291,16.9739],[80.8291,16.9721],[80.8281,16.97],[80.8269,16.967],[80.8268,16.9544],[80.8272,16.9482],[80.8257,16.9453],[80.8253,16.9408],[80.8245,16.937],[80.8251,16.9309],[80.8303,16.9285],[80.8357,16.9272],[80.842,16.924],[80.8474,16.9214],[80.8505,16.9185],[80.8527,16.9165],[80.8548,16.9152],[80.8537,16.9078],[80.8515,16.9035],[80.8497,16.8974],[80.8475,16.8885],[80.842,16.8849],[80.8345,16.8841],[80.8212,16.88],[80.8131,16.882],[80.7964,16.8831],[80.7995,16.8787],[80.8014,16.8763],[80.8009,16.8727],[80.7996,16.8689],[80.7977,16.8615],[80.7891,16.8569],[80.7825,16.8539],[80.7766,16.8522],[80.7718,16.8498],[80.7705,16.8455],[80.7713,16.8429],[80.7729,16.8407],[80.7767,16.8377],[80.7779,16.8329],[80.7774,16.8229],[80.7749,16.8151],[80.7745,16.8108],[80.7727,16.8072],[80.7702,16.8031],[80.7682,16.7967],[80.7672,16.7894],[80.7629,16.7843],[80.7593,16.7787],[80.7585,16.7776],[80.7561,16.7741],[80.7501,16.7646],[80.7408,16.7505],[80.73,16.7314],[80.7211,16.7173],[80.7141,16.7085],[80.7069,16.7037],[80.7091,16.7014],[80.7061,16.6971],[80.6984,16.688],[80.6924,16.6803],[80.6885,16.673],[80.687,16.6683],[80.687,16.6431],[80.6874,16.6381],[80.6892,16.6353],[80.693,16.6322],[80.6977,16.6294],[80.6974,16.6198],[80.6962,16.6169],[80.6954,16.6125],[80.6953,16.6097],[80.6959,16.6061],[80.6982,16.6023],[80.7008,16.597],[80.7031,16.5923],[80.7,16.5811],[80.6975,16.5749],[80.6974,16.5703],[80.694,16.5638],[80.6896,16.5549],[80.6874,16.548],[80.6887,16.5433],[80.698,16.5401],[80.7124,16.5361],[80.7224,16.5295],[80.7261,16.5268],[80.7313,16.5251],[80.7382,16.5235],[80.7457,16.522],[80.757,16.5229],[80.7551,16.5179],[80.7541,16.5135],[80.75,16.5058],[80.7479,16.4998],[80.7426,16.498],[80.736,16.4962],[80.7296,16.4968],[80.7219,16.4993],[80.7186,16.5062],[80.7153,16.5072],[80.7068,16.5098],[80.701,16.5129],[80.6942,16.515],[80.6862,16.5182],[80.681,16.5216],[80.6797,16.5251],[80.6801,16.5295],[80.6815,16.5354],[80.6812,16.5443],[80.6798,16.5455],[80.6761,16.5469],[80.6718,16.5481],[80.6689,16.5489],[80.6663,16.5495],[80.6641,16.5497],[80.6629,16.5505],[80.6594,16.5428],[80.662,16.5373],[80.6658,16.5306],[80.6657,16.5281],[80.6629,16.5227],[80.6625,16.5219],[80.6668,16.5178],[80.6675,16.5141],[80.6706,16.5105],[80.6748,16.5082],[80.682,16.5055],[80.6785,16.4988],[80.6753,16.4946],[80.6776,16.4916],[80.6816,16.4886],[80.6879,16.4863],[80.6827,16.4845],[80.677,16.4846],[80.672,16.4855],[80.67,16.488],[80.6637,16.4913],[80.6615,16.4901],[80.6578,16.4882],[80.6499,16.4819],[80.6427,16.4709],[80.6411,16.472],[80.6393,16.4734],[80.6372,16.4743],[80.6357,16.475],[80.632,16.4748],[80.6301,16.4756],[80.6299,16.4771],[80.6298,16.4806],[80.6272,16.4901],[80.6232,16.4931],[80.6136,16.5046],[80.6055,16.5078],[80.6047,16.5082],[80.5984,16.5138],[80.587,16.522],[80.585,16.5233],[80.5589,16.5403],[80.544,16.553],[80.5219,16.5699],[80.5084,16.5669],[80.4942,16.5739],[80.4862,16.5728],[80.4831,16.573],[80.4822,16.5727],[80.4805,16.5718],[80.4717,16.5707],[80.4608,16.5743],[80.4602,16.5742],[80.4503,16.5735],[80.4306,16.5765],[80.4277,16.5785],[80.4253,16.5801],[80.4163,16.5865],[80.415,16.5872],[80.4091,16.5892],[80.408,16.5893],[80.4053,16.589],[80.3961,16.5865],[80.3937,16.5862],[80.3635,16.5849],[80.3495,16.5837],[80.3392,16.5847],[80.3387,16.5848],[80.3381,16.5851],[80.3242,16.5931],[80.3156,16.5897],[80.3143,16.5892],[80.3129,16.589],[80.3114,16.5889],[80.3107,16.5889],[80.3099,16.589],[80.2976,16.5905],[80.296,16.5907],[80.295,16.5908],[80.294,16.5911],[80.2928,16.5918],[80.2838,16.5968],[80.2794,16.599],[80.2784,16.5994],[80.2772,16.5994],[80.2697,16.5988],[80.2685,16.5985],[80.2672,16.5979],[80.261,16.5944],[80.2516,16.5879],[80.2449,16.588],[80.2392,16.5922],[80.2322,16.5974],[80.2054,16.6022],[80.1985,16.6101],[80.1908,16.614],[80.1695,16.6382],[80.1441,16.6474],[80.1388,16.6528],[80.1366,16.6594],[80.1386,16.6726],[80.1429,16.6847],[80.1448,16.6906],[80.1429,16.6995],[80.1405,16.7133],[80.1448,16.7207],[80.1445,16.7339],[80.1328,16.7653],[80.1314,16.7848],[80.1301,16.7922],[80.1283,16.8024],[80.1196,16.8177],[80.1131,16.8215],[80.1009,16.8221],[80.0876,16.822],[80.0797,16.8192],[80.0727,16.8162],[80.071,16.8139],[80.072,16.8157],[80.0726,16.8168],[80.0729,16.8177],[80.0729,16.8181],[80.0722,16.8184],[80.0712,16.8188],[80.0707,16.8194],[80.0704,16.8202],[80.0704,16.8205],[80.0695,16.8208],[80.0683,16.821],[80.0678,16.8211],[80.0659,16.8219],[80.0651,16.8222],[80.0616,16.8241],[80.0605,16.8248],[80.0591,16.8253],[80.0577,16.8259],[80.0572,16.8265],[80.055,16.8275],[80.0539,16.8285],[80.0525,16.8294],[80.0519,16.83],[80.0515,16.8304],[80.0513,16.8307],[80.051,16.8309],[80.0508,16.8312],[80.0501,16.8319],[80.0486,16.834],[80.0486,16.837],[80.049,16.8386],[80.0488,16.8442],[80.049,16.8459],[80.0489,16.8511],[80.0485,16.8507],[80.0436,16.853],[80.0416,16.8539],[80.0371,16.8544],[80.0352,16.8544],[80.0328,16.8547],[80.03,16.8553],[80.0274,16.8558],[80.0251,16.8561],[80.023,16.8565],[80.0195,16.8585],[80.0174,16.8601],[80.0155,16.862],[80.0138,16.8644],[80.013,16.866],[80.0113,16.8702],[80.0105,16.8725],[80.0104,16.874],[80.0103,16.8755],[80.0103,16.8771],[80.0094,16.8802],[80.0085,16.882],[80.0085,16.8828],[80.0084,16.8832],[80.0085,16.8833],[80.0087,16.8845],[80.0087,16.8854],[80.0089,16.8859],[80.009,16.8862],[80.0095,16.8873],[80.01,16.8881],[80.0102,16.8887],[80.0107,16.8896],[80.011,16.8908],[80.0113,16.8919],[80.0115,16.8924],[80.0118,16.8931],[80.0118,16.8934],[80.0119,16.8936],[80.0119,16.8938],[80.0119,16.8942],[80.0121,16.8944],[80.0126,16.8961],[80.0126,16.8963],[80.0129,16.8971],[80.0128,16.8974],[80.0137,16.8993],[80.0136,16.9007],[80.0135,16.9011],[80.0139,16.9031],[80.014,16.9032],[80.0141,16.9037],[80.0143,16.9049],[80.0145,16.9055],[80.0146,16.9057],[80.0145,16.9061],[80.0146,16.9065],[80.0146,16.9067],[80.0148,16.9073],[80.0148,16.9075],[80.0149,16.9078],[80.015,16.9077],[80.0151,16.9078],[80.0151,16.908],[80.0151,16.9082],[80.0152,16.9083],[80.0154,16.9087],[80.0155,16.909],[80.0157,16.9096],[80.0159,16.9101],[80.0159,16.9103],[80.0161,16.9114],[80.0163,16.912],[80.0163,16.9123],[80.0165,16.9131],[80.0166,16.9134],[80.0166,16.9138],[80.0166,16.9141],[80.0166,16.9145],[80.0166,16.9147],[80.0183,16.914],[80.02,16.9138],[80.0215,16.9139],[80.0229,16.9143],[80.0258,16.9151],[80.0269,16.9155],[80.0285,16.916],[80.0308,16.9167],[80.0318,16.917],[80.0357,16.9178],[80.0364,16.918],[80.0387,16.9183],[80.0398,16.9184],[80.0407,16.9186],[80.0428,16.9198],[80.0435,16.9205],[80.0443,16.9218],[80.0448,16.9231],[80.0451,16.9238],[80.0456,16.9255],[80.0461,16.9271],[80.0461,16.9277],[80.0471,16.9311],[80.0473,16.931],[80.0487,16.9326],[80.0503,16.9344],[80.0509,16.9351],[80.0519,16.9371],[80.0524,16.9381],[80.0526,16.9401],[80.0528,16.9419],[80.0519,16.9433],[80.0507,16.9455],[80.0496,16.9476],[80.05,16.9497],[80.0503,16.9512],[80.0509,16.9538],[80.0514,16.9559],[80.053,16.9576],[80.0549,16.9594],[80.0556,16.9602],[80.0575,16.9617],[80.0585,16.9625],[80.0587,16.9646],[80.0589,16.9667],[80.059,16.9676],[80.0583,16.9696],[80.0578,16.9713],[80.0588,16.9712],[80.0608,16.9707],[80.0615,16.9706],[80.0621,16.9708],[80.0639,16.9709],[80.0652,16.9709],[80.0658,16.971],[80.0674,16.9709],[80.0692,16.9706],[80.0708,16.9702],[80.0748,16.9702],[80.0765,16.9701],[80.0775,16.9698],[80.0794,16.9699],[80.0804,16.97],[80.0816,16.9706],[80.0831,16.9705],[80.0846,16.97],[80.0865,16.9702],[80.0885,16.9694],[80.0917,16.9702],[80.0941,16.976],[80.0947,16.9777],[80.0945,16.9801],[80.0942,16.9836],[80.0943,16.9857],[80.0943,16.9871],[80.0944,16.9882],[80.0949,16.9897],[80.0953,16.9899],[80.0953,16.9904],[80.0959,16.9905],[80.1003,16.9907],[80.1056,16.9899],[80.1066,16.9893],[80.1076,16.9891],[80.1085,16.9885],[80.1095,16.9875],[80.1106,16.9874],[80.1111,16.9873],[80.1119,16.9871],[80.1124,16.9871],[80.1134,16.9873],[80.1144,16.9872],[80.1158,16.9875],[80.116,16.9877],[80.1167,16.9879],[80.1172,16.9878],[80.1185,16.9878],[80.1204,16.9876],[80.1213,16.9892],[80.1214,16.9906],[80.1213,16.9911],[80.1213,16.9916],[80.1215,16.9919],[80.1232,16.9915],[80.1248,16.9914],[80.125,16.9914],[80.1259,16.9914],[80.1272,16.9916],[80.1285,16.9922],[80.1294,16.9922],[80.131,16.992],[80.1345,16.9921],[80.1364,16.992],[80.1368,16.9917],[80.1386,16.9909],[80.1408,16.9904],[80.1415,16.9913],[80.1418,16.9917],[80.1423,16.9929],[80.1427,16.9947],[80.1433,16.9956],[80.1441,16.9964],[80.1455,16.9986],[80.1466,17.0002],[80.1473,17.0013],[80.1479,17.0016],[80.1479,17.0019],[80.1491,17.0029],[80.1498,17.0035],[80.1505,17.004],[80.1506,17.004],[80.152,17.0047],[80.1525,17.0066],[80.1522,17.0073],[80.1532,17.0071],[80.155,17.0069],[80.1556,17.0073],[80.1575,17.0066],[80.1581,17.0063],[80.1583,17.0061],[80.1587,17.0059],[80.1606,17.0051],[80.1608,17.0047],[80.1634,17.0052],[80.1641,17.0053],[80.1665,17.0051],[80.1674,17.009],[80.1679,17.0106],[80.1683,17.0128],[80.1687,17.015],[80.1704,17.0176],[80.1717,17.0171],[80.1729,17.0165],[80.1737,17.0171],[80.1752,17.0173],[80.1764,17.0169],[80.1772,17.0167],[80.1781,17.017],[80.1791,17.0185],[80.1804,17.0199],[80.1808,17.0202],[80.181,17.0202],[80.1815,17.0201],[80.1831,17.0213],[80.1842,17.0212],[80.1848,17.0215],[80.1855,17.0215],[80.1861,17.0215],[80.1869,17.0211],[80.1877,17.0221],[80.1885,17.023],[80.1887,17.0232],[80.1892,17.0233],[80.1897,17.024],[80.191,17.0259],[80.1917,17.0263],[80.1925,17.0274],[80.1923,17.0278],[80.1924,17.0283],[80.1923,17.0295],[80.1924,17.0305],[80.1924,17.0314],[80.1924,17.0332],[80.1927,17.0346],[80.1934,17.0358],[80.1939,17.0374],[80.1942,17.0384],[80.1942,17.0398],[80.1945,17.0409],[80.1948,17.0424],[80.1951,17.043],[80.195,17.0433],[80.1955,17.0441],[80.1961,17.0448],[80.1965,17.0447],[80.1976,17.0438],[80.1977,17.0439],[80.2005,17.0419],[80.2009,17.0417],[80.2027,17.0406],[80.2044,17.0395],[80.2046,17.0394],[80.2051,17.0391],[80.2046,17.0378],[80.2046,17.0377],[80.2045,17.0373],[80.2041,17.0362],[80.2026,17.0343],[80.2023,17.0336],[80.2017,17.0327],[80.2016,17.0324],[80.2015,17.0321],[80.2013,17.0312],[80.2012,17.031],[80.2011,17.0295],[80.2008,17.0291],[80.2003,17.0285],[80.1998,17.0276],[80.1994,17.0272],[80.2006,17.0255],[80.2005,17.0248],[80.2004,17.0236],[80.2004,17.0234],[80.2008,17.0229],[80.2009,17.0225],[80.2011,17.0214],[80.2015,17.0187],[80.2031,17.0172],[80.2056,17.0151],[80.2064,17.013],[80.2064,17.0129],[80.2072,17.012],[80.2088,17.0113],[80.2108,17.0106],[80.2114,17.0104],[80.2126,17.0101],[80.2142,17.0096],[80.2154,17.0091],[80.2166,17.0088],[80.2181,17.0086],[80.2193,17.0083],[80.2199,17.0083],[80.221,17.0082],[80.2218,17.0084],[80.2226,17.0088],[80.2227,17.0091],[80.2237,17.011],[80.2242,17.0115],[80.2247,17.0121],[80.2253,17.0134],[80.2257,17.014],[80.2264,17.0155],[80.2264,17.0156],[80.2287,17.0148],[80.2306,17.0124],[80.2326,17.0102],[80.2331,17.0099],[80.2346,17.0089],[80.2348,17.0089],[80.2355,17.0086],[80.2357,17.0085],[80.2359,17.0084],[80.2363,17.0081],[80.2366,17.0074],[80.2371,17.007],[80.2382,17.0067],[80.2386,17.0066],[80.2387,17.0066],[80.2396,17.006],[80.2397,17.0057],[80.2404,17.0054],[80.2403,17.0048],[80.2403,17.0027],[80.2423,17.0025],[80.2444,17.0021],[80.2464,17.0018],[80.2473,17.0017],[80.2476,17.0016],[80.2495,17.0011],[80.2499,17.0011],[80.2524,17.0005],[80.2522,17.0001],[80.2533,16.9997],[80.2546,16.9996],[80.2548,16.9996],[80.2551,16.9995],[80.2571,16.9991],[80.2577,16.9989],[80.2612,16.998],[80.2622,16.9977],[80.2629,16.9976],[80.2647,16.9971],[80.265,16.997],[80.2652,16.9974],[80.2656,16.9986],[80.2663,16.9996],[80.2669,17.0013],[80.2673,17.0022],[80.2677,17.0025],[80.2694,17.0037],[80.2718,17.0047],[80.272,17.0048],[80.2734,17.0055],[80.2736,17.0056],[80.2739,17.0058],[80.274,17.0059],[80.2753,17.0058],[80.2765,17.0058],[80.2769,17.0058],[80.2789,17.0058],[80.2794,17.0057],[80.2807,17.0069],[80.2812,17.0074],[80.2817,17.0078],[80.2816,17.0079],[80.2817,17.0077],[80.2823,17.0074],[80.2859,17.0056],[80.286,17.0055],[80.287,17.0045],[80.2895,17.0012],[80.2907,17.0],[80.2924,16.9985],[80.2941,16.9968],[80.2941,16.9959],[80.2941,16.9955],[80.2941,16.995],[80.294,16.9949],[80.2931,16.9918],[80.293,16.9917],[80.2923,16.9896],[80.292,16.9887],[80.2917,16.9877],[80.2914,16.9867],[80.2914,16.9865],[80.2911,16.9858],[80.2909,16.9853],[80.2908,16.9839],[80.2905,16.9811],[80.2915,16.9805],[80.2929,16.9786],[80.293,16.9784],[80.2929,16.9773],[80.2944,16.977],[80.2959,16.9767],[80.2984,16.9765],[80.3001,16.9763],[80.3012,16.9761],[80.3025,16.9756],[80.3035,16.9754],[80.3058,16.9748],[80.3071,16.974],[80.3075,16.974],[80.3074,16.9734],[80.3072,16.9715],[80.3071,16.9708],[80.307,16.9695],[80.3069,16.9684],[80.3066,16.9666],[80.3066,16.9658],[80.3065,16.9652],[80.3063,16.9648],[80.3062,16.9642],[80.3061,16.964],[80.3059,16.9633],[80.3053,16.9625],[80.305,16.9618],[80.3045,16.9609],[80.3043,16.9598],[80.3035,16.9569],[80.3033,16.9541],[80.3037,16.9541],[80.3046,16.9537],[80.3056,16.9537],[80.306,16.9534],[80.3074,16.9526],[80.3093,16.9517],[80.3095,16.9516],[80.3105,16.9511],[80.312,16.9506],[80.3129,16.9502],[80.3139,16.9498],[80.3142,16.9496],[80.316,16.9485],[80.3165,16.9485],[80.3158,16.9464],[80.3157,16.9462],[80.3157,16.9458],[80.3154,16.9454],[80.3152,16.9447],[80.3151,16.9446],[80.315,16.9443],[80.3148,16.9438],[80.3148,16.9437],[80.3147,16.9428],[80.3139,16.942],[80.3137,16.9416],[80.3135,16.9409],[80.3135,16.9407],[80.3132,16.9399],[80.3132,16.9387],[80.3132,16.9386],[80.3131,16.938],[80.3133,16.9377],[80.3133,16.9376],[80.3133,16.9371],[80.3133,16.9369],[80.3128,16.9362],[80.3126,16.9359],[80.3127,16.9355],[80.3127,16.9353],[80.313,16.935],[80.3133,16.9344],[80.3134,16.9341],[80.3131,16.9335],[80.3132,16.9332],[80.3132,16.9327],[80.3133,16.9323],[80.3134,16.9318],[80.3134,16.9316],[80.3134,16.9315],[80.3138,16.9311],[80.3138,16.9309],[80.3141,16.9304],[80.3142,16.93],[80.3143,16.929],[80.3143,16.9288],[80.3142,16.9287],[80.314,16.9275],[80.3135,16.9254],[80.3135,16.9252],[80.3134,16.9251],[80.3129,16.9239],[80.3128,16.9237],[80.3128,16.9235],[80.3126,16.923],[80.3123,16.9225],[80.3123,16.9224],[80.3123,16.9223],[80.3125,16.9205],[80.3124,16.9196],[80.312,16.9174],[80.3124,16.9171],[80.3145,16.9164],[80.3159,16.9152],[80.317,16.914],[80.3177,16.9132],[80.3189,16.9128],[80.3206,16.9104],[80.3231,16.9068],[80.3242,16.9037],[80.3242,16.9032],[80.3251,16.9008],[80.3261,16.8984],[80.327,16.8968],[80.327,16.8967],[80.3268,16.8956],[80.3267,16.8945],[80.3266,16.8942],[80.3266,16.894],[80.3264,16.8932],[80.3263,16.8929],[80.3258,16.8916],[80.3258,16.8914],[80.3257,16.8912],[80.3253,16.8901],[80.3253,16.89],[80.3252,16.8898],[80.3249,16.8887],[80.3248,16.8884],[80.3247,16.8882],[80.3244,16.887],[80.3243,16.8865],[80.3242,16.8863],[80.324,16.8858],[80.3239,16.8857],[80.3241,16.8856],[80.3257,16.885],[80.3259,16.885],[80.326,16.8849],[80.3266,16.8845],[80.3272,16.8842],[80.3278,16.8838],[80.3288,16.8832],[80.3304,16.8829],[80.3305,16.8829],[80.3321,16.8826],[80.3323,16.8826],[80.3324,16.8824],[80.3324,16.8818],[80.3326,16.8796],[80.3326,16.8794],[80.3325,16.8793],[80.3322,16.879],[80.3325,16.8771],[80.3325,16.8769],[80.3352,16.8766],[80.3377,16.8764],[80.3378,16.8764],[80.3389,16.8763],[80.3392,16.8763],[80.3399,16.8761],[80.3401,16.8761],[80.3403,16.876],[80.3417,16.8755],[80.3418,16.8754],[80.3419,16.8754],[80.3426,16.8752],[80.3428,16.8751],[80.343,16.8751],[80.3436,16.8749],[80.3437,16.8748],[80.344,16.8746],[80.3442,16.8745],[80.3443,16.8744],[80.3444,16.8743],[80.3444,16.8742],[80.344,16.8727],[80.3439,16.8725],[80.3439,16.8724],[80.344,16.8719],[80.344,16.8714],[80.344,16.8692],[80.344,16.8691],[80.3439,16.869],[80.3435,16.8681],[80.3433,16.8675],[80.3432,16.8674],[80.3431,16.8672],[80.3431,16.8671],[80.343,16.867],[80.343,16.8669],[80.3427,16.8661],[80.3426,16.866],[80.3425,16.8659],[80.3423,16.8654],[80.3423,16.8653],[80.3423,16.8651],[80.3423,16.865],[80.3423,16.8648],[80.3422,16.8643],[80.3422,16.8641],[80.342,16.8633],[80.342,16.8632],[80.3419,16.8628],[80.3419,16.8623],[80.3412,16.8604],[80.341,16.8599],[80.341,16.8597],[80.3411,16.8597],[80.3416,16.8597],[80.3424,16.8597],[80.3425,16.8597],[80.3427,16.8597],[80.3433,16.8597],[80.3439,16.8596],[80.3448,16.8596],[80.3449,16.8596],[80.3457,16.8596],[80.3459,16.8596],[80.347,16.8595],[80.3472,16.8595],[80.3473,16.8595],[80.3487,16.8594],[80.3488,16.8594],[80.349,16.8594],[80.3494,16.8593],[80.3496,16.8593],[80.3502,16.8591],[80.3514,16.8589],[80.3516,16.8588],[80.3517,16.8588],[80.352,16.8586],[80.3527,16.8582],[80.3533,16.858],[80.3537,16.8578],[80.3539,16.8577],[80.3541,16.8576],[80.3542,16.8575],[80.3544,16.8573],[80.3552,16.8569],[80.3557,16.8567],[80.3562,16.8567],[80.3567,16.8566],[80.3568,16.8566],[80.357,16.8566],[80.3574,16.8565],[80.3587,16.8563],[80.3591,16.8564],[80.3593,16.8564],[80.3594,16.8564],[80.3599,16.8564],[80.3603,16.8563],[80.3609,16.8562],[80.3614,16.8562],[80.3618,16.8561],[80.3619,16.8561],[80.3622,16.8561],[80.3626,16.8561],[80.3629,16.856],[80.3633,16.8559],[80.3637,16.8558],[80.3639,16.8558],[80.364,16.8557],[80.3643,16.8557],[80.3648,16.8555],[80.3657,16.8552],[80.366,16.8551],[80.3666,16.8549],[80.3667,16.8549],[80.3669,16.8548],[80.3674,16.8544],[80.3684,16.8542],[80.3685,16.8541],[80.3687,16.8541],[80.3701,16.8536],[80.3708,16.8533],[80.371,16.8533],[80.3711,16.8532],[80.3712,16.8532],[80.3721,16.8528],[80.3723,16.8528],[80.3724,16.8527],[80.3733,16.8522],[80.3737,16.852],[80.3743,16.8516],[80.3745,16.8516],[80.3752,16.8514],[80.3748,16.8499],[80.3747,16.8492],[80.3745,16.8488],[80.3744,16.8483],[80.3739,16.8477],[80.3734,16.8474],[80.3732,16.8472],[80.3729,16.8462],[80.3728,16.8458],[80.3727,16.8439],[80.3727,16.8428],[80.3726,16.842],[80.3726,16.841],[80.3729,16.8403],[80.3741,16.84],[80.3747,16.8402],[80.3754,16.841],[80.3756,16.8414],[80.3761,16.8417],[80.3768,16.8421],[80.3769,16.8422],[80.3769,16.8421],[80.3778,16.8423],[80.3779,16.842],[80.3786,16.8416],[80.3792,16.8421],[80.3798,16.8419],[80.3806,16.842],[80.3805,16.8402],[80.3802,16.839],[80.3799,16.8378],[80.379,16.8365],[80.3774,16.8345],[80.3759,16.8326],[80.3754,16.8314],[80.3751,16.8302],[80.3752,16.8291],[80.3754,16.8282],[80.3757,16.827],[80.3761,16.826],[80.3769,16.8249],[80.3779,16.8232],[80.3785,16.8217],[80.3795,16.8201],[80.3798,16.819],[80.3804,16.819],[80.381,16.819],[80.381,16.8189],[80.3808,16.8183],[80.3827,16.8163],[80.383,16.8162],[80.3853,16.816],[80.3861,16.8167],[80.3875,16.8178],[80.3875,16.8184],[80.3871,16.8198],[80.3865,16.8209],[80.3863,16.8217],[80.3856,16.8229],[80.3856,16.8235],[80.3856,16.8241],[80.3861,16.8249],[80.3868,16.8256],[80.3885,16.8255],[80.389,16.8251],[80.3894,16.8249],[80.3906,16.825],[80.391,16.8244],[80.3917,16.8244],[80.3918,16.8251],[80.3916,16.8254],[80.3918,16.8257],[80.3931,16.8272],[80.3934,16.8277],[80.3938,16.8283],[80.394,16.8286],[80.3953,16.8287],[80.3957,16.8291],[80.3965,16.8292],[80.397,16.8296],[80.3975,16.8301],[80.3977,16.8305],[80.3978,16.8306],[80.3981,16.8315],[80.3986,16.832],[80.3994,16.8319],[80.4002,16.8327],[80.402,16.831],[80.4028,16.8308],[80.4042,16.8316],[80.4055,16.8327],[80.405,16.8327],[80.4044,16.8331],[80.4048,16.8342],[80.4049,16.8344],[80.4059,16.8364],[80.4062,16.837],[80.4067,16.839],[80.4068,16.8392],[80.4072,16.8409],[80.4072,16.8418],[80.4075,16.8428],[80.4076,16.8436],[80.4078,16.8443],[80.4081,16.8452],[80.4082,16.8453],[80.4087,16.8484],[80.4082,16.8482],[80.4071,16.8481],[80.4069,16.848],[80.406,16.848],[80.405,16.8481],[80.4033,16.8482],[80.4021,16.8485],[80.4018,16.8485],[80.4001,16.8487],[80.3994,16.8486],[80.3973,16.849],[80.3959,16.8492],[80.395,16.849],[80.3941,16.8488],[80.3938,16.8488],[80.3927,16.8488],[80.3925,16.8488],[80.3924,16.8488],[80.3921,16.8489],[80.3908,16.8491],[80.3899,16.8494],[80.3874,16.8497],[80.3871,16.8497],[80.385,16.85],[80.3844,16.8503],[80.3839,16.8503],[80.3816,16.851],[80.3809,16.8514],[80.3807,16.8516],[80.3796,16.8523],[80.3794,16.8524],[80.3788,16.8528],[80.3803,16.8537],[80.3811,16.8542],[80.3818,16.855],[80.3823,16.8555],[80.3823,16.8566],[80.3822,16.8567],[80.3816,16.8571],[80.3815,16.8572],[80.3813,16.8573],[80.381,16.8575],[80.38,16.858],[80.3794,16.8582],[80.3793,16.8583],[80.3793,16.8584],[80.3797,16.8595],[80.3797,16.8596],[80.3796,16.8597],[80.3792,16.86],[80.379,16.8602],[80.379,16.8604],[80.3786,16.8606],[80.3785,16.8616],[80.3784,16.8624],[80.3786,16.8626],[80.3786,16.8627],[80.3788,16.8629],[80.3801,16.8642],[80.3802,16.8645],[80.3804,16.8643],[80.3823,16.8642],[80.3824,16.8647],[80.3825,16.8648],[80.3826,16.8652],[80.3827,16.8651],[80.3838,16.8648],[80.3838,16.8645],[80.384,16.8639],[80.3852,16.8632],[80.3864,16.8627],[80.3891,16.8619],[80.3904,16.8616],[80.3919,16.8611],[80.3941,16.8606],[80.3966,16.8592],[80.3979,16.8585],[80.3986,16.8581],[80.3994,16.8576],[80.4006,16.8569],[80.4024,16.8561],[80.4028,16.856],[80.4058,16.855],[80.4067,16.8546],[80.407,16.8545],[80.4081,16.8541],[80.4091,16.8537],[80.4096,16.8536],[80.4119,16.853],[80.4123,16.853],[80.412,16.852],[80.4127,16.8518],[80.4128,16.8518],[80.4129,16.8518],[80.4132,16.8518],[80.4136,16.8518],[80.4139,16.8518],[80.4143,16.8518],[80.4144,16.8517],[80.4146,16.8517],[80.416,16.8515],[80.4167,16.8513],[80.4176,16.8512],[80.4184,16.851],[80.4188,16.8508],[80.4189,16.8508],[80.419,16.8508],[80.4191,16.8507],[80.4197,16.8503],[80.4198,16.8503],[80.4199,16.8503],[80.4204,16.8503],[80.4215,16.8502],[80.4219,16.8501],[80.4223,16.85],[80.4224,16.85],[80.4227,16.8499],[80.4231,16.8497],[80.4232,16.8497],[80.4246,16.8499],[80.4248,16.8499],[80.4249,16.8499],[80.4261,16.8498],[80.426,16.849],[80.426,16.8483],[80.4265,16.8474],[80.427,16.8468],[80.4282,16.8465],[80.4285,16.8464],[80.4285,16.8461],[80.4286,16.846],[80.4285,16.8454],[80.4287,16.8425],[80.4287,16.842],[80.4284,16.8392],[80.4286,16.8392],[80.4285,16.8383],[80.4285,16.838],[80.4285,16.8371],[80.4289,16.8371],[80.431,16.8367],[80.431,16.837],[80.4312,16.8371],[80.4321,16.8369],[80.4325,16.8369],[80.4327,16.8373],[80.4333,16.8371],[80.4333,16.8373],[80.4337,16.8373],[80.4347,16.8371],[80.4352,16.8361],[80.436,16.8357],[80.4387,16.8338],[80.4389,16.8338],[80.4406,16.8339],[80.4411,16.8341],[80.4412,16.834],[80.4414,16.8341],[80.4415,16.834],[80.4417,16.8339],[80.4417,16.8338],[80.4418,16.8336],[80.4414,16.8325],[80.4412,16.8319],[80.4418,16.8318],[80.442,16.8318],[80.4422,16.8318],[80.4427,16.832],[80.443,16.8318],[80.4431,16.8316],[80.4431,16.8314],[80.4431,16.8312],[80.4431,16.8309],[80.443,16.8307],[80.4432,16.8306],[80.4435,16.8304],[80.4442,16.8299],[80.4444,16.8298],[80.4446,16.8298],[80.4452,16.8295],[80.4454,16.8293],[80.4455,16.8286],[80.4465,16.8282],[80.4468,16.8281],[80.4477,16.8279],[80.448,16.8278],[80.4482,16.8277],[80.4492,16.8273],[80.4494,16.8267],[80.4502,16.8262],[80.4504,16.8261],[80.4511,16.8255],[80.4511,16.8252],[80.451,16.8241],[80.4517,16.8237],[80.4518,16.8236],[80.4519,16.8235],[80.4521,16.8235],[80.4527,16.823],[80.4532,16.8229],[80.4534,16.8229],[80.4536,16.8228],[80.4542,16.8226],[80.4547,16.8222],[80.4552,16.8217],[80.4553,16.8216],[80.4555,16.8215],[80.4571,16.8213],[80.4578,16.8209],[80.4582,16.8204],[80.4594,16.8199],[80.4606,16.8194],[80.4623,16.8196],[80.463,16.8196],[80.4632,16.8198],[80.4634,16.82],[80.4635,16.82],[80.4649,16.8199],[80.4649,16.8203],[80.465,16.8202],[80.4666,16.8173],[80.4665,16.8167],[80.4664,16.8166],[80.4666,16.8165],[80.4655,16.8123],[80.4655,16.8121],[80.4654,16.8113],[80.4653,16.8111],[80.4651,16.8099],[80.4649,16.8087],[80.4649,16.8084],[80.4647,16.807],[80.4646,16.8065],[80.4644,16.8055],[80.4644,16.803],[80.4643,16.8029],[80.4643,16.8027],[80.4645,16.8015],[80.4647,16.7994],[80.465,16.7976],[80.465,16.7974],[80.465,16.7972],[80.4651,16.7966],[80.4652,16.7963],[80.4653,16.7951],[80.4654,16.795],[80.4655,16.7949],[80.4659,16.7948],[80.4667,16.795],[80.467,16.7947],[80.4672,16.7948],[80.4672,16.7949],[80.4673,16.7951],[80.4673,16.7952],[80.4675,16.7953],[80.4682,16.7954],[80.4686,16.7955],[80.4688,16.7953],[80.469,16.795],[80.4694,16.7946],[80.4696,16.7944],[80.4697,16.7943],[80.4699,16.7943],[80.471,16.7944],[80.4719,16.7943],[80.4721,16.7945],[80.4722,16.7947],[80.473,16.7944],[80.473,16.794],[80.4734,16.7943],[80.4735,16.7945],[80.4744,16.7939],[80.4751,16.7939],[80.4756,16.7941],[80.4762,16.7943],[80.4764,16.7943],[80.4765,16.7943],[80.4784,16.7939],[80.4806,16.7933],[80.4815,16.7931],[80.4816,16.793],[80.4818,16.793],[80.4828,16.7928],[80.4832,16.7927],[80.4837,16.7926],[80.4849,16.7921],[80.4859,16.7918],[80.4861,16.7917],[80.4863,16.7917],[80.4878,16.7909],[80.4891,16.7895],[80.491,16.7877],[80.4916,16.7866],[80.4917,16.7864],[80.4918,16.7861],[80.4919,16.786],[80.4928,16.785],[80.4939,16.784],[80.4941,16.7839],[80.4959,16.783],[80.4967,16.7828],[80.4971,16.7827],[80.4979,16.7827],[80.4992,16.7826],[80.4996,16.7824],[80.5,16.7824],[80.5019,16.7812],[80.5029,16.7806],[80.5047,16.7794],[80.5061,16.7787],[80.5077,16.7779],[80.5109,16.7776],[80.5118,16.7774],[80.5124,16.7773],[80.5127,16.7772],[80.5133,16.777],[80.514,16.7768],[80.5149,16.7764],[80.515,16.7764],[80.5153,16.7762],[80.5167,16.776],[80.5169,16.776],[80.517,16.7759],[80.5195,16.7754],[80.52,16.7752],[80.5206,16.7752],[80.522,16.7751],[80.5237,16.775],[80.5238,16.775],[80.5257,16.775],[80.5266,16.7751],[80.5282,16.7754],[80.5289,16.7755],[80.53,16.7756],[80.5304,16.7755],[80.5309,16.7755],[80.5316,16.7755],[80.5334,16.7754],[80.535,16.7753],[80.5364,16.7752],[80.5368,16.7752],[80.5379,16.7752],[80.5383,16.7755],[80.5385,16.7756],[80.5395,16.7762],[80.5431,16.7755],[80.5459,16.7752],[80.548,16.7748],[80.5493,16.7747],[80.5514,16.7754],[80.5526,16.7752],[80.5556,16.7747],[80.5585,16.7731],[80.5604,16.7721],[80.5626,16.7717],[80.5644,16.7714],[80.5652,16.7714],[80.5663,16.7712],[80.5672,16.7709],[80.5684,16.7704],[80.5696,16.77],[80.5705,16.7684],[80.5722,16.7676],[80.5749,16.7695],[80.5757,16.7696],[80.5783,16.7777],[80.579,16.7773],[80.5794,16.7771],[80.5797,16.7768],[80.5809,16.7775],[80.5817,16.7775],[80.5825,16.7787],[80.5836,16.7813],[80.5842,16.7826],[80.585,16.7825],[80.5853,16.7824],[80.5864,16.7819],[80.5872,16.7816],[80.5875,16.7825],[80.5878,16.7829],[80.5878,16.7833],[80.588,16.7841],[80.5896,16.785],[80.591,16.7861],[80.5926,16.7879],[80.5957,16.7897],[80.5969,16.7902],[80.5969,16.7914],[80.5969,16.7921],[80.5976,16.7917],[80.5984,16.7925],[80.5986,16.7927],[80.599,16.7931],[80.5996,16.7936],[80.5998,16.7938],[80.6003,16.7944],[80.6007,16.7947],[80.6021,16.7938],[80.6064,16.7941],[80.6065,16.7937],[80.6083,16.7935],[80.6089,16.7941],[80.611,16.7933],[80.6132,16.7952],[80.6129,16.7954],[80.6132,16.7958],[80.6124,16.7964],[80.609,16.7958],[80.6065,16.798],[80.6053,16.7985],[80.6032,16.7992],[80.6009,16.7993],[80.6005,16.8],[80.5989,16.8012],[80.5951,16.8024],[80.5951,16.803],[80.5938,16.8038],[80.5919,16.8072],[80.591,16.8078],[80.5909,16.8082],[80.59,16.8085],[80.59,16.8088],[80.5897,16.809],[80.5893,16.809],[80.5887,16.8092],[80.5884,16.81],[80.5878,16.8113],[80.5872,16.8118],[80.5871,16.8121],[80.5868,16.8123],[80.5856,16.8129],[80.5849,16.8132],[80.5847,16.8136],[80.5848,16.8136],[80.583,16.815],[80.5811,16.8183],[80.5807,16.8197],[80.5804,16.8198],[80.5777,16.821],[80.5745,16.8223],[80.5733,16.8228],[80.5707,16.8238],[80.5675,16.8252],[80.5669,16.8284],[80.5667,16.829],[80.5659,16.8323],[80.5651,16.8352],[80.5651,16.8357],[80.5647,16.8367],[80.565,16.8373],[80.5653,16.838],[80.5675,16.8409],[80.5682,16.8417],[80.5686,16.8438],[80.5691,16.8445],[80.5694,16.8456],[80.5695,16.846],[80.5698,16.8471],[80.57,16.8485],[80.57,16.85],[80.5701,16.8505],[80.5701,16.8516],[80.5704,16.8523],[80.5705,16.8529],[80.5706,16.8534],[80.5707,16.8538],[80.5708,16.8545],[80.5709,16.855],[80.571,16.8553],[80.5717,16.8567],[80.572,16.8573],[80.571,16.8606],[80.5699,16.8629],[80.5697,16.8638],[80.5693,16.8645],[80.5691,16.8655],[80.5689,16.8664],[80.5686,16.8675],[80.568,16.869],[80.5679,16.8698],[80.5674,16.8719],[80.5679,16.8749],[80.5682,16.8763],[80.5686,16.8779],[80.5723,16.8752],[80.5736,16.8761],[80.5766,16.8779],[80.5769,16.8782],[80.5787,16.8794],[80.5789,16.8796],[80.58,16.8807],[80.5812,16.8815],[80.5815,16.8817],[80.5825,16.8819],[80.5835,16.8826],[80.5851,16.8828],[80.5862,16.883],[80.5872,16.8831],[80.5884,16.8832],[80.5904,16.8828],[80.5911,16.8829],[80.5943,16.8825],[80.5956,16.882],[80.5951,16.883],[80.5951,16.884],[80.5955,16.8856],[80.5958,16.8874],[80.5957,16.8887],[80.5952,16.8916],[80.5946,16.8932],[80.5946,16.895],[80.5946,16.8952],[80.5952,16.8952],[80.5956,16.8957],[80.5954,16.8969],[80.5942,16.8993],[80.5936,16.8997],[80.5907,16.9014],[80.5889,16.902],[80.5883,16.9022],[80.5879,16.9022],[80.5875,16.9028],[80.5875,16.9031],[80.5875,16.9032],[80.587,16.9033],[80.5872,16.9036],[80.5874,16.9043],[80.5878,16.9056],[80.5879,16.9059],[80.5885,16.9066],[80.5886,16.9066],[80.5913,16.9069],[80.5927,16.9075],[80.5942,16.9105],[80.6002,16.9158],[80.5989,16.9186],[80.5931,16.9248],[80.5912,16.9267],[80.5902,16.9275],[80.5901,16.9276],[80.5899,16.9277],[80.5887,16.9279],[80.5882,16.9285],[80.5875,16.9288],[80.5869,16.9285],[80.5862,16.9287],[80.5855,16.9297],[80.5848,16.9291],[80.5844,16.9291],[80.5831,16.9305],[80.5822,16.9314],[80.5823,16.9322],[80.5813,16.9324],[80.5816,16.9335],[80.5817,16.9339],[80.5818,16.934],[80.5819,16.9349],[80.582,16.9351],[80.5814,16.9362],[80.5812,16.9368],[80.5806,16.9369],[80.5806,16.937],[80.5794,16.9373],[80.5793,16.9373],[80.5792,16.9373],[80.5788,16.9376],[80.5785,16.9379],[80.5786,16.9383],[80.578,16.9383],[80.5779,16.9382],[80.5781,16.9378],[80.5782,16.9376],[80.5781,16.9374],[80.5778,16.9374],[80.5777,16.9375],[80.5775,16.9378],[80.5771,16.9387],[80.5769,16.9388],[80.5767,16.9387],[80.5766,16.9384],[80.5763,16.938],[80.576,16.9379],[80.5755,16.9377],[80.5749,16.939],[80.5747,16.9395],[80.5747,16.9396],[80.5743,16.9397],[80.5742,16.9397],[80.5743,16.94],[80.5741,16.94],[80.5736,16.9401],[80.5724,16.9403],[80.5722,16.9404],[80.5715,16.9407],[80.5714,16.9407],[80.5708,16.9411],[80.5707,16.9411],[80.5703,16.9413],[80.5701,16.9414],[80.5695,16.9416],[80.5685,16.9421],[80.5685,16.9422],[80.5684,16.9422],[80.568,16.9423],[80.5679,16.9424],[80.5678,16.9424],[80.5673,16.9429],[80.5671,16.9433],[80.5669,16.9435],[80.5664,16.9439],[80.566,16.9442],[80.5659,16.9443],[80.5651,16.9451],[80.5642,16.9457],[80.5637,16.9462],[80.5634,16.9463],[80.5627,16.9466],[80.5623,16.9468],[80.5619,16.9475],[80.561,16.9481],[80.5608,16.9482],[80.56,16.9487],[80.559,16.9492],[80.5588,16.9494],[80.5579,16.9498],[80.5577,16.95],[80.5576,16.95],[80.5577,16.9502],[80.557,16.9504],[80.5562,16.9509],[80.5551,16.9514],[80.555,16.9515],[80.5549,16.9515],[80.5544,16.9516],[80.5539,16.9528],[80.5538,16.9527],[80.5532,16.9531],[80.5528,16.9534],[80.5527,16.9534],[80.5526,16.9535],[80.5518,16.9539],[80.5518,16.954],[80.5499,16.9547],[80.5478,16.9561],[80.5476,16.9562],[80.547,16.9564],[80.5466,16.9566],[80.5463,16.9568],[80.5462,16.9569],[80.5461,16.9569],[80.5453,16.9574],[80.5452,16.9575],[80.5451,16.9575],[80.5447,16.9577],[80.5446,16.9577],[80.5445,16.9578],[80.5444,16.9578],[80.5441,16.958],[80.544,16.958],[80.5438,16.9581],[80.5436,16.9582],[80.5435,16.9583],[80.543,16.9585],[80.5428,16.9586],[80.542,16.959],[80.5418,16.9591],[80.5417,16.9591],[80.5417,16.9592],[80.5416,16.9592],[80.5415,16.9592],[80.5414,16.9592],[80.5412,16.9593],[80.5411,16.9593],[80.5409,16.9594],[80.5408,16.9595],[80.5407,16.9595],[80.5405,16.9596],[80.5404,16.9596],[80.5388,16.9601],[80.5387,16.9602],[80.5385,16.9602],[80.5379,16.9603],[80.5378,16.9604],[80.5372,16.9606],[80.5371,16.9606],[80.537,16.9606],[80.5361,16.9609],[80.5359,16.961],[80.5357,16.9611],[80.5356,16.9612],[80.5346,16.9616],[80.5345,16.9616],[80.5344,16.9617],[80.5341,16.9619],[80.5339,16.9619],[80.5334,16.962],[80.5334,16.9619],[80.5331,16.9613],[80.5331,16.9612],[80.5329,16.9605],[80.5328,16.9604],[80.5328,16.9603],[80.5326,16.9597],[80.5325,16.9596],[80.5324,16.9594],[80.5322,16.9591],[80.5322,16.959],[80.532,16.959],[80.5316,16.9591],[80.5313,16.9591],[80.5312,16.9591],[80.5312,16.959],[80.5311,16.9587],[80.5306,16.9578],[80.5306,16.9575],[80.5307,16.9571],[80.5301,16.9566],[80.53,16.9564],[80.5302,16.9563],[80.5298,16.9557],[80.5297,16.9557],[80.5297,16.9556],[80.5296,16.9553],[80.5293,16.9546],[80.5291,16.9543],[80.5289,16.9539],[80.5289,16.9537],[80.5289,16.9536],[80.5286,16.9528],[80.5285,16.9526],[80.5283,16.9522],[80.528,16.9516],[80.5279,16.9512],[80.5276,16.9508],[80.5272,16.9499],[80.5271,16.9499],[80.5271,16.9498],[80.527,16.9496],[80.5267,16.9489],[80.5262,16.9478],[80.5263,16.9478],[80.5238,16.9486],[80.5233,16.9488],[80.5228,16.9496],[80.5226,16.9496],[80.5222,16.9497],[80.5184,16.9516],[80.5165,16.9525],[80.5163,16.9523],[80.5161,16.9524],[80.5143,16.9531],[80.5127,16.9536],[80.5114,16.9541],[80.5103,16.9545],[80.509,16.9551],[80.507,16.9562],[80.5063,16.9567],[80.5053,16.9567],[80.5049,16.957],[80.5048,16.9567],[80.5041,16.956],[80.504,16.9557],[80.5036,16.9557],[80.5024,16.9559],[80.5008,16.9568],[80.4996,16.9573],[80.4988,16.9571],[80.4974,16.9549],[80.4969,16.9519],[80.4967,16.95],[80.4967,16.947],[80.4965,16.9452],[80.4961,16.9422],[80.4955,16.9397],[80.4951,16.9367],[80.4947,16.9337],[80.4945,16.9322],[80.4945,16.9309],[80.4946,16.9295],[80.4948,16.928],[80.4949,16.9271],[80.4941,16.9273],[80.4939,16.9274],[80.4928,16.9277],[80.4927,16.9278],[80.4922,16.928],[80.492,16.9282],[80.4896,16.9291],[80.4895,16.9292],[80.4892,16.9294],[80.4891,16.9294],[80.4889,16.9295],[80.4887,16.9296],[80.4877,16.93],[80.4876,16.93],[80.4877,16.9301],[80.4878,16.9302],[80.4875,16.9302],[80.4875,16.9303],[80.4871,16.9304],[80.487,16.9305],[80.4869,16.9305],[80.486,16.9308],[80.4859,16.9309],[80.4856,16.9309],[80.4856,16.9311],[80.4832,16.9318],[80.4827,16.9321],[80.4823,16.9321],[80.479,16.9344],[80.4788,16.9344],[80.4762,16.9361],[80.474,16.9377],[80.4739,16.9378],[80.4719,16.9393],[80.4707,16.9404],[80.4706,16.9405],[80.4701,16.941],[80.4699,16.941]]]}},{"type":"Feature","properties":{"district":"Palnadu","district_hi":"पलनाडु"},"geometry":{"type":"Polygon","coordinates":[[[79.2318,16.1695],[79.2213,16.1637],[79.2174,16.1739],[79.2156,16.1852],[79.218,16.2248],[79.2164,16.2261],[79.2138,16.2271],[79.2164,16.2291],[79.2194,16.2317],[79.2212,16.234],[79.2221,16.2358],[79.2225,16.2386],[79.2224,16.2422],[79.2224,16.246],[79.2232,16.2501],[79.2235,16.2522],[79.224,16.2553],[79.2239,16.2583],[79.2239,16.2593],[79.224,16.2603],[79.2243,16.2617],[79.2246,16.2645],[79.2251,16.2675],[79.225,16.2685],[79.2247,16.2695],[79.2244,16.2702],[79.2243,16.2709],[79.2245,16.2717],[79.2248,16.2727],[79.226,16.275],[79.2276,16.2773],[79.2292,16.2794],[79.2302,16.2811],[79.2303,16.2818],[79.2306,16.2855],[79.2308,16.2905],[79.2312,16.2943],[79.2311,16.2953],[79.2308,16.2962],[79.2308,16.297],[79.2308,16.2982],[79.2309,16.3023],[79.2314,16.3071],[79.2314,16.3116],[79.2312,16.314],[79.2311,16.3153],[79.2312,16.3162],[79.2316,16.3172],[79.2329,16.3201],[79.2338,16.3222],[79.234,16.3233],[79.2339,16.3281],[79.2342,16.334],[79.2343,16.335],[79.2341,16.3358],[79.2337,16.3365],[79.2329,16.3374],[79.2293,16.3395],[79.2269,16.3411],[79.224,16.3427],[79.2233,16.3435],[79.2228,16.3444],[79.2223,16.345],[79.2217,16.3457],[79.2183,16.3475],[79.2151,16.3496],[79.2129,16.352],[79.2113,16.355],[79.2111,16.3557],[79.2111,16.3559],[79.2107,16.3569],[79.2107,16.3587],[79.2107,16.36],[79.2117,16.3663],[79.2118,16.3697],[79.2111,16.372],[79.2084,16.3781],[79.2078,16.3853],[79.2081,16.3966],[79.2087,16.4006],[79.2094,16.4104],[79.2097,16.4199],[79.2098,16.4245],[79.21,16.4293],[79.2101,16.4302],[79.2105,16.4335],[79.2108,16.4355],[79.2108,16.4384],[79.2109,16.4417],[79.2111,16.4445],[79.2113,16.4465],[79.2116,16.4479],[79.212,16.449],[79.2125,16.4499],[79.2136,16.4511],[79.2151,16.4526],[79.2162,16.4535],[79.2175,16.4542],[79.2187,16.455],[79.2207,16.4556],[79.2226,16.4563],[79.2256,16.4569],[79.2285,16.4576],[79.2311,16.4582],[79.2327,16.4588],[79.2332,16.4593],[79.2335,16.4598],[79.2335,16.4601],[79.2332,16.4606],[79.2317,16.4623],[79.2303,16.4638],[79.2275,16.4669],[79.2254,16.4693],[79.223,16.4723],[79.2206,16.4743],[79.2191,16.4758],[79.2175,16.4778],[79.2165,16.4792],[79.2159,16.4806],[79.2152,16.4822],[79.2149,16.4833],[79.2146,16.4847],[79.2145,16.4861],[79.2147,16.4878],[79.2152,16.4898],[79.2159,16.4922],[79.2162,16.494],[79.2166,16.4969],[79.2168,16.4984],[79.2168,16.4997],[79.2168,16.5005],[79.2173,16.5019],[79.2182,16.5048],[79.219,16.5077],[79.2197,16.5098],[79.2205,16.5114],[79.2221,16.5149],[79.2231,16.517],[79.224,16.519],[79.2254,16.5214],[79.2268,16.5232],[79.2284,16.5253],[79.2296,16.5264],[79.2308,16.5271],[79.2321,16.5276],[79.2363,16.5285],[79.2395,16.5292],[79.2414,16.5295],[79.2427,16.5299],[79.244,16.5305],[79.2449,16.5311],[79.2459,16.532],[79.2468,16.533],[79.248,16.5347],[79.2487,16.5362],[79.2494,16.5379],[79.2501,16.5399],[79.2502,16.5411],[79.2497,16.5422],[79.2497,16.5436],[79.2493,16.5461],[79.2492,16.5468],[79.2495,16.5474],[79.2505,16.5492],[79.2512,16.5506],[79.2515,16.5522],[79.2516,16.5546],[79.2517,16.5556],[79.2522,16.5584],[79.2526,16.5601],[79.254,16.5629],[79.2555,16.5648],[79.257,16.5663],[79.2587,16.5672],[79.2598,16.5675],[79.261,16.5675],[79.2623,16.5673],[79.2635,16.5671],[79.2645,16.5668],[79.2659,16.5665],[79.2678,16.5663],[79.2685,16.5662],[79.2694,16.5658],[79.2701,16.5653],[79.272,16.5644],[79.2746,16.5632],[79.277,16.5622],[79.2787,16.5616],[79.2801,16.5614],[79.2818,16.5612],[79.2835,16.5611],[79.285,16.5612],[79.2873,16.5616],[79.2893,16.5618],[79.292,16.5624],[79.2933,16.5628],[79.2953,16.5637],[79.2973,16.5647],[79.2991,16.5659],[79.2997,16.5665],[79.302,16.5691],[79.3044,16.5714],[79.3064,16.5731],[79.3079,16.5741],[79.3089,16.5748],[79.3095,16.575],[79.3106,16.5751],[79.3112,16.575],[79.3114,16.575],[79.3126,16.5749],[79.314,16.5747],[79.316,16.5749],[79.32,16.5757],[79.3211,16.576],[79.3223,16.5762],[79.3242,16.5766],[79.3269,16.5771],[79.3286,16.5778],[79.33,16.5786],[79.3316,16.5797],[79.3334,16.5807],[79.3353,16.5816],[79.3368,16.5822],[79.3391,16.5828],[79.3401,16.583],[79.3405,16.583],[79.3413,16.583],[79.3437,16.5827],[79.3455,16.5814],[79.3472,16.5803],[79.3488,16.5798],[79.3505,16.5794],[79.3526,16.5792],[79.3551,16.5791],[79.3597,16.5801],[79.3679,16.5815],[79.3695,16.5817],[79.3736,16.5825],[79.3762,16.5829],[79.3782,16.5831],[79.3796,16.583],[79.3807,16.5826],[79.383,16.582],[79.3854,16.5817],[79.3877,16.5816],[79.3894,16.5814],[79.3916,16.581],[79.394,16.5806],[79.3965,16.5804],[79.3996,16.5804],[79.4011,16.5804],[79.4033,16.5803],[79.4076,16.5804],[79.4088,16.5803],[79.4104,16.5802],[79.4133,16.58],[79.4154,16.58],[79.4175,16.58],[79.4186,16.5804],[79.4207,16.5815],[79.4226,16.5828],[79.4265,16.5853],[79.4269,16.5856],[79.4284,16.5866],[79.4307,16.5888],[79.432,16.59],[79.4333,16.5913],[79.4337,16.5921],[79.434,16.593],[79.4346,16.5952],[79.4351,16.5997],[79.4359,16.603],[79.4369,16.6058],[79.4379,16.6083],[79.4393,16.6122],[79.4395,16.6128],[79.4399,16.6137],[79.4405,16.6148],[79.4415,16.6158],[79.4431,16.6171],[79.4451,16.6187],[79.4463,16.6195],[79.4478,16.6201],[79.45,16.621],[79.4527,16.6218],[79.4555,16.6225],[79.4566,16.623],[79.4577,16.6233],[79.4607,16.6233],[79.4642,16.6233],[79.468,16.6228],[79.4727,16.6222],[79.4771,16.6223],[79.4811,16.6227],[79.4842,16.6236],[79.4865,16.6251],[79.4868,16.6253],[79.4891,16.6279],[79.4914,16.6306],[79.4924,16.6317],[79.4932,16.6326],[79.4947,16.6337],[79.4955,16.6342],[79.4966,16.6345],[79.4991,16.6351],[79.5013,16.636],[79.5031,16.6366],[79.5061,16.6368],[79.5081,16.6367],[79.5121,16.6358],[79.5156,16.6347],[79.5205,16.6331],[79.5237,16.6319],[79.5249,16.6316],[79.5253,16.6314],[79.5254,16.6314],[79.5281,16.6312],[79.5309,16.6308],[79.5332,16.6307],[79.535,16.6305],[79.5368,16.6305],[79.5392,16.6312],[79.5408,16.6318],[79.5425,16.6325],[79.5433,16.6331],[79.5442,16.6338],[79.5459,16.6346],[79.5471,16.6354],[79.5488,16.6362],[79.5501,16.6368],[79.5515,16.6376],[79.5528,16.6383],[79.5537,16.6393],[79.5562,16.6408],[79.5594,16.6426],[79.5618,16.644],[79.5654,16.6455],[79.5655,16.6456],[79.5713,16.6478],[79.5741,16.6491],[79.575,16.6497],[79.576,16.6505],[79.576,16.6506],[79.5767,16.651],[79.5775,16.6519],[79.5793,16.654],[79.581,16.6558],[79.5844,16.6593],[79.5848,16.66],[79.5849,16.6601],[79.5853,16.6607],[79.5867,16.6633],[79.588,16.6653],[79.589,16.6669],[79.5905,16.6686],[79.5916,16.6698],[79.5935,16.6712],[79.595,16.6721],[79.5968,16.6729],[79.5984,16.6734],[79.5995,16.6735],[79.6017,16.6731],[79.6049,16.6721],[79.6077,16.6708],[79.6107,16.6692],[79.6141,16.6674],[79.6167,16.6655],[79.6189,16.6644],[79.6211,16.6636],[79.6244,16.6624],[79.6264,16.662],[79.6292,16.6612],[79.6303,16.661],[79.633,16.6607],[79.6351,16.661],[79.6372,16.6618],[79.6402,16.6637],[79.643,16.6664],[79.6434,16.6669],[79.6448,16.6681],[79.6465,16.669],[79.6485,16.67],[79.6496,16.6708],[79.6507,16.6722],[79.6528,16.6748],[79.654,16.6769],[79.6548,16.6779],[79.6567,16.6808],[79.6575,16.6822],[79.6579,16.6829],[79.6588,16.6841],[79.6598,16.6852],[79.6613,16.6865],[79.6624,16.6872],[79.6635,16.6878],[79.665,16.6884],[79.6677,16.6892],[79.67,16.6897],[79.6717,16.6902],[79.6732,16.6909],[79.6758,16.6922],[79.6785,16.6934],[79.6806,16.6944],[79.682,16.6947],[79.6842,16.6949],[79.6847,16.6948],[79.6863,16.6946],[79.688,16.694],[79.6903,16.6933],[79.6921,16.693],[79.6954,16.6923],[79.6988,16.6917],[79.7005,16.6916],[79.7034,16.6916],[79.7072,16.6915],[79.7093,16.6911],[79.7104,16.6908],[79.7113,16.6903],[79.712,16.69],[79.7129,16.6898],[79.7149,16.6898],[79.7173,16.6899],[79.7189,16.69],[79.721,16.6904],[79.7227,16.691],[79.7243,16.6917],[79.7256,16.6924],[79.7269,16.6936],[79.7283,16.6951],[79.7298,16.6971],[79.7311,16.6994],[79.7316,16.7002],[79.7326,16.7021],[79.7343,16.7044],[79.7357,16.7064],[79.7368,16.7077],[79.7379,16.7091],[79.739,16.711],[79.7401,16.7136],[79.7408,16.715],[79.7418,16.7169],[79.7426,16.7181],[79.7432,16.7188],[79.7441,16.7193],[79.7453,16.7201],[79.7464,16.7206],[79.7481,16.7213],[79.7513,16.7224],[79.7555,16.7238],[79.756,16.724],[79.7562,16.7242],[79.7563,16.7241],[79.7596,16.7254],[79.7653,16.7276],[79.7684,16.7289],[79.7701,16.7299],[79.772,16.7307],[79.7741,16.7312],[79.7761,16.7315],[79.778,16.7315],[79.7809,16.7314],[79.7836,16.731],[79.786,16.7305],[79.7864,16.7303],[79.7877,16.7297],[79.789,16.7287],[79.7908,16.7271],[79.7922,16.7258],[79.7928,16.7251],[79.7933,16.724],[79.7945,16.7207],[79.7961,16.7165],[79.797,16.7138],[79.7978,16.7122],[79.7989,16.7104],[79.8002,16.709],[79.8028,16.7063],[79.8063,16.702],[79.8084,16.6994],[79.8099,16.6972],[79.8118,16.6951],[79.8132,16.694],[79.8146,16.6932],[79.8158,16.6926],[79.8166,16.6923],[79.8208,16.6918],[79.8214,16.6919],[79.8246,16.6928],[79.827,16.6937],[79.8291,16.6946],[79.8313,16.6959],[79.834,16.6971],[79.8362,16.6983],[79.839,16.6999],[79.8413,16.7014],[79.8444,16.7032],[79.846,16.7041],[79.8478,16.7052],[79.8493,16.7058],[79.8504,16.706],[79.8522,16.706],[79.8534,16.706],[79.8551,16.7057],[79.8582,16.705],[79.8605,16.7041],[79.8642,16.7028],[79.8671,16.7016],[79.8717,16.6998],[79.874,16.6989],[79.8757,16.6982],[79.8774,16.6976],[79.8783,16.697],[79.879,16.6964],[79.8811,16.6939],[79.8832,16.6911],[79.8844,16.6893],[79.8852,16.6876],[79.8859,16.6859],[79.8865,16.6843],[79.8867,16.6825],[79.8869,16.6798],[79.8872,16.6771],[79.8876,16.6758],[79.8881,16.6746],[79.8882,16.6744],[79.8884,16.6729],[79.8885,16.6696],[79.8888,16.6653],[79.8891,16.663],[79.8896,16.6598],[79.8905,16.6573],[79.8908,16.6562],[79.8921,16.6528],[79.893,16.6514],[79.8932,16.6508],[79.8941,16.6493],[79.8952,16.6478],[79.8965,16.6464],[79.8987,16.6444],[79.9,16.6431],[79.9018,16.6415],[79.9033,16.6399],[79.9046,16.6384],[79.9061,16.6367],[79.9074,16.6354],[79.9085,16.6348],[79.91,16.6341],[79.9121,16.6333],[79.9141,16.6327],[79.9159,16.6326],[79.9177,16.6323],[79.9207,16.632],[79.9229,16.6319],[79.9265,16.6315],[79.9292,16.6313],[79.9314,16.6313],[79.9334,16.6314],[79.9352,16.6318],[79.9379,16.6326],[79.9407,16.6334],[79.9443,16.6341],[79.947,16.6348],[79.9489,16.6354],[79.9493,16.6355],[79.9507,16.6361],[79.9515,16.6366],[79.9521,16.6376],[79.9525,16.6381],[79.9532,16.6386],[79.9556,16.6396],[79.9588,16.6409],[79.9609,16.642],[79.9628,16.6431],[79.9635,16.6437],[79.9647,16.6447],[79.9659,16.6462],[79.9673,16.6484],[79.9694,16.6512],[79.9714,16.6542],[79.9733,16.6571],[79.9747,16.6588],[79.9766,16.6611],[79.9781,16.6628],[79.9793,16.6648],[79.9803,16.667],[79.9818,16.6701],[79.9831,16.6724],[79.9846,16.6752],[79.9864,16.6788],[79.988,16.6822],[79.9891,16.685],[79.9897,16.687],[79.9902,16.6878],[79.9911,16.6895],[79.9918,16.6907],[79.9924,16.6921],[79.994,16.6958],[79.9947,16.6979],[79.9954,16.6992],[79.9969,16.7012],[79.9977,16.7022],[79.9985,16.7025],[80.0004,16.7045],[80.0046,16.7079],[80.0065,16.7088],[80.0085,16.7095],[80.0109,16.7094],[80.0143,16.7093],[80.0166,16.7095],[80.0191,16.7098],[80.0222,16.7105],[80.0243,16.7112],[80.0265,16.7123],[80.0287,16.7136],[80.0301,16.7144],[80.0317,16.7158],[80.0324,16.718],[80.034,16.7234],[80.035,16.7255],[80.0365,16.728],[80.0384,16.7305],[80.0407,16.7326],[80.0431,16.7345],[80.0458,16.7368],[80.0493,16.7388],[80.0527,16.7416],[80.0538,16.7433],[80.0549,16.7459],[80.0556,16.7484],[80.0556,16.7509],[80.0555,16.7532],[80.0553,16.7544],[80.0549,16.7564],[80.0548,16.7574],[80.054,16.7629],[80.054,16.7652],[80.0543,16.7667],[80.0549,16.768],[80.0568,16.7712],[80.0587,16.774],[80.0617,16.7783],[80.0634,16.781],[80.0639,16.7819],[80.0647,16.7837],[80.0669,16.788],[80.0681,16.7924],[80.0694,16.7965],[80.0698,16.7994],[80.0701,16.8029],[80.0699,16.806],[80.0698,16.8097],[80.0702,16.8115],[80.071,16.8139],[80.0727,16.8162],[80.0797,16.8192],[80.0876,16.822],[80.1009,16.8221],[80.1131,16.8215],[80.1196,16.8177],[80.1283,16.8024],[80.1301,16.7922],[80.1314,16.7848],[80.1328,16.7653],[80.1445,16.7339],[80.1448,16.7207],[80.1405,16.7133],[80.1429,16.6995],[80.1448,16.6906],[80.1429,16.6847],[80.1386,16.6726],[80.1366,16.6594],[80.1388,16.6528],[80.1441,16.6474],[80.1695,16.6382],[80.1908,16.614],[80.1985,16.6101],[80.2054,16.6022],[80.2322,16.5974],[80.2392,16.5922],[80.2449,16.588],[80.2516,16.5879],[80.261,16.5944],[80.2672,16.5979],[80.2685,16.5985],[80.2697,16.5988],[80.2772,16.5994],[80.2784,16.5994],[80.2794,16.599],[80.2838,16.5968],[80.2928,16.5918],[80.294,16.5911],[80.295,16.5908],[80.296,16.5907],[80.2976,16.5905],[80.3099,16.589],[80.3107,16.5889],[80.3114,16.5889],[80.3129,16.589],[80.3143,16.5892],[80.3156,16.5897],[80.3242,16.5931],[80.3381,16.5851],[80.3387,16.5848],[80.3392,16.5847],[80.3495,16.5837],[80.3635,16.5849],[80.3937,16.5862],[80.3961,16.5865],[80.4053,16.589],[80.408,16.5893],[80.4091,16.5892],[80.415,16.5872],[80.4163,16.5865],[80.4253,16.5801],[80.4277,16.5785],[80.4272,16.5767],[80.4257,16.5697],[80.4243,16.5658],[80.4264,16.5616],[80.4295,16.5592],[80.4286,16.5582],[80.4269,16.5558],[80.4261,16.5531],[80.4225,16.5506],[80.42,16.5508],[80.4168,16.5501],[80.4152,16.5453],[80.4126,16.5391],[80.411,16.5354],[80.4095,16.533],[80.4082,16.5316],[80.407,16.5296],[80.4061,16.5274],[80.4086,16.5258],[80.4092,16.5227],[80.4083,16.5198],[80.4074,16.5082],[80.4131,16.507],[80.4175,16.5063],[80.4199,16.5056],[80.4199,16.5013],[80.4189,16.4945],[80.419,16.4893],[80.419,16.485],[80.4207,16.4827],[80.4248,16.4789],[80.4203,16.479],[80.4161,16.4796],[80.3994,16.4803],[80.3926,16.4787],[80.3808,16.4786],[80.3795,16.4751],[80.3789,16.4732],[80.3784,16.4707],[80.3779,16.4659],[80.3698,16.4657],[80.369,16.465],[80.368,16.4634],[80.3669,16.4607],[80.3658,16.4598],[80.3638,16.4599],[80.3615,16.461],[80.3568,16.4613],[80.3537,16.4626],[80.344,16.4621],[80.3436,16.4629],[80.3423,16.4648],[80.3408,16.466],[80.3386,16.4641],[80.3305,16.464],[80.325,16.4648],[80.3224,16.4649],[80.3205,16.4644],[80.3178,16.4634],[80.3175,16.4619],[80.3163,16.46],[80.3138,16.4561],[80.3123,16.4551],[80.3097,16.4538],[80.3092,16.4456],[80.3086,16.4443],[80.3081,16.4432],[80.3083,16.4418],[80.3096,16.4406],[80.3083,16.4386],[80.308,16.4349],[80.3053,16.4339],[80.3035,16.4306],[80.3013,16.4281],[80.2993,16.4275],[80.2915,16.4283],[80.2869,16.4291],[80.2832,16.4302],[80.2801,16.4303],[80.2781,16.4301],[80.2771,16.4291],[80.277,16.4265],[80.2762,16.4222],[80.2748,16.4185],[80.2719,16.4147],[80.2682,16.4142],[80.2629,16.4146],[80.2596,16.4149],[80.2531,16.4143],[80.2442,16.4125],[80.2378,16.4099],[80.232,16.4066],[80.2293,16.4026],[80.2278,16.3988],[80.2261,16.3949],[80.2241,16.3941],[80.2222,16.3941],[80.2207,16.3934],[80.2199,16.391],[80.2199,16.3893],[80.2213,16.3877],[80.225,16.3873],[80.2271,16.3876],[80.2285,16.387],[80.2295,16.3848],[80.2307,16.3832],[80.2315,16.3817],[80.231,16.3789],[80.2282,16.3737],[80.2257,16.3695],[80.2257,16.3677],[80.2282,16.3661],[80.2302,16.3653],[80.2318,16.3648],[80.2299,16.3628],[80.228,16.3613],[80.2266,16.3598],[80.2268,16.3572],[80.2255,16.3547],[80.2243,16.3531],[80.2229,16.3518],[80.2202,16.3503],[80.2192,16.3498],[80.2194,16.3476],[80.2206,16.3466],[80.2219,16.3455],[80.2223,16.3436],[80.2209,16.3414],[80.2185,16.3396],[80.2159,16.3389],[80.2135,16.3395],[80.2097,16.3403],[80.2053,16.3415],[80.2036,16.3415],[80.2004,16.3441],[80.1992,16.3465],[80.1986,16.3488],[80.198,16.3503],[80.1969,16.3522],[80.1958,16.3542],[80.1928,16.3559],[80.1888,16.357],[80.1847,16.3577],[80.1822,16.3574],[80.1822,16.3514],[80.1811,16.3472],[80.1806,16.3409],[80.1794,16.3382],[80.1788,16.3336],[80.1771,16.3292],[80.1774,16.3266],[80.1768,16.3243],[80.1758,16.3227],[80.1733,16.3239],[80.1708,16.3248],[80.167,16.3255],[80.1637,16.3256],[80.1611,16.3252],[80.1599,16.3189],[80.159,16.315],[80.1611,16.3128],[80.1632,16.3118],[80.1627,16.3102],[80.1611,16.3078],[80.1581,16.3025],[80.1423,16.3024],[80.14,16.3029],[80.136,16.3044],[80.1332,16.3061],[80.1302,16.3084],[80.127,16.3107],[80.1259,16.3081],[80.1254,16.3066],[80.1247,16.3042],[80.1234,16.3008],[80.1226,16.2977],[80.1236,16.2948],[80.1258,16.2918],[80.1256,16.2854],[80.1268,16.2832],[80.1275,16.2791],[80.1279,16.2714],[80.1354,16.2692],[80.141,16.2667],[80.1435,16.2651],[80.1454,16.2634],[80.148,16.2618],[80.1499,16.2601],[80.1516,16.259],[80.1537,16.2576],[80.1552,16.2596],[80.1553,16.2633],[80.1566,16.2656],[80.1598,16.2689],[80.164,16.2705],[80.1665,16.2675],[80.1687,16.2653],[80.172,16.2628],[80.1748,16.2633],[80.1769,16.2639],[80.1796,16.2651],[80.1805,16.266],[80.1809,16.2688],[80.1809,16.2712],[80.1806,16.2734],[80.1793,16.2752],[80.1787,16.2759],[80.1782,16.2773],[80.1778,16.2784],[80.1806,16.2786],[80.1833,16.2779],[80.1874,16.2775],[80.1925,16.277],[80.193,16.2755],[80.1929,16.2714],[80.1938,16.2701],[80.1956,16.2684],[80.1976,16.2668],[80.2009,16.2645],[80.2032,16.2628],[80.2098,16.2614],[80.2187,16.2601],[80.2205,16.2578],[80.2199,16.2557],[80.2191,16.2537],[80.2186,16.2511],[80.2194,16.2494],[80.2223,16.2488],[80.2284,16.2477],[80.2311,16.2476],[80.2329,16.2486],[80.2359,16.2542],[80.2401,16.2605],[80.2415,16.2633],[80.2423,16.2656],[80.2414,16.2665],[80.2391,16.2675],[80.2383,16.2686],[80.2394,16.2702],[80.2436,16.2734],[80.2457,16.2742],[80.2486,16.2732],[80.2548,16.2723],[80.2571,16.2712],[80.2596,16.2704],[80.2632,16.2698],[80.2645,16.2687],[80.2662,16.2698],[80.2696,16.2699],[80.2756,16.2678],[80.2761,16.2667],[80.2746,16.2651],[80.2734,16.2636],[80.272,16.2619],[80.2716,16.2605],[80.2717,16.2586],[80.2721,16.257],[80.2735,16.2553],[80.274,16.255],[80.2772,16.2567],[80.28,16.2588],[80.283,16.2605],[80.2849,16.2617],[80.2874,16.2632],[80.2892,16.2638],[80.2904,16.2655],[80.2918,16.2678],[80.2925,16.2692],[80.2939,16.2726],[80.2955,16.2742],[80.298,16.275],[80.2995,16.2754],[80.3016,16.2765],[80.3012,16.2778],[80.3004,16.2787],[80.3003,16.2815],[80.3021,16.2854],[80.3069,16.2868],[80.3097,16.2862],[80.3115,16.2864],[80.3126,16.2906],[80.3142,16.2934],[80.3118,16.2931],[80.3106,16.2951],[80.3119,16.2971],[80.3129,16.2997],[80.3152,16.3033],[80.3212,16.3076],[80.3255,16.3112],[80.3307,16.3152],[80.3339,16.3101],[80.3334,16.3048],[80.3375,16.2991],[80.3425,16.3038],[80.3442,16.3098],[80.3487,16.316],[80.354,16.3142],[80.3537,16.3076],[80.3528,16.305],[80.3522,16.2974],[80.3474,16.2951],[80.3494,16.2934],[80.3473,16.2897],[80.3452,16.2827],[80.3422,16.2758],[80.3373,16.2688],[80.3286,16.2639],[80.3241,16.2539],[80.32,16.2472],[80.318,16.2476],[80.3159,16.2468],[80.3126,16.2437],[80.3086,16.2374],[80.3012,16.2303],[80.2948,16.2215],[80.2919,16.2185],[80.2893,16.2167],[80.2876,16.2168],[80.284,16.2182],[80.2808,16.2181],[80.2788,16.2157],[80.2767,16.2096],[80.2758,16.2074],[80.2758,16.2038],[80.2745,16.2012],[80.2748,16.1992],[80.2806,16.1979],[80.2825,16.1977],[80.286,16.1947],[80.2901,16.1906],[80.2942,16.1795],[80.2943,16.1733],[80.2933,16.1716],[80.2925,16.1702],[80.2925,16.1683],[80.292,16.1655],[80.29,16.1634],[80.2884,16.1629],[80.2866,16.1626],[80.2848,16.1626],[80.2822,16.1626],[80.28,16.1624],[80.2778,16.1615],[80.2764,16.1593],[80.2743,16.1556],[80.2742,16.151],[80.2746,16.1495],[80.2753,16.148],[80.2754,16.1464],[80.2756,16.1449],[80.2766,16.1439],[80.2784,16.1425],[80.277,16.1408],[80.2755,16.1383],[80.2754,16.1355],[80.2761,16.1331],[80.2754,16.1297],[80.2707,16.1289],[80.2665,16.1263],[80.2649,16.1237],[80.2671,16.1219],[80.2715,16.1199],[80.2738,16.1186],[80.2752,16.1153],[80.2773,16.1134],[80.2797,16.1115],[80.2844,16.108],[80.2871,16.1054],[80.2887,16.0988],[80.2832,16.093],[80.28,16.0904],[80.2787,16.0908],[80.2761,16.0931],[80.2723,16.0947],[80.2684,16.0966],[80.262,16.0966],[80.2595,16.0953],[80.2571,16.0917],[80.2538,16.0906],[80.2527,16.0932],[80.2503,16.0953],[80.2496,16.0919],[80.2503,16.0889],[80.2468,16.0908],[80.2411,16.0872],[80.2376,16.0861],[80.2362,16.0857],[80.2332,16.0855],[80.2299,16.0868],[80.2274,16.0875],[80.2272,16.0857],[80.2313,16.08],[80.2344,16.0737],[80.2314,16.0618],[80.2318,16.047],[80.2307,16.0431],[80.23,16.0379],[80.2304,16.0323],[80.2268,16.0329],[80.2186,16.0335],[80.2145,16.0336],[80.211,16.0348],[80.1973,16.0384],[80.1904,16.0389],[80.188,16.0258],[80.1815,16.027],[80.1823,16.0348],[80.1751,16.0359],[80.1551,16.0422],[80.1551,16.0455],[80.1371,16.0461],[80.135,16.0358],[80.1348,16.0254],[80.1332,16.0203],[80.1398,16.0172],[80.1395,16.0159],[80.1307,16.0184],[80.1205,16.0211],[80.1112,16.0165],[80.1042,16.0148],[80.1006,16.0123],[80.0967,16.0113],[80.0916,16.0136],[80.0892,16.0172],[80.0872,16.0211],[80.0879,16.0317],[80.0851,16.0384],[80.0848,16.0452],[80.0842,16.0518],[80.0809,16.0566],[80.0821,16.0628],[80.0753,16.0684],[80.0733,16.0687],[80.0715,16.0759],[80.0721,16.0838],[80.0733,16.0899],[80.0741,16.0923],[80.0718,16.0935],[80.0678,16.0947],[80.0656,16.0934],[80.0616,16.0896],[80.0477,16.0855],[80.0431,16.09],[80.0423,16.091],[80.0409,16.093],[80.0416,16.0965],[80.0477,16.1077],[80.0515,16.1199],[80.0517,16.1249],[80.052,16.1295],[80.0487,16.1294],[80.0436,16.1302],[80.0387,16.1261],[80.0334,16.123],[80.0318,16.1174],[80.0224,16.1157],[80.0142,16.1172],[80.01,16.1192],[80.0114,16.1274],[80.0069,16.1338],[79.9987,16.1365],[80.0003,16.1405],[79.9876,16.1426],[79.9747,16.1462],[79.976,16.1518],[79.966,16.1578],[79.9564,16.1635],[79.953,16.165],[79.9509,16.1651],[79.9506,16.163],[79.9522,16.1549],[79.9536,16.1524],[79.9485,16.1434],[79.9451,16.1392],[79.9421,16.1405],[79.9375,16.1395],[79.9327,16.1321],[79.9273,16.1329],[79.9197,16.1404],[79.9035,16.1496],[79.8894,16.1527],[79.8789,16.1551],[79.8737,16.1476],[79.8685,16.1414],[79.8661,16.135],[79.867,16.1324],[79.8751,16.1291],[79.8701,16.1174],[79.8695,16.1119],[79.8739,16.1124],[79.8685,16.0965],[79.8827,16.092],[79.884,16.086],[79.89,16.0848],[79.8903,16.0869],[79.8953,16.087],[79.8954,16.0775],[79.9156,16.0751],[79.9148,16.0717],[79.9197,16.0699],[79.9204,16.0629],[79.9204,16.0554],[79.9179,16.0474],[79.91,16.0458],[79.9046,16.0426],[79.8806,16.0393],[79.8783,16.0345],[79.8732,16.0303],[79.869,16.0303],[79.8675,16.0214],[79.8648,16.0073],[79.8629,15.9933],[79.8667,15.9966],[79.8793,16.0],[79.8896,15.995],[79.8904,15.9881],[79.9024,15.9837],[79.8991,15.9708],[79.9121,15.9668],[79.9101,15.9593],[79.903,15.9429],[79.9004,15.9434],[79.9001,15.9461],[79.8973,15.9473],[79.8946,15.9395],[79.8855,15.9421],[79.8801,15.9405],[79.8764,15.9362],[79.8757,15.9351],[79.8765,15.9299],[79.8778,15.9253],[79.8704,15.9163],[79.8476,15.9226],[79.8481,15.9287],[79.8349,15.9317],[79.815,15.9368],[79.7913,15.9413],[79.7876,15.9296],[79.7855,15.9185],[79.7741,15.9073],[79.7683,15.9075],[79.7624,15.9009],[79.7562,15.9],[79.7545,15.8873],[79.7544,15.8709],[79.747,15.8589],[79.7524,15.8561],[79.7545,15.8478],[79.7722,15.8427],[79.771,15.8343],[79.7708,15.8251],[79.7657,15.8271],[79.7622,15.8239],[79.7504,15.8257],[79.7433,15.8257],[79.7373,15.8279],[79.7339,15.8352],[79.7259,15.8363],[79.7162,15.8355],[79.7109,15.8376],[79.7165,15.8436],[79.7201,15.8515],[79.7192,15.86],[79.7148,15.8678],[79.6947,15.8764],[79.6899,15.8761],[79.6879,15.876],[79.6904,15.8851],[79.6945,15.895],[79.6897,15.8994],[79.6859,15.8982],[79.6816,15.9029],[79.6749,15.9035],[79.671,15.907],[79.6695,15.9112],[79.6625,15.9175],[79.655,15.9204],[79.6493,15.9135],[79.6357,15.9073],[79.6245,15.9147],[79.6111,15.9225],[79.6126,15.9233],[79.6153,15.9327],[79.6087,15.9354],[79.6028,15.9389],[79.5888,15.9407],[79.5725,15.9375],[79.5593,15.9487],[79.5612,15.9548],[79.5598,15.9634],[79.5622,15.9723],[79.5684,15.9838],[79.5719,16.002],[79.5724,16.0051],[79.5673,16.0093],[79.5629,16.0123],[79.5672,16.0182],[79.5623,16.0281],[79.5635,16.0329],[79.5577,16.0431],[79.5529,16.0503],[79.5526,16.0557],[79.5495,16.061],[79.5488,16.0636],[79.5466,16.0724],[79.5468,16.0769],[79.5491,16.0784],[79.5529,16.0857],[79.5537,16.0931],[79.5554,16.1007],[79.5525,16.1089],[79.5542,16.1124],[79.5503,16.1153],[79.545,16.1209],[79.5386,16.1346],[79.5369,16.1433],[79.54,16.1475],[79.5397,16.1586],[79.5372,16.1602],[79.536,16.1646],[79.5377,16.1694],[79.5384,16.1714],[79.5413,16.1723],[79.5463,16.1735],[79.5508,16.1788],[79.5522,16.1804],[79.5521,16.1844],[79.5556,16.1888],[79.5588,16.1947],[79.5608,16.205],[79.5563,16.2139],[79.5578,16.2208],[79.5629,16.2236],[79.5624,16.2377],[79.5602,16.2415],[79.562,16.2628],[79.5667,16.2761],[79.5616,16.2798],[79.5498,16.2851],[79.5415,16.2972],[79.5403,16.2998],[79.5374,16.3064],[79.5277,16.2972],[79.5003,16.2903],[79.4849,16.2917],[79.4724,16.2911],[79.4477,16.3031],[79.3715,16.2329],[79.3259,16.2287],[79.2588,16.1935],[79.2488,16.1789],[79.2384,16.1731],[79.2318,16.1695]]]}}]}