{"type":"FeatureCollection","features":[{"type":"Feature","properties":{"district":"Burhanpur","district_hi":"बुरहानपुर"},"geometry":{"type":"Polygon","coordinates":[[[76.7813,21.5589],[76.7893,21.5364],[76.7634,21.5208],[76.7893,21.4953],[76.7931,21.4829],[76.788,21.4702],[76.7836,21.4638],[76.7443,21.4398],[76.7402,21.4112],[76.6214,21.3322],[76.6625,21.2804],[76.6625,21.2761],[76.6615,21.2405],[76.6416,21.2371],[76.6369,21.2026],[76.6231,21.185],[76.5666,21.1992],[76.5656,21.1995],[76.5299,21.1818],[76.4905,21.1919],[76.4902,21.1919],[76.4801,21.1821],[76.4781,21.1471],[76.466,21.1425],[76.4737,21.1367],[76.4576,21.133],[76.4512,21.1202],[76.4555,21.1075],[76.4104,21.102],[76.4125,21.0884],[76.3812,21.0789],[76.3825,21.0757],[76.3822,21.0757],[76.2789,21.0699],[76.2718,21.0887],[76.259,21.0904],[76.1665,21.0789],[76.1698,21.1037],[76.1355,21.1208],[76.1123,21.163],[76.1247,21.1729],[76.1308,21.1752],[76.1719,21.1665],[76.1762,21.1839],[76.1651,21.1902],[76.1719,21.205],[76.1584,21.2133],[76.1651,21.2212],[76.1409,21.2275],[76.1406,21.2385],[76.1473,21.2463],[76.1591,21.2553],[76.1577,21.2579],[76.1429,21.2856],[76.1284,21.2865],[76.0955,21.3713],[76.0477,21.349],[76.0292,21.3649],[75.9868,21.3686],[76.0083,21.4178],[76.009,21.4699],[75.9898,21.4881],[75.9481,21.4901],[75.9518,21.548],[76.0231,21.5491],[76.0615,21.5731],[76.077,21.5722],[76.1126,21.578],[76.1358,21.5607],[76.1446,21.5702],[76.1389,21.5754],[76.15,21.5783],[76.1547,21.5482],[76.1769,21.5416],[76.1978,21.5503],[76.1968,21.5604],[76.2132,21.5615],[76.2136,21.5711],[76.2863,21.585],[76.2856,21.5954],[76.295,21.5948],[76.2947,21.5922],[76.2933,21.5766],[76.2933,21.5763],[76.2991,21.5754],[76.3428,21.5685],[76.3526,21.5667],[76.364,21.5722],[76.3643,21.5722],[76.365,21.5725],[76.3596,21.5801],[76.3744,21.5806],[76.3771,21.598],[76.4071,21.5988],[76.4276,21.5832],[76.4357,21.5971],[76.4518,21.5821],[76.4855,21.5777],[76.5127,21.5613],[76.6117,21.5734],[76.7099,21.5598],[76.7453,21.5748],[76.7513,21.5563],[76.7517,21.5563],[76.7533,21.5563],[76.7681,21.5552],[76.7813,21.5589]]]}},{"type":"Feature","properties":{"district":"Seoni","district_hi":"सिवनी"},"geometry":{"type":"Polygon","coordinates":[[[79.9643,22.8519],[79.9697,22.845],[80.0047,22.8236],[80.0054,22.8224],[80.0114,22.8089],[80.0185,22.7938],[80.0239,22.7895],[80.0649,22.7611],[80.1006,22.7692],[80.1797,22.7629],[80.2042,22.7857],[80.2032,22.7921],[80.2157,22.8002],[80.2194,22.7996],[80.2682,22.7932],[80.281,22.784],[80.2813,22.7808],[80.2894,22.7264],[80.2392,22.7152],[80.2362,22.6741],[80.213,22.6744],[80.1945,22.6443],[80.216,22.6272],[80.2022,22.6038],[80.1538,22.6001],[80.1447,22.6162],[80.1265,22.6102],[80.113,22.6269],[80.0727,22.6021],[80.0353,22.6081],[80.0323,22.5966],[80.0155,22.5969],[80.0077,22.5749],[79.9899,22.5807],[79.9529,22.5584],[79.9885,22.5451],[80.0091,22.559],[80.0161,22.5431],[80.0316,22.5468],[80.033,22.5413],[80.035,22.5347],[80.0373,22.5251],[80.0232,22.5052],[80.0444,22.4948],[80.0501,22.4563],[80.0717,22.4502],[80.0801,22.4277],[80.0925,22.4236],[80.0915,22.4063],[80.0912,22.406],[80.0912,22.4057],[80.0723,22.3936],[80.0723,22.393],[80.077,22.3508],[80.0999,22.3354],[80.0811,22.2967],[80.0986,22.2458],[80.0831,22.2325],[80.0861,22.2218],[80.0599,22.2122],[80.0336,22.1819],[80.0336,22.1816],[80.0673,22.0775],[80.0013,22.0824],[79.9902,22.0688],[79.934,22.0691],[79.9172,22.0347],[79.9263,22.0324],[79.9233,21.9736],[79.8613,21.9664],[79.8634,21.9583],[79.8401,21.9453],[79.8408,21.9375],[79.8909,21.9314],[79.8772,21.908],[79.8415,21.9054],[79.8388,21.8854],[79.8189,21.8704],[79.7772,21.86],[79.7937,21.8369],[79.7698,21.8091],[79.6907,21.8004],[79.6823,21.7469],[79.6564,21.7382],[79.6729,21.6963],[79.5995,21.7096],[79.6086,21.6792],[79.5888,21.6602],[79.5928,21.6466],[79.5406,21.631],[79.5427,21.6087],[79.5366,21.6041],[79.51,21.596],[79.5056,21.6081],[79.5043,21.613],[79.5171,21.6255],[79.4962,21.6738],[79.4222,21.6917],[79.3926,21.674],[79.3522,21.6778],[79.3542,21.6847],[79.2906,21.6925],[79.2681,21.7154],[79.2317,21.7223],[79.2341,21.7183],[79.2247,21.7192],[79.2226,21.7197],[79.2307,21.7579],[79.2553,21.7782],[79.2849,21.7796],[79.293,21.8126],[79.2745,21.8345],[79.3243,21.9181],[79.3472,21.9271],[79.3401,21.9549],[79.3727,21.9748],[79.3734,21.9936],[79.4,21.9974],[79.3953,22.0176],[79.4064,22.0393],[79.3875,22.0436],[79.3872,22.0685],[79.3731,22.0879],[79.3936,22.1032],[79.3539,22.131],[79.3371,22.207],[79.3243,22.2247],[79.332,22.2417],[79.367,22.2192],[79.3633,22.2663],[79.3498,22.2683],[79.3424,22.2874],[79.3024,22.2906],[79.2984,22.31],[79.2859,22.3166],[79.2886,22.3279],[79.3519,22.3539],[79.3472,22.3843],[79.3233,22.3826],[79.3189,22.3941],[79.2825,22.3736],[79.2987,22.4155],[79.333,22.415],[79.335,22.443],[79.3209,22.4329],[79.3148,22.4456],[79.2657,22.4537],[79.2499,22.4413],[79.2327,22.445],[79.2277,22.4234],[79.2058,22.4309],[79.195,22.4526],[79.2324,22.4742],[79.3451,22.4838],[79.3451,22.4841],[79.3445,22.5052],[79.328,22.5121],[79.3212,22.5431],[79.3414,22.5535],[79.3323,22.5662],[79.3414,22.5656],[79.3431,22.5781],[79.3485,22.5706],[79.3539,22.5879],[79.3747,22.596],[79.3485,22.6139],[79.328,22.6162],[79.3286,22.6183],[79.336,22.6382],[79.362,22.6429],[79.3808,22.659],[79.3784,22.6686],[79.4013,22.6851],[79.403,22.6981],[79.3943,22.7021],[79.4134,22.712],[79.4118,22.7209],[79.4114,22.7215],[79.4602,22.7299],[79.469,22.742],[79.472,22.7244],[79.4878,22.7308],[79.5164,22.723],[79.5235,22.7516],[79.5083,22.7539],[79.5191,22.7623],[79.5154,22.7779],[79.544,22.8045],[79.541,22.8172],[79.577,22.8334],[79.5975,22.8664],[79.6123,22.86],[79.6244,22.8739],[79.6207,22.9069],[79.6133,22.9176],[79.5999,22.9138],[79.5904,22.9381],[79.5918,22.939],[79.6231,22.9552],[79.6285,22.95],[79.6564,22.9234],[79.687,22.9297],[79.7486,22.9208],[79.7442,22.8968],[79.7812,22.8794],[79.759,22.8603],[79.7648,22.8464],[79.7849,22.8467],[79.8206,22.8713],[79.8186,22.8485],[79.8432,22.8331],[79.8546,22.8404],[79.8724,22.8514],[79.8862,22.8603],[79.9,22.8632],[79.9004,22.8632],[79.9024,22.8638],[79.9068,22.8453],[79.9434,22.8598],[79.9445,22.8603],[79.9482,22.858],[79.9643,22.8519]]]}},{"type":"Feature","properties":{"district":"Alirajpur","district_hi":"अलीराजपुर"},"geometry":{"type":"Polygon","coordinates":[[[74.741,22.559],[74.7279,22.5523],[74.7128,22.5269],[74.7128,22.5266],[74.7124,22.5263],[74.7255,22.5017],[74.7134,22.4988],[74.705,22.478],[74.7478,22.4372],[74.7239,22.439],[74.7144,22.4231],[74.6902,22.4158],[74.6969,22.3976],[74.6919,22.3681],[74.6818,22.3609],[74.6646,22.3693],[74.6313,22.3658],[74.6229,22.3285],[74.6397,22.3028],[74.6619,22.2996],[74.6492,22.2741],[74.599,22.2681],[74.6034,22.2556],[74.5903,22.2432],[74.5596,22.2429],[74.557,22.2198],[74.5428,22.2368],[74.5267,22.2362],[74.5122,22.22],[74.5216,22.2053],[74.5095,22.183],[74.4964,22.1793],[74.4974,22.1665],[74.5092,22.1498],[74.5267,22.1463],[74.5408,22.1174],[74.4711,22.1136],[74.4755,22.0963],[74.5152,22.1],[74.5156,22.0893],[74.4927,22.0711],[74.5018,22.0457],[74.4321,22.0303],[74.4328,22.0298],[74.4318,22.0303],[74.4028,22.0234],[74.3937,22.0292],[74.388,22.0338],[74.3897,22.0321],[74.3981,22.0228],[74.3756,22.0005],[74.3446,21.9751],[74.3009,21.967],[74.2817,21.934],[74.1928,21.9259],[74.1572,21.9508],[74.1504,21.9505],[74.1464,21.9502],[74.1451,21.9537],[74.143,21.9595],[74.1488,21.9832],[74.1508,21.9867],[74.1494,21.9867],[74.098,21.9982],[74.0976,21.9991],[74.0966,22.0023],[74.0949,22.0165],[74.14,22.0405],[74.1313,22.048],[74.1599,22.059],[74.1646,22.083],[74.1787,22.0856],[74.1525,22.1058],[74.1245,22.0977],[74.1229,22.1356],[74.134,22.1605],[74.1215,22.1674],[74.1225,22.2122],[74.0724,22.2192],[74.0693,22.2325],[74.0872,22.2429],[74.0747,22.2571],[74.0744,22.2654],[74.0603,22.2735],[74.0582,22.2761],[74.0556,22.284],[74.0542,22.2981],[74.0569,22.3039],[74.072,22.3369],[74.0683,22.356],[74.0778,22.36],[74.0946,22.367],[74.0996,22.3693],[74.1255,22.3563],[74.1279,22.3331],[74.1902,22.3201],[74.2036,22.3664],[74.2241,22.3565],[74.2238,22.38],[74.2433,22.3759],[74.2568,22.3993],[74.2911,22.3939],[74.2676,22.4054],[74.2558,22.4288],[74.2477,22.4147],[74.2376,22.4219],[74.244,22.4338],[74.2154,22.4413],[74.2134,22.4314],[74.2016,22.4343],[74.2029,22.4676],[74.1905,22.476],[74.1797,22.4627],[74.1841,22.4416],[74.1605,22.4312],[74.1494,22.4557],[74.1195,22.4187],[74.0986,22.4421],[74.1043,22.4647],[74.0757,22.4641],[74.0768,22.4835],[74.0879,22.4826],[74.0828,22.5066],[74.0545,22.5092],[74.0542,22.5084],[74.0407,22.4864],[74.0347,22.4983],[74.0411,22.5416],[74.0586,22.5494],[74.0882,22.5405],[74.1013,22.5341],[74.104,22.5356],[74.1222,22.5301],[74.1333,22.5202],[74.1508,22.5211],[74.1508,22.5214],[74.1706,22.5474],[74.1895,22.5535],[74.1834,22.5668],[74.21,22.5645],[74.2312,22.6116],[74.2534,22.6215],[74.2635,22.6437],[74.2649,22.644],[74.2904,22.6417],[74.3241,22.6391],[74.3786,22.6345],[74.3786,22.6336],[74.3917,22.6125],[74.4079,22.6139],[74.4422,22.5827],[74.4318,22.5549],[74.4318,22.5546],[74.4472,22.5425],[74.4634,22.5298],[74.4637,22.5304],[74.488,22.5763],[74.5071,22.583],[74.5246,22.581],[74.5489,22.55],[74.565,22.561],[74.5977,22.5367],[74.6081,22.5581],[74.632,22.5546],[74.632,22.5648],[74.6485,22.5682],[74.6576,22.6032],[74.6744,22.6012],[74.6899,22.5841],[74.7309,22.5917],[74.7262,22.5714],[74.741,22.559]]]}},{"type":"Feature","properties":{"district":"Chhindwara","district_hi":"छिंदवाड़ा"},"geometry":{"type":"Polygon","coordinates":[[[79.328,22.6162],[79.3485,22.6139],[79.3747,22.596],[79.3539,22.5879],[79.3485,22.5706],[79.3431,22.5781],[79.3414,22.5656],[79.3323,22.5662],[79.3414,22.5535],[79.3212,22.5431],[79.328,22.5121],[79.3445,22.5052],[79.3451,22.4841],[79.3451,22.4838],[79.2324,22.4742],[79.195,22.4526],[79.2058,22.4309],[79.2277,22.4234],[79.2327,22.445],[79.2499,22.4413],[79.2657,22.4537],[79.3148,22.4456],[79.3209,22.4329],[79.335,22.443],[79.333,22.415],[79.2987,22.4155],[79.2825,22.3736],[79.3189,22.3941],[79.3233,22.3826],[79.3472,22.3843],[79.3519,22.3539],[79.2886,22.3279],[79.2859,22.3166],[79.2984,22.31],[79.3024,22.2906],[79.3424,22.2874],[79.3498,22.2683],[79.3633,22.2663],[79.367,22.2192],[79.332,22.2417],[79.3243,22.2247],[79.3371,22.207],[79.3539,22.131],[79.3936,22.1032],[79.3731,22.0879],[79.3872,22.0685],[79.3875,22.0436],[79.4064,22.0393],[79.3953,22.0176],[79.4,21.9974],[79.3734,21.9936],[79.3727,21.9748],[79.3401,21.9549],[79.3472,21.9271],[79.3243,21.9181],[79.2745,21.8345],[79.293,21.8126],[79.2849,21.7796],[79.2553,21.7782],[79.2307,21.7579],[79.2226,21.7197],[79.2247,21.7192],[79.2341,21.7183],[79.2371,21.7134],[79.2233,21.6868],[79.221,21.6818],[79.2284,21.6622],[79.2307,21.6561],[79.224,21.6486],[79.155,21.6602],[79.154,21.6463],[79.1685,21.637],[79.1513,21.6402],[79.1119,21.6237],[79.1002,21.6174],[79.1069,21.6049],[79.0938,21.598],[79.0766,21.6055],[79.0123,21.5994],[78.9985,21.6191],[78.9753,21.6176],[78.9433,21.5919],[78.9164,21.5908],[78.9137,21.5708],[78.9316,21.5618],[78.9067,21.5532],[78.9295,21.5404],[78.9272,21.5222],[78.9444,21.5158],[78.9366,21.4858],[78.8993,21.5005],[78.8908,21.4852],[78.868,21.4939],[78.8003,21.4901],[78.7801,21.4788],[78.7761,21.4644],[78.767,21.489],[78.7509,21.493],[78.7458,21.4702],[78.7283,21.4621],[78.6883,21.482],[78.6671,21.4771],[78.6432,21.4855],[78.6284,21.4754],[78.6089,21.489],[78.5853,21.4866],[78.5702,21.5141],[78.5119,21.5286],[78.4753,21.5008],[78.4332,21.4971],[78.4359,21.5069],[78.4386,21.5176],[78.4352,21.5271],[78.4191,21.5708],[78.4275,21.5991],[78.3726,21.6133],[78.3817,21.5916],[78.3608,21.5766],[78.3433,21.5884],[78.343,21.5887],[78.3427,21.589],[78.3454,21.6217],[78.346,21.6217],[78.3649,21.6191],[78.3797,21.6382],[78.3942,21.6425],[78.3938,21.6555],[78.3935,21.6665],[78.3931,21.6711],[78.4255,21.6946],[78.4271,21.6963],[78.4271,21.7183],[78.4598,21.718],[78.4665,21.7426],[78.4591,21.7625],[78.4709,21.7646],[78.4699,21.7854],[78.4985,21.7923],[78.4672,21.8134],[78.4901,21.8314],[78.5237,21.8351],[78.5493,21.8733],[78.5385,21.9071],[78.5187,21.9083],[78.5146,21.9366],[78.4847,21.9389],[78.4662,21.9632],[78.4493,21.9531],[78.4423,21.9609],[78.4318,21.9499],[78.4244,21.9598],[78.4086,21.9366],[78.3955,21.9392],[78.3975,21.9268],[78.3958,21.9262],[78.3918,21.9248],[78.3888,21.9236],[78.3884,21.9254],[78.3847,21.9635],[78.4009,21.9852],[78.4009,22.0049],[78.3719,22.0295],[78.3757,22.0367],[78.3565,22.0352],[78.3592,22.0474],[78.3454,22.0506],[78.3477,22.0737],[78.3376,22.0908],[78.347,22.1081],[78.2767,22.0902],[78.2767,22.0908],[78.2764,22.0905],[78.2771,22.1336],[78.2643,22.133],[78.2643,22.1628],[78.2589,22.1651],[78.2639,22.1758],[78.2639,22.1877],[78.2612,22.1882],[78.2606,22.2085],[78.2639,22.2128],[78.2935,22.2542],[78.2878,22.2634],[78.2626,22.2634],[78.2596,22.301],[78.2451,22.3204],[78.2797,22.3502],[78.2777,22.3944],[78.274,22.3982],[78.2703,22.402],[78.2848,22.4196],[78.3804,22.4205],[78.4181,22.3832],[78.4705,22.3753],[78.5271,22.4199],[78.5604,22.4199],[78.554,22.4557],[78.5294,22.4549],[78.5298,22.4699],[78.5096,22.4777],[78.5143,22.4913],[78.5409,22.5017],[78.5479,22.5364],[78.4978,22.5922],[78.4981,22.6339],[78.5039,22.6417],[78.52,22.6625],[78.522,22.6651],[78.523,22.6645],[78.5422,22.657],[78.5752,22.6631],[78.6119,22.6492],[78.6257,22.6784],[78.626,22.6787],[78.6903,22.7056],[78.6802,22.6984],[78.6799,22.6741],[78.6805,22.6619],[78.7236,22.6452],[78.7414,22.6194],[78.7805,22.6223],[78.7754,22.6469],[78.8235,22.6562],[78.8498,22.6842],[78.9184,22.6721],[78.9279,22.6455],[78.9417,22.6336],[78.9548,22.6293],[78.983,22.6333],[79.011,22.6437],[79.0117,22.644],[79.0026,22.6544],[79.0029,22.6544],[79.0187,22.6567],[79.0103,22.6674],[79.0167,22.6862],[79.0147,22.688],[79.0059,22.6938],[79.0042,22.6949],[79.0278,22.7082],[79.0285,22.7085],[79.0127,22.7261],[79.0123,22.7267],[79.0127,22.7267],[79.0275,22.7273],[79.0275,22.7276],[79.017,22.7397],[79.018,22.7406],[79.0318,22.7513],[79.0426,22.7594],[79.0894,22.7423],[79.0961,22.7574],[79.123,22.7652],[79.1382,22.7915],[79.1782,22.7875],[79.1924,22.8091],[79.2287,22.8169],[79.229,22.8169],[79.2405,22.8034],[79.2445,22.7519],[79.2627,22.7446],[79.2438,22.7189],[79.2644,22.6871],[79.2889,22.6955],[79.2893,22.6955],[79.2913,22.692],[79.297,22.6833],[79.2967,22.6828],[79.297,22.6819],[79.2876,22.6533],[79.3061,22.6452],[79.3051,22.642],[79.3,22.6281],[79.297,22.6203],[79.3169,22.6174],[79.3249,22.6165],[79.328,22.6162]]]}},{"type":"Feature","properties":{"district":"Harda","district_hi":"हरदा"},"geometry":{"type":"Polygon","coordinates":[[[77.39,22.2229],[77.3816,22.2172],[77.4223,22.1729],[77.424,22.1709],[77.4728,22.1642],[77.4657,22.1324],[77.4748,22.118],[77.461,22.0861],[77.46,22.0833],[77.4607,22.0833],[77.5102,22.0757],[77.5058,22.03],[77.4789,22.0248],[77.4711,22.0399],[77.4533,22.0393],[77.4449,22.0193],[77.3974,22.0211],[77.3954,21.9991],[77.3809,21.9916],[77.3584,21.9916],[77.3237,21.9693],[77.2763,21.9644],[77.2467,21.9138],[77.2201,21.9066],[77.2187,21.91],[77.2211,21.9147],[77.2137,21.921],[77.174,21.9557],[77.1693,21.9673],[77.1642,21.9797],[77.138,21.9945],[77.0737,21.9812],[77.0249,21.9913],[76.9926,21.9765],[76.9764,22.0023],[76.9721,22.0029],[76.9637,22.0043],[76.9556,22.0058],[76.9542,22.0046],[76.9388,21.9916],[76.9048,22.0066],[76.9061,21.9922],[76.8873,21.9841],[76.8681,22.0254],[76.8597,22.0286],[76.8402,22.0601],[76.8452,22.0844],[76.858,22.0902],[76.858,22.1073],[76.8715,22.118],[76.8365,22.1284],[76.8267,22.1567],[76.8415,22.1584],[76.8472,22.1717],[76.8361,22.1931],[76.8499,22.2258],[76.8449,22.2391],[76.8556,22.2446],[76.8432,22.2545],[76.8577,22.2545],[76.858,22.255],[76.8741,22.2842],[76.8943,22.2932],[76.892,22.2947],[76.8694,22.3097],[76.8694,22.3172],[76.8691,22.3224],[76.8519,22.3311],[76.8247,22.314],[76.818,22.3372],[76.8008,22.3314],[76.7809,22.3441],[76.7934,22.4257],[76.8011,22.4317],[76.9085,22.4832],[76.9199,22.4881],[77.0263,22.4933],[77.0784,22.509],[77.1299,22.5555],[77.1605,22.5792],[77.1656,22.5781],[77.1757,22.576],[77.2184,22.5668],[77.2211,22.5691],[77.2133,22.5619],[77.2342,22.5509],[77.2574,22.5535],[77.2716,22.539],[77.2477,22.5205],[77.2632,22.5185],[77.2823,22.4974],[77.2817,22.4635],[77.2924,22.4479],[77.28,22.4355],[77.3089,22.4367],[77.3012,22.4129],[77.3231,22.3733],[77.314,22.3522],[77.3574,22.3169],[77.3543,22.29],[77.3705,22.2837],[77.3631,22.2475],[77.386,22.2446],[77.39,22.2229]]]}},{"type":"Feature","properties":{"district":"Khargone","district_hi":"खरगोन"},"geometry":{"type":"Polygon","coordinates":[[[76.077,21.5722],[76.0615,21.5731],[76.0231,21.5491],[75.9518,21.548],[75.9481,21.4901],[75.9898,21.4881],[76.009,21.4699],[76.0083,21.4178],[75.9868,21.3686],[75.9629,21.3895],[75.9104,21.3825],[75.8872,21.3938],[75.8855,21.3947],[75.8333,21.3767],[75.7287,21.3886],[75.6705,21.3747],[75.6223,21.3759],[75.619,21.3791],[75.6085,21.39],[75.6217,21.3909],[75.6237,21.3921],[75.6025,21.3973],[75.6062,21.4175],[75.5904,21.4389],[75.6106,21.458],[75.5833,21.4757],[75.4988,21.4869],[75.4628,21.515],[75.4649,21.556],[75.5022,21.6136],[75.4474,21.6414],[75.4386,21.6758],[75.3915,21.6816],[75.3508,21.6709],[75.3222,21.6619],[75.2929,21.635],[75.2838,21.6529],[75.2599,21.6628],[75.2683,21.6865],[75.2175,21.6946],[75.2088,21.7085],[75.2078,21.7284],[75.2222,21.7423],[75.2761,21.7385],[75.2707,21.7651],[75.2821,21.7721],[75.2724,21.8013],[75.2953,21.8111],[75.2932,21.8247],[75.3101,21.8435],[75.2979,21.8632],[75.2767,21.8661],[75.2761,21.886],[75.2878,21.8921],[75.2835,21.9158],[75.2976,21.9225],[75.3074,21.9074],[75.3326,21.9092],[75.3383,21.9459],[75.3528,21.956],[75.3504,21.982],[75.3982,21.9846],[75.4056,22.0026],[75.4437,22.026],[75.414,22.0228],[75.4137,22.0587],[75.4568,22.0593],[75.4514,22.0726],[75.3949,22.0801],[75.3807,22.1021],[75.3575,22.0983],[75.3548,22.1128],[75.3218,22.1229],[75.3165,22.1333],[75.3276,22.1344],[75.4871,22.1535],[75.4908,22.1538],[75.5207,22.1732],[75.516,22.1862],[75.5355,22.2342],[75.5332,22.2634],[75.5177,22.2796],[75.5187,22.3262],[75.4901,22.3262],[75.4965,22.3398],[75.5093,22.3392],[75.5086,22.3736],[75.5224,22.3753],[75.5369,22.3568],[75.5648,22.3759],[75.5621,22.3771],[75.5752,22.3777],[75.5927,22.3609],[75.6102,22.3638],[75.6109,22.3467],[75.5998,22.3406],[75.6156,22.3377],[75.6408,22.3563],[75.6536,22.332],[75.6546,22.3427],[75.7216,22.3696],[75.7216,22.3693],[75.7223,22.3696],[75.7462,22.36],[75.76,22.3629],[75.8189,22.3993],[75.8219,22.406],[75.8343,22.4089],[75.8572,22.3817],[75.8609,22.3808],[75.8942,22.3852],[75.906,22.3872],[75.9141,22.4205],[75.9609,22.4306],[75.9938,22.4135],[76.0066,22.4219],[76.0086,22.4445],[76.0319,22.4369],[76.0393,22.4526],[76.042,22.4581],[76.046,22.4563],[76.0521,22.4598],[76.0507,22.4783],[76.0238,22.4951],[76.0278,22.5289],[76.0605,22.5335],[76.0763,22.5237],[76.0807,22.539],[76.0827,22.5373],[76.0871,22.5338],[76.1012,22.4705],[76.2122,22.4179],[76.2331,22.3924],[76.2348,22.3901],[76.2223,22.3632],[76.22,22.3577],[76.2193,22.3565],[76.2153,22.3563],[76.2038,22.3531],[76.2116,22.3395],[76.2139,22.3349],[76.2146,22.3337],[76.2122,22.3299],[76.2112,22.3276],[76.1816,22.2759],[76.1587,22.2556],[76.0992,22.2495],[76.0127,22.2117],[76.0248,22.1969],[76.0827,22.1856],[76.1022,22.2131],[76.1537,22.2131],[76.1507,22.1784],[76.1217,22.1709],[76.1173,22.159],[76.1382,22.1102],[76.0931,22.0899],[76.0958,22.0535],[76.1389,22.0555],[76.1517,22.0656],[76.154,22.0772],[76.1372,22.0807],[76.1335,22.0931],[76.1348,22.0942],[76.1416,22.1021],[76.1544,22.1171],[76.1719,22.1209],[76.1752,22.1214],[76.1762,22.1217],[76.1769,22.1209],[76.1988,22.0971],[76.2196,22.0997],[76.2244,22.0749],[76.225,22.072],[76.2001,22.0671],[76.1988,22.0445],[76.1944,22.0442],[76.1651,22.0428],[76.1645,22.0425],[76.1523,22.0321],[76.1651,22.0124],[76.1426,21.9771],[76.1604,21.9682],[76.1486,21.9468],[76.1692,21.8863],[76.1695,21.886],[76.1685,21.886],[76.1254,21.8707],[76.1247,21.8548],[76.1005,21.8551],[76.1109,21.7949],[76.0931,21.7917],[76.0928,21.7706],[76.1268,21.7602],[76.1241,21.7498],[76.1005,21.7452],[76.1046,21.7235],[76.1264,21.7212],[76.15,21.7348],[76.1702,21.7209],[76.1712,21.6998],[76.152,21.6943],[76.152,21.6772],[76.1332,21.6911],[76.1079,21.6911],[76.0696,21.6633],[76.0766,21.5746],[76.077,21.5722]]]}},{"type":"Feature","properties":{"district":"Khandwa","district_hi":"खंडवा"},"geometry":{"type":"Polygon","coordinates":[[[76.7813,21.5589],[76.7681,21.5552],[76.7533,21.5563],[76.7517,21.5563],[76.7513,21.5563],[76.7453,21.5748],[76.7099,21.5598],[76.6117,21.5734],[76.5127,21.5613],[76.4855,21.5777],[76.4518,21.5821],[76.4357,21.5971],[76.4276,21.5832],[76.4071,21.5988],[76.3771,21.598],[76.3744,21.5806],[76.3596,21.5801],[76.365,21.5725],[76.3643,21.5722],[76.364,21.5722],[76.3526,21.5667],[76.3428,21.5685],[76.2991,21.5754],[76.2933,21.5763],[76.2933,21.5766],[76.2947,21.5922],[76.295,21.5948],[76.2856,21.5954],[76.2863,21.585],[76.2136,21.5711],[76.2132,21.5615],[76.1968,21.5604],[76.1978,21.5503],[76.1769,21.5416],[76.1547,21.5482],[76.15,21.5783],[76.1389,21.5754],[76.1446,21.5702],[76.1358,21.5607],[76.1126,21.578],[76.077,21.5722],[76.0766,21.5746],[76.0696,21.6633],[76.1079,21.6911],[76.1332,21.6911],[76.152,21.6772],[76.152,21.6943],[76.1712,21.6998],[76.1702,21.7209],[76.15,21.7348],[76.1264,21.7212],[76.1046,21.7235],[76.1005,21.7452],[76.1241,21.7498],[76.1268,21.7602],[76.0928,21.7706],[76.0931,21.7917],[76.1109,21.7949],[76.1005,21.8551],[76.1247,21.8548],[76.1254,21.8707],[76.1685,21.886],[76.1695,21.886],[76.1692,21.8863],[76.1486,21.9468],[76.1604,21.9682],[76.1426,21.9771],[76.1651,22.0124],[76.1523,22.0321],[76.1645,22.0425],[76.1651,22.0428],[76.1944,22.0442],[76.1988,22.0445],[76.2001,22.0671],[76.225,22.072],[76.2244,22.0749],[76.2196,22.0997],[76.1988,22.0971],[76.1769,22.1209],[76.1762,22.1217],[76.1752,22.1214],[76.1719,22.1209],[76.1544,22.1171],[76.1416,22.1021],[76.1348,22.0942],[76.1335,22.0931],[76.1372,22.0807],[76.154,22.0772],[76.1517,22.0656],[76.1389,22.0555],[76.0958,22.0535],[76.0931,22.0899],[76.1382,22.1102],[76.1173,22.159],[76.1217,22.1709],[76.1507,22.1784],[76.1537,22.2131],[76.1022,22.2131],[76.0827,22.1856],[76.0248,22.1969],[76.0127,22.2117],[76.0992,22.2495],[76.1587,22.2556],[76.1816,22.2759],[76.2112,22.3276],[76.2116,22.3273],[76.2516,22.2897],[76.3266,22.2984],[76.3997,22.3375],[76.4438,22.3427],[76.436,22.3638],[76.4434,22.3829],[76.4979,22.4118],[76.4983,22.4118],[76.4989,22.4118],[76.5538,22.3988],[76.6033,22.4054],[76.6039,22.4054],[76.6224,22.373],[76.6554,22.3606],[76.6645,22.3456],[76.6551,22.3305],[76.6827,22.2967],[76.7194,22.3103],[76.7422,22.2921],[76.7685,22.3163],[76.7809,22.3441],[76.8008,22.3314],[76.818,22.3372],[76.8247,22.314],[76.8519,22.3311],[76.8691,22.3224],[76.8694,22.3172],[76.8694,22.3097],[76.892,22.2947],[76.8943,22.2932],[76.8741,22.2842],[76.858,22.255],[76.8577,22.2545],[76.8432,22.2545],[76.8556,22.2446],[76.8449,22.2391],[76.8499,22.2258],[76.8361,22.1931],[76.8472,22.1717],[76.8415,22.1584],[76.8267,22.1567],[76.8365,22.1284],[76.8715,22.118],[76.858,22.1073],[76.858,22.0902],[76.8452,22.0844],[76.8402,22.0601],[76.8597,22.0286],[76.8681,22.0254],[76.8873,21.9841],[76.9061,21.9922],[76.9048,22.0066],[76.9388,21.9916],[76.9542,22.0046],[76.9556,22.0058],[76.9637,22.0043],[76.9721,22.0029],[76.9764,22.0023],[76.9926,21.9765],[77.0249,21.9913],[77.0737,21.9812],[77.138,21.9945],[77.1642,21.9797],[77.1693,21.9673],[77.174,21.9557],[77.2137,21.921],[77.2211,21.9147],[77.2187,21.91],[77.2201,21.9066],[77.2187,21.906],[77.213,21.899],[77.209,21.8935],[77.2012,21.875],[77.2123,21.869],[77.1693,21.8681],[77.1662,21.8678],[77.1666,21.8638],[77.1693,21.8131],[77.1915,21.8068],[77.1858,21.7952],[77.1996,21.7903],[77.1501,21.7724],[77.1427,21.7854],[77.1218,21.7753],[77.0996,21.7851],[77.1036,21.7761],[77.0794,21.7703],[77.068,21.7498],[77.0761,21.7301],[77.0744,21.7296],[77.0606,21.7348],[77.0619,21.7119],[77.04,21.6975],[77.0333,21.7235],[77.0145,21.7194],[77.0131,21.7192],[77.0236,21.6882],[77.0061,21.6787],[76.999,21.692],[76.9926,21.6665],[76.929,21.6243],[76.9028,21.5977],[76.8795,21.6046],[76.8543,21.6133],[76.8536,21.6124],[76.8328,21.589],[76.7957,21.5942],[76.7954,21.5939],[76.7937,21.5902],[76.7813,21.5647],[76.7823,21.5613],[76.7813,21.5589]]]}},{"type":"Feature","properties":{"district":"Balaghat","district_hi":"बालाघाट"},"geometry":{"type":"Polygon","coordinates":[[[79.51,21.596],[79.5366,21.6041],[79.5427,21.6087],[79.5406,21.631],[79.5928,21.6466],[79.5888,21.6602],[79.6086,21.6792],[79.5995,21.7096],[79.6729,21.6963],[79.6564,21.7382],[79.6823,21.7469],[79.6907,21.8004],[79.7698,21.8091],[79.7937,21.8369],[79.7772,21.86],[79.8189,21.8704],[79.8388,21.8854],[79.8415,21.9054],[79.8772,21.908],[79.8909,21.9314],[79.8408,21.9375],[79.8401,21.9453],[79.8634,21.9583],[79.8613,21.9664],[79.9233,21.9736],[79.9263,22.0324],[79.9172,22.0347],[79.934,22.0691],[79.9902,22.0688],[80.0013,22.0824],[80.0673,22.0775],[80.0336,22.1816],[80.0336,22.1819],[80.0599,22.2122],[80.0861,22.2218],[80.0831,22.2325],[80.0986,22.2458],[80.0811,22.2967],[80.0999,22.3354],[80.1016,22.3389],[80.1033,22.3427],[80.1598,22.3461],[80.1723,22.3401],[80.1682,22.3253],[80.2281,22.3137],[80.2352,22.3016],[80.2732,22.3074],[80.2793,22.3233],[80.323,22.3461],[80.3462,22.327],[80.3362,22.299],[80.3998,22.3045],[80.421,22.2782],[80.4156,22.2443],[80.4469,22.2461],[80.4509,22.2634],[80.465,22.2643],[80.4623,22.2808],[80.4876,22.2701],[80.5078,22.2756],[80.5155,22.2623],[80.5263,22.2646],[80.5323,22.2406],[80.5798,22.2264],[80.6457,22.2276],[80.7063,22.2021],[80.7285,22.2203],[80.7036,22.2547],[80.704,22.2707],[80.7447,22.2845],[80.7736,22.3172],[80.7877,22.3137],[80.8022,22.3664],[80.7955,22.3999],[80.8113,22.402],[80.8147,22.3901],[80.8658,22.3788],[80.8655,22.3649],[80.8937,22.3505],[80.883,22.3473],[80.8816,22.3337],[80.9089,22.343],[80.9314,22.3311],[80.9096,22.3178],[80.9038,22.2976],[80.9149,22.279],[80.9365,22.2779],[80.9382,22.2877],[80.9584,22.2753],[81.0065,22.2837],[81.0448,22.2406],[81.0196,22.2212],[81.0317,22.1998],[81.0307,22.1874],[81.0166,22.1856],[81.0267,22.1665],[81.022,22.1327],[80.9947,22.1356],[80.9779,22.1226],[80.9809,22.1102],[80.9903,22.1136],[81.0112,22.0957],[81.0014,22.0835],[81.0092,22.0708],[81.0051,22.0624],[81.0038,22.0601],[81.0031,22.0584],[81.0021,22.0578],[80.989,22.0512],[80.9843,22.0486],[80.9701,22.0575],[80.9718,22.085],[80.957,22.1104],[80.922,22.12],[80.9079,22.1096],[80.8968,22.0645],[80.8826,22.059],[80.8567,21.965],[80.8476,21.9557],[80.8254,21.9583],[80.846,21.9424],[80.8439,21.9358],[80.8392,21.9187],[80.8332,21.8964],[80.8342,21.8892],[80.8527,21.8736],[80.8524,21.873],[80.8429,21.8655],[80.8423,21.8649],[80.8524,21.8542],[80.8392,21.8481],[80.8392,21.8478],[80.8429,21.8354],[80.8456,21.8345],[80.8443,21.8308],[80.8446,21.8293],[80.8167,21.7617],[80.8197,21.7481],[80.7854,21.7403],[80.7783,21.7547],[80.7561,21.7622],[80.7262,21.7137],[80.7342,21.6946],[80.7144,21.6616],[80.7309,21.6174],[80.7154,21.585],[80.7289,21.5725],[80.7201,21.5549],[80.7406,21.5393],[80.7275,21.4962],[80.7376,21.473],[80.7066,21.432],[80.706,21.4279],[80.7006,21.3981],[80.6992,21.3909],[80.6844,21.3632],[80.676,21.3472],[80.671,21.3383],[80.6602,21.3342],[80.6605,21.3337],[80.6215,21.3204],[80.6,21.3267],[80.5895,21.3435],[80.5667,21.3455],[80.5704,21.3577],[80.5431,21.3707],[80.5276,21.3947],[80.4576,21.4028],[80.4485,21.3721],[80.4122,21.3767],[80.396,21.408],[80.4223,21.4404],[80.3839,21.4901],[80.3762,21.5239],[80.3308,21.548],[80.3392,21.5549],[80.3207,21.5763],[80.2981,21.5757],[80.2944,21.5928],[80.281,21.5962],[80.2675,21.6174],[80.2214,21.6208],[80.2046,21.6353],[80.2026,21.6353],[80.1548,21.6064],[80.1215,21.611],[80.1161,21.5931],[80.1013,21.5899],[80.0693,21.5566],[80.0666,21.554],[80.033,21.556],[79.9996,21.5344],[79.9986,21.5335],[79.9801,21.55],[79.9704,21.5578],[79.9549,21.5569],[79.9354,21.5552],[79.9185,21.5245],[79.8923,21.5182],[79.8913,21.5182],[79.8906,21.5182],[79.8311,21.5468],[79.792,21.5867],[79.7392,21.6035],[79.6611,21.5769],[79.6527,21.556],[79.652,21.556],[79.6339,21.5569],[79.6197,21.5575],[79.6191,21.5575],[79.5807,21.5416],[79.58,21.5413],[79.5447,21.5425],[79.539,21.541],[79.5403,21.5471],[79.544,21.5595],[79.542,21.5613],[79.512,21.5841],[79.51,21.596]]]}},{"type":"Feature","properties":{"district":"Barwani","district_hi":"बड़वानी"},"geometry":{"type":"Polygon","coordinates":[[[74.4328,22.0298],[74.4321,22.0303],[74.5018,22.0457],[74.5024,22.0445],[74.532,22.0514],[74.5623,22.0234],[74.5919,22.0234],[74.6377,22.037],[74.6791,22.0355],[74.7787,22.0783],[74.8342,22.0621],[74.9099,22.0824],[75.1882,22.1047],[75.238,22.1237],[75.2387,22.124],[75.3165,22.1333],[75.3218,22.1229],[75.3548,22.1128],[75.3575,22.0983],[75.3807,22.1021],[75.3949,22.0801],[75.4514,22.0726],[75.4568,22.0593],[75.4137,22.0587],[75.414,22.0228],[75.4437,22.026],[75.4056,22.0026],[75.3982,21.9846],[75.3504,21.982],[75.3528,21.956],[75.3383,21.9459],[75.3326,21.9092],[75.3074,21.9074],[75.2976,21.9225],[75.2835,21.9158],[75.2878,21.8921],[75.2761,21.886],[75.2767,21.8661],[75.2979,21.8632],[75.3101,21.8435],[75.2932,21.8247],[75.2953,21.8111],[75.2724,21.8013],[75.2821,21.7721],[75.2707,21.7651],[75.2761,21.7385],[75.2222,21.7423],[75.2078,21.7284],[75.2088,21.7085],[75.2175,21.6946],[75.2683,21.6865],[75.2599,21.6628],[75.2838,21.6529],[75.2929,21.635],[75.3222,21.6619],[75.3508,21.6709],[75.3915,21.6816],[75.4386,21.6758],[75.4474,21.6414],[75.5022,21.6136],[75.4649,21.556],[75.4628,21.515],[75.4988,21.4869],[75.5833,21.4757],[75.6106,21.458],[75.5904,21.4389],[75.6062,21.4175],[75.6025,21.3973],[75.6237,21.3921],[75.6217,21.3909],[75.6085,21.39],[75.6069,21.3918],[75.6015,21.3898],[75.5746,21.3799],[75.5692,21.3779],[75.5439,21.3684],[75.52,21.3869],[75.4258,21.3906],[75.3824,21.3793],[75.3572,21.4007],[75.3514,21.3906],[75.3074,21.3924],[75.2996,21.3846],[75.2959,21.4135],[75.2953,21.4132],[75.2734,21.4071],[75.2545,21.4019],[75.2333,21.4149],[75.2118,21.4112],[75.1078,21.4623],[75.09,21.5153],[75.0516,21.5665],[75.02,21.5685],[74.9793,21.5951],[74.9103,21.6145],[74.9019,21.6292],[74.9012,21.6292],[74.8628,21.6344],[74.8225,21.6104],[74.7801,21.6148],[74.7753,21.6153],[74.7649,21.6174],[74.6973,21.6298],[74.6643,21.6524],[74.5822,21.6648],[74.5805,21.6833],[74.5543,21.6813],[74.5576,21.7041],[74.5472,21.7194],[74.5055,21.7261],[74.5142,21.7657],[74.4984,21.79],[74.524,21.9109],[74.524,21.9115],[74.5095,21.9207],[74.5085,21.9375],[74.4846,21.9459],[74.4886,21.9563],[74.4691,21.9598],[74.4698,21.967],[74.4533,21.9621],[74.4395,21.9768],[74.4324,21.9994],[74.4523,22.0043],[74.452,22.0046],[74.4516,22.0052],[74.4435,22.0231],[74.4328,22.0298]]]}},{"type":"Feature","properties":{"district":"Betul","district_hi":"बैतूल"},"geometry":{"type":"MultiPolygon","coordinates":[[[[76.999,21.692],[77.0061,21.6787],[76.9993,21.6738],[76.999,21.692]]],[[[77.0236,21.6882],[77.0131,21.7192],[77.0145,21.7194],[77.0333,21.7235],[77.04,21.6975],[77.0357,21.6946],[77.0236,21.6882]]],[[[78.2703,22.402],[78.274,22.3982],[78.2777,22.3944],[78.2797,22.3502],[78.2451,22.3204],[78.2596,22.301],[78.2626,22.2634],[78.2878,22.2634],[78.2935,22.2542],[78.2639,22.2128],[78.2606,22.2085],[78.2612,22.1882],[78.2639,22.1877],[78.2639,22.1758],[78.2589,22.1651],[78.2643,22.1628],[78.2643,22.133],[78.2771,22.1336],[78.2764,22.0905],[78.2767,22.0908],[78.2767,22.0902],[78.347,22.1081],[78.3376,22.0908],[78.3477,22.0737],[78.3454,22.0506],[78.3592,22.0474],[78.3565,22.0352],[78.3757,22.0367],[78.3719,22.0295],[78.4009,22.0049],[78.4009,21.9852],[78.3847,21.9635],[78.3884,21.9254],[78.3888,21.9236],[78.3918,21.9248],[78.3958,21.9262],[78.3975,21.9268],[78.3955,21.9392],[78.4086,21.9366],[78.4244,21.9598],[78.4318,21.9499],[78.4423,21.9609],[78.4493,21.9531],[78.4662,21.9632],[78.4847,21.9389],[78.5146,21.9366],[78.5187,21.9083],[78.5385,21.9071],[78.5493,21.8733],[78.5237,21.8351],[78.4901,21.8314],[78.4672,21.8134],[78.4985,21.7923],[78.4699,21.7854],[78.4709,21.7646],[78.4591,21.7625],[78.4665,21.7426],[78.4598,21.718],[78.4271,21.7183],[78.4271,21.6963],[78.4255,21.6946],[78.3931,21.6711],[78.3935,21.6665],[78.3938,21.6555],[78.3942,21.6425],[78.3797,21.6382],[78.3649,21.6191],[78.346,21.6217],[78.3454,21.6217],[78.3427,21.589],[78.343,21.5887],[78.308,21.5702],[78.3063,21.5699],[78.303,21.5838],[78.2666,21.5916],[78.2663,21.5913],[78.2602,21.5792],[78.274,21.5688],[78.2235,21.5526],[78.1818,21.5566],[78.1714,21.5248],[78.1828,21.5112],[78.1764,21.4991],[78.0297,21.4213],[77.9426,21.3964],[77.9412,21.3857],[77.883,21.3759],[77.884,21.3843],[77.8012,21.4094],[77.7965,21.3889],[77.7501,21.3828],[77.737,21.3623],[77.71,21.3574],[77.6919,21.3976],[77.6697,21.3689],[77.6535,21.3912],[77.6057,21.3909],[77.6077,21.3646],[77.5872,21.3626],[77.5633,21.3689],[77.562,21.3958],[77.532,21.419],[77.5145,21.3759],[77.4876,21.3744],[77.4735,21.4545],[77.4418,21.4713],[77.4432,21.4872],[77.4223,21.517],[77.4257,21.5378],[77.4496,21.5413],[77.4546,21.5537],[77.5031,21.5523],[77.5751,21.5265],[77.6118,21.5384],[77.5953,21.5595],[77.5771,21.5549],[77.5754,21.6208],[77.5458,21.6986],[77.5438,21.7038],[77.5431,21.7041],[77.5421,21.7061],[77.526,21.7125],[77.5256,21.7244],[77.5027,21.7458],[77.4795,21.7541],[77.4792,21.7672],[77.4792,21.7701],[77.4042,21.7524],[77.2807,21.7588],[77.2874,21.722],[77.2716,21.7281],[77.2598,21.7139],[77.2268,21.7168],[77.2278,21.6995],[77.2103,21.6897],[77.1881,21.7018],[77.1915,21.7206],[77.176,21.7258],[77.1652,21.7108],[77.1296,21.7223],[77.0734,21.7194],[77.069,21.7168],[77.0619,21.7119],[77.0606,21.7348],[77.0744,21.7296],[77.0761,21.7301],[77.068,21.7498],[77.0794,21.7703],[77.1036,21.7761],[77.0996,21.7851],[77.1218,21.7753],[77.1427,21.7854],[77.1501,21.7724],[77.1996,21.7903],[77.1858,21.7952],[77.1915,21.8068],[77.1693,21.8131],[77.1666,21.8638],[77.1662,21.8678],[77.1693,21.8681],[77.2123,21.869],[77.2012,21.875],[77.209,21.8935],[77.213,21.899],[77.2187,21.906],[77.2201,21.9066],[77.2467,21.9138],[77.2763,21.9644],[77.3237,21.9693],[77.3584,21.9916],[77.3809,21.9916],[77.3954,21.9991],[77.3974,22.0211],[77.4449,22.0193],[77.4533,22.0393],[77.4711,22.0399],[77.4789,22.0248],[77.5058,22.03],[77.5102,22.0757],[77.4607,22.0833],[77.46,22.0833],[77.461,22.0861],[77.4748,22.118],[77.4657,22.1324],[77.4728,22.1642],[77.424,22.1709],[77.4223,22.1729],[77.3816,22.2172],[77.39,22.2229],[77.4008,22.2221],[77.4109,22.2244],[77.4183,22.2203],[77.4526,22.2172],[77.4583,22.2484],[77.4778,22.2507],[77.4869,22.2721],[77.5081,22.2808],[77.5075,22.312],[77.5482,22.3525],[77.5492,22.356],[77.5515,22.3563],[77.5536,22.3563],[77.5563,22.3565],[77.5573,22.336],[77.5916,22.3435],[77.5973,22.3323],[77.6246,22.3325],[77.6246,22.3216],[77.638,22.323],[77.6552,22.3065],[77.6824,22.3129],[77.6835,22.3221],[77.7168,22.3216],[77.7205,22.3132],[77.7497,22.3259],[77.7565,22.3386],[77.7444,22.3473],[77.7534,22.3539],[77.7898,22.3354],[77.8547,22.369],[77.8685,22.3508],[77.8655,22.2886],[77.8847,22.2874],[77.9466,22.3412],[77.954,22.3328],[78.0112,22.3377],[78.0334,22.3299],[78.1875,22.3988],[78.267,22.3982],[78.2703,22.402]]]]}},{"type":"Feature","properties":{"district":"Morena","district_hi":"मुरैना"},"geometry":{"type":"Polygon","coordinates":[[[78.5453,26.7636],[78.5392,26.7327],[78.5257,26.7385],[78.5133,26.7214],[78.5247,26.7101],[78.5267,26.6757],[78.5113,26.6864],[78.4944,26.6699],[78.485,26.6786],[78.4827,26.6711],[78.4712,26.68],[78.4598,26.6734],[78.4679,26.6491],[78.4409,26.6453],[78.4332,26.6312],[78.4406,26.6242],[78.4261,26.6164],[78.4342,26.6118],[78.414,26.6017],[78.4218,26.5933],[78.4184,26.5918],[78.417,26.5913],[78.4117,26.589],[78.408,26.5944],[78.38,26.604],[78.3901,26.5878],[78.3891,26.5878],[78.3706,26.5884],[78.3706,26.5878],[78.3669,26.5707],[78.339,26.5595],[78.344,26.5447],[78.34,26.5453],[78.311,26.5505],[78.306,26.5878],[78.2969,26.5904],[78.2895,26.571],[78.2808,26.5765],[78.2808,26.5658],[78.271,26.5658],[78.2781,26.5566],[78.2673,26.5331],[78.239,26.5456],[78.2293,26.5328],[78.2363,26.5279],[78.24,26.5256],[78.2155,26.5294],[78.2104,26.5193],[78.2212,26.5164],[78.2414,26.4634],[78.2653,26.464],[78.2548,26.442],[78.2912,26.4389],[78.2932,26.4047],[78.2592,26.3588],[78.269,26.353],[78.2579,26.3295],[78.2572,26.3281],[78.2639,26.3139],[78.2044,26.3047],[78.201,26.318],[78.1633,26.3269],[78.1502,26.3414],[78.1192,26.3388],[78.1105,26.324],[78.0738,26.3319],[78.0677,26.3131],[78.0526,26.3099],[78.0284,26.3081],[78.0052,26.3264],[78.0004,26.2928],[78.0115,26.2723],[77.9887,26.2651],[77.9954,26.2425],[77.9624,26.2596],[77.9516,26.2413],[77.9479,26.2523],[77.9123,26.2517],[77.9018,26.2312],[77.8756,26.2306],[77.8635,26.2121],[77.8477,26.213],[77.8359,26.2283],[77.8453,26.2489],[77.816,26.2552],[77.7814,26.2194],[77.7706,26.1818],[77.7434,26.1609],[77.741,26.1222],[77.7726,26.1147],[77.7605,26.0823],[77.7757,26.0493],[77.7615,26.0372],[77.7285,26.0464],[77.7063,26.0068],[77.7057,26.0056],[77.704,26.0045],[77.6686,25.968],[77.6676,25.9657],[77.668,25.9628],[77.6808,25.9134],[77.6962,25.9015],[77.6791,25.9131],[77.6424,25.8983],[77.6555,25.9102],[77.6084,25.9183],[77.5499,25.9004],[77.5381,25.944],[77.565,25.927],[77.602,25.9602],[77.6488,25.9617],[77.6441,25.9912],[77.6535,26.01],[77.6256,26.0134],[77.6148,26.0291],[77.6384,26.0487],[77.632,26.0701],[77.6697,26.069],[77.6643,26.0956],[77.6407,26.093],[77.604,26.0693],[77.6135,26.036],[77.5828,26.0134],[77.5199,26.0453],[77.5098,26.0646],[77.4264,26.1233],[77.4264,26.139],[77.3981,26.1554],[77.314,26.1427],[77.3119,26.1343],[77.2769,26.1251],[77.2534,26.0869],[77.2339,26.0785],[77.2265,26.0959],[77.2083,26.1034],[77.2009,26.1404],[77.1757,26.1656],[77.1807,26.1745],[77.1484,26.1656],[77.1356,26.1742],[77.1471,26.1922],[77.1195,26.2142],[77.1289,26.2275],[77.172,26.2384],[77.1747,26.239],[77.1773,26.2384],[77.2039,26.2301],[77.2093,26.2329],[77.2218,26.2399],[77.2706,26.2674],[77.2877,26.2838],[77.3042,26.2995],[77.3163,26.3113],[77.3214,26.3232],[77.3389,26.3475],[77.3749,26.3654],[77.3799,26.3625],[77.3809,26.3619],[77.4442,26.3616],[77.4375,26.4033],[77.5384,26.4114],[77.5586,26.4354],[77.6135,26.4527],[77.6333,26.4788],[77.6754,26.5031],[77.7262,26.5022],[77.7447,26.5383],[77.7834,26.5522],[77.8238,26.5505],[77.8359,26.5771],[77.8275,26.5959],[77.8473,26.6118],[77.8944,26.6153],[77.9035,26.6589],[77.9537,26.6592],[78.0004,26.6948],[78.0553,26.6838],[78.0745,26.6705],[78.09,26.6754],[78.096,26.7278],[78.1236,26.7469],[78.1031,26.7659],[78.1017,26.7668],[78.1038,26.7726],[78.1108,26.7917],[78.1122,26.7949],[78.1179,26.794],[78.1835,26.7839],[78.1838,26.7842],[78.1855,26.7969],[78.1842,26.7989],[78.1674,26.8154],[78.17,26.82],[78.1714,26.8218],[78.1731,26.8246],[78.2185,26.8299],[78.2229,26.8307],[78.2222,26.8319],[78.2252,26.8307],[78.2653,26.8139],[78.269,26.8154],[78.2734,26.8267],[78.2834,26.8544],[78.3575,26.8689],[78.3585,26.8692],[78.3719,26.864],[78.3952,26.8171],[78.4335,26.8258],[78.4608,26.7876],[78.521,26.7807],[78.5453,26.7636]]]}},{"type":"Feature","properties":{"district":"Bhind","district_hi":"भिंड"},"geometry":{"type":"Polygon","coordinates":[[[78.2579,26.3295],[78.269,26.353],[78.2592,26.3588],[78.2932,26.4047],[78.2912,26.4389],[78.2548,26.442],[78.2653,26.464],[78.2414,26.4634],[78.2212,26.5164],[78.2104,26.5193],[78.2155,26.5294],[78.24,26.5256],[78.2363,26.5279],[78.2293,26.5328],[78.239,26.5456],[78.2673,26.5331],[78.2781,26.5566],[78.271,26.5658],[78.2808,26.5658],[78.2808,26.5765],[78.2895,26.571],[78.2969,26.5904],[78.306,26.5878],[78.311,26.5505],[78.34,26.5453],[78.344,26.5447],[78.339,26.5595],[78.3669,26.5707],[78.3706,26.5878],[78.3706,26.5884],[78.3891,26.5878],[78.3901,26.5878],[78.38,26.604],[78.408,26.5944],[78.4117,26.589],[78.417,26.5913],[78.4184,26.5918],[78.4218,26.5933],[78.414,26.6017],[78.4342,26.6118],[78.4261,26.6164],[78.4406,26.6242],[78.4332,26.6312],[78.4409,26.6453],[78.4679,26.6491],[78.4598,26.6734],[78.4712,26.68],[78.4827,26.6711],[78.485,26.6786],[78.4944,26.6699],[78.5113,26.6864],[78.5267,26.6757],[78.5247,26.7101],[78.5133,26.7214],[78.5257,26.7385],[78.5392,26.7327],[78.5453,26.7636],[78.5776,26.7486],[78.6095,26.7515],[78.6274,26.7723],[78.629,26.772],[78.6721,26.7642],[78.6725,26.7645],[78.6762,26.7729],[78.6822,26.7868],[78.6825,26.7876],[78.6866,26.7885],[78.7138,26.7946],[78.7226,26.7963],[78.7229,26.7957],[78.7286,26.7792],[78.7297,26.7758],[78.7515,26.7868],[78.7768,26.7691],[78.7808,26.7685],[78.8158,26.7625],[78.8717,26.698],[78.9097,26.7069],[78.9555,26.6919],[78.9454,26.6549],[78.98,26.6757],[78.9814,26.6757],[78.9995,26.6728],[79.0073,26.6714],[79.0069,26.6708],[78.9935,26.641],[79.0167,26.6005],[78.9891,26.5956],[78.9898,26.5791],[79.0073,26.5655],[79.0143,26.5508],[79.0076,26.5438],[79.0285,26.5467],[79.0396,26.5152],[79.0487,26.5181],[79.0564,26.495],[79.0682,26.4967],[79.0716,26.4788],[79.0527,26.4536],[79.0699,26.442],[79.0951,26.4423],[79.0998,26.4525],[79.1352,26.44],[79.1261,26.4114],[79.0951,26.4125],[79.089,26.3966],[79.089,26.3963],[79.0958,26.3741],[79.089,26.3645],[79.085,26.359],[79.0843,26.3582],[79.1375,26.3385],[79.1348,26.3249],[79.1156,26.3206],[79.1251,26.3116],[79.1173,26.2989],[79.1018,26.307],[79.0907,26.27],[79.0769,26.2807],[79.0557,26.259],[79.0456,26.2604],[79.0695,26.2457],[79.0635,26.226],[79.0349,26.2254],[79.0194,26.2477],[78.9918,26.239],[78.9965,26.228],[79.0258,26.2202],[79.0265,26.1913],[78.9938,26.1968],[78.983,26.1844],[79.0046,26.1693],[79.0049,26.1479],[78.9669,26.1502],[78.9491,26.1285],[78.976,26.1092],[78.9975,26.0936],[79.0117,26.0834],[79.0117,26.0829],[78.9484,26.0276],[78.9534,26.0152],[78.9447,26.0062],[78.9568,25.9967],[78.9346,25.9805],[78.9339,25.9805],[78.9339,25.9799],[78.9336,25.9776],[78.9306,25.9591],[78.9369,25.955],[78.9373,25.9527],[78.9369,25.9527],[78.9383,25.9429],[78.9269,25.9469],[78.8848,25.914],[78.8855,25.9125],[78.8804,25.9105],[78.8707,25.9064],[78.8656,25.9114],[78.8377,25.9388],[78.8414,25.9504],[78.804,25.944],[78.8013,25.9599],[78.7781,25.9692],[78.7869,25.9868],[78.7778,26.0027],[78.7869,26.012],[78.7727,26.0181],[78.7882,26.0311],[78.7859,26.0435],[78.8175,26.0427],[78.7902,26.0536],[78.8299,26.0687],[78.8,26.086],[78.8252,26.1008],[78.8357,26.0915],[78.8454,26.1118],[78.8202,26.1285],[78.8269,26.1375],[78.8161,26.1612],[78.7986,26.1664],[78.8235,26.1904],[78.833,26.1997],[78.8286,26.202],[78.8151,26.2023],[78.7899,26.2234],[78.8071,26.2515],[78.8091,26.2546],[78.8155,26.2572],[78.8272,26.2659],[78.8235,26.2841],[78.7953,26.2893],[78.7842,26.2792],[78.7801,26.272],[78.7727,26.2688],[78.7643,26.2651],[78.7505,26.259],[78.7445,26.2497],[78.7559,26.2436],[78.7519,26.2382],[78.7408,26.2234],[78.696,26.2176],[78.692,26.1928],[78.7027,26.1757],[78.6947,26.163],[78.6479,26.1693],[78.6371,26.163],[78.6274,26.1572],[78.627,26.1572],[78.6243,26.1786],[78.627,26.2035],[78.6189,26.2176],[78.6082,26.1916],[78.6062,26.2043],[78.5826,26.2165],[78.5648,26.2006],[78.5456,26.1997],[78.5412,26.2182],[78.5173,26.2275],[78.5203,26.2393],[78.5049,26.2445],[78.5002,26.2636],[78.479,26.2665],[78.4719,26.2497],[78.4403,26.2601],[78.4419,26.2795],[78.4127,26.2966],[78.4211,26.3304],[78.3582,26.3345],[78.3242,26.3472],[78.2952,26.3356],[78.2912,26.3483],[78.2909,26.3481],[78.2579,26.3295]]]}},{"type":"Feature","properties":{"district":"Gwalior","district_hi":"ग्वालियर"},"geometry":{"type":"Polygon","coordinates":[[[77.6962,25.9015],[77.6808,25.9134],[77.668,25.9628],[77.6676,25.9657],[77.6686,25.968],[77.704,26.0045],[77.7057,26.0056],[77.7063,26.0068],[77.7285,26.0464],[77.7615,26.0372],[77.7757,26.0493],[77.7605,26.0823],[77.7726,26.1147],[77.741,26.1222],[77.7434,26.1609],[77.7706,26.1818],[77.7814,26.2194],[77.816,26.2552],[77.8453,26.2489],[77.8359,26.2283],[77.8477,26.213],[77.8635,26.2121],[77.8756,26.2306],[77.9018,26.2312],[77.9123,26.2517],[77.9479,26.2523],[77.9516,26.2413],[77.9624,26.2596],[77.9954,26.2425],[77.9887,26.2651],[78.0115,26.2723],[78.0004,26.2928],[78.0052,26.3264],[78.0284,26.3081],[78.0526,26.3099],[78.0677,26.3131],[78.0738,26.3319],[78.1105,26.324],[78.1192,26.3388],[78.1502,26.3414],[78.1633,26.3269],[78.201,26.318],[78.2044,26.3047],[78.2639,26.3139],[78.2572,26.3281],[78.2579,26.3295],[78.2909,26.3481],[78.2912,26.3483],[78.2952,26.3356],[78.3242,26.3472],[78.3582,26.3345],[78.4211,26.3304],[78.4127,26.2966],[78.4419,26.2795],[78.4403,26.2601],[78.4719,26.2497],[78.479,26.2665],[78.5002,26.2636],[78.5049,26.2445],[78.5203,26.2393],[78.5173,26.2275],[78.5412,26.2182],[78.5456,26.1997],[78.5648,26.2006],[78.5826,26.2165],[78.6062,26.2043],[78.6082,26.1916],[78.6189,26.2176],[78.627,26.2035],[78.6243,26.1786],[78.627,26.1572],[78.6274,26.1572],[78.6395,26.1283],[78.6523,26.1265],[78.6445,26.1202],[78.6364,26.1222],[78.6324,26.1233],[78.6139,26.128],[78.6072,26.1057],[78.6068,26.1008],[78.6395,26.082],[78.6314,26.0722],[78.6442,26.0606],[78.6035,26.0467],[78.585,26.0056],[78.5567,25.9938],[78.5426,25.9738],[78.4823,25.962],[78.4729,25.9102],[78.3878,25.8553],[78.3888,25.8373],[78.3881,25.8373],[78.3773,25.8365],[78.3306,25.833],[78.3245,25.8295],[78.3077,25.8116],[78.3269,25.7977],[78.2959,25.7859],[78.2626,25.783],[78.2148,25.7381],[78.1929,25.7393],[78.1774,25.7399],[78.1761,25.7402],[78.1579,25.7199],[78.1337,25.7263],[78.0536,25.7086],[78.023,25.7164],[77.9974,25.739],[78.0011,25.7656],[77.9614,25.7491],[77.9604,25.7488],[77.917,25.754],[77.916,25.754],[77.8931,25.741],[77.8773,25.7387],[77.8746,25.7402],[77.8766,25.7561],[77.8642,25.759],[77.8746,25.7624],[77.8746,25.7627],[77.8756,25.772],[77.8766,25.7798],[77.8668,25.7818],[77.8769,25.7885],[77.8662,25.8075],[77.8002,25.8208],[77.7831,25.8561],[77.7639,25.8463],[77.7602,25.8616],[77.7474,25.861],[77.7501,25.8833],[77.7491,25.8833],[77.7491,25.8839],[77.7026,25.8807],[77.6962,25.9015]]]}},{"type":"Feature","properties":{"district":"Sheopur","district_hi":"श्योपुर"},"geometry":{"type":"Polygon","coordinates":[[[77.1195,26.2142],[77.1471,26.1922],[77.1356,26.1742],[77.1484,26.1656],[77.1807,26.1745],[77.1757,26.1656],[77.2009,26.1404],[77.2083,26.1034],[77.2265,26.0959],[77.2339,26.0785],[77.2534,26.0869],[77.2769,26.1251],[77.3119,26.1343],[77.314,26.1427],[77.3981,26.1554],[77.4264,26.139],[77.4264,26.1233],[77.5098,26.0646],[77.5199,26.0453],[77.5828,26.0134],[77.6135,26.036],[77.604,26.0693],[77.6407,26.093],[77.6643,26.0956],[77.6697,26.069],[77.632,26.0701],[77.6384,26.0487],[77.6148,26.0291],[77.6256,26.0134],[77.6535,26.01],[77.6441,25.9912],[77.6488,25.9617],[77.602,25.9602],[77.565,25.927],[77.5381,25.944],[77.5499,25.9004],[77.6084,25.9183],[77.6555,25.9102],[77.6424,25.8983],[77.6417,25.8957],[77.6374,25.8674],[77.6175,25.8599],[77.6108,25.8576],[77.5801,25.8631],[77.5815,25.8234],[77.5583,25.811],[77.5441,25.8234],[77.5482,25.8359],[77.5246,25.8388],[77.5219,25.8509],[77.4731,25.8576],[77.4435,25.8905],[77.4233,25.8923],[77.4075,25.8804],[77.4176,25.8694],[77.4089,25.8116],[77.4354,25.7934],[77.4432,25.774],[77.3294,25.7908],[77.3352,25.7717],[77.3214,25.7656],[77.3183,25.7312],[77.3002,25.7367],[77.2766,25.7196],[77.2786,25.706],[77.3008,25.6976],[77.3261,25.6679],[77.3086,25.6606],[77.2759,25.6742],[77.2534,25.656],[77.2584,25.6413],[77.2837,25.6291],[77.2574,25.5828],[77.2736,25.5834],[77.2706,25.5609],[77.3069,25.5554],[77.2995,25.5342],[77.1787,25.5117],[77.172,25.4854],[77.1837,25.4663],[77.1508,25.466],[77.144,25.4588],[77.141,25.4553],[77.137,25.4512],[77.146,25.4218],[77.104,25.4105],[77.1094,25.3931],[77.0976,25.3839],[77.039,25.383],[77.0165,25.3836],[77.0162,25.3827],[77.0135,25.3685],[77.0108,25.3532],[77.0125,25.3529],[77.0458,25.3414],[77.0814,25.3535],[77.0814,25.3526],[77.0831,25.3361],[77.0713,25.3205],[77.071,25.3202],[77.0458,25.3194],[77.0313,25.2945],[76.9738,25.3003],[76.9589,25.2916],[76.9455,25.2835],[76.9371,25.2832],[76.9233,25.2855],[76.9293,25.3029],[76.9021,25.3234],[76.8573,25.3327],[76.7618,25.3197],[76.7295,25.3286],[76.7005,25.3515],[76.6699,25.3489],[76.6403,25.3836],[76.6234,25.3766],[76.5985,25.3923],[76.5969,25.4082],[76.5942,25.4082],[76.5895,25.4249],[76.5858,25.433],[76.5636,25.4481],[76.5558,25.453],[76.5555,25.4533],[76.5555,25.4831],[76.5164,25.5273],[76.5164,25.5276],[76.5201,25.5473],[76.5057,25.5797],[76.5107,25.6282],[76.4969,25.6427],[76.504,25.6702],[76.4804,25.6832],[76.4801,25.6841],[76.4791,25.6843],[76.4784,25.6881],[76.4744,25.7043],[76.473,25.7092],[76.5006,25.728],[76.5222,25.7283],[76.5208,25.7916],[76.5208,25.7925],[76.536,25.8119],[76.5639,25.8486],[76.5467,25.8391],[76.58,25.8677],[76.5824,25.8703],[76.5831,25.8703],[76.6214,25.8691],[76.6416,25.9073],[76.642,25.9079],[76.6628,25.9056],[76.7153,25.9018],[76.7318,25.9085],[76.7544,25.9206],[76.7574,25.9241],[76.754,25.9302],[76.7469,25.9391],[76.7493,25.9394],[76.7574,25.9406],[76.7877,25.944],[76.8008,25.9565],[76.8042,25.9608],[76.8052,25.9868],[76.8072,25.9889],[76.8072,25.99],[76.8398,26.0262],[76.8503,26.0311],[76.8513,26.0322],[76.8853,26.0479],[76.9007,26.0927],[76.9011,26.093],[76.9482,26.1028],[76.999,26.13],[77.0064,26.1511],[77.0313,26.1725],[77.0976,26.1841],[77.1154,26.217],[77.1154,26.2173],[77.1195,26.2142]]]}},{"type":"Feature","properties":{"district":"Shivpuri","district_hi":"शिवपुरी"},"geometry":{"type":"Polygon","coordinates":[[[77.6424,25.8983],[77.6791,25.9131],[77.6962,25.9015],[77.7026,25.8807],[77.7491,25.8839],[77.7491,25.8833],[77.7501,25.8833],[77.7474,25.861],[77.7602,25.8616],[77.7639,25.8463],[77.7831,25.8561],[77.8002,25.8208],[77.8662,25.8075],[77.8769,25.7885],[77.8668,25.7818],[77.8766,25.7798],[77.8756,25.772],[77.8746,25.7627],[77.8746,25.7624],[77.8642,25.759],[77.8766,25.7561],[77.8746,25.7402],[77.8773,25.7387],[77.8931,25.741],[77.916,25.754],[77.917,25.754],[77.9604,25.7488],[77.9614,25.7491],[78.0011,25.7656],[77.9974,25.739],[78.023,25.7164],[78.0536,25.7086],[78.1337,25.7263],[78.1579,25.7199],[78.1761,25.7402],[78.1774,25.7399],[78.1929,25.7393],[78.2148,25.7381],[78.2626,25.783],[78.2959,25.7859],[78.2851,25.7682],[78.2946,25.7621],[78.2895,25.7529],[78.268,25.7526],[78.2283,25.7283],[78.2165,25.6942],[78.2498,25.6881],[78.2488,25.7219],[78.2646,25.7211],[78.2848,25.7008],[78.3087,25.7078],[78.309,25.6846],[78.3238,25.6684],[78.3433,25.6583],[78.3541,25.6705],[78.3763,25.6586],[78.3847,25.6126],[78.41,25.6005],[78.4076,25.5979],[78.3898,25.5765],[78.4103,25.564],[78.4123,25.5635],[78.4413,25.5973],[78.4685,25.5843],[78.4652,25.5646],[78.4517,25.5721],[78.4493,25.5733],[78.4342,25.5516],[78.4201,25.5314],[78.4191,25.5299],[78.415,25.5282],[78.3888,25.5175],[78.3874,25.5163],[78.3982,25.49],[78.3945,25.4857],[78.4002,25.4637],[78.4164,25.4764],[78.3948,25.4443],[78.3972,25.4562],[78.3676,25.4579],[78.3622,25.4628],[78.3551,25.4515],[78.3427,25.4316],[78.3403,25.433],[78.3265,25.44],[78.3077,25.4177],[78.3087,25.4171],[78.3289,25.4128],[78.3396,25.416],[78.341,25.4163],[78.3407,25.3995],[78.3168,25.3787],[78.31,25.3807],[78.307,25.3787],[78.3026,25.3659],[78.3009,25.3602],[78.3275,25.3526],[78.3437,25.3283],[78.3117,25.3032],[78.3545,25.2922],[78.3501,25.2774],[78.3726,25.2598],[78.3598,25.2422],[78.411,25.2127],[78.3908,25.2063],[78.3814,25.2034],[78.341,25.2222],[78.3396,25.2228],[78.3006,25.202],[78.3104,25.1849],[78.2949,25.1438],[78.2925,25.1285],[78.3272,25.1123],[78.3487,25.138],[78.3491,25.1395],[78.3343,25.1476],[78.3343,25.1479],[78.3346,25.1487],[78.3427,25.167],[78.3531,25.1725],[78.3548,25.1733],[78.3551,25.1736],[78.379,25.1615],[78.3797,25.1383],[78.3645,25.1195],[78.374,25.0987],[78.3676,25.0964],[78.3386,25.0857],[78.3376,25.0854],[78.3282,25.0947],[78.3097,25.0889],[78.2972,25.1007],[78.27,25.0883],[78.3036,25.0536],[78.3356,25.0689],[78.3447,25.016],[78.3454,25.012],[78.34,25.007],[78.3087,24.9767],[78.2946,24.9631],[78.2239,24.9154],[78.2104,24.8948],[78.1724,24.876],[78.1714,24.8694],[78.1734,24.8465],[78.1896,24.841],[78.1115,24.8361],[78.1108,24.8364],[78.1101,24.8361],[78.0479,24.859],[78.028,24.8364],[78.0095,24.8382],[77.9914,24.8555],[77.9772,24.848],[77.9722,24.8844],[77.9893,24.8859],[77.9836,24.9113],[78.0179,24.9559],[77.9611,24.964],[77.9607,24.9833],[77.9503,24.9868],[77.9116,24.9813],[77.9049,25.0004],[77.888,25.0073],[77.8531,24.9946],[77.8524,24.9963],[77.849,25.0068],[77.8487,25.0076],[77.8312,25.0004],[77.8147,24.9587],[77.8022,24.9533],[77.8012,24.9342],[77.7884,24.9359],[77.7746,24.9021],[77.7555,24.8986],[77.739,24.8572],[77.7211,24.8671],[77.707,24.8517],[77.676,24.8633],[77.6545,24.8911],[77.6192,24.9099],[77.6131,24.9269],[77.5946,24.9266],[77.601,24.9524],[77.5886,24.966],[77.5418,24.9142],[77.5492,24.898],[77.5865,24.8879],[77.5872,24.8879],[77.5764,24.8801],[77.5647,24.8717],[77.5377,24.8807],[77.526,24.872],[77.4785,24.8766],[77.458,24.9171],[77.4607,24.9301],[77.4519,24.9284],[77.4122,24.9472],[77.3998,24.9408],[77.3957,24.9333],[77.3742,24.9272],[77.3705,24.9261],[77.3702,24.9261],[77.3577,24.946],[77.3621,24.9605],[77.3473,24.9666],[77.3506,24.9755],[77.3368,24.9923],[77.3392,25.027],[77.3197,25.0409],[77.3214,25.0657],[77.3099,25.0715],[77.3113,25.0756],[77.3133,25.0808],[77.3146,25.0845],[77.3237,25.0863],[77.3577,25.0938],[77.393,25.1193],[77.4065,25.1117],[77.3907,25.123],[77.3934,25.1594],[77.4001,25.1837],[77.4267,25.1881],[77.4116,25.2239],[77.3554,25.2636],[77.3543,25.2734],[77.3742,25.2745],[77.3809,25.2928],[77.3806,25.2945],[77.3702,25.3254],[77.3681,25.3278],[77.3422,25.3217],[77.3668,25.3607],[77.3513,25.3792],[77.35,25.3804],[77.351,25.3816],[77.351,25.3853],[77.3692,25.4073],[77.3678,25.4102],[77.3143,25.4313],[77.2911,25.4226],[77.2487,25.3807],[77.2342,25.3789],[77.2245,25.3353],[77.2345,25.3335],[77.2231,25.3188],[77.215,25.3197],[77.2174,25.3295],[77.2056,25.3266],[77.2093,25.3061],[77.1649,25.3084],[77.1252,25.3307],[77.0831,25.3361],[77.0814,25.3526],[77.0814,25.3535],[77.0458,25.3414],[77.0125,25.3529],[77.0108,25.3532],[77.0135,25.3685],[77.0162,25.3827],[77.0165,25.3836],[77.039,25.383],[77.0976,25.3839],[77.1094,25.3931],[77.104,25.4105],[77.146,25.4218],[77.137,25.4512],[77.141,25.4553],[77.144,25.4588],[77.1508,25.466],[77.1837,25.4663],[77.172,25.4854],[77.1787,25.5117],[77.2995,25.5342],[77.3069,25.5554],[77.2706,25.5609],[77.2736,25.5834],[77.2574,25.5828],[77.2837,25.6291],[77.2584,25.6413],[77.2534,25.656],[77.2759,25.6742],[77.3086,25.6606],[77.3261,25.6679],[77.3008,25.6976],[77.2786,25.706],[77.2766,25.7196],[77.3002,25.7367],[77.3183,25.7312],[77.3214,25.7656],[77.3352,25.7717],[77.3294,25.7908],[77.4432,25.774],[77.4354,25.7934],[77.4089,25.8116],[77.4176,25.8694],[77.4075,25.8804],[77.4233,25.8923],[77.4435,25.8905],[77.4731,25.8576],[77.5219,25.8509],[77.5246,25.8388],[77.5482,25.8359],[77.5441,25.8234],[77.5583,25.811],[77.5815,25.8234],[77.5801,25.8631],[77.6108,25.8576],[77.6175,25.8599],[77.6374,25.8674],[77.6417,25.8957],[77.6424,25.8983]]]}},{"type":"Feature","properties":{"district":"Tikamgarh","district_hi":"टीकमगढ़"},"geometry":{"type":"Polygon","coordinates":[[[78.8804,25.1577],[78.9009,25.169],[78.903,25.1704],[78.909,25.1797],[78.9306,25.2072],[78.9417,25.213],[78.9618,25.2153],[79.0059,25.195],[79.0012,25.2338],[78.9763,25.2401],[78.9945,25.2731],[79.0177,25.2693],[79.0224,25.2644],[79.0217,25.2419],[79.0224,25.2419],[79.0221,25.2413],[79.0399,25.243],[79.0335,25.2341],[79.0635,25.2219],[79.0598,25.1907],[79.0487,25.1939],[79.0524,25.2077],[79.0308,25.1849],[79.0399,25.1713],[79.0312,25.1383],[79.0507,25.1343],[79.0907,25.191],[79.0958,25.1751],[79.1261,25.1612],[79.116,25.1398],[79.1321,25.1273],[79.1234,25.1155],[79.1311,25.1094],[79.186,25.1149],[79.1762,25.1401],[79.1924,25.1461],[79.2045,25.1398],[79.2149,25.1114],[79.2274,25.1219],[79.2449,25.1138],[79.2603,25.1531],[79.2687,25.1383],[79.26,25.1253],[79.2829,25.1172],[79.2862,25.1311],[79.3071,25.1294],[79.3229,25.1493],[79.3236,25.1479],[79.3411,25.0828],[79.3286,25.0348],[79.3451,24.9038],[79.3048,24.798],[79.3202,24.7514],[79.3027,24.7109],[79.3031,24.6878],[79.2728,24.6643],[79.2257,24.6632],[79.22,24.6629],[79.2183,24.6629],[79.2162,24.6551],[79.1954,24.6129],[79.0911,24.6334],[79.0635,24.6218],[79.0709,24.5944],[79.0419,24.5556],[79.0231,24.5463],[78.9857,24.4414],[78.9857,24.4417],[78.9474,24.4365],[78.94,24.4535],[78.9141,24.4596],[78.9205,24.4989],[78.9373,24.4911],[78.9272,24.4821],[78.9376,24.4787],[78.9716,24.4943],[78.9474,24.5024],[78.9437,24.5345],[78.9531,24.5469],[78.9201,24.5747],[78.8831,24.6415],[78.868,24.64],[78.8599,24.6175],[78.8434,24.6233],[78.8346,24.6045],[78.8034,24.6036],[78.7838,24.5886],[78.7519,24.6001],[78.7438,24.6539],[78.7811,24.706],[78.7704,24.7884],[78.7899,24.811],[78.77,24.859],[78.6765,24.8986],[78.6634,24.9385],[78.6317,24.9576],[78.6502,25.0403],[78.6526,25.0507],[78.6405,25.0684],[78.6395,25.0712],[78.6866,25.0738],[78.729,25.0961],[78.7465,25.0808],[78.7768,25.0947],[78.7771,25.0947],[78.7855,25.0866],[78.7926,25.0796],[78.7929,25.0793],[78.7943,25.0796],[78.8451,25.0978],[78.8868,25.1603],[78.8804,25.1577]]]}},{"type":"Feature","properties":{"district":"Neemuch","district_hi":"नीमच"},"geometry":{"type":"Polygon","coordinates":[[[75.5497,24.7031],[75.551,24.7005],[75.5692,24.6701],[75.5705,24.6693],[75.6085,24.6461],[75.5816,24.6421],[75.5722,24.6218],[75.5887,24.6062],[75.59,24.5195],[75.518,24.4593],[75.4309,24.3575],[75.4295,24.3561],[75.4258,24.3347],[75.4214,24.3321],[75.3652,24.3153],[75.3514,24.337],[75.3336,24.3381],[75.3158,24.3332],[75.309,24.3173],[75.2054,24.3086],[75.126,24.3332],[75.1226,24.3425],[75.1331,24.3482],[75.1324,24.3485],[75.129,24.35],[75.1125,24.3572],[75.1088,24.3569],[75.0886,24.3561],[75.0587,24.3257],[75.0419,24.3237],[75.0392,24.3341],[75.056,24.3558],[75.024,24.3705],[75.0237,24.3699],[74.9978,24.3323],[74.988,24.3419],[74.9873,24.3404],[74.9853,24.3419],[74.9786,24.3352],[74.9756,24.3373],[74.9698,24.3271],[74.953,24.2971],[74.9527,24.2962],[74.9527,24.2959],[74.9628,24.267],[74.9254,24.2352],[74.9079,24.2115],[74.8975,24.2196],[74.8968,24.2271],[74.8679,24.243],[74.7545,24.2421],[74.7498,24.2563],[74.7814,24.289],[74.7814,24.2898],[74.7811,24.3384],[74.8019,24.3587],[74.8073,24.3806],[74.8214,24.3795],[74.8251,24.4],[74.8551,24.4243],[74.8551,24.4258],[74.8548,24.4318],[74.8541,24.4446],[74.8517,24.444],[74.8137,24.4367],[74.8221,24.4532],[74.8151,24.4686],[74.7868,24.472],[74.7767,24.4602],[74.7444,24.4686],[74.7276,24.4888],[74.6976,24.4833],[74.7151,24.5024],[74.7195,24.5073],[74.7447,24.5134],[74.744,24.5322],[74.7558,24.5345],[74.7434,24.5715],[74.7864,24.5857],[74.7797,24.6155],[74.8137,24.6557],[74.8157,24.6577],[74.814,24.6603],[74.8107,24.6655],[74.8103,24.6664],[74.7716,24.6615],[74.7871,24.7037],[74.7794,24.7314],[74.8039,24.7352],[74.7999,24.7792],[74.809,24.7806],[74.8363,24.7063],[74.8887,24.6337],[74.8945,24.6444],[74.9015,24.6328],[74.9052,24.6412],[74.9433,24.6377],[74.9423,24.6473],[74.9614,24.6565],[74.9601,24.6788],[75.0015,24.6863],[74.9924,24.6933],[74.9924,24.7317],[75.0163,24.732],[75.0069,24.7719],[75.0025,24.7708],[74.988,24.7673],[74.9779,24.7647],[74.9352,24.7783],[74.9335,24.7777],[74.9305,24.7786],[74.9147,24.769],[74.88,24.7974],[74.8608,24.7985],[74.8608,24.7789],[74.8504,24.7763],[74.8467,24.7809],[74.8379,24.7974],[74.8608,24.8055],[74.8612,24.8055],[74.8605,24.8127],[74.8588,24.839],[74.8588,24.8402],[74.8258,24.8995],[74.8336,24.9596],[74.843,24.9689],[74.8591,24.9628],[74.8699,24.9249],[74.881,24.9373],[74.9029,24.9298],[74.9167,24.8859],[74.9318,24.8755],[74.953,24.8804],[74.9483,24.8645],[74.9584,24.8581],[75.0388,24.8454],[75.06,24.8636],[75.0557,24.872],[75.0658,24.8682],[75.0765,24.8807],[75.0883,24.8789],[75.0873,24.8708],[75.1169,24.8778],[75.1135,24.9668],[75.1297,24.9692],[75.1415,24.9784],[75.132,24.9836],[75.1664,25.0027],[75.1532,25.0325],[75.1744,25.0464],[75.1909,25.0365],[75.1909,25.0371],[75.1923,25.0365],[75.1926,25.0334],[75.197,25.0336],[75.2081,25.0345],[75.2953,25.0394],[75.3501,25.0336],[75.3511,25.0189],[75.3383,25.0186],[75.3249,25.0117],[75.3202,25.0094],[75.3178,25.0079],[75.3171,25.0041],[75.3138,24.9816],[75.3134,24.9801],[75.3141,24.9793],[75.3161,24.977],[75.3363,24.9527],[75.3138,24.8853],[75.305,24.9284],[75.2818,24.953],[75.2852,24.9657],[75.2592,24.9608],[75.2942,24.909],[75.267,24.8989],[75.2633,24.8749],[75.3094,24.8561],[75.3265,24.8749],[75.3737,24.8676],[75.4214,24.8827],[75.4238,24.8752],[75.4204,24.863],[75.4087,24.8497],[75.3286,24.8191],[75.3111,24.8008],[75.2784,24.8399],[75.2242,24.8439],[75.2253,24.8341],[75.2491,24.8301],[75.2525,24.813],[75.2155,24.8026],[75.1845,24.7485],[75.1977,24.7433],[75.2179,24.7054],[75.2195,24.7025],[75.2283,24.7176],[75.2646,24.7176],[75.4554,24.6805],[75.4901,24.6869],[75.5338,24.7123],[75.5497,24.7031]]]}},{"type":"Feature","properties":{"district":"Rewa","district_hi":"रीवा"},"geometry":{"type":"Polygon","coordinates":[[[82.2967,24.6059],[82.3034,24.5944],[82.3051,24.5915],[82.2775,24.5897],[82.2768,24.5903],[82.2522,24.6108],[82.2495,24.6027],[82.1755,24.6163],[82.1745,24.6163],[82.1829,24.6027],[82.1223,24.5897],[82.1173,24.5981],[82.0709,24.6025],[82.0675,24.5761],[82.018,24.5704],[81.9534,24.5455],[81.9511,24.5753],[81.9198,24.5698],[81.9161,24.5588],[81.8928,24.5539],[81.8959,24.544],[81.8636,24.5356],[81.8663,24.5241],[81.8175,24.5099],[81.799,24.5145],[81.8188,24.5333],[81.7919,24.5302],[81.7636,24.5169],[81.7606,24.5004],[81.7495,24.494],[81.7475,24.4928],[81.7448,24.4914],[81.7367,24.5108],[81.7165,24.5073],[81.6294,24.4654],[81.5045,24.424],[81.4497,24.3893],[81.3167,24.3361],[81.3144,24.3245],[81.306,24.3237],[81.3053,24.3228],[81.2972,24.3228],[81.2727,24.3234],[81.2834,24.3561],[81.2683,24.3763],[81.273,24.3844],[81.2851,24.3783],[81.2918,24.3965],[81.2605,24.4208],[81.2602,24.4336],[81.2491,24.4301],[81.2286,24.4524],[81.2346,24.4723],[81.2229,24.4688],[81.2232,24.4908],[81.1572,24.4978],[81.1394,24.5119],[81.1566,24.5223],[81.1576,24.5683],[81.1677,24.5637],[81.1589,24.5776],[81.168,24.6244],[81.1616,24.6372],[81.1831,24.6988],[81.1569,24.7074],[81.1094,24.7505],[81.0906,24.7748],[81.0889,24.7933],[81.0724,24.7742],[81.0452,24.7971],[81.0556,24.8078],[81.0701,24.8003],[81.0647,24.8237],[81.0721,24.8332],[81.0953,24.8312],[81.1111,24.8804],[81.1253,24.8856],[81.1195,24.9029],[81.1397,24.8876],[81.1455,24.9104],[81.1603,24.9136],[81.168,24.9553],[81.2074,24.9304],[81.1939,24.9258],[81.1949,24.9255],[81.2151,24.9281],[81.2185,24.9319],[81.207,24.9645],[81.2205,24.9773],[81.2091,24.9926],[81.2266,25.0015],[81.2639,25.053],[81.269,25.0675],[81.2595,25.0759],[81.2669,25.0845],[81.2521,25.1022],[81.2649,25.1172],[81.2663,25.1395],[81.2817,25.1519],[81.2777,25.1661],[81.3134,25.1638],[81.3214,25.1129],[81.3312,25.1146],[81.3194,25.1568],[81.3346,25.1693],[81.3605,25.1606],[81.3753,25.1418],[81.3709,25.1349],[81.3928,25.1311],[81.3995,25.1193],[81.4143,25.121],[81.4062,25.1314],[81.4382,25.1305],[81.4476,25.1071],[81.4123,25.1039],[81.4648,25.09],[81.4897,25.0733],[81.4988,25.0764],[81.5011,25.0779],[81.5005,25.0964],[81.5183,25.101],[81.4904,25.1097],[81.4799,25.1323],[81.4968,25.1294],[81.4995,25.1487],[81.5247,25.1438],[81.5237,25.1464],[81.5234,25.1476],[81.523,25.1482],[81.5365,25.1606],[81.5146,25.1736],[81.5146,25.1759],[81.5146,25.1806],[81.5146,25.1837],[81.5166,25.1835],[81.5398,25.1808],[81.5402,25.1887],[81.552,25.1849],[81.5725,25.1921],[81.5769,25.1904],[81.5944,25.1826],[81.5954,25.182],[81.5886,25.1658],[81.6156,25.169],[81.6263,25.1609],[81.6233,25.1409],[81.5977,25.1314],[81.6082,25.0961],[81.6243,25.1201],[81.6408,25.099],[81.6001,25.0741],[81.6172,25.0611],[81.6115,25.0562],[81.6411,25.0568],[81.6667,25.075],[81.667,25.0614],[81.6936,25.049],[81.6899,25.0389],[81.7135,25.036],[81.7317,25.0487],[81.7926,25.0044],[81.8353,25.0172],[81.8918,24.9891],[81.8932,24.9908],[81.8992,25.0047],[81.8959,25.0099],[81.9009,25.0082],[81.9016,25.0079],[81.907,25.0062],[81.9033,24.9932],[81.9056,24.9732],[81.9198,24.9281],[81.9029,24.8917],[81.9339,24.8708],[81.9426,24.846],[81.9652,24.8272],[81.9716,24.839],[82.017,24.846],[82.0941,24.8176],[82.0978,24.8162],[82.1008,24.8104],[82.1038,24.8072],[82.1156,24.7844],[82.1338,24.7881],[82.1388,24.7994],[82.1671,24.7855],[82.1789,24.7951],[82.1668,24.8008],[82.2038,24.8194],[82.1843,24.7956],[82.2162,24.7942],[82.2092,24.7786],[82.2179,24.7768],[82.1964,24.778],[82.2031,24.758],[82.1779,24.7329],[82.2139,24.7343],[82.2213,24.7219],[82.2071,24.7473],[82.2159,24.7546],[82.2293,24.745],[82.2246,24.7578],[82.2341,24.7606],[82.2455,24.7442],[82.2509,24.7699],[82.2502,24.697],[82.2297,24.6817],[82.2391,24.6612],[82.2492,24.6713],[82.261,24.6615],[82.2674,24.6771],[82.263,24.6788],[82.2687,24.6834],[82.2694,24.6826],[82.2876,24.6664],[82.303,24.6669],[82.3027,24.6661],[82.3027,24.6655],[82.3007,24.6508],[82.2953,24.6085],[82.2967,24.6059]]]}},{"type":"Feature","properties":{"district":"Satna","district_hi":"सतना"},"geometry":{"type":"Polygon","coordinates":[[[81.1195,24.9029],[81.1253,24.8856],[81.1111,24.8804],[81.0953,24.8312],[81.0721,24.8332],[81.0647,24.8237],[81.0701,24.8003],[81.0556,24.8078],[81.0452,24.7971],[81.0724,24.7742],[81.0889,24.7933],[81.0906,24.7748],[81.1094,24.7505],[81.1569,24.7074],[81.1831,24.6988],[81.1616,24.6372],[81.168,24.6244],[81.1589,24.5776],[81.1677,24.5637],[81.1576,24.5683],[81.1566,24.5223],[81.1394,24.5119],[81.1572,24.4978],[81.2232,24.4908],[81.2229,24.4688],[81.2346,24.4723],[81.2286,24.4524],[81.2491,24.4301],[81.2602,24.4336],[81.2605,24.4208],[81.2918,24.3965],[81.2851,24.3783],[81.273,24.3844],[81.2683,24.3763],[81.2834,24.3561],[81.2727,24.3234],[81.2972,24.3228],[81.3053,24.3228],[81.3251,24.2907],[81.346,24.2921],[81.349,24.2742],[81.341,24.2702],[81.3501,24.2531],[81.3877,24.2658],[81.3887,24.2661],[81.3884,24.2655],[81.3871,24.2606],[81.375,24.2181],[81.3618,24.2034],[81.3524,24.1927],[81.348,24.1877],[81.2817,24.1901],[81.2397,24.1635],[81.2276,24.1554],[81.2249,24.1282],[81.2027,24.1097],[81.2023,24.1097],[81.1855,24.1108],[81.1586,24.1342],[81.1465,24.1351],[81.134,24.1351],[81.1047,24.1256],[81.0105,24.0914],[81.0021,24.081],[81.0028,24.0917],[80.9738,24.0683],[80.9637,24.0663],[80.961,24.0645],[80.9573,24.0648],[80.9032,24.0706],[80.8931,24.0631],[80.8695,24.0784],[80.8365,24.0232],[80.8197,24.0284],[80.7995,24.0163],[80.7968,24.0064],[80.8116,23.9957],[80.811,23.9951],[80.8015,23.9882],[80.8073,23.97],[80.8073,23.9697],[80.8069,23.97],[80.7652,23.992],[80.7645,23.9922],[80.7696,24.0053],[80.7541,24.0258],[80.7743,24.0391],[80.8012,24.0371],[80.7901,24.0492],[80.8029,24.0608],[80.7756,24.0689],[80.7568,24.0602],[80.7228,24.0776],[80.7238,24.0651],[80.7124,24.0648],[80.6959,24.0839],[80.739,24.1059],[80.745,24.1169],[80.7373,24.1314],[80.6733,24.105],[80.6831,24.0738],[80.6572,24.0917],[80.6367,24.0851],[80.6484,24.044],[80.6266,24.0755],[80.5434,24.0313],[80.5438,24.0452],[80.5545,24.0489],[80.5374,24.0706],[80.5155,24.0492],[80.5317,24.0284],[80.5132,24.0125],[80.4687,23.9911],[80.4186,23.9847],[80.3903,23.9674],[80.3594,23.9691],[80.3547,23.9694],[80.3587,23.9734],[80.3893,24.0024],[80.3856,24.0385],[80.3853,24.0408],[80.3853,24.0423],[80.4415,24.0362],[80.4411,24.0926],[80.4768,24.0666],[80.5084,24.077],[80.5599,24.1097],[80.5559,24.1209],[80.5771,24.1204],[80.5969,24.1354],[80.6094,24.1487],[80.5963,24.1533],[80.6114,24.1588],[80.6084,24.1689],[80.6249,24.1571],[80.6168,24.1692],[80.633,24.175],[80.6313,24.184],[80.6491,24.1817],[80.6484,24.1736],[80.6515,24.1869],[80.6787,24.1982],[80.642,24.1877],[80.6296,24.1976],[80.6192,24.1811],[80.6232,24.1996],[80.6033,24.2031],[80.5815,24.2441],[80.5704,24.243],[80.5502,24.2638],[80.5519,24.2713],[80.5677,24.2563],[80.5848,24.2577],[80.5582,24.267],[80.5764,24.3014],[80.5364,24.3176],[80.5391,24.3329],[80.5118,24.3439],[80.5128,24.3607],[80.5,24.3749],[80.4704,24.3751],[80.4657,24.4018],[80.4734,24.4153],[80.457,24.4211],[80.4667,24.4223],[80.4603,24.4367],[80.4226,24.4431],[80.4354,24.5064],[80.459,24.5105],[80.4657,24.5215],[80.4617,24.5322],[80.4425,24.5339],[80.4607,24.5527],[80.4566,24.5747],[80.4694,24.6137],[80.4156,24.612],[80.424,24.6299],[80.4135,24.6476],[80.3765,24.6814],[80.355,24.6733],[80.3446,24.6959],[80.3671,24.6898],[80.3823,24.7115],[80.4035,24.7083],[80.4092,24.7262],[80.394,24.7447],[80.4119,24.7786],[80.4361,24.7468],[80.4684,24.7667],[80.4778,24.7554],[80.4755,24.7664],[80.4856,24.7621],[80.493,24.7818],[80.5088,24.7708],[80.5071,24.789],[80.5337,24.8034],[80.53,24.811],[80.5185,24.806],[80.5249,24.8225],[80.536,24.8058],[80.5724,24.8205],[80.5754,24.8104],[80.5791,24.8228],[80.6037,24.8309],[80.5976,24.8457],[80.6313,24.8662],[80.6296,24.8783],[80.6134,24.876],[80.5761,24.9012],[80.5387,24.9003],[80.5175,24.9171],[80.501,24.8992],[80.5068,24.8919],[80.4866,24.8844],[80.4872,24.861],[80.4977,24.8593],[80.4782,24.8442],[80.4798,24.885],[80.4946,24.9113],[80.4906,24.9446],[80.4711,24.9668],[80.4708,24.9674],[80.4761,24.9747],[80.4771,24.9764],[80.4994,25.0062],[80.5495,25.0024],[80.5461,25.0325],[80.5007,25.0415],[80.5091,25.0588],[80.4963,25.073],[80.5068,25.084],[80.4795,25.0964],[80.4846,25.0964],[80.5004,25.0967],[80.5142,25.0967],[80.5148,25.095],[80.5212,25.0779],[80.5219,25.0759],[80.5256,25.0741],[80.5471,25.0649],[80.5623,25.0698],[80.565,25.0715],[80.5683,25.0869],[80.6131,25.0657],[80.6067,25.0869],[80.598,25.0793],[80.5922,25.0903],[80.5976,25.114],[80.6074,25.1178],[80.5949,25.1273],[80.6054,25.1482],[80.6067,25.1505],[80.6074,25.1467],[80.6114,25.1279],[80.6266,25.1328],[80.6289,25.1334],[80.6303,25.1311],[80.6353,25.1221],[80.6383,25.1166],[80.6356,25.1152],[80.634,25.114],[80.6074,25.0981],[80.6255,25.0845],[80.6363,25.0895],[80.6404,25.0926],[80.6414,25.0921],[80.6592,25.0834],[80.6619,25.0675],[80.673,25.0825],[80.6848,25.077],[80.674,25.0605],[80.6797,25.0487],[80.7134,25.0608],[80.7154,25.0652],[80.7171,25.0692],[80.7363,25.0536],[80.7366,25.0533],[80.7874,25.0617],[80.7834,25.0759],[80.7571,25.0819],[80.7531,25.0909],[80.7255,25.0915],[80.7241,25.1184],[80.7077,25.1178],[80.7073,25.1193],[80.7053,25.125],[80.7043,25.1285],[80.705,25.1288],[80.7305,25.1467],[80.742,25.1236],[80.7783,25.1424],[80.7864,25.1294],[80.8083,25.1369],[80.8093,25.134],[80.812,25.1242],[80.819,25.1227],[80.8268,25.1216],[80.8298,25.1002],[80.8429,25.1123],[80.8365,25.134],[80.8429,25.1487],[80.8433,25.1725],[80.8382,25.1806],[80.8433,25.1858],[80.8436,25.1863],[80.8443,25.1869],[80.8695,25.1745],[80.8847,25.1872],[80.9129,25.1592],[80.8948,25.134],[80.8796,25.1383],[80.8685,25.1158],[80.8796,25.0993],[80.8675,25.0753],[80.8779,25.0655],[80.8318,25.0328],[80.855,25.0039],[80.8524,24.9888],[80.8241,24.9677],[80.7921,24.9648],[80.82,24.933],[80.8123,24.9226],[80.8359,24.9194],[80.8375,24.9284],[80.8608,24.9287],[80.8927,24.9454],[80.9069,24.9353],[80.8991,24.9486],[80.9459,24.9663],[80.9459,24.966],[80.9573,24.918],[80.9742,24.9342],[80.9866,24.9232],[81.0045,24.9371],[81.023,24.9275],[81.029,24.9333],[81.0159,24.9512],[81.0253,24.9402],[81.0317,24.9495],[81.0337,24.9527],[81.0341,24.9527],[81.0859,24.9466],[81.0896,24.9463],[81.0886,24.9402],[81.0936,24.9275],[81.1182,24.9076],[81.1195,24.9029]]]}},{"type":"Feature","properties":{"district":"Guna","district_hi":"गुना"},"geometry":{"type":"Polygon","coordinates":[[[77.3133,25.0808],[77.3113,25.0756],[77.3099,25.0715],[77.3214,25.0657],[77.3197,25.0409],[77.3392,25.027],[77.3368,24.9923],[77.3506,24.9755],[77.3473,24.9666],[77.3621,24.9605],[77.3577,24.946],[77.3702,24.9261],[77.3705,24.9261],[77.3742,24.9272],[77.3957,24.9333],[77.3998,24.9408],[77.4122,24.9472],[77.4519,24.9284],[77.4607,24.9301],[77.458,24.9171],[77.4785,24.8766],[77.526,24.872],[77.5377,24.8807],[77.5647,24.8717],[77.5623,24.8694],[77.5202,24.8272],[77.5233,24.7951],[77.5573,24.7624],[77.5556,24.7271],[77.5344,24.6921],[77.4987,24.6664],[77.4819,24.6334],[77.4748,24.5874],[77.4866,24.5805],[77.4869,24.5145],[77.498,24.4726],[77.4748,24.4651],[77.4755,24.4353],[77.5014,24.4286],[77.5115,24.4029],[77.5367,24.4038],[77.5909,24.3749],[77.6007,24.3757],[77.6357,24.4284],[77.6559,24.4205],[77.6562,24.4029],[77.6808,24.4],[77.707,24.4104],[77.7097,24.4281],[77.7349,24.4281],[77.7353,24.4281],[77.7356,24.4281],[77.7211,24.3867],[77.6905,24.3913],[77.666,24.3639],[77.6209,24.3442],[77.6188,24.3373],[77.6215,24.3315],[77.6511,24.3242],[77.6522,24.3138],[77.6485,24.3144],[77.6225,24.2962],[77.5983,24.2979],[77.5953,24.2676],[77.5754,24.269],[77.5546,24.2465],[77.5021,24.2531],[77.4977,24.2661],[77.4466,24.2386],[77.4415,24.2389],[77.4004,24.2719],[77.4075,24.3002],[77.3941,24.3063],[77.4079,24.3295],[77.3695,24.3471],[77.3655,24.3488],[77.3624,24.3445],[77.3214,24.2875],[77.3331,24.2543],[77.3268,24.2453],[77.353,24.2149],[77.3315,24.2167],[77.3459,24.1825],[77.3012,24.1675],[77.313,24.1504],[77.3005,24.1267],[77.2874,24.1238],[77.2975,24.0839],[77.2598,24.068],[77.2598,24.0431],[77.2958,24.0379],[77.2776,24.0189],[77.2965,24.0212],[77.3123,24.0073],[77.2914,23.9969],[77.3039,23.9922],[77.3022,23.9879],[77.3119,23.9827],[77.3116,23.981],[77.2938,23.9755],[77.3086,23.97],[77.2965,23.9549],[77.3093,23.9518],[77.3076,23.9318],[77.2968,23.9257],[77.3096,23.9272],[77.3079,23.9165],[77.3207,23.9133],[77.317,23.8907],[77.319,23.8904],[77.3187,23.885],[77.3187,23.8844],[77.318,23.8844],[77.2961,23.8942],[77.2941,23.8951],[77.2783,23.8864],[77.2261,23.8902],[77.1895,23.8928],[77.1858,23.9309],[77.1656,23.9471],[77.1847,24.0015],[77.1763,24.0177],[77.1874,24.0296],[77.178,24.0484],[77.1827,24.0793],[77.1323,24.0935],[77.0771,24.0784],[77.0256,24.0831],[76.9896,24.0478],[76.9714,24.0446],[76.9172,24.1019],[76.89,24.1065],[76.8893,24.1071],[76.8876,24.1094],[76.8779,24.1227],[76.8792,24.1305],[76.8812,24.1302],[76.9014,24.1282],[76.9162,24.1877],[76.9354,24.184],[76.9472,24.201],[76.9226,24.2115],[76.9122,24.2381],[76.889,24.2447],[76.863,24.2731],[76.8567,24.3046],[76.8415,24.3225],[76.8324,24.3581],[76.8519,24.3708],[76.8375,24.4084],[76.8503,24.4234],[76.8439,24.4362],[76.8449,24.4362],[76.8533,24.4668],[76.8163,24.5336],[76.8243,24.5362],[76.862,24.5492],[76.8842,24.5215],[76.9017,24.5458],[76.9176,24.5435],[76.9169,24.4833],[76.9186,24.4816],[76.9209,24.4793],[76.926,24.4741],[76.9324,24.4726],[76.9778,24.4613],[76.9835,24.4729],[77.0037,24.4738],[77.0047,24.4761],[77.0118,24.4923],[77.0293,24.4969],[77.0296,24.4969],[77.032,24.5088],[77.0367,24.5273],[77.0549,24.5264],[77.0687,24.5573],[77.0687,24.5617],[77.0656,24.6337],[77.0649,24.6438],[77.0347,24.7086],[77.032,24.7092],[76.999,24.7178],[76.9963,24.732],[76.9741,24.7361],[76.9637,24.7566],[76.9559,24.7575],[76.9519,24.758],[76.9468,24.7586],[76.9068,24.7314],[76.8906,24.7468],[76.8556,24.7436],[76.8479,24.7653],[76.8466,24.7693],[76.8462,24.7699],[76.8042,24.8081],[76.8001,24.8246],[76.828,24.8364],[76.8977,24.8387],[76.9263,24.8474],[76.928,24.8477],[76.9297,24.8483],[76.9495,24.8694],[76.9125,24.8882],[76.9196,24.9142],[76.9203,24.9165],[76.8903,24.9194],[76.8896,24.9339],[76.862,24.9613],[76.8678,24.9836],[76.857,25.0024],[76.8755,25.0073],[76.8762,25.0415],[76.968,25.0507],[76.9748,25.0663],[77.0003,25.0747],[77.0855,25.055],[77.0956,25.0655],[77.1228,25.0669],[77.1481,25.0952],[77.1497,25.0866],[77.1669,25.0848],[77.1747,25.1117],[77.2386,25.1068],[77.2699,25.1158],[77.2736,25.1123],[77.3113,25.0796],[77.3133,25.0808]]]}},{"type":"Feature","properties":{"district":"Ashoknagar","district_hi":"अशोकनगर"},"geometry":{"type":"Polygon","coordinates":[[[77.5647,24.8717],[77.5764,24.8801],[77.5872,24.8879],[77.5865,24.8879],[77.5492,24.898],[77.5418,24.9142],[77.5886,24.966],[77.601,24.9524],[77.5946,24.9266],[77.6131,24.9269],[77.6192,24.9099],[77.6545,24.8911],[77.676,24.8633],[77.707,24.8517],[77.7211,24.8671],[77.739,24.8572],[77.7555,24.8986],[77.7746,24.9021],[77.7884,24.9359],[77.8012,24.9342],[77.8022,24.9533],[77.8147,24.9587],[77.8312,25.0004],[77.8487,25.0076],[77.849,25.0068],[77.8524,24.9963],[77.8531,24.9946],[77.888,25.0073],[77.9049,25.0004],[77.9116,24.9813],[77.9503,24.9868],[77.9607,24.9833],[77.9611,24.964],[78.0179,24.9559],[77.9836,24.9113],[77.9893,24.8859],[77.9722,24.8844],[77.9772,24.848],[77.9914,24.8555],[78.0095,24.8382],[78.028,24.8364],[78.0479,24.859],[78.1101,24.8361],[78.1108,24.8364],[78.1115,24.8361],[78.1896,24.841],[78.1973,24.8384],[78.2353,24.7725],[78.2256,24.7482],[78.2262,24.7471],[78.2461,24.7141],[78.2764,24.6632],[78.2626,24.6461],[78.2781,24.6146],[78.2646,24.5521],[78.2299,24.5377],[78.2296,24.5374],[78.2283,24.5333],[78.2259,24.5244],[78.2252,24.5223],[78.2461,24.5096],[78.2458,24.4862],[78.275,24.4741],[78.2643,24.4555],[78.2673,24.4506],[78.2673,24.4503],[78.267,24.4506],[78.2111,24.4098],[78.2087,24.4084],[78.164,24.3957],[78.1455,24.3549],[78.0916,24.3211],[78.0852,24.2945],[78.0852,24.2942],[78.0856,24.2933],[78.0947,24.2592],[78.0913,24.2574],[78.0826,24.2583],[78.0836,24.2595],[78.0573,24.2603],[78.0428,24.2814],[78.0206,24.282],[78.0173,24.282],[78.0149,24.2363],[77.9634,24.2465],[77.9436,24.2305],[77.9429,24.2308],[77.9274,24.2676],[77.8843,24.2774],[77.8938,24.3112],[77.8386,24.3127],[77.8177,24.2997],[77.7858,24.315],[77.7716,24.3011],[77.7551,24.3075],[77.7195,24.2994],[77.6522,24.3138],[77.6511,24.3242],[77.6215,24.3315],[77.6188,24.3373],[77.6209,24.3442],[77.666,24.3639],[77.6905,24.3913],[77.7211,24.3867],[77.7356,24.4281],[77.7353,24.4281],[77.7349,24.4281],[77.7097,24.4281],[77.707,24.4104],[77.6808,24.4],[77.6562,24.4029],[77.6559,24.4205],[77.6357,24.4284],[77.6007,24.3757],[77.5909,24.3749],[77.5367,24.4038],[77.5115,24.4029],[77.5014,24.4286],[77.4755,24.4353],[77.4748,24.4651],[77.498,24.4726],[77.4869,24.5145],[77.4866,24.5805],[77.4748,24.5874],[77.4819,24.6334],[77.4987,24.6664],[77.5344,24.6921],[77.5556,24.7271],[77.5573,24.7624],[77.5233,24.7951],[77.5202,24.8272],[77.5623,24.8694],[77.5647,24.8717]]]}},{"type":"Feature","properties":{"district":"Mandsaur","district_hi":"मंदसौर"},"geometry":{"type":"Polygon","coordinates":[[[74.9079,24.2115],[74.9254,24.2352],[74.9628,24.267],[74.9527,24.2959],[74.9527,24.2962],[74.953,24.2971],[74.9698,24.3271],[74.9756,24.3373],[74.9786,24.3352],[74.9853,24.3419],[74.9873,24.3404],[74.988,24.3419],[74.9978,24.3323],[75.0237,24.3699],[75.024,24.3705],[75.056,24.3558],[75.0392,24.3341],[75.0419,24.3237],[75.0587,24.3257],[75.0886,24.3561],[75.1088,24.3569],[75.1125,24.3572],[75.129,24.35],[75.1324,24.3485],[75.1331,24.3482],[75.1226,24.3425],[75.126,24.3332],[75.2054,24.3086],[75.309,24.3173],[75.3158,24.3332],[75.3336,24.3381],[75.3514,24.337],[75.3652,24.3153],[75.4214,24.3321],[75.4258,24.3347],[75.4295,24.3561],[75.4309,24.3575],[75.518,24.4593],[75.59,24.5195],[75.5887,24.6062],[75.5722,24.6218],[75.5816,24.6421],[75.6085,24.6461],[75.5705,24.6693],[75.5692,24.6701],[75.551,24.7005],[75.5497,24.7031],[75.583,24.7132],[75.6092,24.6814],[75.6267,24.6823],[75.6301,24.6834],[75.6519,24.6912],[75.6577,24.6936],[75.6832,24.7242],[75.7573,24.7615],[75.7849,24.7618],[75.7903,24.7578],[75.802,24.7563],[75.834,24.7314],[75.8333,24.7283],[75.8253,24.6675],[75.8481,24.6632],[75.8491,24.6476],[75.8451,24.627],[75.8259,24.6137],[75.8367,24.6062],[75.8357,24.5984],[75.8491,24.6108],[75.8717,24.6065],[75.8788,24.5834],[75.9148,24.5724],[75.9067,24.5466],[75.9111,24.5435],[75.9175,24.5409],[75.9208,24.5432],[75.9205,24.5368],[75.9205,24.5299],[75.9127,24.516],[75.9097,24.5137],[75.8909,24.5186],[75.8882,24.5079],[75.8885,24.5076],[75.9117,24.4917],[75.9114,24.4911],[75.9003,24.4422],[75.8357,24.4148],[75.8098,24.4339],[75.8138,24.4619],[75.7892,24.4714],[75.7862,24.4532],[75.7475,24.4243],[75.7553,24.4064],[75.728,24.3963],[75.7293,24.378],[75.7401,24.3769],[75.7381,24.3347],[75.7398,24.3326],[75.7664,24.2982],[75.8108,24.2959],[75.8185,24.2806],[75.8145,24.2444],[75.8303,24.2334],[75.7765,24.2083],[75.7741,24.1808],[75.7509,24.1435],[75.7704,24.1154],[75.7825,24.116],[75.7929,24.0917],[75.8057,24.0995],[75.8165,24.0854],[75.835,24.0917],[75.8367,24.057],[75.7829,24.0434],[75.7832,24.0217],[75.7734,24.0076],[75.7627,24.0099],[75.7654,23.9928],[75.7421,23.9925],[75.7411,23.9769],[75.7176,23.9668],[75.7018,23.9665],[75.6987,23.9879],[75.6869,23.9888],[75.6876,24.0053],[75.6728,24.0165],[75.6708,24.018],[75.6398,23.998],[75.5958,23.9899],[75.521,24.0246],[75.4739,23.9818],[75.4736,23.9807],[75.4628,23.9176],[75.4601,23.9191],[75.4585,23.9182],[75.4571,23.9119],[75.4443,23.9101],[75.4228,23.8974],[75.414,23.8858],[75.375,23.8699],[75.3447,23.8028],[75.3417,23.8034],[75.3292,23.8054],[75.3346,23.8407],[75.2926,23.8523],[75.2744,23.8427],[75.2703,23.8228],[75.2559,23.8228],[75.2421,23.856],[75.2354,23.8633],[75.2172,23.8581],[75.2,23.8294],[75.1324,23.8309],[75.1206,23.8505],[75.1156,23.8291],[75.1014,23.8291],[75.0933,23.8167],[75.0526,23.826],[75.0479,23.8138],[75.058,23.7962],[75.0395,23.7829],[75.0267,23.7834],[75.0176,23.8135],[74.9958,23.7976],[74.9675,23.7988],[74.9486,23.7655],[74.9483,23.7652],[74.9476,23.7652],[74.9406,23.7646],[74.9402,23.7646],[74.9244,23.7965],[74.9036,23.7941],[74.9136,23.8424],[74.9025,23.8731],[74.9207,23.9194],[74.916,23.9309],[74.9311,23.9575],[74.9587,23.972],[74.9655,24.0067],[74.9823,24.0258],[74.9739,24.0397],[74.9392,24.0538],[74.9402,24.0698],[74.9207,24.0776],[74.918,24.0978],[74.9032,24.1091],[74.8958,24.1577],[74.8797,24.1736],[74.9076,24.2109],[74.9079,24.2115]]]}},{"type":"Feature","properties":{"district":"Singrauli","district_hi":"सिंगरौली"},"geometry":{"type":"Polygon","coordinates":[[[82.3034,24.5944],[82.2967,24.6059],[82.3007,24.6059],[82.3,24.6071],[82.3195,24.6062],[82.3387,24.6204],[82.365,24.5975],[82.3714,24.5967],[82.4185,24.5944],[82.4195,24.5958],[82.409,24.6253],[82.4185,24.6519],[82.4064,24.6814],[82.4074,24.6823],[82.4309,24.7016],[82.4319,24.7025],[82.4531,24.6886],[82.4498,24.6748],[82.5228,24.6762],[82.5238,24.6768],[82.5241,24.675],[82.5295,24.6528],[82.5386,24.6487],[82.5399,24.6481],[82.5406,24.6479],[82.6712,24.697],[82.7015,24.675],[82.6981,24.647],[82.7065,24.6363],[82.7738,24.6418],[82.7795,24.614],[82.7654,24.5958],[82.8028,24.597],[82.7974,24.5767],[82.7482,24.5614],[82.7429,24.5469],[82.7193,24.5524],[82.7311,24.5348],[82.7207,24.5287],[82.7207,24.5137],[82.7435,24.4963],[82.7301,24.4726],[82.7324,24.4312],[82.7398,24.4301],[82.7217,24.4136],[82.7136,24.3804],[82.7254,24.3682],[82.76,24.3775],[82.7694,24.3708],[82.7654,24.3141],[82.7728,24.3078],[82.7556,24.2621],[82.7587,24.2366],[82.7348,24.2172],[82.7442,24.1655],[82.7281,24.1357],[82.7005,24.1392],[82.683,24.1548],[82.6648,24.1282],[82.6645,24.1276],[82.7072,24.0969],[82.7139,24.0747],[82.7742,24.0758],[82.7664,24.0463],[82.7472,24.027],[82.7509,24.0125],[82.7513,24.0119],[82.8038,24.0035],[82.8122,23.9619],[82.8098,23.9619],[82.8017,23.9616],[82.7886,23.9448],[82.7836,23.9405],[82.7543,23.9341],[82.7523,23.9199],[82.6988,23.9249],[82.6931,23.9191],[82.6843,23.9104],[82.6614,23.9078],[82.6523,23.8916],[82.6685,23.8719],[82.6604,23.8552],[82.647,23.8592],[82.6352,23.8378],[82.5887,23.8216],[82.5332,23.8222],[82.5514,23.7907],[82.5309,23.7887],[82.5245,23.7837],[82.4979,23.7849],[82.4975,23.7849],[82.4659,23.8121],[82.3936,23.7999],[82.374,23.8121],[82.3347,23.8025],[82.2606,23.8213],[82.2314,23.8066],[82.2256,23.8202],[82.2068,23.8283],[82.2152,23.841],[82.2115,23.8488],[82.2095,23.8529],[82.2142,23.8583],[82.2166,23.8667],[82.2405,23.8893],[82.223,23.9003],[82.2337,23.9179],[82.2129,23.9257],[82.2014,23.9497],[82.2139,23.963],[82.2149,23.9876],[82.188,23.9821],[82.1688,24.0006],[82.1654,23.9801],[82.1533,23.9737],[82.122,23.9963],[82.0924,23.9888],[82.0857,24.0183],[82.0766,24.0038],[82.05,24.0027],[82.0187,24.0307],[82.0042,24.0116],[81.9931,24.02],[81.9689,24.0134],[81.9574,24.0235],[81.9632,24.042],[81.9531,24.0625],[81.9087,24.0831],[81.907,24.114],[81.878,24.1267],[81.8784,24.1276],[81.8979,24.1658],[81.8965,24.1851],[81.9117,24.1941],[81.9191,24.2152],[81.9359,24.2175],[81.9393,24.2369],[81.9558,24.2329],[81.9551,24.2551],[81.9786,24.2317],[82.0009,24.2352],[82.0412,24.2812],[82.0342,24.3043],[82.0554,24.3089],[82.0668,24.3011],[82.1133,24.3185],[82.1069,24.3381],[82.1163,24.3584],[82.1657,24.3581],[82.1506,24.3882],[82.1816,24.3818],[82.2024,24.3905],[82.1893,24.4237],[82.1708,24.4336],[82.2334,24.4396],[82.2394,24.468],[82.2559,24.466],[82.2896,24.5018],[82.3195,24.4995],[82.3256,24.5027],[82.3549,24.5293],[82.3777,24.5568],[82.3791,24.5594],[82.3794,24.5599],[82.3424,24.575],[82.3125,24.5868],[82.3078,24.5944],[82.3067,24.5949],[82.3034,24.5944]]]}},{"type":"Feature","properties":{"district":"Sidhi","district_hi":"सीधी"},"geometry":{"type":"Polygon","coordinates":[[[81.3053,24.3228],[81.306,24.3237],[81.3144,24.3245],[81.3167,24.3361],[81.4497,24.3893],[81.5045,24.424],[81.6294,24.4654],[81.7165,24.5073],[81.7367,24.5108],[81.7448,24.4914],[81.7475,24.4928],[81.7495,24.494],[81.7606,24.5004],[81.7636,24.5169],[81.7919,24.5302],[81.8188,24.5333],[81.799,24.5145],[81.8175,24.5099],[81.8663,24.5241],[81.8636,24.5356],[81.8959,24.544],[81.8928,24.5539],[81.9161,24.5588],[81.9198,24.5698],[81.9511,24.5753],[81.9534,24.5455],[82.018,24.5704],[82.0675,24.5761],[82.0709,24.6025],[82.1173,24.5981],[82.1223,24.5897],[82.1829,24.6027],[82.1745,24.6163],[82.1755,24.6163],[82.2495,24.6027],[82.2522,24.6108],[82.2768,24.5903],[82.2775,24.5897],[82.3051,24.5915],[82.3034,24.5944],[82.3067,24.5949],[82.3078,24.5944],[82.3125,24.5868],[82.3424,24.575],[82.3794,24.5599],[82.3791,24.5594],[82.3777,24.5568],[82.3549,24.5293],[82.3256,24.5027],[82.3195,24.4995],[82.2896,24.5018],[82.2559,24.466],[82.2394,24.468],[82.2334,24.4396],[82.1708,24.4336],[82.1893,24.4237],[82.2024,24.3905],[82.1816,24.3818],[82.1506,24.3882],[82.1657,24.3581],[82.1163,24.3584],[82.1069,24.3381],[82.1133,24.3185],[82.0668,24.3011],[82.0554,24.3089],[82.0342,24.3043],[82.0412,24.2812],[82.0009,24.2352],[81.9786,24.2317],[81.9551,24.2551],[81.9558,24.2329],[81.9393,24.2369],[81.9359,24.2175],[81.9191,24.2152],[81.9117,24.1941],[81.8965,24.1851],[81.8979,24.1658],[81.8784,24.1276],[81.878,24.1267],[81.907,24.114],[81.9087,24.0831],[81.9531,24.0625],[81.9632,24.042],[81.9574,24.0235],[81.9689,24.0134],[81.9931,24.02],[82.0042,24.0116],[82.0187,24.0307],[82.05,24.0027],[82.0766,24.0038],[82.0857,24.0183],[82.0924,23.9888],[82.122,23.9963],[82.1533,23.9737],[82.1654,23.9801],[82.1688,24.0006],[82.188,23.9821],[82.2149,23.9876],[82.2139,23.963],[82.2014,23.9497],[82.2129,23.9257],[82.2337,23.9179],[82.223,23.9003],[82.2405,23.8893],[82.2166,23.8667],[82.2142,23.8583],[82.2095,23.8529],[82.1809,23.8364],[82.1715,23.8182],[82.0816,23.8164],[82.0392,23.8262],[82.0443,23.8416],[82.0076,23.8618],[81.9578,23.8523],[81.9214,23.8711],[81.8895,23.8369],[81.8858,23.8355],[81.8676,23.8341],[81.8323,23.8132],[81.8191,23.808],[81.8101,23.8083],[81.7256,23.8398],[81.732,23.8566],[81.7074,23.8612],[81.7074,23.8824],[81.6903,23.8847],[81.6876,23.9066],[81.6681,23.9252],[81.6098,23.904],[81.6038,23.885],[81.5684,23.9121],[81.5439,23.913],[81.5388,23.9416],[81.5567,23.9575],[81.5382,23.9815],[81.5075,23.9818],[81.5025,23.9977],[81.5136,24.02],[81.4836,24.0356],[81.5156,24.0411],[81.5351,24.0666],[81.559,24.0735],[81.5583,24.0738],[81.5439,24.0848],[81.5217,24.0755],[81.5096,24.0816],[81.5092,24.1137],[81.4853,24.1461],[81.4998,24.1635],[81.4698,24.1744],[81.4836,24.1979],[81.482,24.2314],[81.4709,24.2531],[81.4564,24.2812],[81.4561,24.282],[81.4561,24.2817],[81.4577,24.2673],[81.446,24.2592],[81.3884,24.2655],[81.3887,24.2661],[81.3877,24.2658],[81.3501,24.2531],[81.341,24.2702],[81.349,24.2742],[81.346,24.2921],[81.3251,24.2907],[81.3053,24.3228]]]}},{"type":"Feature","properties":{"district":"Sagar","district_hi":"सागर"},"geometry":{"type":"Polygon","coordinates":[[[78.0826,24.2583],[78.0913,24.2574],[78.0947,24.2592],[78.0856,24.2933],[78.0852,24.2942],[78.0852,24.2945],[78.0916,24.3211],[78.1455,24.3549],[78.164,24.3957],[78.2087,24.4084],[78.2111,24.4098],[78.267,24.4506],[78.2673,24.4503],[78.2676,24.45],[78.3407,24.402],[78.3491,24.3873],[78.3659,24.3858],[78.3696,24.3749],[78.3292,24.3271],[78.3454,24.3095],[78.3619,24.2921],[78.3878,24.2644],[78.3888,24.2635],[78.415,24.2762],[78.4187,24.2849],[78.4312,24.284],[78.444,24.3193],[78.4779,24.339],[78.4742,24.3563],[78.4938,24.3815],[78.5022,24.3902],[78.5187,24.3879],[78.5298,24.3682],[78.586,24.3537],[78.6038,24.3144],[78.6284,24.3037],[78.62,24.293],[78.6257,24.2806],[78.6385,24.2852],[78.6603,24.2676],[78.6687,24.2401],[78.7031,24.2268],[78.7256,24.2363],[78.7344,24.2525],[78.7485,24.2331],[78.762,24.2595],[78.7818,24.1958],[78.7896,24.1825],[78.8037,24.1791],[78.8067,24.1796],[78.8151,24.2071],[78.8266,24.1953],[78.8471,24.2138],[78.8629,24.2097],[78.8845,24.2198],[78.8845,24.2505],[78.9168,24.269],[78.9097,24.2979],[78.9716,24.3477],[78.9699,24.3691],[78.9911,24.4177],[78.9911,24.4174],[79.0086,24.3694],[79.0201,24.3832],[79.0534,24.3691],[79.0732,24.4067],[79.1008,24.4018],[79.1018,24.4125],[79.1325,24.4098],[79.1806,24.433],[79.2099,24.4148],[79.2435,24.4148],[79.2489,24.3905],[79.2549,24.4113],[79.2724,24.3824],[79.295,24.3749],[79.2768,24.3558],[79.2576,24.3697],[79.2462,24.3581],[79.2324,24.3618],[79.2331,24.3349],[79.2109,24.33],[79.2001,24.3341],[79.1988,24.3555],[79.1584,24.3734],[79.1681,24.4067],[79.1523,24.4055],[79.1553,24.3751],[79.1405,24.3647],[79.1597,24.3621],[79.1597,24.3618],[79.1601,24.3618],[79.1786,24.3315],[79.1873,24.324],[79.186,24.319],[79.1853,24.3159],[79.1839,24.3107],[79.1712,24.3083],[79.1752,24.2777],[79.1493,24.2681],[79.1399,24.2545],[79.1375,24.2511],[79.1133,24.2658],[79.0965,24.2421],[79.0934,24.2433],[79.0837,24.2479],[79.0813,24.2488],[79.0813,24.2491],[79.0827,24.2629],[79.0682,24.2612],[79.0658,24.2248],[79.046,24.2216],[79.0551,24.2123],[79.0541,24.1713],[79.0796,24.147],[79.0726,24.1319],[79.0968,24.1261],[79.1133,24.1224],[79.114,24.1224],[79.1247,24.1024],[79.1261,24.1019],[79.1446,24.1016],[79.1466,24.1016],[79.1479,24.0978],[79.1543,24.077],[79.1604,24.0657],[79.1765,24.0538],[79.1863,24.0119],[79.1876,24.011],[79.1866,24.0105],[79.15,23.9963],[79.1294,23.974],[79.1177,23.9775],[79.0564,23.9182],[79.0736,23.9032],[79.0833,23.9072],[79.0796,23.9197],[79.0938,23.9194],[79.1096,23.8991],[79.1086,23.8815],[79.1496,23.8474],[79.1749,23.8503],[79.1772,23.8346],[79.192,23.8329],[79.2203,23.8442],[79.2506,23.8254],[79.2368,23.8184],[79.2196,23.7837],[79.2728,23.7528],[79.2775,23.7398],[79.293,23.7479],[79.2842,23.736],[79.3007,23.7057],[79.2825,23.6987],[79.3014,23.6767],[79.3512,23.6646],[79.3364,23.6308],[79.3058,23.6435],[79.3004,23.6322],[79.3007,23.601],[79.3185,23.5882],[79.297,23.5804],[79.299,23.5622],[79.3256,23.5512],[79.3313,23.524],[79.2997,23.5165],[79.2876,23.4792],[79.2667,23.4821],[79.2583,23.463],[79.226,23.4601],[79.2203,23.4367],[79.1988,23.4405],[79.1809,23.426],[79.2018,23.4156],[79.1853,23.404],[79.1917,23.3658],[79.2169,23.3673],[79.2173,23.3502],[79.2388,23.3404],[79.2099,23.3193],[79.2321,23.2912],[79.2129,23.2609],[79.1728,23.2519],[79.1732,23.2473],[79.1779,23.225],[79.189,23.2233],[79.1903,23.2233],[79.19,23.2224],[79.1991,23.1949],[79.1984,23.1949],[79.1981,23.1949],[79.1661,23.1897],[79.1661,23.1767],[79.1533,23.1793],[79.1493,23.1677],[79.1251,23.1758],[79.114,23.1654],[79.1059,23.2068],[79.0917,23.1949],[79.0716,23.2059],[79.0645,23.1944],[79.0238,23.1929],[78.9958,23.2169],[78.9804,23.2004],[78.9625,23.2149],[78.9437,23.2094],[78.9383,23.2337],[78.9073,23.227],[78.8976,23.2126],[78.8488,23.225],[78.8346,23.2507],[78.8094,23.2357],[78.8064,23.2369],[78.7916,23.2438],[78.7616,23.2476],[78.7606,23.2473],[78.7606,23.2476],[78.7633,23.2843],[78.7731,23.2935],[78.7586,23.3103],[78.7478,23.3095],[78.7337,23.3392],[78.7081,23.3612],[78.7088,23.3537],[78.6644,23.332],[78.6314,23.3615],[78.6253,23.4167],[78.6011,23.424],[78.6287,23.4512],[78.6634,23.4471],[78.6775,23.4934],[78.6967,23.5012],[78.7011,23.5171],[78.7152,23.518],[78.7192,23.5356],[78.7377,23.5313],[78.7381,23.5318],[78.7394,23.5683],[78.7367,23.5784],[78.7021,23.577],[78.6805,23.5608],[78.6502,23.5634],[78.6408,23.546],[78.5776,23.5515],[78.5678,23.5677],[78.5368,23.5637],[78.5352,23.5504],[78.5197,23.5532],[78.5166,23.5371],[78.5035,23.531],[78.4988,23.5848],[78.5156,23.6085],[78.5066,23.6362],[78.5153,23.6579],[78.4854,23.6362],[78.4742,23.6495],[78.4675,23.6438],[78.4702,23.6773],[78.447,23.6915],[78.4298,23.7441],[78.3679,23.7279],[78.3534,23.7042],[78.3585,23.6918],[78.3437,23.6779],[78.3585,23.6718],[78.3797,23.6941],[78.3864,23.6886],[78.3928,23.6973],[78.3817,23.7002],[78.3814,23.7143],[78.3989,23.7149],[78.3999,23.7299],[78.3999,23.7302],[78.4002,23.7302],[78.4258,23.721],[78.4295,23.7195],[78.4285,23.719],[78.4069,23.701],[78.4086,23.6863],[78.4322,23.6733],[78.3969,23.677],[78.4066,23.6539],[78.4197,23.6507],[78.4197,23.6504],[78.3975,23.6325],[78.376,23.6568],[78.3642,23.6487],[78.342,23.6582],[78.339,23.6594],[78.34,23.6776],[78.3228,23.6929],[78.3107,23.6863],[78.2925,23.6762],[78.2909,23.6756],[78.2801,23.6903],[78.2841,23.7002],[78.2629,23.7184],[78.2629,23.7187],[78.2649,23.7213],[78.2683,23.7259],[78.2585,23.7245],[78.2528,23.7054],[78.2525,23.7057],[78.2515,23.7062],[78.2387,23.714],[78.2407,23.7195],[78.2508,23.7467],[78.2663,23.7487],[78.2518,23.7571],[78.2693,23.7794],[78.2555,23.7788],[78.2589,23.7918],[78.2767,23.7959],[78.2686,23.7872],[78.2885,23.7837],[78.2861,23.8112],[78.2663,23.8086],[78.2626,23.8161],[78.2885,23.8138],[78.2996,23.828],[78.2949,23.8482],[78.273,23.8433],[78.2596,23.8583],[78.2784,23.8638],[78.2781,23.8899],[78.2949,23.9098],[78.2892,23.9254],[78.2619,23.9437],[78.2865,23.9625],[78.2787,23.9711],[78.2895,23.9876],[78.2784,24.0278],[78.2148,24.0703],[78.1929,24.0541],[78.1835,24.0102],[78.1626,24.0105],[78.1573,24.0255],[78.133,24.0414],[78.1192,24.0434],[78.1152,24.0272],[78.0758,24.046],[78.092,24.0686],[78.1054,24.0611],[78.1021,24.0486],[78.1172,24.0463],[78.1347,24.1207],[78.1186,24.1264],[78.0963,24.1559],[78.1044,24.1669],[78.129,24.1637],[78.131,24.1953],[78.1458,24.2019],[78.1263,24.2146],[78.1095,24.2172],[78.1071,24.2086],[78.0836,24.2144],[78.0657,24.2265],[78.0603,24.23],[78.0597,24.2305],[78.0677,24.2438],[78.097,24.2285],[78.0963,24.245],[78.09,24.2453],[78.0859,24.2415],[78.0725,24.2459],[78.0711,24.2462],[78.0694,24.2467],[78.0735,24.2488],[78.0826,24.2583]]]}},{"type":"Feature","properties":{"district":"Damoh","district_hi":"दमोह"},"geometry":{"type":"Polygon","coordinates":[[[79.1903,23.2233],[79.189,23.2233],[79.1779,23.225],[79.1732,23.2473],[79.1728,23.2519],[79.2129,23.2609],[79.2321,23.2912],[79.2099,23.3193],[79.2388,23.3404],[79.2173,23.3502],[79.2169,23.3673],[79.1917,23.3658],[79.1853,23.404],[79.2018,23.4156],[79.1809,23.426],[79.1988,23.4405],[79.2203,23.4367],[79.226,23.4601],[79.2583,23.463],[79.2667,23.4821],[79.2876,23.4792],[79.2997,23.5165],[79.3313,23.524],[79.3256,23.5512],[79.299,23.5622],[79.297,23.5804],[79.3185,23.5882],[79.3007,23.601],[79.3004,23.6322],[79.3058,23.6435],[79.3364,23.6308],[79.3512,23.6646],[79.3014,23.6767],[79.2825,23.6987],[79.3007,23.7057],[79.2842,23.736],[79.293,23.7479],[79.2775,23.7398],[79.2728,23.7528],[79.2196,23.7837],[79.2368,23.8184],[79.2506,23.8254],[79.2203,23.8442],[79.192,23.8329],[79.1772,23.8346],[79.1749,23.8503],[79.1496,23.8474],[79.1086,23.8815],[79.1096,23.8991],[79.0938,23.9194],[79.0796,23.9197],[79.0833,23.9072],[79.0736,23.9032],[79.0564,23.9182],[79.1177,23.9775],[79.1294,23.974],[79.15,23.9963],[79.1866,24.0105],[79.1876,24.011],[79.1863,24.0119],[79.1765,24.0538],[79.1604,24.0657],[79.1543,24.077],[79.1479,24.0978],[79.1466,24.1016],[79.1446,24.1016],[79.1473,24.1062],[79.1506,24.1111],[79.1577,24.1221],[79.1839,24.1186],[79.2223,24.1319],[79.2253,24.1386],[79.2364,24.1441],[79.261,24.1444],[79.3135,24.1374],[79.3142,24.1371],[79.3145,24.1374],[79.3155,24.1377],[79.3263,24.1441],[79.33,24.1528],[79.3303,24.153],[79.3303,24.1533],[79.3024,24.164],[79.3004,24.1805],[79.3825,24.1953],[79.3751,24.2094],[79.3865,24.2149],[79.3976,24.2681],[79.3882,24.2788],[79.3986,24.284],[79.4047,24.3115],[79.3959,24.3268],[79.4138,24.3503],[79.3922,24.3676],[79.3929,24.3723],[79.3959,24.3835],[79.4282,24.389],[79.4417,24.4122],[79.4575,24.4075],[79.473,24.3841],[79.5087,24.3974],[79.5595,24.3835],[79.5669,24.3911],[79.5454,24.4197],[79.5669,24.4272],[79.5692,24.4451],[79.6066,24.4182],[79.6217,24.4182],[79.6288,24.3989],[79.6167,24.3786],[79.6248,24.3725],[79.6372,24.3821],[79.6598,24.3639],[79.6615,24.3824],[79.6813,24.3754],[79.6806,24.396],[79.7042,24.3766],[79.7247,24.4026],[79.7271,24.4038],[79.751,24.4104],[79.7725,24.3818],[79.795,24.374],[79.7954,24.3743],[79.8008,24.3636],[79.821,24.3503],[79.7994,24.3173],[79.8324,24.3193],[79.8576,24.2982],[79.857,24.2976],[79.8401,24.2835],[79.8085,24.2835],[79.8061,24.2635],[79.8438,24.2453],[79.8351,24.2326],[79.8411,24.219],[79.8344,24.2025],[79.8105,24.1993],[79.8119,24.16],[79.7924,24.1493],[79.795,24.1331],[79.7816,24.1319],[79.7836,24.1137],[79.7637,24.1059],[79.7621,24.0735],[79.7402,24.0735],[79.7375,24.0671],[79.7351,24.0605],[79.7425,24.0429],[79.7523,24.0533],[79.7537,24.0348],[79.7661,24.042],[79.8442,24.0226],[79.8448,24.007],[79.8344,24.0021],[79.858,23.9885],[79.8321,23.9419],[79.8714,23.9006],[79.8543,23.8531],[79.8647,23.8289],[79.8687,23.8193],[79.8536,23.8083],[79.856,23.795],[79.8563,23.7944],[79.8321,23.7774],[79.8321,23.7574],[79.8152,23.7401],[79.823,23.721],[79.8361,23.7233],[79.8277,23.6952],[79.8667,23.7004],[79.8671,23.6909],[79.8893,23.6828],[79.936,23.6819],[79.9556,23.6588],[79.9552,23.6582],[79.9434,23.6452],[79.9515,23.6224],[79.9404,23.6241],[79.9286,23.6015],[79.929,23.5995],[79.9293,23.5972],[79.9296,23.5952],[79.9034,23.5859],[79.8472,23.5041],[79.8152,23.5128],[79.8146,23.4905],[79.8021,23.4659],[79.7873,23.4598],[79.789,23.4465],[79.789,23.4462],[79.7244,23.4254],[79.7331,23.4092],[79.7126,23.3716],[79.7035,23.3751],[79.7028,23.3615],[79.6746,23.3384],[79.5322,23.2597],[79.5157,23.2684],[79.4881,23.264],[79.4868,23.2496],[79.4235,23.1944],[79.371,23.1675],[79.3714,23.1651],[79.3684,23.1663],[79.3663,23.1654],[79.3552,23.1715],[79.3519,23.1559],[79.332,23.1507],[79.3064,23.2314],[79.2681,23.2166],[79.2634,23.2395],[79.2479,23.2487],[79.2368,23.251],[79.2321,23.2513],[79.2277,23.2259],[79.1967,23.24],[79.1917,23.2236],[79.1903,23.2233]]]}},{"type":"Feature","properties":{"district":"Shajapur","district_hi":"शाजापुर"},"geometry":{"type":"Polygon","coordinates":[[[77.0498,23.4671],[77.0158,23.4451],[77.0141,23.4416],[77.0131,23.441],[76.9882,23.3968],[76.9943,23.382],[76.9791,23.3109],[76.9876,23.2857],[76.9394,23.2363],[76.9054,23.2282],[76.9017,23.227],[76.9024,23.2149],[76.9021,23.2134],[76.8933,23.2085],[76.889,23.2056],[76.8886,23.2053],[76.8987,23.1787],[76.8957,23.1365],[76.8812,23.1212],[76.855,23.1076],[76.822,23.1148],[76.826,23.1278],[76.8035,23.1252],[76.7887,23.1521],[76.7675,23.1568],[76.7745,23.1721],[76.7466,23.1839],[76.7523,23.157],[76.7429,23.1414],[76.7315,23.1423],[76.7227,23.1582],[76.6982,23.1576],[76.6854,23.1941],[76.6551,23.1871],[76.647,23.2001],[76.6302,23.1975],[76.6282,23.1388],[76.6134,23.1368],[76.5989,23.1206],[76.5885,23.114],[76.542,23.1307],[76.5417,23.1304],[76.5403,23.131],[76.5427,23.1406],[76.5269,23.1472],[76.5117,23.1802],[76.5114,23.1802],[76.4256,23.1941],[76.4138,23.2192],[76.3761,23.2296],[76.365,23.2328],[76.361,23.2296],[76.3388,23.2296],[76.3203,23.234],[76.2755,23.2293],[76.2523,23.2166],[76.2267,23.2265],[76.1631,23.2247],[76.1284,23.2438],[76.121,23.2435],[76.1207,23.2435],[76.1332,23.2814],[76.1581,23.2837],[76.1594,23.2733],[76.182,23.2693],[76.2055,23.343],[76.2149,23.3508],[76.2274,23.3378],[76.2523,23.3517],[76.2459,23.3927],[76.2129,23.3846],[76.2136,23.417],[76.2045,23.415],[76.2008,23.4277],[76.2149,23.4526],[76.1971,23.4653],[76.2079,23.4856],[76.2122,23.4893],[76.2462,23.4969],[76.2523,23.5151],[76.2526,23.5159],[76.2163,23.5321],[76.1994,23.5009],[76.1604,23.507],[76.1574,23.52],[76.1581,23.5209],[76.1789,23.5561],[76.1638,23.5723],[76.1544,23.5694],[76.1759,23.5856],[76.2008,23.5677],[76.2375,23.5697],[76.2341,23.5958],[76.2338,23.5972],[76.2758,23.6039],[76.2826,23.625],[76.2977,23.625],[76.2967,23.6128],[76.3398,23.6293],[76.3694,23.6273],[76.3876,23.6096],[76.4347,23.6328],[76.4364,23.6267],[76.4518,23.6218],[76.4609,23.5984],[76.4602,23.594],[76.4579,23.5952],[76.4528,23.6044],[76.4384,23.6056],[76.4461,23.5822],[76.4364,23.5454],[76.4542,23.5443],[76.4835,23.5122],[76.4838,23.5122],[76.5067,23.5116],[76.4868,23.5417],[76.5117,23.5304],[76.5026,23.5668],[76.5265,23.5758],[76.5757,23.5495],[76.5864,23.548],[76.6002,23.5637],[76.6312,23.542],[76.6517,23.5405],[76.6621,23.5321],[76.6537,23.5006],[76.6857,23.4971],[76.6934,23.4859],[76.7601,23.4966],[76.7934,23.4569],[76.8149,23.4679],[76.8092,23.4824],[76.8183,23.487],[76.8429,23.4882],[76.8429,23.4983],[76.8762,23.4977],[76.8886,23.5226],[76.9155,23.5136],[76.9038,23.4948],[76.9209,23.4908],[76.9337,23.4717],[76.9677,23.5061],[77.0286,23.483],[77.0367,23.463],[77.0498,23.4671]]]}},{"type":"Feature","properties":{"district":"Vidisha","district_hi":"विदिशा"},"geometry":{"type":"Polygon","coordinates":[[[77.319,23.8904],[77.317,23.8907],[77.3207,23.9133],[77.3079,23.9165],[77.3096,23.9272],[77.2968,23.9257],[77.3076,23.9318],[77.3093,23.9518],[77.2965,23.9549],[77.3086,23.97],[77.2938,23.9755],[77.3116,23.981],[77.3119,23.9827],[77.3022,23.9879],[77.3039,23.9922],[77.2914,23.9969],[77.3123,24.0073],[77.2965,24.0212],[77.2776,24.0189],[77.2958,24.0379],[77.2598,24.0431],[77.2598,24.068],[77.2975,24.0839],[77.2874,24.1238],[77.3005,24.1267],[77.313,24.1504],[77.3012,24.1675],[77.3459,24.1825],[77.3315,24.2167],[77.353,24.2149],[77.3268,24.2453],[77.3331,24.2543],[77.3214,24.2875],[77.3624,24.3445],[77.3655,24.3488],[77.3695,24.3471],[77.4079,24.3295],[77.3941,24.3063],[77.4075,24.3002],[77.4004,24.2719],[77.4415,24.2389],[77.4466,24.2386],[77.4977,24.2661],[77.5021,24.2531],[77.5546,24.2465],[77.5754,24.269],[77.5953,24.2676],[77.5983,24.2979],[77.6225,24.2962],[77.6485,24.3144],[77.6522,24.3138],[77.7195,24.2994],[77.7551,24.3075],[77.7716,24.3011],[77.7858,24.315],[77.8177,24.2997],[77.8386,24.3127],[77.8938,24.3112],[77.8843,24.2774],[77.9274,24.2676],[77.9429,24.2308],[77.9436,24.2305],[77.9634,24.2465],[78.0149,24.2363],[78.0173,24.282],[78.0206,24.282],[78.0428,24.2814],[78.0573,24.2603],[78.0836,24.2595],[78.0826,24.2583],[78.0735,24.2488],[78.0694,24.2467],[78.0711,24.2462],[78.0725,24.2459],[78.0859,24.2415],[78.09,24.2453],[78.0963,24.245],[78.097,24.2285],[78.0677,24.2438],[78.0597,24.2305],[78.0603,24.23],[78.0657,24.2265],[78.0836,24.2144],[78.1071,24.2086],[78.1095,24.2172],[78.1263,24.2146],[78.1458,24.2019],[78.131,24.1953],[78.129,24.1637],[78.1044,24.1669],[78.0963,24.1559],[78.1186,24.1264],[78.1347,24.1207],[78.1172,24.0463],[78.1021,24.0486],[78.1054,24.0611],[78.092,24.0686],[78.0758,24.046],[78.1152,24.0272],[78.1192,24.0434],[78.133,24.0414],[78.1573,24.0255],[78.1626,24.0105],[78.1835,24.0102],[78.1929,24.0541],[78.2148,24.0703],[78.2784,24.0278],[78.2895,23.9876],[78.2787,23.9711],[78.2865,23.9625],[78.2619,23.9437],[78.2892,23.9254],[78.2949,23.9098],[78.2781,23.8899],[78.2784,23.8638],[78.2596,23.8583],[78.273,23.8433],[78.2949,23.8482],[78.2996,23.828],[78.2885,23.8138],[78.2626,23.8161],[78.2663,23.8086],[78.2861,23.8112],[78.2885,23.7837],[78.2686,23.7872],[78.2767,23.7959],[78.2589,23.7918],[78.2555,23.7788],[78.2693,23.7794],[78.2518,23.7571],[78.2663,23.7487],[78.2508,23.7467],[78.2407,23.7195],[78.2387,23.714],[78.2515,23.7062],[78.2525,23.7057],[78.2528,23.7054],[78.2585,23.7245],[78.2683,23.7259],[78.2649,23.7213],[78.2629,23.7187],[78.2629,23.7184],[78.2841,23.7002],[78.2801,23.6903],[78.2909,23.6756],[78.2925,23.6762],[78.2939,23.6744],[78.2932,23.6727],[78.2902,23.6704],[78.2878,23.6594],[78.2774,23.6094],[78.2431,23.5833],[78.2434,23.5657],[78.2256,23.5611],[78.231,23.5466],[78.2229,23.5281],[78.2061,23.5278],[78.1973,23.5449],[78.1801,23.5246],[78.1354,23.5183],[78.1354,23.518],[78.1354,23.4827],[78.1448,23.4746],[78.1122,23.4726],[78.0846,23.4503],[78.0442,23.4688],[78.0004,23.4671],[77.9887,23.4529],[77.9974,23.4136],[78.0486,23.4023],[78.0577,23.3867],[78.0523,23.3638],[78.0237,23.3447],[78.02,23.3462],[78.0021,23.3641],[77.9584,23.3731],[77.9601,23.4208],[77.9304,23.4211],[77.9136,23.4488],[77.8695,23.4361],[77.8399,23.4419],[77.8288,23.4584],[77.8117,23.4555],[77.7864,23.4873],[77.773,23.485],[77.772,23.5026],[77.7565,23.5076],[77.7642,23.5223],[77.7232,23.5353],[77.7077,23.5645],[77.6771,23.5185],[77.6616,23.5243],[77.6515,23.544],[77.6259,23.5527],[77.6256,23.5261],[77.6474,23.5093],[77.6501,23.4847],[77.6242,23.465],[77.6007,23.4873],[77.569,23.4905],[77.566,23.5052],[77.565,23.5055],[77.5182,23.5073],[77.5169,23.5073],[77.5054,23.524],[77.5054,23.5246],[77.5061,23.5671],[77.5061,23.5686],[77.5314,23.5801],[77.5552,23.5926],[77.5738,23.6478],[77.6299,23.6579],[77.6481,23.712],[77.6481,23.7123],[77.6151,23.7129],[77.6168,23.7247],[77.601,23.7265],[77.6101,23.747],[77.5734,23.767],[77.5411,23.7551],[77.4997,23.7753],[77.4745,23.7566],[77.454,23.7612],[77.4543,23.7719],[77.4341,23.7803],[77.4452,23.7947],[77.4153,23.7996],[77.4072,23.8271],[77.3893,23.8335],[77.4015,23.8474],[77.3836,23.8615],[77.3772,23.8841],[77.3237,23.8899],[77.319,23.8904]]]}},{"type":"Feature","properties":{"district":"Rajgarh","district_hi":"राजगढ़"},"geometry":{"type":"Polygon","coordinates":[[[76.8812,24.1302],[76.8792,24.1305],[76.8779,24.1227],[76.8876,24.1094],[76.8893,24.1071],[76.89,24.1065],[76.9172,24.1019],[76.9714,24.0446],[76.9896,24.0478],[77.0256,24.0831],[77.0771,24.0784],[77.1323,24.0935],[77.1827,24.0793],[77.178,24.0484],[77.1874,24.0296],[77.1763,24.0177],[77.1847,24.0015],[77.1656,23.9471],[77.1858,23.9309],[77.1895,23.8928],[77.2261,23.8902],[77.2245,23.8479],[77.214,23.8401],[77.2238,23.8329],[77.2238,23.8265],[77.2238,23.8182],[77.2238,23.8129],[77.2218,23.808],[77.1965,23.7444],[77.1696,23.6767],[77.1686,23.675],[77.1676,23.6738],[77.1672,23.6741],[77.1612,23.6655],[77.1285,23.6192],[77.1265,23.6166],[77.1437,23.5882],[77.1346,23.5735],[77.1386,23.5478],[77.1185,23.5379],[77.0949,23.4902],[77.0498,23.4671],[77.0367,23.463],[77.0286,23.483],[76.9677,23.5061],[76.9337,23.4717],[76.9209,23.4908],[76.9038,23.4948],[76.9155,23.5136],[76.8886,23.5226],[76.8762,23.4977],[76.8429,23.4983],[76.8429,23.4882],[76.8183,23.487],[76.8092,23.4824],[76.8149,23.4679],[76.7934,23.4569],[76.7601,23.4966],[76.6934,23.4859],[76.6857,23.4971],[76.6537,23.5006],[76.6621,23.5321],[76.6517,23.5405],[76.6312,23.542],[76.6002,23.5637],[76.5864,23.548],[76.5757,23.5495],[76.5265,23.5758],[76.5026,23.5668],[76.5117,23.5304],[76.4868,23.5417],[76.5067,23.5116],[76.4838,23.5122],[76.4835,23.5122],[76.4542,23.5443],[76.4364,23.5454],[76.4461,23.5822],[76.4384,23.6056],[76.4528,23.6044],[76.4579,23.5952],[76.4602,23.594],[76.4609,23.5984],[76.4518,23.6218],[76.4364,23.6267],[76.4347,23.6328],[76.4289,23.6542],[76.4017,23.6767],[76.4121,23.7195],[76.4003,23.7294],[76.396,23.7664],[76.3744,23.7759],[76.3818,23.8101],[76.3566,23.819],[76.3563,23.8491],[76.3287,23.8641],[76.3266,23.8878],[76.2984,23.8977],[76.3145,23.9231],[76.3031,23.961],[76.2556,23.9813],[76.2546,24.0385],[76.2035,24.0379],[76.191,24.0839],[76.1904,24.0874],[76.1914,24.0874],[76.2274,24.0868],[76.2183,24.1036],[76.2378,24.1348],[76.2328,24.1464],[76.2149,24.1501],[76.2126,24.2097],[76.2277,24.2146],[76.2812,24.2068],[76.2873,24.23],[76.3216,24.2453],[76.3576,24.2398],[76.4125,24.2002],[76.4209,24.2086],[76.4165,24.2207],[76.4522,24.2091],[76.4707,24.2259],[76.4804,24.208],[76.505,24.2031],[76.5134,24.1655],[76.5275,24.1571],[76.5767,24.1779],[76.5642,24.1912],[76.5703,24.2091],[76.5948,24.2227],[76.5848,24.2438],[76.6113,24.2384],[76.6164,24.2577],[76.6335,24.2577],[76.6433,24.2693],[76.6665,24.2624],[76.6955,24.2823],[76.7022,24.2415],[76.6759,24.1909],[76.6988,24.1684],[76.7194,24.1588],[76.7261,24.1687],[76.7564,24.1689],[76.8021,24.1166],[76.8698,24.1334],[76.8809,24.1314],[76.8812,24.1302]]]}},{"type":"Feature","properties":{"district":"Shahdol","district_hi":"शहडोल"},"geometry":{"type":"Polygon","coordinates":[[[81.0021,24.081],[81.0105,24.0914],[81.1047,24.1256],[81.134,24.1351],[81.1465,24.1351],[81.1586,24.1342],[81.1855,24.1108],[81.2023,24.1097],[81.2027,24.1097],[81.2249,24.1282],[81.2276,24.1554],[81.2397,24.1635],[81.2817,24.1901],[81.348,24.1877],[81.3524,24.1927],[81.3618,24.2034],[81.375,24.2181],[81.3871,24.2606],[81.3884,24.2655],[81.446,24.2592],[81.4577,24.2673],[81.4561,24.2817],[81.4561,24.282],[81.4564,24.2812],[81.4709,24.2531],[81.482,24.2314],[81.4836,24.1979],[81.4698,24.1744],[81.4998,24.1635],[81.4853,24.1461],[81.5092,24.1137],[81.5096,24.0816],[81.5217,24.0755],[81.5439,24.0848],[81.5583,24.0738],[81.559,24.0735],[81.5351,24.0666],[81.5156,24.0411],[81.4836,24.0356],[81.5136,24.02],[81.5025,23.9977],[81.5075,23.9818],[81.5382,23.9815],[81.5567,23.9575],[81.5388,23.9416],[81.5439,23.913],[81.5684,23.9121],[81.6038,23.885],[81.6038,23.8847],[81.6216,23.8708],[81.6038,23.8598],[81.6112,23.8369],[81.6354,23.8346],[81.6458,23.8121],[81.6512,23.7999],[81.6445,23.7701],[81.6818,23.7534],[81.6785,23.7395],[81.696,23.7213],[81.6842,23.6909],[81.6556,23.6819],[81.6553,23.6631],[81.6145,23.6629],[81.6119,23.5952],[81.5896,23.596],[81.5765,23.5853],[81.5839,23.5535],[81.6102,23.555],[81.6115,23.5125],[81.627,23.4821],[81.6442,23.4818],[81.6623,23.5139],[81.659,23.529],[81.6997,23.522],[81.7468,23.5694],[81.7582,23.5498],[81.809,23.5492],[81.8208,23.5154],[81.8363,23.511],[81.8757,23.5128],[81.9164,23.5339],[81.9208,23.5333],[81.9268,23.5278],[81.9578,23.5003],[81.9551,23.4671],[81.9803,23.4471],[81.9766,23.424],[81.9854,23.4144],[81.9854,23.4147],[81.9857,23.4141],[81.9716,23.3737],[81.9373,23.3774],[81.9359,23.3418],[81.9204,23.339],[81.9137,23.3008],[81.9124,23.3005],[81.877,23.2967],[81.8639,23.3126],[81.806,23.3199],[81.8124,23.2941],[81.84,23.2961],[81.841,23.2791],[81.8696,23.2724],[81.8794,23.2461],[81.8582,23.2461],[81.8471,23.2588],[81.7868,23.2565],[81.7646,23.2403],[81.7569,23.2146],[81.7192,23.2022],[81.6681,23.2085],[81.6495,23.1941],[81.6125,23.1987],[81.6331,23.2305],[81.6011,23.2241],[81.5789,23.1409],[81.5634,23.1429],[81.5658,23.1325],[81.5371,23.1131],[81.5876,23.0772],[81.6058,23.0419],[81.5583,23.0243],[81.5459,23.0289],[81.5493,23.0428],[81.5264,23.0506],[81.5395,23.0631],[81.557,23.0581],[81.5368,23.0772],[81.517,23.0821],[81.4379,23.0573],[81.3955,23.061],[81.3743,23.0868],[81.3191,23.1035],[81.3282,23.1478],[81.305,23.1498],[81.2992,23.1782],[81.2669,23.1865],[81.2511,23.2123],[81.2525,23.2114],[81.2568,23.2126],[81.2656,23.221],[81.2841,23.2201],[81.2989,23.2464],[81.3013,23.2507],[81.3029,23.2536],[81.3181,23.2516],[81.3191,23.2516],[81.3241,23.2924],[81.3403,23.3051],[81.3531,23.3546],[81.3322,23.3705],[81.3406,23.3835],[81.3275,23.4005],[81.3369,23.4092],[81.308,23.4231],[81.3147,23.4306],[81.3013,23.448],[81.2925,23.4942],[81.2979,23.5593],[81.2491,23.5813],[81.241,23.6611],[81.2272,23.679],[81.2454,23.6961],[81.2478,23.723],[81.2387,23.7366],[81.2134,23.7447],[81.1791,23.797],[81.1882,23.8196],[81.2313,23.8222],[81.2636,23.8315],[81.2683,23.8419],[81.2578,23.8543],[81.2229,23.8549],[81.2043,23.8841],[81.1687,23.8824],[81.1609,23.8988],[81.1764,23.915],[81.1337,23.9324],[81.1286,23.9708],[81.0697,23.9656],[81.0583,24.0032],[81.0018,24.0729],[80.9987,24.0767],[81.0021,24.081]]]}},{"type":"Feature","properties":{"district":"Katni","district_hi":"कटनी"},"geometry":{"type":"Polygon","coordinates":[[[80.3594,23.9691],[80.3903,23.9674],[80.4186,23.9847],[80.4687,23.9911],[80.5132,24.0125],[80.5317,24.0284],[80.5155,24.0492],[80.5374,24.0706],[80.5545,24.0489],[80.5438,24.0452],[80.5434,24.0313],[80.6266,24.0755],[80.6484,24.044],[80.6367,24.0851],[80.6572,24.0917],[80.6831,24.0738],[80.6733,24.105],[80.7373,24.1314],[80.745,24.1169],[80.739,24.1059],[80.6959,24.0839],[80.7124,24.0648],[80.7238,24.0651],[80.7228,24.0776],[80.7568,24.0602],[80.7756,24.0689],[80.8029,24.0608],[80.7901,24.0492],[80.8012,24.0371],[80.7743,24.0391],[80.7541,24.0258],[80.7696,24.0053],[80.7645,23.9922],[80.7652,23.992],[80.8069,23.97],[80.8073,23.9697],[80.8073,23.97],[80.8015,23.9882],[80.811,23.9951],[80.8116,23.9957],[80.7968,24.0064],[80.7995,24.0163],[80.8197,24.0284],[80.8365,24.0232],[80.8695,24.0784],[80.8931,24.0631],[80.9032,24.0706],[80.9573,24.0648],[80.9261,24.0585],[80.9298,24.0521],[80.9311,24.0501],[80.9318,24.0492],[80.9045,24.042],[80.9065,24.0177],[80.8756,23.9868],[80.8749,23.9619],[80.8466,23.9662],[80.8365,23.9497],[80.8476,23.9333],[80.8453,23.9061],[80.8762,23.9061],[80.8823,23.8974],[80.8628,23.8766],[80.9005,23.8615],[80.8934,23.8404],[80.9176,23.7901],[80.916,23.7693],[80.8921,23.7687],[80.9086,23.7048],[80.9052,23.6779],[80.8227,23.6701],[80.8079,23.6822],[80.7713,23.6721],[80.7598,23.7155],[80.7342,23.7259],[80.7151,23.7594],[80.7107,23.7354],[80.6908,23.7325],[80.6817,23.7138],[80.6723,23.6923],[80.6747,23.6814],[80.676,23.6736],[80.6764,23.6724],[80.6454,23.6501],[80.6552,23.6354],[80.6548,23.6351],[80.6552,23.6351],[80.6249,23.6137],[80.6242,23.5932],[80.6023,23.5897],[80.5983,23.5752],[80.5616,23.5671],[80.5603,23.5515],[80.5485,23.5449],[80.5559,23.5304],[80.5418,23.4937],[80.5663,23.4671],[80.5586,23.437],[80.5387,23.4353],[80.5286,23.411],[80.5438,23.3936],[80.5236,23.3789],[80.4846,23.3925],[80.4822,23.3739],[80.4677,23.3699],[80.4583,23.3442],[80.4102,23.341],[80.3947,23.3514],[80.3907,23.3387],[80.3641,23.3288],[80.3671,23.3051],[80.3264,23.3054],[80.3281,23.3147],[80.2968,23.3387],[80.2917,23.3841],[80.3173,23.4098],[80.2988,23.4225],[80.2964,23.441],[80.2732,23.4364],[80.2547,23.4503],[80.2665,23.4561],[80.2682,23.4804],[80.2002,23.4864],[80.1901,23.5078],[80.2002,23.5162],[80.1938,23.5356],[80.212,23.5339],[80.211,23.5235],[80.2275,23.5307],[80.2376,23.5515],[80.2201,23.5599],[80.2332,23.5573],[80.2362,23.5744],[80.209,23.5755],[80.1972,23.5897],[80.1733,23.5637],[80.1585,23.5822],[80.1396,23.5723],[80.14,23.5903],[80.1188,23.5848],[80.0912,23.5934],[80.072,23.5703],[79.998,23.5709],[79.9936,23.5833],[79.9697,23.5735],[79.9694,23.5862],[79.9687,23.6134],[79.9687,23.6143],[79.9293,23.5972],[79.929,23.5995],[79.9286,23.6015],[79.9404,23.6241],[79.9515,23.6224],[79.9434,23.6452],[79.9552,23.6582],[79.9556,23.6588],[79.936,23.6819],[79.8893,23.6828],[79.8671,23.6909],[79.8667,23.7004],[79.8277,23.6952],[79.8361,23.7233],[79.823,23.721],[79.8152,23.7401],[79.8321,23.7574],[79.8321,23.7774],[79.8563,23.7944],[79.856,23.795],[79.8536,23.8083],[79.8687,23.8193],[79.8647,23.8289],[79.9017,23.8213],[79.9397,23.8309],[79.9465,23.8234],[79.9586,23.8378],[79.9515,23.85],[79.9865,23.8945],[79.9919,23.9301],[80.0158,23.9561],[80.0158,23.9766],[80.04,23.9789],[80.0531,23.9917],[80.0844,23.974],[80.1023,23.9798],[80.1188,23.9674],[80.1191,23.9503],[80.1467,23.9376],[80.1649,23.9578],[80.1716,23.9966],[80.1797,24.0041],[80.1817,24.005],[80.2328,23.9821],[80.2406,23.9717],[80.2312,23.9593],[80.2217,23.9787],[80.2143,23.9648],[80.2322,23.946],[80.2685,23.9399],[80.3069,23.9095],[80.3395,23.9084],[80.3291,23.9289],[80.3621,23.9431],[80.3621,23.9448],[80.3611,23.9541],[80.3594,23.9691]]]}},{"type":"Feature","properties":{"district":"Umaria","district_hi":"उमरिया"},"geometry":{"type":"Polygon","coordinates":[[[80.9573,24.0648],[80.961,24.0645],[80.9637,24.0663],[80.9738,24.0683],[81.0028,24.0917],[81.0021,24.081],[80.9987,24.0767],[81.0018,24.0729],[81.0583,24.0032],[81.0697,23.9656],[81.1286,23.9708],[81.1337,23.9324],[81.1764,23.915],[81.1609,23.8988],[81.1687,23.8824],[81.2043,23.8841],[81.2229,23.8549],[81.2578,23.8543],[81.2683,23.8419],[81.2636,23.8315],[81.2313,23.8222],[81.1882,23.8196],[81.1791,23.797],[81.2134,23.7447],[81.2387,23.7366],[81.2478,23.723],[81.2454,23.6961],[81.2272,23.679],[81.241,23.6611],[81.2491,23.5813],[81.2979,23.5593],[81.2925,23.4942],[81.3013,23.448],[81.3147,23.4306],[81.308,23.4231],[81.3369,23.4092],[81.3275,23.4005],[81.3406,23.3835],[81.3322,23.3705],[81.3531,23.3546],[81.3403,23.3051],[81.3241,23.2924],[81.3191,23.2516],[81.3181,23.2516],[81.3029,23.2536],[81.3013,23.2507],[81.2989,23.2464],[81.2841,23.2201],[81.2656,23.221],[81.2568,23.2126],[81.2525,23.2114],[81.2511,23.2123],[81.2282,23.2224],[81.2282,23.223],[81.2323,23.2505],[81.2212,23.2646],[81.1939,23.2915],[81.1821,23.286],[81.1633,23.2999],[81.1774,23.3181],[81.1744,23.3242],[81.1693,23.3285],[81.1579,23.3204],[81.1377,23.3233],[81.1357,23.2377],[81.1354,23.2334],[81.1337,23.2314],[81.1266,23.21],[81.1226,23.2178],[81.1068,23.203],[81.1044,23.2024],[81.0677,23.1944],[81.0522,23.2085],[81.0304,23.2097],[80.9913,23.2374],[80.995,23.2487],[80.9641,23.26],[80.956,23.2794],[80.9358,23.2904],[80.9213,23.2834],[80.9126,23.2586],[80.8648,23.2331],[80.8655,23.2227],[80.8312,23.2308],[80.8332,23.2406],[80.8123,23.249],[80.812,23.2528],[80.8049,23.2519],[80.8019,23.2516],[80.7925,23.2505],[80.7834,23.2346],[80.7699,23.2224],[80.7612,23.225],[80.7467,23.2317],[80.7427,23.2588],[80.7255,23.2603],[80.7178,23.2849],[80.7352,23.295],[80.7241,23.3048],[80.7541,23.3207],[80.7501,23.3297],[80.7618,23.3447],[80.7356,23.3442],[80.7046,23.3716],[80.7019,23.3742],[80.7006,23.3739],[80.5993,23.3488],[80.5761,23.352],[80.5424,23.3537],[80.5559,23.378],[80.5549,23.3791],[80.5465,23.3904],[80.5438,23.3936],[80.5286,23.411],[80.5387,23.4353],[80.5586,23.437],[80.5663,23.4671],[80.5418,23.4937],[80.5559,23.5304],[80.5485,23.5449],[80.5603,23.5515],[80.5616,23.5671],[80.5983,23.5752],[80.6023,23.5897],[80.6242,23.5932],[80.6249,23.6137],[80.6552,23.6351],[80.6548,23.6351],[80.6552,23.6354],[80.6454,23.6501],[80.6764,23.6724],[80.676,23.6736],[80.6747,23.6814],[80.6723,23.6923],[80.6817,23.7138],[80.6908,23.7325],[80.7107,23.7354],[80.7151,23.7594],[80.7342,23.7259],[80.7598,23.7155],[80.7713,23.6721],[80.8079,23.6822],[80.8227,23.6701],[80.9052,23.6779],[80.9086,23.7048],[80.8921,23.7687],[80.916,23.7693],[80.9176,23.7901],[80.8934,23.8404],[80.9005,23.8615],[80.8628,23.8766],[80.8823,23.8974],[80.8762,23.9061],[80.8453,23.9061],[80.8476,23.9333],[80.8365,23.9497],[80.8466,23.9662],[80.8749,23.9619],[80.8756,23.9868],[80.9065,24.0177],[80.9045,24.042],[80.9318,24.0492],[80.9311,24.0501],[80.9298,24.0521],[80.9261,24.0585],[80.9573,24.0648]]]}},{"type":"Feature","properties":{"district":"Ratlam","district_hi":"रतलाम"},"geometry":{"type":"Polygon","coordinates":[[[74.9406,23.7646],[74.9476,23.7652],[74.9483,23.7652],[74.9486,23.7655],[74.9675,23.7988],[74.9958,23.7976],[75.0176,23.8135],[75.0267,23.7834],[75.0395,23.7829],[75.058,23.7962],[75.0479,23.8138],[75.0526,23.826],[75.0933,23.8167],[75.1014,23.8291],[75.1156,23.8291],[75.1206,23.8505],[75.1324,23.8309],[75.2,23.8294],[75.2172,23.8581],[75.2354,23.8633],[75.2421,23.856],[75.2559,23.8228],[75.2703,23.8228],[75.2744,23.8427],[75.2926,23.8523],[75.3346,23.8407],[75.3292,23.8054],[75.3417,23.8034],[75.3447,23.8028],[75.375,23.8699],[75.414,23.8858],[75.4228,23.8974],[75.4443,23.9101],[75.4571,23.9119],[75.4585,23.9182],[75.4601,23.9191],[75.4628,23.9176],[75.4622,23.9145],[75.4723,23.9119],[75.4998,23.8954],[75.5052,23.8878],[75.5645,23.8563],[75.5796,23.8349],[75.5618,23.8323],[75.5591,23.8184],[75.5665,23.8095],[75.589,23.8095],[75.5836,23.7947],[75.6543,23.7982],[75.6597,23.7843],[75.6755,23.782],[75.69,23.747],[75.6903,23.7161],[75.6671,23.7062],[75.6445,23.7103],[75.6419,23.697],[75.627,23.695],[75.6213,23.66],[75.5826,23.6539],[75.5594,23.6556],[75.5564,23.666],[75.5221,23.6657],[75.5035,23.6183],[75.5133,23.5839],[75.4985,23.5585],[75.5244,23.5394],[75.5062,23.5258],[75.4712,23.5313],[75.4615,23.548],[75.4457,23.5454],[75.4416,23.5625],[75.4053,23.5772],[75.3982,23.5995],[75.3975,23.6015],[75.3959,23.6013],[75.3336,23.5926],[75.3333,23.6186],[75.3346,23.6195],[75.343,23.625],[75.3447,23.6261],[75.342,23.6255],[75.3144,23.6218],[75.3127,23.6027],[75.2804,23.5897],[75.2744,23.5405],[75.2441,23.5327],[75.2397,23.5157],[75.1987,23.5359],[75.1886,23.5261],[75.1872,23.5049],[75.1778,23.5049],[75.1711,23.483],[75.1748,23.4541],[75.1559,23.4361],[75.1569,23.417],[75.1357,23.411],[75.1347,23.4011],[75.164,23.3991],[75.1916,23.3687],[75.1923,23.3554],[75.2054,23.3482],[75.1943,23.3271],[75.2165,23.3251],[75.2323,23.3089],[75.2589,23.3126],[75.2599,23.295],[75.3259,23.2924],[75.3212,23.2759],[75.2606,23.2681],[75.2623,23.2453],[75.2804,23.2374],[75.2838,23.216],[75.2404,23.2253],[75.2394,23.2137],[75.2263,23.2077],[75.2256,23.2074],[75.2404,23.1356],[75.2421,23.1354],[75.2421,23.1351],[75.238,23.0856],[75.1095,23.1151],[75.0806,23.1047],[75.0065,23.1093],[74.9904,23.1209],[74.9921,23.1426],[74.9241,23.162],[74.8908,23.1377],[74.8898,23.138],[74.8894,23.1374],[74.8278,23.1394],[74.8164,23.1342],[74.8043,23.1403],[74.7891,23.1478],[74.7807,23.1521],[74.7824,23.1542],[74.7935,23.1646],[74.7989,23.1701],[74.7854,23.175],[74.7673,23.1805],[74.7683,23.1813],[74.7854,23.2022],[74.7784,23.2195],[74.7875,23.2438],[74.7831,23.2432],[74.7387,23.2343],[74.7377,23.2337],[74.7366,23.2331],[74.7336,23.221],[74.7329,23.2175],[74.702,23.2146],[74.6916,23.2256],[74.7151,23.2369],[74.6996,23.2684],[74.6767,23.2739],[74.6387,23.2554],[74.6094,23.2823],[74.5852,23.2768],[74.5744,23.2953],[74.5465,23.2771],[74.53,23.3207],[74.5145,23.3161],[74.5142,23.3283],[74.5398,23.3346],[74.5398,23.3618],[74.5576,23.3618],[74.5687,23.3763],[74.5724,23.4205],[74.5994,23.4289],[74.6101,23.4517],[74.6041,23.4575],[74.6323,23.4616],[74.633,23.4697],[74.6518,23.4624],[74.6781,23.4847],[74.6811,23.4873],[74.6996,23.5032],[74.701,23.5044],[74.7016,23.5041],[74.7272,23.4954],[74.7333,23.5217],[74.7619,23.5211],[74.7723,23.5428],[74.773,23.544],[74.7942,23.5509],[74.8029,23.5324],[74.8474,23.5521],[74.9029,23.6247],[74.915,23.618],[74.9365,23.6284],[74.9217,23.6663],[74.9012,23.6831],[74.8999,23.6843],[74.9217,23.6947],[74.92,23.7192],[74.9362,23.7297],[74.9244,23.7563],[74.9406,23.7646]]]}},{"type":"Feature","properties":{"district":"Bhopal","district_hi":"भोपाल"},"geometry":{"type":"Polygon","coordinates":[[[77.2261,23.8902],[77.2783,23.8864],[77.2941,23.8951],[77.2961,23.8942],[77.318,23.8844],[77.3187,23.8844],[77.3187,23.885],[77.319,23.8904],[77.3237,23.8899],[77.3772,23.8841],[77.3836,23.8615],[77.4015,23.8474],[77.3893,23.8335],[77.4072,23.8271],[77.4153,23.7996],[77.4452,23.7947],[77.4341,23.7803],[77.4543,23.7719],[77.454,23.7612],[77.4745,23.7566],[77.4997,23.7753],[77.5411,23.7551],[77.5734,23.767],[77.6101,23.747],[77.601,23.7265],[77.6168,23.7247],[77.6151,23.7129],[77.6481,23.7123],[77.6481,23.712],[77.6299,23.6579],[77.5738,23.6478],[77.5552,23.5926],[77.5314,23.5801],[77.5061,23.5686],[77.5061,23.5671],[77.5054,23.5246],[77.5054,23.524],[77.5169,23.5073],[77.5165,23.5073],[77.5011,23.4833],[77.4893,23.4165],[77.5112,23.402],[77.5172,23.4147],[77.5549,23.4156],[77.5596,23.4017],[77.5482,23.3942],[77.5472,23.3786],[77.5808,23.3569],[77.5808,23.3413],[77.6269,23.3395],[77.6192,23.3291],[77.6259,23.3149],[77.6054,23.3095],[77.5859,23.2878],[77.595,23.2247],[77.5731,23.1961],[77.5775,23.1834],[77.5583,23.175],[77.5613,23.1377],[77.5377,23.1345],[77.5347,23.1189],[77.5149,23.1206],[77.5014,23.0998],[77.5004,23.0995],[77.4778,23.096],[77.4728,23.0995],[77.4651,23.0943],[77.4021,23.0847],[77.3796,23.0726],[77.3217,23.0853],[77.3214,23.1007],[77.2712,23.094],[77.2716,23.1244],[77.247,23.1342],[77.2477,23.1498],[77.2218,23.1747],[77.2282,23.1877],[77.2033,23.1923],[77.214,23.2051],[77.2093,23.2198],[77.1837,23.2123],[77.1827,23.2137],[77.178,23.2233],[77.2063,23.2481],[77.2033,23.2652],[77.2147,23.2854],[77.1696,23.3022],[77.1767,23.3497],[77.1932,23.3525],[77.2056,23.3184],[77.2177,23.3204],[77.2245,23.3554],[77.2534,23.3774],[77.2275,23.3907],[77.2335,23.4037],[77.2685,23.3997],[77.2881,23.4263],[77.2833,23.4413],[77.2981,23.4679],[77.284,23.4711],[77.2837,23.4873],[77.2978,23.5018],[77.2823,23.5535],[77.2958,23.5741],[77.2736,23.5813],[77.2776,23.5998],[77.2234,23.6215],[77.2228,23.6221],[77.2258,23.6533],[77.2056,23.6605],[77.2002,23.6484],[77.1858,23.6672],[77.1824,23.6652],[77.1736,23.66],[77.1676,23.6738],[77.1686,23.675],[77.1696,23.6767],[77.1965,23.7444],[77.2218,23.808],[77.2238,23.8129],[77.2238,23.8182],[77.2238,23.8265],[77.2238,23.8329],[77.214,23.8401],[77.2245,23.8479],[77.2261,23.8902]]]}},{"type":"Feature","properties":{"district":"Ujjain","district_hi":"उज्जैन"},"geometry":{"type":"Polygon","coordinates":[[[76.1544,23.5694],[76.1638,23.5723],[76.1789,23.5561],[76.1581,23.5209],[76.1574,23.52],[76.1604,23.507],[76.1994,23.5009],[76.2163,23.5321],[76.2526,23.5159],[76.2523,23.5151],[76.2462,23.4969],[76.2122,23.4893],[76.2079,23.4856],[76.1971,23.4653],[76.2149,23.4526],[76.2008,23.4277],[76.2045,23.415],[76.2136,23.417],[76.2129,23.3846],[76.2459,23.3927],[76.2523,23.3517],[76.2274,23.3378],[76.2149,23.3508],[76.2055,23.343],[76.182,23.2693],[76.1594,23.2733],[76.1581,23.2837],[76.1332,23.2814],[76.1207,23.2435],[76.082,23.2424],[76.0753,23.2288],[76.0877,23.225],[76.0844,23.2131],[76.0598,23.2186],[76.0561,23.2071],[76.0891,23.199],[76.0938,23.1978],[76.0951,23.2013],[76.1264,23.2129],[76.1305,23.2137],[76.1325,23.203],[76.149,23.1996],[76.1412,23.181],[76.0834,23.1666],[76.0746,23.1837],[76.0601,23.186],[76.0571,23.1469],[76.0699,23.1452],[76.0706,23.1273],[76.0904,23.1241],[76.116,23.0847],[76.1103,23.0506],[76.083,23.048],[76.0807,23.0668],[76.0608,23.0766],[76.0659,23.1027],[76.041,23.1409],[76.041,23.1816],[76.0231,23.1906],[76.0029,23.2374],[75.9703,23.2392],[75.9716,23.2629],[75.9938,23.264],[75.9753,23.3028],[75.9642,23.3008],[75.9609,23.3216],[75.9467,23.3196],[75.9262,23.2742],[75.9323,23.2224],[75.9498,23.2259],[75.9538,23.2166],[75.9538,23.2134],[75.9481,23.1614],[75.9464,23.1562],[75.9296,23.1443],[75.9326,23.1319],[75.9592,23.1252],[75.9578,23.1035],[75.9797,23.103],[75.9918,23.0726],[75.9821,23.0709],[75.9797,23.0388],[75.9642,23.0234],[75.9077,23.0275],[75.8976,23.0035],[75.8969,23.0017],[75.8744,23.0391],[75.8421,23.0289],[75.8135,23.0399],[75.7781,23.0278],[75.7364,23.0333],[75.73,23.024],[75.7273,23.015],[75.724,23.0148],[75.7226,23.0148],[75.6718,23.0142],[75.6493,23.0257],[75.6355,23.02],[75.6462,23.0067],[75.6324,23.007],[75.6274,23.0474],[75.6163,23.0526],[75.6297,23.0657],[75.6277,23.0819],[75.6264,23.0824],[75.5661,23.0859],[75.5651,23.0651],[75.5456,23.0625],[75.5335,23.0353],[75.518,23.0402],[75.5022,23.0015],[75.4995,23.0017],[75.4955,23.0023],[75.4877,23.0035],[75.4844,23.0179],[75.4605,23.0067],[75.4736,23.0026],[75.4736,22.9861],[75.4928,22.9847],[75.4928,22.9844],[75.4864,22.9679],[75.4635,22.9694],[75.4558,22.9419],[75.476,22.9393],[75.4756,22.9263],[75.4595,22.926],[75.4389,22.9072],[75.441,22.867],[75.3716,22.8684],[75.3706,22.8467],[75.3461,22.8326],[75.3343,22.836],[75.3333,22.8372],[75.3265,22.9144],[75.3067,22.9323],[75.306,22.9558],[75.3252,22.9569],[75.3262,22.9864],[75.3003,22.9945],[75.307,23.0298],[75.335,23.0393],[75.3356,23.0587],[75.3471,23.0691],[75.3245,23.0688],[75.3202,23.1082],[75.2969,23.1096],[75.3006,23.127],[75.2421,23.1354],[75.2404,23.1356],[75.2256,23.2074],[75.2263,23.2077],[75.2394,23.2137],[75.2404,23.2253],[75.2838,23.216],[75.2804,23.2374],[75.2623,23.2453],[75.2606,23.2681],[75.3212,23.2759],[75.3259,23.2924],[75.2599,23.295],[75.2589,23.3126],[75.2323,23.3089],[75.2165,23.3251],[75.1943,23.3271],[75.2054,23.3482],[75.1923,23.3554],[75.1916,23.3687],[75.164,23.3991],[75.1347,23.4011],[75.1357,23.411],[75.1569,23.417],[75.1559,23.4361],[75.1748,23.4541],[75.1711,23.483],[75.1778,23.5049],[75.1872,23.5049],[75.1886,23.5261],[75.1987,23.5359],[75.2397,23.5157],[75.2441,23.5327],[75.2744,23.5405],[75.2804,23.5897],[75.3127,23.6027],[75.3144,23.6218],[75.342,23.6255],[75.3447,23.6261],[75.343,23.625],[75.3346,23.6195],[75.3333,23.6186],[75.3336,23.5926],[75.3959,23.6013],[75.3975,23.6015],[75.3982,23.5995],[75.4053,23.5772],[75.4416,23.5625],[75.4457,23.5454],[75.4615,23.548],[75.4712,23.5313],[75.5062,23.5258],[75.5244,23.5394],[75.4985,23.5585],[75.5133,23.5839],[75.5035,23.6183],[75.5221,23.6657],[75.5564,23.666],[75.5594,23.6556],[75.5826,23.6539],[75.6213,23.66],[75.627,23.695],[75.6419,23.697],[75.6445,23.7103],[75.6671,23.7062],[75.6903,23.7161],[75.69,23.747],[75.69,23.7473],[75.729,23.7571],[75.7542,23.7227],[75.7859,23.723],[75.7919,23.7083],[75.8226,23.6973],[75.8286,23.7314],[75.8454,23.7328],[75.8535,23.7138],[75.8468,23.6877],[75.8121,23.6602],[75.8353,23.6253],[75.8374,23.5888],[75.8565,23.5674],[75.8811,23.5582],[75.9127,23.57],[75.9275,23.5541],[75.9457,23.5527],[75.9541,23.553],[75.9545,23.568],[75.9787,23.5637],[75.9996,23.5735],[76.0063,23.5579],[76.0258,23.5576],[76.0268,23.5668],[76.0672,23.5585],[76.0958,23.5732],[76.1167,23.5414],[76.1392,23.5648],[76.1544,23.5694]]]}},{"type":"Feature","properties":{"district":"Raisen","district_hi":"रायसेन"},"geometry":{"type":"Polygon","coordinates":[[[78.2925,23.6762],[78.3107,23.6863],[78.3228,23.6929],[78.34,23.6776],[78.339,23.6594],[78.342,23.6582],[78.3642,23.6487],[78.376,23.6568],[78.3975,23.6325],[78.4197,23.6504],[78.4197,23.6507],[78.4066,23.6539],[78.3969,23.677],[78.4322,23.6733],[78.4086,23.6863],[78.4069,23.701],[78.4285,23.719],[78.4295,23.7195],[78.4258,23.721],[78.4002,23.7302],[78.3999,23.7302],[78.3999,23.7299],[78.3989,23.7149],[78.3814,23.7143],[78.3817,23.7002],[78.3928,23.6973],[78.3864,23.6886],[78.3797,23.6941],[78.3585,23.6718],[78.3437,23.6779],[78.3585,23.6918],[78.3534,23.7042],[78.3679,23.7279],[78.4298,23.7441],[78.447,23.6915],[78.4702,23.6773],[78.4675,23.6438],[78.4742,23.6495],[78.4854,23.6362],[78.5153,23.6579],[78.5066,23.6362],[78.5156,23.6085],[78.4988,23.5848],[78.5035,23.531],[78.5166,23.5371],[78.5197,23.5532],[78.5352,23.5504],[78.5368,23.5637],[78.5678,23.5677],[78.5776,23.5515],[78.6408,23.546],[78.6502,23.5634],[78.6805,23.5608],[78.7021,23.577],[78.7367,23.5784],[78.7394,23.5683],[78.7381,23.5318],[78.7377,23.5313],[78.7192,23.5356],[78.7152,23.518],[78.7011,23.5171],[78.6967,23.5012],[78.6775,23.4934],[78.6634,23.4471],[78.6287,23.4512],[78.6011,23.424],[78.6253,23.4167],[78.6314,23.3615],[78.6644,23.332],[78.7088,23.3537],[78.7081,23.3612],[78.7337,23.3392],[78.7478,23.3095],[78.7586,23.3103],[78.7731,23.2935],[78.7633,23.2843],[78.7606,23.2476],[78.7606,23.2473],[78.7616,23.2476],[78.7916,23.2438],[78.8064,23.2369],[78.8094,23.2357],[78.8114,23.2293],[78.8161,23.2221],[78.8151,23.2184],[78.7882,23.1174],[78.8064,23.1087],[78.8064,23.1082],[78.8044,23.0998],[78.8013,23.0983],[78.7441,23.0697],[78.7435,23.0694],[78.7485,23.0605],[78.7317,23.0443],[78.731,23.0443],[78.6704,23.0373],[78.6482,23.022],[78.6479,23.0223],[78.6223,23.0304],[78.5947,23.0113],[78.557,23.0174],[78.4702,23.0049],[78.447,22.9827],[78.4463,22.9856],[78.4029,22.9656],[78.3972,22.9621],[78.3545,22.9205],[78.3208,22.9164],[78.2801,22.8678],[78.2592,22.8759],[78.2377,22.8673],[78.2165,22.893],[78.1949,22.8907],[78.1832,22.8713],[78.128,22.8372],[78.125,22.7996],[78.1108,22.7906],[78.1095,22.7898],[78.063,22.8132],[78.0297,22.8013],[78.0287,22.8022],[78.028,22.8019],[78.0284,22.8025],[78.0321,22.8216],[78.0213,22.8331],[78.0314,22.8418],[78.0092,22.8612],[78.019,22.8823],[78.0311,22.8855],[78.0348,22.9121],[78.0055,22.93],[77.9789,22.9112],[77.9594,22.9124],[77.9668,22.9219],[77.9611,22.9685],[77.8547,22.9488],[77.7891,22.9069],[77.7669,22.9133],[77.7235,22.8999],[77.6902,22.8843],[77.6838,22.8699],[77.6895,22.8522],[77.7053,22.8467],[77.6801,22.8528],[77.6394,22.8389],[77.639,22.8389],[77.5647,22.8846],[77.5418,22.8569],[77.5364,22.8774],[77.5239,22.8803],[77.5303,22.9034],[77.4943,22.8921],[77.4634,22.9187],[77.4361,22.9092],[77.4452,22.9202],[77.4358,22.9303],[77.4412,22.9451],[77.4311,22.9508],[77.4378,22.9572],[77.4203,22.9688],[77.4062,22.9607],[77.39,22.9948],[77.3389,23.0388],[77.3796,23.0726],[77.4021,23.0847],[77.4651,23.0943],[77.4728,23.0995],[77.4778,23.096],[77.5004,23.0995],[77.5014,23.0998],[77.5149,23.1206],[77.5347,23.1189],[77.5377,23.1345],[77.5613,23.1377],[77.5583,23.175],[77.5775,23.1834],[77.5731,23.1961],[77.595,23.2247],[77.5859,23.2878],[77.6054,23.3095],[77.6259,23.3149],[77.6192,23.3291],[77.6269,23.3395],[77.5808,23.3413],[77.5808,23.3569],[77.5472,23.3786],[77.5482,23.3942],[77.5596,23.4017],[77.5549,23.4156],[77.5172,23.4147],[77.5112,23.402],[77.4893,23.4165],[77.5011,23.4833],[77.5165,23.5073],[77.5169,23.5073],[77.5182,23.5073],[77.565,23.5055],[77.566,23.5052],[77.569,23.4905],[77.6007,23.4873],[77.6242,23.465],[77.6501,23.4847],[77.6474,23.5093],[77.6256,23.5261],[77.6259,23.5527],[77.6515,23.544],[77.6616,23.5243],[77.6771,23.5185],[77.7077,23.5645],[77.7232,23.5353],[77.7642,23.5223],[77.7565,23.5076],[77.772,23.5026],[77.773,23.485],[77.7864,23.4873],[77.8117,23.4555],[77.8288,23.4584],[77.8399,23.4419],[77.8695,23.4361],[77.9136,23.4488],[77.9304,23.4211],[77.9601,23.4208],[77.9584,23.3731],[78.0021,23.3641],[78.02,23.3462],[78.0237,23.3447],[78.0523,23.3638],[78.0577,23.3867],[78.0486,23.4023],[77.9974,23.4136],[77.9887,23.4529],[78.0004,23.4671],[78.0442,23.4688],[78.0846,23.4503],[78.1122,23.4726],[78.1448,23.4746],[78.1354,23.4827],[78.1354,23.518],[78.1354,23.5183],[78.1801,23.5246],[78.1973,23.5449],[78.2061,23.5278],[78.2229,23.5281],[78.231,23.5466],[78.2256,23.5611],[78.2434,23.5657],[78.2431,23.5833],[78.2774,23.6094],[78.2878,23.6594],[78.2902,23.6704],[78.2932,23.6727],[78.2939,23.6744],[78.2925,23.6762]]]}},{"type":"Feature","properties":{"district":"Sehore","district_hi":"सीहोर"},"geometry":{"type":"Polygon","coordinates":[[[77.2211,22.5691],[77.2184,22.5668],[77.1757,22.576],[77.1656,22.5781],[77.1605,22.5792],[77.1299,22.5555],[77.1228,22.5633],[77.1326,22.5769],[77.1269,22.5974],[77.0872,22.6194],[77.0905,22.6507],[77.0693,22.6579],[77.0555,22.6784],[77.0448,22.6651],[77.0313,22.6857],[77.0451,22.6992],[77.0397,22.7235],[77.0215,22.7296],[77.0172,22.7464],[77.0293,22.7707],[77.0057,22.8143],[77.004,22.8788],[76.9677,22.8592],[76.9579,22.8687],[76.9522,22.8615],[76.9536,22.8757],[76.9445,22.8621],[76.9344,22.8731],[76.9287,22.8676],[76.9364,22.8609],[76.928,22.8647],[76.9317,22.8534],[76.927,22.86],[76.9192,22.8412],[76.9293,22.8222],[76.9105,22.8297],[76.9213,22.8308],[76.9142,22.8404],[76.925,22.8644],[76.9075,22.8592],[76.9169,22.8745],[76.9065,22.8707],[76.9031,22.8878],[76.8869,22.8759],[76.8836,22.8907],[76.8775,22.8788],[76.8849,22.8681],[76.8768,22.8638],[76.8684,22.884],[76.8681,22.8641],[76.8567,22.8768],[76.854,22.8612],[76.8388,22.8719],[76.8338,22.8557],[76.8307,22.8641],[76.8156,22.8609],[76.8183,22.8522],[76.8045,22.8499],[76.7957,22.8314],[76.7661,22.8198],[76.7769,22.8158],[76.7621,22.8141],[76.7533,22.8245],[76.7204,22.8123],[76.7328,22.8201],[76.7035,22.8196],[76.6968,22.8164],[76.7106,22.7927],[76.6871,22.7938],[76.6837,22.7817],[76.6615,22.7811],[76.6463,22.8048],[76.6164,22.7889],[76.6282,22.7828],[76.5942,22.7779],[76.5938,22.7776],[76.5908,22.775],[76.574,22.7614],[76.5757,22.7715],[76.5632,22.7796],[76.5629,22.7794],[76.5588,22.7762],[76.5572,22.775],[76.5666,22.7848],[76.5521,22.7846],[76.5491,22.7979],[76.5259,22.7987],[76.5353,22.8421],[76.5289,22.8589],[76.5016,22.8762],[76.5006,22.8887],[76.4676,22.8999],[76.4552,22.9222],[76.4646,22.9668],[76.4303,22.9838],[76.4697,23.0012],[76.4643,23.0234],[76.4538,23.0272],[76.4676,23.0665],[76.4673,23.0758],[76.4532,23.0778],[76.4562,23.0917],[76.5212,23.0743],[76.5249,23.09],[76.4969,23.0983],[76.5037,23.1131],[76.5269,23.1128],[76.5279,23.1128],[76.5282,23.1134],[76.5417,23.1304],[76.542,23.1307],[76.5885,23.114],[76.5989,23.1206],[76.6134,23.1368],[76.6282,23.1388],[76.6302,23.1975],[76.647,23.2001],[76.6551,23.1871],[76.6854,23.1941],[76.6982,23.1576],[76.7227,23.1582],[76.7315,23.1423],[76.7429,23.1414],[76.7523,23.157],[76.7466,23.1839],[76.7745,23.1721],[76.7675,23.1568],[76.7887,23.1521],[76.8035,23.1252],[76.826,23.1278],[76.822,23.1148],[76.855,23.1076],[76.8812,23.1212],[76.8957,23.1365],[76.8987,23.1787],[76.8886,23.2053],[76.889,23.2056],[76.8933,23.2085],[76.9021,23.2134],[76.9024,23.2149],[76.9017,23.227],[76.9054,23.2282],[76.9394,23.2363],[76.9876,23.2857],[76.9791,23.3109],[76.9943,23.382],[76.9882,23.3968],[77.0131,23.441],[77.0141,23.4416],[77.0158,23.4451],[77.0498,23.4671],[77.0949,23.4902],[77.1185,23.5379],[77.1386,23.5478],[77.1346,23.5735],[77.1437,23.5882],[77.1265,23.6166],[77.1285,23.6192],[77.1612,23.6655],[77.1672,23.6741],[77.1676,23.6738],[77.1736,23.66],[77.1824,23.6652],[77.1858,23.6672],[77.2002,23.6484],[77.2056,23.6605],[77.2258,23.6533],[77.2228,23.6221],[77.2234,23.6215],[77.2776,23.5998],[77.2736,23.5813],[77.2958,23.5741],[77.2823,23.5535],[77.2978,23.5018],[77.2837,23.4873],[77.284,23.4711],[77.2981,23.4679],[77.2833,23.4413],[77.2881,23.4263],[77.2685,23.3997],[77.2335,23.4037],[77.2275,23.3907],[77.2534,23.3774],[77.2245,23.3554],[77.2177,23.3204],[77.2056,23.3184],[77.1932,23.3525],[77.1767,23.3497],[77.1696,23.3022],[77.2147,23.2854],[77.2033,23.2652],[77.2063,23.2481],[77.178,23.2233],[77.1827,23.2137],[77.1837,23.2123],[77.2093,23.2198],[77.214,23.2051],[77.2033,23.1923],[77.2282,23.1877],[77.2218,23.1747],[77.2477,23.1498],[77.247,23.1342],[77.2716,23.1244],[77.2712,23.094],[77.3214,23.1007],[77.3217,23.0853],[77.3796,23.0726],[77.3389,23.0388],[77.39,22.9948],[77.4062,22.9607],[77.4203,22.9688],[77.4378,22.9572],[77.4311,22.9508],[77.4412,22.9451],[77.4358,22.9303],[77.4452,22.9202],[77.4361,22.9092],[77.4634,22.9187],[77.4943,22.8921],[77.5303,22.9034],[77.5239,22.8803],[77.5364,22.8774],[77.5418,22.8569],[77.5647,22.8846],[77.639,22.8389],[77.6394,22.8389],[77.6801,22.8528],[77.7053,22.8467],[77.6895,22.8522],[77.6838,22.8699],[77.6902,22.8843],[77.7235,22.8999],[77.7669,22.9133],[77.7891,22.9069],[77.8547,22.9488],[77.9611,22.9685],[77.9668,22.9219],[77.9594,22.9124],[77.9789,22.9112],[78.0055,22.93],[78.0348,22.9121],[78.0311,22.8855],[78.019,22.8823],[78.0092,22.8612],[78.0314,22.8418],[78.0213,22.8331],[78.0321,22.8216],[78.0284,22.8025],[78.0021,22.8213],[77.9991,22.8219],[77.9927,22.823],[77.9732,22.8265],[77.9665,22.8233],[77.9372,22.8103],[77.9389,22.7817],[77.9244,22.773],[77.9193,22.7707],[77.9076,22.7802],[77.9092,22.8132],[77.9294,22.8493],[77.9274,22.8502],[77.9227,22.8528],[77.914,22.8574],[77.9116,22.856],[77.8743,22.8291],[77.8618,22.8395],[77.8709,22.8635],[77.8477,22.8725],[77.8473,22.8722],[77.7985,22.8418],[77.7787,22.7906],[77.7413,22.7606],[77.6993,22.7672],[77.6649,22.7319],[77.6236,22.7441],[77.6229,22.7441],[77.5758,22.6758],[77.5337,22.6686],[77.5314,22.6686],[77.531,22.6683],[77.5021,22.644],[77.4657,22.6475],[77.3951,22.607],[77.3658,22.6076],[77.3655,22.6073],[77.3648,22.6073],[77.3321,22.5639],[77.3291,22.5622],[77.2928,22.5653],[77.2756,22.6024],[77.2679,22.6032],[77.2625,22.6035],[77.2588,22.6041],[77.2211,22.5691]]]}},{"type":"Feature","properties":{"district":"Jabalpur","district_hi":"जबलपुर"},"geometry":{"type":"Polygon","coordinates":[[[79.9643,22.8519],[79.9482,22.858],[79.9445,22.8603],[79.9434,22.8598],[79.9068,22.8453],[79.9024,22.8638],[79.9004,22.8632],[79.9,22.8632],[79.8862,22.8603],[79.8724,22.8514],[79.8546,22.8404],[79.8432,22.8331],[79.8186,22.8485],[79.8206,22.8713],[79.7849,22.8467],[79.7648,22.8464],[79.759,22.8603],[79.7812,22.8794],[79.7442,22.8968],[79.7486,22.9208],[79.687,22.9297],[79.6564,22.9234],[79.6285,22.95],[79.6228,22.9679],[79.6433,22.9786],[79.6429,22.9789],[79.615,22.9925],[79.609,23.0197],[79.5908,23.0231],[79.5989,23.0341],[79.5965,23.0596],[79.6083,23.0677],[79.6083,23.0882],[79.6026,23.0833],[79.6002,23.092],[79.6137,23.0905],[79.6076,23.0986],[79.6157,23.1053],[79.5817,23.1119],[79.5713,23.1345],[79.5144,23.1429],[79.4582,23.0983],[79.435,23.1082],[79.4033,23.1001],[79.3818,23.1131],[79.3468,23.1073],[79.3579,23.1304],[79.3522,23.1391],[79.3519,23.1394],[79.3721,23.1631],[79.3734,23.1646],[79.3714,23.1651],[79.371,23.1675],[79.4235,23.1944],[79.4868,23.2496],[79.4881,23.264],[79.5157,23.2684],[79.5322,23.2597],[79.6746,23.3384],[79.7028,23.3615],[79.7035,23.3751],[79.7126,23.3716],[79.7331,23.4092],[79.7244,23.4254],[79.789,23.4462],[79.789,23.4465],[79.7873,23.4598],[79.8021,23.4659],[79.8146,23.4905],[79.8152,23.5128],[79.8472,23.5041],[79.9034,23.5859],[79.9296,23.5952],[79.9293,23.5972],[79.9687,23.6143],[79.9687,23.6134],[79.9694,23.5862],[79.9697,23.5735],[79.9936,23.5833],[79.998,23.5709],[80.072,23.5703],[80.0912,23.5934],[80.1188,23.5848],[80.14,23.5903],[80.1396,23.5723],[80.1585,23.5822],[80.1733,23.5637],[80.1972,23.5897],[80.209,23.5755],[80.2362,23.5744],[80.2332,23.5573],[80.2201,23.5599],[80.2376,23.5515],[80.2275,23.5307],[80.211,23.5235],[80.212,23.5339],[80.1938,23.5356],[80.2002,23.5162],[80.1901,23.5078],[80.2002,23.4864],[80.2682,23.4804],[80.2665,23.4561],[80.2547,23.4503],[80.2732,23.4364],[80.2964,23.441],[80.2988,23.4225],[80.3173,23.4098],[80.2917,23.3841],[80.2968,23.3387],[80.3281,23.3147],[80.3264,23.3054],[80.3671,23.3051],[80.3641,23.3288],[80.3907,23.3387],[80.3947,23.3514],[80.4102,23.341],[80.4583,23.3442],[80.4677,23.3699],[80.4822,23.3739],[80.4846,23.3925],[80.5236,23.3789],[80.5438,23.3936],[80.5465,23.3904],[80.5549,23.3791],[80.5559,23.378],[80.5424,23.3537],[80.5761,23.352],[80.5757,23.3508],[80.5677,23.3164],[80.5825,23.3141],[80.5825,23.2843],[80.5714,23.2817],[80.5683,23.269],[80.5431,23.2707],[80.5434,23.2623],[80.5226,23.2591],[80.5031,23.2024],[80.4782,23.2004],[80.4788,23.1996],[80.5229,23.1542],[80.5522,23.1669],[80.5623,23.1472],[80.5818,23.138],[80.566,23.1247],[80.5421,23.1041],[80.5259,23.1047],[80.5253,23.1047],[80.5263,23.1001],[80.5293,23.0833],[80.5276,23.083],[80.5111,23.0804],[80.5078,23.0824],[80.5118,23.107],[80.4909,23.107],[80.4788,23.1261],[80.4583,23.1249],[80.4593,23.1426],[80.4247,23.142],[80.4055,23.1718],[80.4051,23.1724],[80.3913,23.1712],[80.3927,23.142],[80.3594,23.1394],[80.3294,23.0969],[80.3018,23.0983],[80.2961,23.1255],[80.2763,23.1354],[80.2763,23.1461],[80.248,23.1516],[80.2177,23.1325],[80.1881,23.129],[80.1861,23.1287],[80.1817,23.1108],[80.1888,23.092],[80.2029,23.0865],[80.2042,23.0686],[80.182,23.0628],[80.1864,23.0229],[80.1639,23.0477],[80.142,23.0448],[80.1406,23.0474],[80.1342,23.0593],[80.1342,23.0596],[80.1312,23.0584],[80.111,23.0532],[80.1087,23.0749],[80.1087,23.0758],[80.1083,23.0758],[80.0811,23.0772],[80.0797,23.0659],[80.0367,23.0393],[80.034,23.0388],[79.9939,23.0292],[79.9926,23.0286],[79.9902,23.0139],[80.0054,23.0064],[79.9912,22.9983],[80.0057,22.9795],[79.9515,22.9471],[79.9522,22.9465],[79.9744,22.9173],[79.9643,22.8519]]]}},{"type":"Feature","properties":{"district":"Dewas","district_hi":"देवास"},"geometry":{"type":"Polygon","coordinates":[[[77.1299,22.5555],[77.0784,22.509],[77.0263,22.4933],[76.9199,22.4881],[76.9085,22.4832],[76.8011,22.4317],[76.7934,22.4257],[76.7809,22.3441],[76.7685,22.3163],[76.7422,22.2921],[76.7194,22.3103],[76.6827,22.2967],[76.6551,22.3305],[76.6645,22.3456],[76.6554,22.3606],[76.6224,22.373],[76.6039,22.4054],[76.6033,22.4054],[76.5538,22.3988],[76.4989,22.4118],[76.4983,22.4118],[76.4979,22.4118],[76.4434,22.3829],[76.436,22.3638],[76.4438,22.3427],[76.3997,22.3375],[76.3266,22.2984],[76.2516,22.2897],[76.2116,22.3273],[76.2112,22.3276],[76.2122,22.3299],[76.2146,22.3337],[76.2139,22.3349],[76.2116,22.3395],[76.2038,22.3531],[76.2153,22.3563],[76.2193,22.3565],[76.22,22.3577],[76.2223,22.3632],[76.2348,22.3901],[76.2331,22.3924],[76.2122,22.4179],[76.1012,22.4705],[76.0871,22.5338],[76.0827,22.5373],[76.0857,22.5437],[76.085,22.5468],[76.0891,22.5506],[76.0955,22.5564],[76.1062,22.5662],[76.1062,22.5668],[76.0881,22.5656],[76.0793,22.572],[76.0675,22.581],[76.0618,22.5853],[76.0645,22.5853],[76.0884,22.5862],[76.082,22.6035],[76.114,22.5821],[76.1234,22.5891],[76.1079,22.6001],[76.119,22.6041],[76.1194,22.6041],[76.1271,22.5946],[76.1278,22.6038],[76.1318,22.6041],[76.1328,22.6041],[76.1379,22.6041],[76.1436,22.5888],[76.149,22.6134],[76.1682,22.6035],[76.1517,22.6324],[76.1513,22.6327],[76.1702,22.6278],[76.1873,22.6391],[76.1887,22.64],[76.188,22.6391],[76.1725,22.6212],[76.1894,22.6087],[76.1806,22.5992],[76.1813,22.5989],[76.189,22.6001],[76.1994,22.6252],[76.2321,22.6171],[76.2472,22.6437],[76.2281,22.6512],[76.2297,22.6752],[76.2136,22.6619],[76.1914,22.6608],[76.2038,22.6761],[76.1904,22.6903],[76.1032,22.7016],[76.0803,22.7678],[76.0601,22.8068],[76.0494,22.8065],[76.0544,22.8161],[76.0369,22.8297],[76.0376,22.8412],[76.0231,22.8598],[75.9844,22.8728],[75.9821,22.9109],[75.9652,22.9445],[75.9518,22.9465],[75.9249,22.9803],[75.9154,22.9763],[75.9151,22.9766],[75.9144,22.978],[75.8969,23.0015],[75.8979,23.0032],[75.8976,23.0035],[75.9077,23.0275],[75.9642,23.0234],[75.9797,23.0388],[75.9821,23.0709],[75.9918,23.0726],[75.9797,23.103],[75.9578,23.1035],[75.9592,23.1252],[75.9326,23.1319],[75.9296,23.1443],[75.9464,23.1562],[75.9481,23.1614],[75.9538,23.2134],[75.9538,23.2166],[75.9498,23.2259],[75.9323,23.2224],[75.9262,23.2742],[75.9467,23.3196],[75.9609,23.3216],[75.9642,23.3008],[75.9753,23.3028],[75.9938,23.264],[75.9716,23.2629],[75.9703,23.2392],[76.0029,23.2374],[76.0231,23.1906],[76.041,23.1816],[76.041,23.1409],[76.0659,23.1027],[76.0608,23.0766],[76.0807,23.0668],[76.083,23.048],[76.1103,23.0506],[76.116,23.0847],[76.0904,23.1241],[76.0706,23.1273],[76.0699,23.1452],[76.0571,23.1469],[76.0601,23.186],[76.0746,23.1837],[76.0834,23.1666],[76.1412,23.181],[76.149,23.1996],[76.1325,23.203],[76.1305,23.2137],[76.1264,23.2129],[76.0951,23.2013],[76.0938,23.1978],[76.0891,23.199],[76.0561,23.2071],[76.0598,23.2186],[76.0844,23.2131],[76.0877,23.225],[76.0753,23.2288],[76.082,23.2424],[76.1207,23.2435],[76.121,23.2435],[76.1284,23.2438],[76.1631,23.2247],[76.2267,23.2265],[76.2523,23.2166],[76.2755,23.2293],[76.3203,23.234],[76.3388,23.2296],[76.361,23.2296],[76.365,23.2328],[76.3761,23.2296],[76.4138,23.2192],[76.4256,23.1941],[76.5114,23.1802],[76.5117,23.1802],[76.5269,23.1472],[76.5427,23.1406],[76.5403,23.131],[76.5417,23.1304],[76.5282,23.1134],[76.5279,23.1128],[76.5269,23.1128],[76.5037,23.1131],[76.4969,23.0983],[76.5249,23.09],[76.5212,23.0743],[76.4562,23.0917],[76.4532,23.0778],[76.4673,23.0758],[76.4676,23.0665],[76.4538,23.0272],[76.4643,23.0234],[76.4697,23.0012],[76.4303,22.9838],[76.4646,22.9668],[76.4552,22.9222],[76.4676,22.8999],[76.5006,22.8887],[76.5016,22.8762],[76.5289,22.8589],[76.5353,22.8421],[76.5259,22.7987],[76.5491,22.7979],[76.5521,22.7846],[76.5666,22.7848],[76.5572,22.775],[76.5588,22.7762],[76.5629,22.7794],[76.5632,22.7796],[76.5757,22.7715],[76.574,22.7614],[76.5908,22.775],[76.5938,22.7776],[76.5942,22.7779],[76.6282,22.7828],[76.6164,22.7889],[76.6463,22.8048],[76.6615,22.7811],[76.6837,22.7817],[76.6871,22.7938],[76.7106,22.7927],[76.6968,22.8164],[76.7035,22.8196],[76.7328,22.8201],[76.7204,22.8123],[76.7533,22.8245],[76.7621,22.8141],[76.7769,22.8158],[76.7661,22.8198],[76.7957,22.8314],[76.8045,22.8499],[76.8183,22.8522],[76.8156,22.8609],[76.8307,22.8641],[76.8338,22.8557],[76.8388,22.8719],[76.854,22.8612],[76.8567,22.8768],[76.8681,22.8641],[76.8684,22.884],[76.8768,22.8638],[76.8849,22.8681],[76.8775,22.8788],[76.8836,22.8907],[76.8869,22.8759],[76.9031,22.8878],[76.9065,22.8707],[76.9169,22.8745],[76.9075,22.8592],[76.925,22.8644],[76.9142,22.8404],[76.9213,22.8308],[76.9105,22.8297],[76.9293,22.8222],[76.9192,22.8412],[76.927,22.86],[76.9317,22.8534],[76.928,22.8647],[76.9364,22.8609],[76.9287,22.8676],[76.9344,22.8731],[76.9445,22.8621],[76.9536,22.8757],[76.9522,22.8615],[76.9579,22.8687],[76.9677,22.8592],[77.004,22.8788],[77.0057,22.8143],[77.0293,22.7707],[77.0172,22.7464],[77.0215,22.7296],[77.0397,22.7235],[77.0451,22.6992],[77.0313,22.6857],[77.0448,22.6651],[77.0555,22.6784],[77.0693,22.6579],[77.0905,22.6507],[77.0872,22.6194],[77.1269,22.5974],[77.1326,22.5769],[77.1228,22.5633],[77.1299,22.5555]]]}},{"type":"Feature","properties":{"district":"Anuppur","district_hi":"अनूपपुर"},"geometry":{"type":"Polygon","coordinates":[[[81.2511,23.2123],[81.2669,23.1865],[81.2992,23.1782],[81.305,23.1498],[81.3282,23.1478],[81.3191,23.1035],[81.3743,23.0868],[81.3955,23.061],[81.4379,23.0573],[81.517,23.0821],[81.5368,23.0772],[81.557,23.0581],[81.5395,23.0631],[81.5264,23.0506],[81.5493,23.0428],[81.5459,23.0289],[81.5583,23.0243],[81.6058,23.0419],[81.5876,23.0772],[81.5371,23.1131],[81.5658,23.1325],[81.5634,23.1429],[81.5789,23.1409],[81.6011,23.2241],[81.6331,23.2305],[81.6125,23.1987],[81.6495,23.1941],[81.6681,23.2085],[81.7192,23.2022],[81.7569,23.2146],[81.7646,23.2403],[81.7868,23.2565],[81.8471,23.2588],[81.8582,23.2461],[81.8794,23.2461],[81.8696,23.2724],[81.841,23.2791],[81.84,23.2961],[81.8124,23.2941],[81.806,23.3199],[81.8639,23.3126],[81.877,23.2967],[81.9124,23.3005],[81.9137,23.3008],[81.9204,23.339],[81.9359,23.3418],[81.9373,23.3774],[81.9716,23.3737],[81.9857,23.4141],[81.9995,23.4217],[82.0096,23.4121],[82.0254,23.4248],[82.0328,23.4101],[82.0237,23.4086],[82.0217,23.3872],[82.0234,23.387],[82.056,23.3768],[82.0641,23.393],[82.1035,23.3982],[82.117,23.3554],[82.1459,23.3612],[82.1637,23.3346],[82.192,23.3268],[82.1994,23.3138],[82.193,23.2779],[82.1745,23.2687],[82.1674,23.2461],[82.1449,23.2273],[82.1536,23.2091],[82.1442,23.1654],[82.1604,23.1617],[82.1614,23.1432],[82.1395,23.1319],[82.1371,23.1119],[82.1247,23.1041],[82.1233,23.1033],[82.123,23.1035],[82.0732,23.1168],[82.0348,23.0804],[81.9911,23.0868],[81.9423,23.079],[81.9467,23.0691],[81.9295,23.0616],[81.9214,23.0408],[81.9504,22.9829],[81.9463,22.9569],[81.9188,22.9465],[81.8784,22.9098],[81.8663,22.9159],[81.8696,22.8945],[81.8615,22.8892],[81.7757,22.8745],[81.7764,22.8517],[81.7613,22.8303],[81.7818,22.8109],[81.7835,22.7794],[81.7942,22.7666],[81.7522,22.7267],[81.7697,22.6729],[81.7545,22.6463],[81.7461,22.6489],[81.7518,22.6544],[81.7417,22.6741],[81.7327,22.6758],[81.7407,22.6877],[81.6926,22.7091],[81.7047,22.7441],[81.6919,22.7802],[81.6906,22.7805],[81.6425,22.7875],[81.5937,22.7539],[81.554,22.7611],[81.5274,22.7473],[81.5096,22.7655],[81.4759,22.7585],[81.4534,22.7704],[81.4295,22.8355],[81.4032,22.854],[81.3507,22.8522],[81.3147,22.8777],[81.278,22.88],[81.2572,22.9017],[81.2,22.9133],[81.1865,22.9523],[81.2043,23.0038],[81.2306,23.0362],[81.2266,23.0454],[81.2373,23.0535],[81.2289,23.0579],[81.2511,23.0521],[81.2636,23.0706],[81.2383,23.1114],[81.2111,23.1148],[81.2131,23.1403],[81.203,23.1255],[81.1895,23.1313],[81.1956,23.1492],[81.1784,23.1536],[81.1916,23.166],[81.1566,23.1637],[81.1626,23.1758],[81.1616,23.1758],[81.1438,23.1776],[81.1266,23.21],[81.1337,23.2314],[81.1354,23.2334],[81.1357,23.2377],[81.1377,23.3233],[81.1579,23.3204],[81.1693,23.3285],[81.1744,23.3242],[81.1774,23.3181],[81.1633,23.2999],[81.1821,23.286],[81.1939,23.2915],[81.2212,23.2646],[81.2323,23.2505],[81.2282,23.223],[81.2282,23.2224],[81.2511,23.2123]]]}},{"type":"Feature","properties":{"district":"Jhabua","district_hi":"झाबुआ"},"geometry":{"type":"Polygon","coordinates":[[[74.741,22.559],[74.7262,22.5714],[74.7309,22.5917],[74.6899,22.5841],[74.6744,22.6012],[74.6576,22.6032],[74.6485,22.5682],[74.632,22.5648],[74.632,22.5546],[74.6081,22.5581],[74.5977,22.5367],[74.565,22.561],[74.5489,22.55],[74.5246,22.581],[74.5071,22.583],[74.488,22.5763],[74.4637,22.5304],[74.4634,22.5298],[74.4472,22.5425],[74.4318,22.5546],[74.4318,22.5549],[74.4422,22.5827],[74.4079,22.6139],[74.3917,22.6125],[74.3786,22.6336],[74.3786,22.6345],[74.3789,22.6345],[74.4018,22.7316],[74.4351,22.7822],[74.4338,22.808],[74.4647,22.8164],[74.4762,22.8525],[74.4759,22.8531],[74.4607,22.908],[74.4469,22.9213],[74.4338,22.9124],[74.4183,22.9173],[74.3931,22.8968],[74.3396,22.9529],[74.3392,22.9647],[74.3641,22.9812],[74.3641,22.9815],[74.3547,23.0041],[74.3453,23.0272],[74.3446,23.0286],[74.3221,23.0411],[74.32,23.0593],[74.3416,23.068],[74.386,23.1114],[74.4321,23.105],[74.4641,23.0819],[74.5058,23.085],[74.5448,23.109],[74.5395,23.1293],[74.6068,23.1426],[74.6714,23.2001],[74.7154,23.1909],[74.7484,23.2236],[74.7491,23.2241],[74.7484,23.2241],[74.7336,23.221],[74.7366,23.2331],[74.7377,23.2337],[74.7387,23.2343],[74.7831,23.2432],[74.7875,23.2438],[74.7784,23.2195],[74.7854,23.2022],[74.7683,23.1813],[74.7673,23.1805],[74.7854,23.175],[74.7989,23.1701],[74.7935,23.1646],[74.7824,23.1542],[74.7807,23.1521],[74.7891,23.1478],[74.8043,23.1403],[74.8164,23.1342],[74.8278,23.1394],[74.8894,23.1374],[74.8898,23.138],[74.8908,23.1377],[74.9241,23.162],[74.9921,23.1426],[74.9904,23.1209],[75.0065,23.1093],[75.0129,23.0934],[75.0146,23.0891],[75.0025,23.059],[75.0032,23.0579],[75.0028,23.0567],[75.0153,23.0367],[75.0069,23.024],[75.0032,22.913],[74.9857,22.8927],[74.9853,22.8667],[74.9523,22.8355],[74.9503,22.8074],[74.9029,22.7718],[74.8955,22.7481],[74.8729,22.7556],[74.8521,22.7464],[74.8161,22.7501],[74.7902,22.7597],[74.7605,22.7513],[74.7811,22.6755],[74.7962,22.6588],[74.7841,22.6437],[74.7831,22.6001],[74.7784,22.5784],[74.741,22.559]]]}},{"type":"Feature","properties":{"district":"Dindori","district_hi":"डिंडोरी"},"geometry":{"type":"Polygon","coordinates":[[[80.5761,23.352],[80.5993,23.3488],[80.7006,23.3739],[80.7019,23.3742],[80.7046,23.3716],[80.7356,23.3442],[80.7618,23.3447],[80.7501,23.3297],[80.7541,23.3207],[80.7241,23.3048],[80.7352,23.295],[80.7178,23.2849],[80.7255,23.2603],[80.7427,23.2588],[80.7467,23.2317],[80.7612,23.225],[80.7699,23.2224],[80.7834,23.2346],[80.7925,23.2505],[80.8019,23.2516],[80.8049,23.2519],[80.812,23.2528],[80.8123,23.249],[80.8332,23.2406],[80.8312,23.2308],[80.8655,23.2227],[80.8648,23.2331],[80.9126,23.2586],[80.9213,23.2834],[80.9358,23.2904],[80.956,23.2794],[80.9641,23.26],[80.995,23.2487],[80.9913,23.2374],[81.0304,23.2097],[81.0522,23.2085],[81.0677,23.1944],[81.1044,23.2024],[81.1068,23.203],[81.1226,23.2178],[81.1266,23.21],[81.1438,23.1776],[81.1616,23.1758],[81.1626,23.1758],[81.1566,23.1637],[81.1916,23.166],[81.1784,23.1536],[81.1956,23.1492],[81.1895,23.1313],[81.203,23.1255],[81.2131,23.1403],[81.2111,23.1148],[81.2383,23.1114],[81.2636,23.0706],[81.2511,23.0521],[81.2289,23.0579],[81.2373,23.0535],[81.2266,23.0454],[81.2306,23.0362],[81.2043,23.0038],[81.1865,22.9523],[81.2,22.9133],[81.2572,22.9017],[81.278,22.88],[81.3147,22.8777],[81.3507,22.8522],[81.4032,22.854],[81.4295,22.8355],[81.4534,22.7704],[81.4759,22.7585],[81.5096,22.7655],[81.5274,22.7473],[81.554,22.7611],[81.5937,22.7539],[81.6425,22.7875],[81.6906,22.7805],[81.6919,22.7802],[81.7047,22.7441],[81.6926,22.7091],[81.7407,22.6877],[81.7327,22.6758],[81.7313,22.6741],[81.7286,22.6703],[81.7286,22.67],[81.7138,22.6486],[81.6845,22.6478],[81.6492,22.6151],[81.6455,22.5844],[81.658,22.5844],[81.66,22.5694],[81.629,22.5633],[81.622,22.5382],[81.6001,22.5353],[81.5695,22.5509],[81.5627,22.5425],[81.5701,22.5324],[81.5462,22.5278],[81.5223,22.539],[81.5183,22.5199],[81.4968,22.5197],[81.4853,22.4896],[81.4847,22.4878],[81.4816,22.4884],[81.4756,22.4893],[81.4426,22.4945],[81.451,22.4867],[81.4466,22.4699],[81.4591,22.4693],[81.4473,22.4659],[81.4392,22.4821],[81.4278,22.4797],[81.4288,22.4569],[81.4248,22.454],[81.413,22.4456],[81.4066,22.441],[81.4042,22.4427],[81.3945,22.4494],[81.3901,22.4523],[81.382,22.5098],[81.3299,22.5251],[81.3282,22.5257],[81.3174,22.5144],[81.3208,22.487],[81.3208,22.4861],[81.3171,22.485],[81.3127,22.4835],[81.3073,22.4821],[81.2814,22.5029],[81.2622,22.4933],[81.2619,22.4722],[81.2484,22.4589],[81.2414,22.4583],[81.2171,22.4572],[81.2077,22.4566],[81.206,22.4609],[81.1969,22.4835],[81.1939,22.4904],[81.1936,22.4913],[81.1939,22.4916],[81.1929,22.493],[81.1562,22.5393],[81.1545,22.5584],[81.1195,22.5934],[81.0899,22.5966],[81.0805,22.6125],[81.0415,22.6055],[81.0401,22.6064],[81.03,22.616],[81.0294,22.6145],[81.0283,22.6136],[81.0129,22.5911],[81.0206,22.5604],[81.0034,22.5474],[80.9701,22.5431],[80.9647,22.5607],[80.9459,22.5581],[80.9361,22.5879],[80.9654,22.5896],[80.9573,22.6047],[80.9934,22.6119],[81.0075,22.6402],[80.9654,22.6501],[80.9594,22.6379],[80.9405,22.6802],[80.9227,22.6796],[80.9291,22.7079],[80.9166,22.7143],[80.9425,22.7444],[80.8985,22.7603],[80.8675,22.7582],[80.8702,22.8016],[80.8544,22.8074],[80.8702,22.8485],[80.8305,22.8496],[80.8268,22.8331],[80.7914,22.819],[80.7299,22.8117],[80.7268,22.8329],[80.7427,22.8412],[80.7363,22.8566],[80.7184,22.8626],[80.709,22.8508],[80.6925,22.8563],[80.6703,22.8363],[80.6306,22.8551],[80.5885,22.8566],[80.5603,22.8806],[80.5522,22.8696],[80.5236,22.8719],[80.5397,22.9196],[80.5095,22.9474],[80.5357,22.9459],[80.5455,22.9636],[80.568,22.9578],[80.5761,22.9725],[80.5751,22.9737],[80.5556,22.9936],[80.565,22.9945],[80.5717,23.0214],[80.5596,23.0304],[80.5529,23.0836],[80.5428,23.0732],[80.5293,23.0833],[80.5263,23.1001],[80.5253,23.1047],[80.5259,23.1047],[80.5421,23.1041],[80.566,23.1247],[80.5818,23.138],[80.5623,23.1472],[80.5522,23.1669],[80.5229,23.1542],[80.4788,23.1996],[80.4782,23.2004],[80.5031,23.2024],[80.5226,23.2591],[80.5434,23.2623],[80.5431,23.2707],[80.5683,23.269],[80.5714,23.2817],[80.5825,23.2843],[80.5825,23.3141],[80.5677,23.3164],[80.5757,23.3508],[80.5761,23.352]]]}},{"type":"Feature","properties":{"district":"Narsinghpur","district_hi":"नरसिंहपुर"},"geometry":{"type":"Polygon","coordinates":[[[79.6285,22.95],[79.6231,22.9552],[79.5918,22.939],[79.5904,22.9381],[79.5999,22.9138],[79.6133,22.9176],[79.6207,22.9069],[79.6244,22.8739],[79.6123,22.86],[79.5975,22.8664],[79.577,22.8334],[79.541,22.8172],[79.544,22.8045],[79.5154,22.7779],[79.5191,22.7623],[79.5083,22.7539],[79.5235,22.7516],[79.5164,22.723],[79.4878,22.7308],[79.472,22.7244],[79.469,22.742],[79.4602,22.7299],[79.4114,22.7215],[79.4118,22.7209],[79.4134,22.712],[79.3943,22.7021],[79.403,22.6981],[79.4013,22.6851],[79.3784,22.6686],[79.3808,22.659],[79.362,22.6429],[79.336,22.6382],[79.3286,22.6183],[79.328,22.6162],[79.3249,22.6165],[79.3169,22.6174],[79.297,22.6203],[79.3,22.6281],[79.3051,22.642],[79.3061,22.6452],[79.2876,22.6533],[79.297,22.6819],[79.2967,22.6828],[79.297,22.6833],[79.2913,22.692],[79.2893,22.6955],[79.2889,22.6955],[79.2644,22.6871],[79.2438,22.7189],[79.2627,22.7446],[79.2445,22.7519],[79.2405,22.8034],[79.229,22.8169],[79.2287,22.8169],[79.1924,22.8091],[79.1782,22.7875],[79.1382,22.7915],[79.123,22.7652],[79.0961,22.7574],[79.0894,22.7423],[79.0426,22.7594],[79.0318,22.7513],[79.018,22.7406],[79.017,22.7397],[79.0275,22.7276],[79.0275,22.7273],[79.0127,22.7267],[79.0123,22.7267],[79.0127,22.7261],[79.0285,22.7085],[79.0278,22.7082],[79.0042,22.6949],[79.0059,22.6938],[79.0147,22.688],[79.0167,22.6862],[79.0103,22.6674],[79.0187,22.6567],[79.0029,22.6544],[79.0026,22.6544],[79.0117,22.644],[79.011,22.6437],[78.983,22.6333],[78.9548,22.6293],[78.9417,22.6336],[78.9279,22.6455],[78.9184,22.6721],[78.8498,22.6842],[78.8235,22.6562],[78.7754,22.6469],[78.7805,22.6223],[78.7414,22.6194],[78.7236,22.6452],[78.6805,22.6619],[78.6799,22.6741],[78.6802,22.6984],[78.6903,22.7056],[78.696,22.7079],[78.6943,22.7085],[78.6805,22.7131],[78.6778,22.7267],[78.6778,22.7276],[78.698,22.7608],[78.6987,22.762],[78.697,22.7634],[78.6809,22.7759],[78.6782,22.7779],[78.6775,22.777],[78.6627,22.764],[78.6486,22.7811],[78.6486,22.7805],[78.6472,22.7632],[78.6344,22.7571],[78.6418,22.7955],[78.6163,22.7982],[78.6267,22.8178],[78.5903,22.812],[78.6065,22.8314],[78.6031,22.8514],[78.5776,22.8621],[78.5994,22.8754],[78.5759,22.8843],[78.5883,22.9057],[78.5712,22.9552],[78.5325,22.961],[78.5066,22.95],[78.4917,22.9665],[78.4668,22.9595],[78.4652,22.9621],[78.4658,22.9775],[78.4692,22.9824],[78.4662,22.9835],[78.4638,22.9847],[78.4598,22.9861],[78.4564,22.9827],[78.4477,22.9801],[78.447,22.9827],[78.4702,23.0049],[78.557,23.0174],[78.5947,23.0113],[78.6223,23.0304],[78.6479,23.0223],[78.6482,23.022],[78.6704,23.0373],[78.731,23.0443],[78.7317,23.0443],[78.7485,23.0605],[78.7435,23.0694],[78.7441,23.0697],[78.8013,23.0983],[78.8044,23.0998],[78.8064,23.1082],[78.8064,23.1087],[78.7882,23.1174],[78.8151,23.2184],[78.8161,23.2221],[78.8114,23.2293],[78.8094,23.2357],[78.8346,23.2507],[78.8488,23.225],[78.8976,23.2126],[78.9073,23.227],[78.9383,23.2337],[78.9437,23.2094],[78.9625,23.2149],[78.9804,23.2004],[78.9958,23.2169],[79.0238,23.1929],[79.0645,23.1944],[79.0716,23.2059],[79.0917,23.1949],[79.1059,23.2068],[79.114,23.1654],[79.1251,23.1758],[79.1493,23.1677],[79.1533,23.1793],[79.1661,23.1767],[79.1661,23.1897],[79.1981,23.1949],[79.1984,23.1949],[79.1991,23.1949],[79.19,23.2224],[79.1903,23.2233],[79.1917,23.2236],[79.1967,23.24],[79.2277,23.2259],[79.2321,23.2513],[79.2368,23.251],[79.2479,23.2487],[79.2634,23.2395],[79.2681,23.2166],[79.3064,23.2314],[79.332,23.1507],[79.3519,23.1559],[79.3552,23.1715],[79.3663,23.1654],[79.3684,23.1663],[79.3714,23.1651],[79.3734,23.1646],[79.3721,23.1631],[79.3519,23.1394],[79.3522,23.1391],[79.3579,23.1304],[79.3468,23.1073],[79.3818,23.1131],[79.4033,23.1001],[79.435,23.1082],[79.4582,23.0983],[79.5144,23.1429],[79.5713,23.1345],[79.5817,23.1119],[79.6157,23.1053],[79.6076,23.0986],[79.6137,23.0905],[79.6002,23.092],[79.6026,23.0833],[79.6083,23.0882],[79.6083,23.0677],[79.5965,23.0596],[79.5989,23.0341],[79.5908,23.0231],[79.609,23.0197],[79.615,22.9925],[79.6429,22.9789],[79.6433,22.9786],[79.6228,22.9679],[79.6285,22.95]]]}},{"type":"Feature","properties":{"district":"Dhar","district_hi":"धार"},"geometry":{"type":"Polygon","coordinates":[[[74.5018,22.0457],[74.4927,22.0711],[74.5156,22.0893],[74.5152,22.1],[74.4755,22.0963],[74.4711,22.1136],[74.5408,22.1174],[74.5267,22.1463],[74.5092,22.1498],[74.4974,22.1665],[74.4964,22.1793],[74.5095,22.183],[74.5216,22.2053],[74.5122,22.22],[74.5267,22.2362],[74.5428,22.2368],[74.557,22.2198],[74.5596,22.2429],[74.5903,22.2432],[74.6034,22.2556],[74.599,22.2681],[74.6492,22.2741],[74.6619,22.2996],[74.6397,22.3028],[74.6229,22.3285],[74.6313,22.3658],[74.6646,22.3693],[74.6818,22.3609],[74.6919,22.3681],[74.6969,22.3976],[74.6902,22.4158],[74.7144,22.4231],[74.7239,22.439],[74.7478,22.4372],[74.705,22.478],[74.7134,22.4988],[74.7255,22.5017],[74.7124,22.5263],[74.7128,22.5266],[74.7128,22.5269],[74.7279,22.5523],[74.741,22.559],[74.7784,22.5784],[74.7831,22.6001],[74.7841,22.6437],[74.7962,22.6588],[74.7811,22.6755],[74.7605,22.7513],[74.7902,22.7597],[74.8161,22.7501],[74.8521,22.7464],[74.8729,22.7556],[74.8955,22.7481],[74.9029,22.7718],[74.9503,22.8074],[74.9523,22.8355],[74.9853,22.8667],[74.9857,22.8927],[75.0032,22.913],[75.0069,23.024],[75.0153,23.0367],[75.0028,23.0567],[75.0032,23.0579],[75.0025,23.059],[75.0146,23.0891],[75.0129,23.0934],[75.0065,23.1093],[75.0806,23.1047],[75.1095,23.1151],[75.238,23.0856],[75.2421,23.1351],[75.2421,23.1354],[75.3006,23.127],[75.2969,23.1096],[75.3202,23.1082],[75.3245,23.0688],[75.3471,23.0691],[75.3356,23.0587],[75.335,23.0393],[75.307,23.0298],[75.3003,22.9945],[75.3262,22.9864],[75.3252,22.9569],[75.306,22.9558],[75.3067,22.9323],[75.3265,22.9144],[75.3333,22.8372],[75.3343,22.836],[75.3461,22.8326],[75.3706,22.8467],[75.3716,22.8684],[75.441,22.867],[75.442,22.867],[75.441,22.8621],[75.4349,22.8311],[75.4231,22.8288],[75.4251,22.8094],[75.443,22.7955],[75.4386,22.7736],[75.4406,22.773],[75.485,22.7643],[75.4908,22.7632],[75.4871,22.7574],[75.4898,22.7481],[75.4955,22.7452],[75.4948,22.7316],[75.5093,22.7322],[75.515,22.7073],[75.5073,22.6943],[75.5291,22.6301],[75.5648,22.6362],[75.5759,22.6611],[75.5984,22.6509],[75.6058,22.6304],[75.6553,22.6382],[75.6967,22.6264],[75.7092,22.6475],[75.7135,22.6353],[75.7135,22.6197],[75.6981,22.6136],[75.6964,22.5957],[75.6863,22.596],[75.6809,22.5818],[75.6311,22.5596],[75.5961,22.5671],[75.5984,22.5199],[75.5574,22.515],[75.553,22.491],[75.5651,22.4907],[75.5746,22.4528],[75.5638,22.4271],[75.5402,22.4115],[75.5554,22.3808],[75.5621,22.3771],[75.5648,22.3759],[75.5369,22.3568],[75.5224,22.3753],[75.5086,22.3736],[75.5093,22.3392],[75.4965,22.3398],[75.4901,22.3262],[75.5187,22.3262],[75.5177,22.2796],[75.5332,22.2634],[75.5355,22.2342],[75.516,22.1862],[75.5207,22.1732],[75.4908,22.1538],[75.4871,22.1535],[75.3276,22.1344],[75.3165,22.1333],[75.2387,22.124],[75.238,22.1237],[75.1882,22.1047],[74.9099,22.0824],[74.8342,22.0621],[74.7787,22.0783],[74.6791,22.0355],[74.6377,22.037],[74.5919,22.0234],[74.5623,22.0234],[74.532,22.0514],[74.5024,22.0445],[74.5018,22.0457]]]}},{"type":"Feature","properties":{"district":"Indore","district_hi":"इंदौर"},"geometry":{"type":"Polygon","coordinates":[[[76.0827,22.5373],[76.0807,22.539],[76.0763,22.5237],[76.0605,22.5335],[76.0278,22.5289],[76.0238,22.4951],[76.0507,22.4783],[76.0521,22.4598],[76.046,22.4563],[76.042,22.4581],[76.0393,22.4526],[76.0319,22.4369],[76.0086,22.4445],[76.0066,22.4219],[75.9938,22.4135],[75.9609,22.4306],[75.9141,22.4205],[75.906,22.3872],[75.8942,22.3852],[75.8609,22.3808],[75.8572,22.3817],[75.8343,22.4089],[75.8219,22.406],[75.8189,22.3993],[75.76,22.3629],[75.7462,22.36],[75.7223,22.3696],[75.7216,22.3693],[75.7216,22.3696],[75.6546,22.3427],[75.6536,22.332],[75.6408,22.3563],[75.6156,22.3377],[75.5998,22.3406],[75.6109,22.3467],[75.6102,22.3638],[75.5927,22.3609],[75.5752,22.3777],[75.5621,22.3771],[75.5554,22.3808],[75.5402,22.4115],[75.5638,22.4271],[75.5746,22.4528],[75.5651,22.4907],[75.553,22.491],[75.5574,22.515],[75.5984,22.5199],[75.5961,22.5671],[75.6311,22.5596],[75.6809,22.5818],[75.6863,22.596],[75.6964,22.5957],[75.6981,22.6136],[75.7135,22.6197],[75.7135,22.6353],[75.7092,22.6475],[75.6967,22.6264],[75.6553,22.6382],[75.6058,22.6304],[75.5984,22.6509],[75.5759,22.6611],[75.5648,22.6362],[75.5291,22.6301],[75.5073,22.6943],[75.515,22.7073],[75.5093,22.7322],[75.4948,22.7316],[75.4955,22.7452],[75.4898,22.7481],[75.4871,22.7574],[75.4908,22.7632],[75.485,22.7643],[75.4406,22.773],[75.4386,22.7736],[75.443,22.7955],[75.4251,22.8094],[75.4231,22.8288],[75.4349,22.8311],[75.441,22.8621],[75.442,22.867],[75.441,22.867],[75.4389,22.9072],[75.4595,22.926],[75.4756,22.9263],[75.476,22.9393],[75.4558,22.9419],[75.4635,22.9694],[75.4864,22.9679],[75.4928,22.9844],[75.4928,22.9847],[75.4736,22.9861],[75.4736,23.0026],[75.4605,23.0067],[75.4844,23.0179],[75.4877,23.0035],[75.4955,23.0023],[75.4995,23.0017],[75.5022,23.0015],[75.518,23.0402],[75.5335,23.0353],[75.5456,23.0625],[75.5651,23.0651],[75.5661,23.0859],[75.6264,23.0824],[75.6277,23.0819],[75.6297,23.0657],[75.6163,23.0526],[75.6274,23.0474],[75.6324,23.007],[75.6462,23.0067],[75.6355,23.02],[75.6493,23.0257],[75.6718,23.0142],[75.7226,23.0148],[75.724,23.0148],[75.7273,23.015],[75.73,23.024],[75.7364,23.0333],[75.7781,23.0278],[75.8135,23.0399],[75.8421,23.0289],[75.8744,23.0391],[75.8969,23.0017],[75.8976,23.0035],[75.8979,23.0032],[75.8969,23.0015],[75.9144,22.978],[75.9151,22.9766],[75.9154,22.9763],[75.9249,22.9803],[75.9518,22.9465],[75.9652,22.9445],[75.9821,22.9109],[75.9844,22.8728],[76.0231,22.8598],[76.0376,22.8412],[76.0369,22.8297],[76.0544,22.8161],[76.0494,22.8065],[76.0601,22.8068],[76.0803,22.7678],[76.1032,22.7016],[76.1904,22.6903],[76.2038,22.6761],[76.1914,22.6608],[76.2136,22.6619],[76.2297,22.6752],[76.2281,22.6512],[76.2472,22.6437],[76.2321,22.6171],[76.1994,22.6252],[76.189,22.6001],[76.1813,22.5989],[76.1806,22.5992],[76.1894,22.6087],[76.1725,22.6212],[76.188,22.6391],[76.1887,22.64],[76.1873,22.6391],[76.1702,22.6278],[76.1513,22.6327],[76.1517,22.6324],[76.1682,22.6035],[76.149,22.6134],[76.1436,22.5888],[76.1379,22.6041],[76.1328,22.6041],[76.1318,22.6041],[76.1278,22.6038],[76.1271,22.5946],[76.1194,22.6041],[76.119,22.6041],[76.1079,22.6001],[76.1234,22.5891],[76.114,22.5821],[76.082,22.6035],[76.0884,22.5862],[76.0645,22.5853],[76.0618,22.5853],[76.0675,22.581],[76.0793,22.572],[76.0881,22.5656],[76.1062,22.5668],[76.1062,22.5662],[76.0955,22.5564],[76.0891,22.5506],[76.085,22.5468],[76.0857,22.5437],[76.0827,22.5373]]]}},{"type":"Feature","properties":{"district":"Mandla","district_hi":"मंडला"},"geometry":{"type":"Polygon","coordinates":[[[80.0999,22.3354],[80.077,22.3508],[80.0723,22.393],[80.0723,22.3936],[80.0912,22.4057],[80.0912,22.406],[80.0915,22.4063],[80.0925,22.4236],[80.0801,22.4277],[80.0717,22.4502],[80.0501,22.4563],[80.0444,22.4948],[80.0232,22.5052],[80.0373,22.5251],[80.035,22.5347],[80.033,22.5413],[80.0316,22.5468],[80.0161,22.5431],[80.0091,22.559],[79.9885,22.5451],[79.9529,22.5584],[79.9899,22.5807],[80.0077,22.5749],[80.0155,22.5969],[80.0323,22.5966],[80.0353,22.6081],[80.0727,22.6021],[80.113,22.6269],[80.1265,22.6102],[80.1447,22.6162],[80.1538,22.6001],[80.2022,22.6038],[80.216,22.6272],[80.1945,22.6443],[80.213,22.6744],[80.2362,22.6741],[80.2392,22.7152],[80.2894,22.7264],[80.2813,22.7808],[80.281,22.784],[80.2682,22.7932],[80.2194,22.7996],[80.2157,22.8002],[80.2032,22.7921],[80.2042,22.7857],[80.1797,22.7629],[80.1006,22.7692],[80.0649,22.7611],[80.0239,22.7895],[80.0185,22.7938],[80.0114,22.8089],[80.0054,22.8224],[80.0047,22.8236],[79.9697,22.845],[79.9643,22.8519],[79.9744,22.9173],[79.9522,22.9465],[79.9515,22.9471],[80.0057,22.9795],[79.9912,22.9983],[80.0054,23.0064],[79.9902,23.0139],[79.9926,23.0286],[79.9939,23.0292],[80.034,23.0388],[80.0367,23.0393],[80.0797,23.0659],[80.0811,23.0772],[80.1083,23.0758],[80.1087,23.0758],[80.1087,23.0749],[80.111,23.0532],[80.1312,23.0584],[80.1342,23.0596],[80.1342,23.0593],[80.1406,23.0474],[80.142,23.0448],[80.1639,23.0477],[80.1864,23.0229],[80.182,23.0628],[80.2042,23.0686],[80.2029,23.0865],[80.1888,23.092],[80.1817,23.1108],[80.1861,23.1287],[80.1881,23.129],[80.2177,23.1325],[80.248,23.1516],[80.2763,23.1461],[80.2763,23.1354],[80.2961,23.1255],[80.3018,23.0983],[80.3294,23.0969],[80.3594,23.1394],[80.3927,23.142],[80.3913,23.1712],[80.4051,23.1724],[80.4055,23.1718],[80.4247,23.142],[80.4593,23.1426],[80.4583,23.1249],[80.4788,23.1261],[80.4909,23.107],[80.5118,23.107],[80.5078,23.0824],[80.5111,23.0804],[80.5276,23.083],[80.5293,23.0833],[80.5428,23.0732],[80.5529,23.0836],[80.5596,23.0304],[80.5717,23.0214],[80.565,22.9945],[80.5556,22.9936],[80.5751,22.9737],[80.5761,22.9725],[80.568,22.9578],[80.5455,22.9636],[80.5357,22.9459],[80.5095,22.9474],[80.5397,22.9196],[80.5236,22.8719],[80.5522,22.8696],[80.5603,22.8806],[80.5885,22.8566],[80.6306,22.8551],[80.6703,22.8363],[80.6925,22.8563],[80.709,22.8508],[80.7184,22.8626],[80.7363,22.8566],[80.7427,22.8412],[80.7268,22.8329],[80.7299,22.8117],[80.7914,22.819],[80.8268,22.8331],[80.8305,22.8496],[80.8702,22.8485],[80.8544,22.8074],[80.8702,22.8016],[80.8675,22.7582],[80.8985,22.7603],[80.9425,22.7444],[80.9166,22.7143],[80.9291,22.7079],[80.9227,22.6796],[80.9405,22.6802],[80.9594,22.6379],[80.9654,22.6501],[81.0075,22.6402],[80.9934,22.6119],[80.9573,22.6047],[80.9654,22.5896],[80.9361,22.5879],[80.9459,22.5581],[80.9647,22.5607],[80.9701,22.5431],[81.0034,22.5474],[81.0206,22.5604],[81.0129,22.5911],[81.0283,22.6136],[81.0294,22.6145],[81.03,22.616],[81.0401,22.6064],[81.0415,22.6055],[81.0805,22.6125],[81.0899,22.5966],[81.1195,22.5934],[81.1545,22.5584],[81.1562,22.5393],[81.1929,22.493],[81.1939,22.4916],[81.1936,22.4913],[81.1741,22.4881],[81.1727,22.4878],[81.1552,22.4549],[81.1108,22.4361],[81.1047,22.3901],[81.1037,22.3832],[81.1212,22.3427],[81.1135,22.3242],[81.1189,22.2912],[81.0795,22.2394],[81.0728,22.2484],[81.0448,22.2406],[81.0065,22.2837],[80.9584,22.2753],[80.9382,22.2877],[80.9365,22.2779],[80.9149,22.279],[80.9038,22.2976],[80.9096,22.3178],[80.9314,22.3311],[80.9089,22.343],[80.8816,22.3337],[80.883,22.3473],[80.8937,22.3505],[80.8655,22.3649],[80.8658,22.3788],[80.8147,22.3901],[80.8113,22.402],[80.7955,22.3999],[80.8022,22.3664],[80.7877,22.3137],[80.7736,22.3172],[80.7447,22.2845],[80.704,22.2707],[80.7036,22.2547],[80.7285,22.2203],[80.7063,22.2021],[80.6457,22.2276],[80.5798,22.2264],[80.5323,22.2406],[80.5263,22.2646],[80.5155,22.2623],[80.5078,22.2756],[80.4876,22.2701],[80.4623,22.2808],[80.465,22.2643],[80.4509,22.2634],[80.4469,22.2461],[80.4156,22.2443],[80.421,22.2782],[80.3998,22.3045],[80.3362,22.299],[80.3462,22.327],[80.323,22.3461],[80.2793,22.3233],[80.2732,22.3074],[80.2352,22.3016],[80.2281,22.3137],[80.1682,22.3253],[80.1723,22.3401],[80.1598,22.3461],[80.1033,22.3427],[80.1016,22.3389],[80.0999,22.3354]]]}},{"type":"Feature","properties":{"district":"Hoshangabad","district_hi":"नर्मदापुरम"},"geometry":{"type":"Polygon","coordinates":[[[78.6903,22.7056],[78.626,22.6787],[78.6257,22.6784],[78.6119,22.6492],[78.5752,22.6631],[78.5422,22.657],[78.523,22.6645],[78.522,22.6651],[78.52,22.6625],[78.5039,22.6417],[78.4981,22.6339],[78.4978,22.5922],[78.5479,22.5364],[78.5409,22.5017],[78.5143,22.4913],[78.5096,22.4777],[78.5298,22.4699],[78.5294,22.4549],[78.554,22.4557],[78.5604,22.4199],[78.5271,22.4199],[78.4705,22.3753],[78.4181,22.3832],[78.3804,22.4205],[78.2848,22.4196],[78.2703,22.402],[78.267,22.3982],[78.1875,22.3988],[78.0334,22.3299],[78.0112,22.3377],[77.954,22.3328],[77.9466,22.3412],[77.8847,22.2874],[77.8655,22.2886],[77.8685,22.3508],[77.8547,22.369],[77.7898,22.3354],[77.7534,22.3539],[77.7444,22.3473],[77.7565,22.3386],[77.7497,22.3259],[77.7205,22.3132],[77.7168,22.3216],[77.6835,22.3221],[77.6824,22.3129],[77.6552,22.3065],[77.638,22.323],[77.6246,22.3216],[77.6246,22.3325],[77.5973,22.3323],[77.5916,22.3435],[77.5573,22.336],[77.5563,22.3565],[77.5536,22.3563],[77.5515,22.3563],[77.5492,22.356],[77.5482,22.3525],[77.5075,22.312],[77.5081,22.2808],[77.4869,22.2721],[77.4778,22.2507],[77.4583,22.2484],[77.4526,22.2172],[77.4183,22.2203],[77.4109,22.2244],[77.4008,22.2221],[77.39,22.2229],[77.386,22.2446],[77.3631,22.2475],[77.3705,22.2837],[77.3543,22.29],[77.3574,22.3169],[77.314,22.3522],[77.3231,22.3733],[77.3012,22.4129],[77.3089,22.4367],[77.28,22.4355],[77.2924,22.4479],[77.2817,22.4635],[77.2823,22.4974],[77.2632,22.5185],[77.2477,22.5205],[77.2716,22.539],[77.2574,22.5535],[77.2342,22.5509],[77.2133,22.5619],[77.2211,22.5691],[77.2588,22.6041],[77.2625,22.6035],[77.2679,22.6032],[77.2756,22.6024],[77.2928,22.5653],[77.3291,22.5622],[77.3321,22.5639],[77.3648,22.6073],[77.3655,22.6073],[77.3658,22.6076],[77.3951,22.607],[77.4657,22.6475],[77.5021,22.644],[77.531,22.6683],[77.5314,22.6686],[77.5337,22.6686],[77.5758,22.6758],[77.6229,22.7441],[77.6236,22.7441],[77.6649,22.7319],[77.6993,22.7672],[77.7413,22.7606],[77.7787,22.7906],[77.7985,22.8418],[77.8473,22.8722],[77.8477,22.8725],[77.8709,22.8635],[77.8618,22.8395],[77.8743,22.8291],[77.9116,22.856],[77.914,22.8574],[77.9227,22.8528],[77.9274,22.8502],[77.9294,22.8493],[77.9092,22.8132],[77.9076,22.7802],[77.9193,22.7707],[77.9244,22.773],[77.9389,22.7817],[77.9372,22.8103],[77.9665,22.8233],[77.9732,22.8265],[77.9927,22.823],[77.9991,22.8219],[78.0021,22.8213],[78.0284,22.8025],[78.028,22.8019],[78.0287,22.8022],[78.0297,22.8013],[78.063,22.8132],[78.1095,22.7898],[78.1108,22.7906],[78.125,22.7996],[78.128,22.8372],[78.1832,22.8713],[78.1949,22.8907],[78.2165,22.893],[78.2377,22.8673],[78.2592,22.8759],[78.2801,22.8678],[78.3208,22.9164],[78.3545,22.9205],[78.3972,22.9621],[78.4029,22.9656],[78.4463,22.9856],[78.447,22.9827],[78.4477,22.9801],[78.4564,22.9827],[78.4598,22.9861],[78.4638,22.9847],[78.4662,22.9835],[78.4692,22.9824],[78.4658,22.9775],[78.4652,22.9621],[78.4668,22.9595],[78.4917,22.9665],[78.5066,22.95],[78.5325,22.961],[78.5712,22.9552],[78.5883,22.9057],[78.5759,22.8843],[78.5994,22.8754],[78.5776,22.8621],[78.6031,22.8514],[78.6065,22.8314],[78.5903,22.812],[78.6267,22.8178],[78.6163,22.7982],[78.6418,22.7955],[78.6344,22.7571],[78.6472,22.7632],[78.6486,22.7805],[78.6486,22.7811],[78.6627,22.764],[78.6775,22.777],[78.6782,22.7779],[78.6809,22.7759],[78.697,22.7634],[78.6987,22.762],[78.698,22.7608],[78.6778,22.7276],[78.6778,22.7267],[78.6805,22.7131],[78.6943,22.7085],[78.696,22.7079],[78.6903,22.7056]]]}},{"type":"Feature","properties":{"district":"Agar Malwa","district_hi":"आगर मालवा"},"geometry":{"type":"Polygon","coordinates":[[[76.4347,23.6328],[76.3876,23.6096],[76.3694,23.6273],[76.3398,23.6293],[76.2967,23.6128],[76.2977,23.625],[76.2826,23.625],[76.2758,23.6039],[76.2338,23.5972],[76.2341,23.5958],[76.2375,23.5697],[76.2008,23.5677],[76.1759,23.5856],[76.1544,23.5694],[76.1392,23.5648],[76.1167,23.5414],[76.0958,23.5732],[76.0672,23.5585],[76.0268,23.5668],[76.0258,23.5576],[76.0063,23.5579],[75.9996,23.5735],[75.9787,23.5637],[75.9545,23.568],[75.9541,23.553],[75.9457,23.5527],[75.9275,23.5541],[75.9127,23.57],[75.8811,23.5582],[75.8565,23.5674],[75.8374,23.5888],[75.8353,23.6253],[75.8121,23.6602],[75.8468,23.6877],[75.8535,23.7138],[75.8454,23.7328],[75.8286,23.7314],[75.8226,23.6973],[75.7919,23.7083],[75.7859,23.723],[75.7542,23.7227],[75.729,23.7571],[75.69,23.7473],[75.7018,23.7863],[75.6903,23.8135],[75.7216,23.8118],[75.7193,23.8413],[75.7364,23.8566],[75.7018,23.8728],[75.7061,23.8991],[75.7354,23.8985],[75.7529,23.8873],[75.7647,23.8754],[75.7657,23.8505],[75.7822,23.8488],[75.794,23.867],[75.8182,23.8682],[75.833,23.88],[75.8407,23.8745],[75.8532,23.8876],[75.8707,23.8904],[75.8862,23.8789],[75.8949,23.8893],[75.9376,23.8965],[75.9555,23.9208],[75.9814,23.9289],[75.9848,23.9737],[75.9673,23.9911],[75.9636,24.0186],[76.0093,24.0243],[76.042,24.066],[76.1271,24.088],[76.1261,24.1128],[76.1311,24.1166],[76.1247,24.1574],[76.1247,24.1577],[76.1244,24.1591],[76.121,24.1606],[76.114,24.1661],[76.1163,24.1851],[76.1177,24.1944],[76.1483,24.2317],[76.1365,24.2707],[76.1433,24.2829],[76.1624,24.2846],[76.1648,24.3069],[76.1742,24.3075],[76.1853,24.3295],[76.1991,24.3075],[76.2045,24.3],[76.1947,24.2731],[76.2126,24.21],[76.2126,24.2097],[76.2149,24.1501],[76.2328,24.1464],[76.2378,24.1348],[76.2183,24.1036],[76.2274,24.0868],[76.1914,24.0874],[76.1904,24.0874],[76.191,24.0839],[76.2035,24.0379],[76.2546,24.0385],[76.2556,23.9813],[76.3031,23.961],[76.3145,23.9231],[76.2984,23.8977],[76.3266,23.8878],[76.3287,23.8641],[76.3563,23.8491],[76.3566,23.819],[76.3818,23.8101],[76.3744,23.7759],[76.396,23.7664],[76.4003,23.7294],[76.4121,23.7195],[76.4017,23.6767],[76.4289,23.6542],[76.4347,23.6328]]]}},{"type":"Feature","properties":{"district":"Datia","district_hi":"दतिया"},"geometry":{"type":"MultiPolygon","coordinates":[[[[78.3356,25.0689],[78.3036,25.0536],[78.27,25.0883],[78.2972,25.1007],[78.3097,25.0889],[78.3282,25.0947],[78.3376,25.0854],[78.3356,25.0689]]],[[[78.374,25.0987],[78.3645,25.1195],[78.3797,25.1383],[78.379,25.1615],[78.3551,25.1736],[78.3548,25.1733],[78.3531,25.1725],[78.3427,25.167],[78.3346,25.1487],[78.3343,25.1479],[78.3343,25.1476],[78.3491,25.1395],[78.3487,25.138],[78.3272,25.1123],[78.2925,25.1285],[78.2949,25.1438],[78.3104,25.1849],[78.3006,25.202],[78.3396,25.2228],[78.341,25.2222],[78.3814,25.2034],[78.3908,25.2063],[78.3918,25.206],[78.3925,25.202],[78.3915,25.2011],[78.3952,25.1878],[78.4167,25.1835],[78.4234,25.1693],[78.4581,25.1647],[78.448,25.1528],[78.4271,25.154],[78.4467,25.1221],[78.446,25.1219],[78.4069,25.1288],[78.374,25.0987]]],[[[78.3396,25.416],[78.3289,25.4128],[78.3087,25.4171],[78.3077,25.4177],[78.3265,25.44],[78.3403,25.433],[78.339,25.431],[78.3393,25.4249],[78.3396,25.416]]],[[[78.3551,25.4515],[78.3622,25.4628],[78.3676,25.4579],[78.3972,25.4562],[78.3948,25.4443],[78.374,25.4394],[78.3635,25.446],[78.3551,25.4515]]],[[[78.4164,25.4764],[78.4002,25.4637],[78.3945,25.4857],[78.3982,25.49],[78.3874,25.5163],[78.3888,25.5175],[78.415,25.5282],[78.4191,25.5299],[78.4201,25.5314],[78.4288,25.5114],[78.4167,25.5019],[78.4312,25.4735],[78.4164,25.4764]]],[[[78.6274,26.1572],[78.6371,26.163],[78.6479,26.1693],[78.6947,26.163],[78.7027,26.1757],[78.692,26.1928],[78.696,26.2176],[78.7408,26.2234],[78.7519,26.2382],[78.7559,26.2436],[78.7445,26.2497],[78.7505,26.259],[78.7643,26.2651],[78.7727,26.2688],[78.7801,26.272],[78.7842,26.2792],[78.7953,26.2893],[78.8235,26.2841],[78.8272,26.2659],[78.8155,26.2572],[78.8091,26.2546],[78.8071,26.2515],[78.7899,26.2234],[78.8151,26.2023],[78.8286,26.202],[78.833,26.1997],[78.8235,26.1904],[78.7986,26.1664],[78.8161,26.1612],[78.8269,26.1375],[78.8202,26.1285],[78.8454,26.1118],[78.8357,26.0915],[78.8252,26.1008],[78.8,26.086],[78.8299,26.0687],[78.7902,26.0536],[78.8175,26.0427],[78.7859,26.0435],[78.7882,26.0311],[78.7727,26.0181],[78.7869,26.012],[78.7778,26.0027],[78.7869,25.9868],[78.7781,25.9692],[78.8013,25.9599],[78.804,25.944],[78.8414,25.9504],[78.8377,25.9388],[78.8656,25.9114],[78.8707,25.9064],[78.8804,25.9105],[78.8855,25.9125],[78.8949,25.8952],[78.8888,25.8743],[78.8777,25.8732],[78.8703,25.8723],[78.8646,25.8717],[78.8525,25.8564],[78.8505,25.8113],[78.8437,25.8234],[78.8182,25.8292],[78.8057,25.8136],[78.8141,25.8073],[78.8279,25.8145],[78.8286,25.7957],[78.8084,25.8009],[78.7828,25.7581],[78.7529,25.7509],[78.7633,25.7199],[78.8,25.7052],[78.7956,25.6968],[78.8168,25.6762],[78.8104,25.6204],[78.7421,25.597],[78.7172,25.6054],[78.6788,25.5854],[78.6583,25.56],[78.6243,25.5675],[78.6307,25.5791],[78.6189,25.5834],[78.6183,25.5837],[78.5877,25.5565],[78.4934,25.5788],[78.4668,25.5594],[78.4648,25.5455],[78.4463,25.5614],[78.4517,25.5721],[78.4652,25.5646],[78.4685,25.5843],[78.4413,25.5973],[78.4123,25.5635],[78.4103,25.564],[78.3898,25.5765],[78.4076,25.5979],[78.41,25.6005],[78.3847,25.6126],[78.3763,25.6586],[78.3541,25.6705],[78.3433,25.6583],[78.3238,25.6684],[78.309,25.6846],[78.3087,25.7078],[78.2848,25.7008],[78.2646,25.7211],[78.2488,25.7219],[78.2498,25.6881],[78.2165,25.6942],[78.2283,25.7283],[78.268,25.7526],[78.2895,25.7529],[78.2946,25.7621],[78.2851,25.7682],[78.2959,25.7859],[78.3269,25.7977],[78.3077,25.8116],[78.3245,25.8295],[78.3306,25.833],[78.3773,25.8365],[78.3881,25.8373],[78.3888,25.8373],[78.3878,25.8553],[78.4729,25.9102],[78.4823,25.962],[78.5426,25.9738],[78.5567,25.9938],[78.585,26.0056],[78.6035,26.0467],[78.6442,26.0606],[78.6314,26.0722],[78.6395,26.082],[78.6068,26.1008],[78.6072,26.1057],[78.6139,26.128],[78.6324,26.1233],[78.6364,26.1222],[78.6445,26.1202],[78.6523,26.1265],[78.6395,26.1283],[78.6274,26.1572]]]]}},{"type":"Feature","properties":{"district":"Chhatarpur","district_hi":"छतरपुर"},"geometry":{"type":"Polygon","coordinates":[[[78.9857,24.4414],[79.0231,24.5463],[79.0419,24.5556],[79.0709,24.5944],[79.0635,24.6218],[79.0911,24.6334],[79.1954,24.6129],[79.2162,24.6551],[79.2183,24.6629],[79.22,24.6629],[79.2257,24.6632],[79.2728,24.6643],[79.3031,24.6878],[79.3027,24.7109],[79.3202,24.7514],[79.3048,24.798],[79.3451,24.9038],[79.3286,25.0348],[79.3411,25.0828],[79.3236,25.1479],[79.3229,25.1493],[79.3209,25.1522],[79.3044,25.1782],[79.3048,25.1803],[79.3061,25.1869],[79.3014,25.2014],[79.2923,25.184],[79.2846,25.1921],[79.2839,25.193],[79.2795,25.243],[79.2795,25.2448],[79.3031,25.2335],[79.3286,25.2213],[79.3384,25.1979],[79.3522,25.2121],[79.333,25.228],[79.3438,25.2274],[79.3509,25.2638],[79.335,25.2696],[79.3165,25.256],[79.2936,25.2835],[79.2825,25.2621],[79.2755,25.2627],[79.2694,25.2633],[79.2627,25.2734],[79.2788,25.324],[79.2802,25.324],[79.295,25.3231],[79.2997,25.3376],[79.3522,25.3298],[79.336,25.2881],[79.3583,25.2844],[79.3552,25.2659],[79.3646,25.2612],[79.3737,25.2725],[79.3687,25.2925],[79.4077,25.274],[79.4087,25.256],[79.4367,25.2546],[79.4673,25.2832],[79.4945,25.2667],[79.4626,25.2647],[79.433,25.2205],[79.4491,25.215],[79.4404,25.1988],[79.4121,25.2002],[79.4118,25.1826],[79.3902,25.1701],[79.3838,25.1427],[79.4054,25.1062],[79.4262,25.119],[79.44,25.1013],[79.4774,25.1273],[79.4653,25.088],[79.4915,25.0796],[79.5053,25.0952],[79.5248,25.0973],[79.5181,25.1268],[79.5692,25.1719],[79.5958,25.1433],[79.6066,25.1525],[79.6002,25.1282],[79.6228,25.1407],[79.6732,25.1204],[79.6833,25.1352],[79.7173,25.1288],[79.7486,25.1398],[79.8405,25.0981],[79.86,25.0964],[79.861,25.0967],[79.8479,25.1106],[79.8516,25.1285],[79.8815,25.1421],[79.8664,25.1499],[79.8701,25.1722],[79.856,25.1939],[79.8687,25.2164],[79.8512,25.2355],[79.8778,25.2511],[79.9021,25.2407],[79.9074,25.2508],[79.9175,25.2268],[79.9485,25.2688],[80.0047,25.2673],[79.9986,25.2855],[80.0222,25.2977],[80.0185,25.3214],[80.0319,25.3396],[80.0336,25.3419],[80.0727,25.3367],[80.0888,25.3558],[80.1043,25.3509],[80.1036,25.35],[80.1312,25.3341],[80.1672,25.3639],[80.1689,25.3769],[80.1948,25.3781],[80.2026,25.4139],[80.2207,25.3969],[80.2362,25.4079],[80.2537,25.4009],[80.2641,25.4241],[80.2884,25.4171],[80.2975,25.4076],[80.3008,25.4041],[80.3153,25.3888],[80.32,25.3682],[80.32,25.3668],[80.3203,25.3659],[80.3099,25.3549],[80.3227,25.3321],[80.3109,25.2864],[80.3513,25.2772],[80.3836,25.2372],[80.4038,25.2433],[80.4038,25.2436],[80.4082,25.2326],[80.4304,25.1754],[80.431,25.1739],[80.428,25.1728],[80.3577,25.1424],[80.3567,25.1392],[80.3547,25.1323],[80.352,25.1239],[80.3513,25.1219],[80.3234,25.0976],[80.3183,25.075],[80.2911,25.0591],[80.2904,25.0588],[80.288,25.038],[80.2877,25.038],[80.2877,25.0377],[80.2631,25.025],[80.2601,25.0232],[80.2002,24.9735],[80.1571,24.957],[80.1504,24.935],[80.1497,24.935],[80.1497,24.9347],[80.0538,24.9388],[80.033,24.9217],[80.0605,24.8607],[80.0902,24.8387],[80.078,24.7988],[79.9926,24.7242],[79.9828,24.6872],[79.9535,24.6531],[79.9367,24.6615],[79.9259,24.6869],[79.8933,24.697],[79.8583,24.6227],[79.8425,24.6158],[79.8415,24.5946],[79.8549,24.5909],[79.8556,24.5813],[79.8849,24.5926],[79.8849,24.5753],[79.9041,24.5767],[79.8842,24.5692],[79.8755,24.5758],[79.8691,24.5521],[79.8822,24.518],[79.8637,24.5059],[79.8819,24.4758],[79.864,24.4564],[79.8856,24.3743],[79.8859,24.3737],[79.863,24.3587],[79.8506,24.3506],[79.8482,24.3488],[79.8472,24.3514],[79.8411,24.367],[79.8381,24.3743],[79.8327,24.378],[79.8146,24.3861],[79.8099,24.3864],[79.7954,24.3743],[79.795,24.374],[79.7725,24.3818],[79.751,24.4104],[79.7271,24.4038],[79.7247,24.4026],[79.7042,24.3766],[79.6806,24.396],[79.6813,24.3754],[79.6615,24.3824],[79.6598,24.3639],[79.6372,24.3821],[79.6248,24.3725],[79.6167,24.3786],[79.6288,24.3989],[79.6217,24.4182],[79.6066,24.4182],[79.5692,24.4451],[79.5669,24.4272],[79.5454,24.4197],[79.5669,24.3911],[79.5595,24.3835],[79.5087,24.3974],[79.473,24.3841],[79.4575,24.4075],[79.4417,24.4122],[79.4282,24.389],[79.3959,24.3835],[79.3929,24.3723],[79.3922,24.3676],[79.4138,24.3503],[79.3959,24.3268],[79.4047,24.3115],[79.3986,24.284],[79.3882,24.2788],[79.3976,24.2681],[79.3865,24.2149],[79.3751,24.2094],[79.3825,24.1953],[79.3004,24.1805],[79.3024,24.164],[79.3303,24.1533],[79.3303,24.153],[79.33,24.1528],[79.3263,24.1441],[79.3155,24.1377],[79.3145,24.1374],[79.3142,24.1371],[79.3135,24.1374],[79.261,24.1444],[79.2364,24.1441],[79.2253,24.1386],[79.2223,24.1319],[79.1839,24.1186],[79.1577,24.1221],[79.1506,24.1111],[79.1473,24.1062],[79.1446,24.1016],[79.1261,24.1019],[79.1247,24.1024],[79.114,24.1224],[79.1133,24.1224],[79.0968,24.1261],[79.0726,24.1319],[79.0796,24.147],[79.0541,24.1713],[79.0551,24.2123],[79.046,24.2216],[79.0658,24.2248],[79.0682,24.2612],[79.0827,24.2629],[79.0813,24.2491],[79.0813,24.2488],[79.0837,24.2479],[79.0934,24.2433],[79.0965,24.2421],[79.1133,24.2658],[79.1375,24.2511],[79.1399,24.2545],[79.1493,24.2681],[79.1752,24.2777],[79.1712,24.3083],[79.1839,24.3107],[79.1853,24.3159],[79.186,24.319],[79.1873,24.324],[79.1786,24.3315],[79.1601,24.3618],[79.1597,24.3618],[79.1597,24.3621],[79.1405,24.3647],[79.1553,24.3751],[79.1523,24.4055],[79.1681,24.4067],[79.1584,24.3734],[79.1988,24.3555],[79.2001,24.3341],[79.2109,24.33],[79.2331,24.3349],[79.2324,24.3618],[79.2462,24.3581],[79.2576,24.3697],[79.2768,24.3558],[79.295,24.3749],[79.2724,24.3824],[79.2549,24.4113],[79.2489,24.3905],[79.2435,24.4148],[79.2099,24.4148],[79.1806,24.433],[79.1325,24.4098],[79.1018,24.4125],[79.1008,24.4018],[79.0732,24.4067],[79.0534,24.3691],[79.0201,24.3832],[79.0086,24.3694],[78.9911,24.4174],[78.9925,24.4203],[78.9857,24.4414]],[[79.3741,25.1427],[79.3643,25.143],[79.3515,25.1201],[79.3509,25.1178],[79.3798,25.1013],[79.3724,25.0921],[79.3798,25.0649],[79.3653,25.0591],[79.3512,25.0689],[79.3562,25.0406],[79.3677,25.0545],[79.3687,25.0539],[79.3949,25.0322],[79.4151,25.0389],[79.4259,25.0585],[79.4074,25.0649],[79.406,25.0724],[79.3872,25.0857],[79.3808,25.1224],[79.364,25.1256],[79.3741,25.1427]]]}},{"type":"Feature","properties":{"district":"Panna","district_hi":"पन्ना"},"geometry":{"type":"MultiPolygon","coordinates":[[[[80.4771,24.9764],[80.4761,24.9747],[80.4708,24.9674],[80.4711,24.9668],[80.4906,24.9446],[80.4946,24.9113],[80.4798,24.885],[80.4782,24.8442],[80.4977,24.8593],[80.4872,24.861],[80.4866,24.8844],[80.5068,24.8919],[80.501,24.8992],[80.5175,24.9171],[80.5387,24.9003],[80.5761,24.9012],[80.6134,24.876],[80.6296,24.8783],[80.6313,24.8662],[80.5976,24.8457],[80.6037,24.8309],[80.5791,24.8228],[80.5754,24.8104],[80.5724,24.8205],[80.536,24.8058],[80.5249,24.8225],[80.5185,24.806],[80.53,24.811],[80.5337,24.8034],[80.5071,24.789],[80.5088,24.7708],[80.493,24.7818],[80.4856,24.7621],[80.4755,24.7664],[80.4778,24.7554],[80.4684,24.7667],[80.4361,24.7468],[80.4119,24.7786],[80.394,24.7447],[80.4092,24.7262],[80.4035,24.7083],[80.3823,24.7115],[80.3671,24.6898],[80.3446,24.6959],[80.355,24.6733],[80.3765,24.6814],[80.4135,24.6476],[80.424,24.6299],[80.4156,24.612],[80.4694,24.6137],[80.4566,24.5747],[80.4607,24.5527],[80.4425,24.5339],[80.4617,24.5322],[80.4657,24.5215],[80.459,24.5105],[80.4354,24.5064],[80.4226,24.4431],[80.4603,24.4367],[80.4667,24.4223],[80.457,24.4211],[80.4734,24.4153],[80.4657,24.4018],[80.4704,24.3751],[80.5,24.3749],[80.5128,24.3607],[80.5118,24.3439],[80.5391,24.3329],[80.5364,24.3176],[80.5764,24.3014],[80.5582,24.267],[80.5848,24.2577],[80.5677,24.2563],[80.5519,24.2713],[80.5502,24.2638],[80.5704,24.243],[80.5815,24.2441],[80.6033,24.2031],[80.6232,24.1996],[80.6192,24.1811],[80.6296,24.1976],[80.642,24.1877],[80.6787,24.1982],[80.6515,24.1869],[80.6484,24.1736],[80.6491,24.1817],[80.6313,24.184],[80.633,24.175],[80.6168,24.1692],[80.6249,24.1571],[80.6084,24.1689],[80.6114,24.1588],[80.5963,24.1533],[80.6094,24.1487],[80.5969,24.1354],[80.5771,24.1204],[80.5559,24.1209],[80.5599,24.1097],[80.5084,24.077],[80.4768,24.0666],[80.4411,24.0926],[80.4415,24.0362],[80.3853,24.0423],[80.3853,24.0408],[80.3856,24.0385],[80.3893,24.0024],[80.3587,23.9734],[80.3547,23.9694],[80.3594,23.9691],[80.3611,23.9541],[80.3621,23.9448],[80.3621,23.9431],[80.3291,23.9289],[80.3395,23.9084],[80.3069,23.9095],[80.2685,23.9399],[80.2322,23.946],[80.2143,23.9648],[80.2217,23.9787],[80.2312,23.9593],[80.2406,23.9717],[80.2328,23.9821],[80.1817,24.005],[80.1797,24.0041],[80.1716,23.9966],[80.1649,23.9578],[80.1467,23.9376],[80.1191,23.9503],[80.1188,23.9674],[80.1023,23.9798],[80.0844,23.974],[80.0531,23.9917],[80.04,23.9789],[80.0158,23.9766],[80.0158,23.9561],[79.9919,23.9301],[79.9865,23.8945],[79.9515,23.85],[79.9586,23.8378],[79.9465,23.8234],[79.9397,23.8309],[79.9017,23.8213],[79.8647,23.8289],[79.8543,23.8531],[79.8714,23.9006],[79.8321,23.9419],[79.858,23.9885],[79.8344,24.0021],[79.8448,24.007],[79.8442,24.0226],[79.7661,24.042],[79.7537,24.0348],[79.7523,24.0533],[79.7425,24.0429],[79.7351,24.0605],[79.7375,24.0671],[79.7402,24.0735],[79.7621,24.0735],[79.7637,24.1059],[79.7836,24.1137],[79.7816,24.1319],[79.795,24.1331],[79.7924,24.1493],[79.8119,24.16],[79.8105,24.1993],[79.8344,24.2025],[79.8411,24.219],[79.8351,24.2326],[79.8438,24.2453],[79.8061,24.2635],[79.8085,24.2835],[79.8401,24.2835],[79.857,24.2976],[79.8576,24.2982],[79.8324,24.3193],[79.7994,24.3173],[79.821,24.3503],[79.8008,24.3636],[79.7954,24.3743],[79.8099,24.3864],[79.8146,24.3861],[79.8327,24.378],[79.8381,24.3743],[79.8411,24.367],[79.8472,24.3514],[79.8482,24.3488],[79.8506,24.3506],[79.863,24.3587],[79.8859,24.3737],[79.8856,24.3743],[79.864,24.4564],[79.8819,24.4758],[79.8637,24.5059],[79.8822,24.518],[79.8691,24.5521],[79.8755,24.5758],[79.8842,24.5692],[79.9041,24.5767],[79.8849,24.5753],[79.8849,24.5926],[79.8556,24.5813],[79.8549,24.5909],[79.8415,24.5946],[79.8425,24.6158],[79.8583,24.6227],[79.8933,24.697],[79.9259,24.6869],[79.9367,24.6615],[79.9535,24.6531],[79.9828,24.6872],[79.9926,24.7242],[80.078,24.7988],[80.0902,24.8387],[80.0605,24.8607],[80.033,24.9217],[80.0538,24.9388],[80.1497,24.9347],[80.1497,24.935],[80.1504,24.935],[80.1571,24.957],[80.2002,24.9735],[80.2601,25.0232],[80.2631,25.025],[80.285,25.0195],[80.2998,25.0157],[80.3311,24.9923],[80.3415,25.0134],[80.3574,25.0117],[80.3631,25.0235],[80.3873,25.0044],[80.3964,25.012],[80.3779,25.027],[80.39,25.0357],[80.3705,25.0426],[80.3735,25.0559],[80.388,25.051],[80.4008,25.0695],[80.4088,25.0553],[80.4159,25.0733],[80.4331,25.0657],[80.4489,25.0788],[80.4492,25.0782],[80.4516,25.0623],[80.465,25.0646],[80.4664,25.0649],[80.4751,25.038],[80.502,25.0371],[80.4745,25.0305],[80.4546,25.0423],[80.4331,25.0238],[80.4549,25.0056],[80.4391,24.9958],[80.4506,24.9987],[80.4623,25.0018],[80.463,25.0021],[80.4563,24.9816],[80.4771,24.9764]]],[[[80.2911,25.0591],[80.3183,25.075],[80.3234,25.0976],[80.3513,25.1219],[80.352,25.1239],[80.355,25.1265],[80.3732,25.1166],[80.3705,25.0996],[80.3486,25.0866],[80.3459,25.0649],[80.3553,25.0556],[80.3368,25.0591],[80.3314,25.0478],[80.3116,25.0443],[80.2911,25.0591]]]]}},{"type":"Feature","properties":{"district":"Niwari","district_hi":"निवाड़ी"},"geometry":{"type":"Polygon","coordinates":[[[78.8804,25.1577],[78.8868,25.1603],[78.8451,25.0978],[78.7943,25.0796],[78.7929,25.0793],[78.7926,25.0796],[78.7855,25.0866],[78.7771,25.0947],[78.7768,25.0947],[78.7465,25.0808],[78.729,25.0961],[78.6866,25.0738],[78.6395,25.0712],[78.6304,25.0831],[78.628,25.0863],[78.6277,25.0863],[78.6021,25.095],[78.6031,25.1467],[78.5702,25.2205],[78.5691,25.2228],[78.5685,25.2248],[78.559,25.2127],[78.5557,25.2092],[78.5779,25.2531],[78.5345,25.2682],[78.5318,25.2841],[78.5126,25.2766],[78.5035,25.2896],[78.4504,25.2621],[78.4352,25.2844],[78.4352,25.2847],[78.453,25.3006],[78.4541,25.3009],[78.4729,25.2855],[78.4981,25.32],[78.5103,25.2954],[78.5331,25.3009],[78.553,25.3197],[78.5298,25.3535],[78.5523,25.3561],[78.5621,25.3408],[78.585,25.3468],[78.5873,25.3726],[78.5779,25.3816],[78.5617,25.3784],[78.5665,25.3908],[78.5914,25.3859],[78.6105,25.416],[78.6351,25.4006],[78.6449,25.4145],[78.6412,25.4333],[78.6583,25.4411],[78.6822,25.4336],[78.6893,25.4458],[78.7115,25.4281],[78.6745,25.3998],[78.6657,25.4154],[78.66,25.3839],[78.7149,25.3729],[78.7095,25.3512],[78.7266,25.3434],[78.7748,25.3529],[78.766,25.3691],[78.7737,25.3761],[78.7569,25.3853],[78.768,25.4001],[78.7485,25.3917],[78.7482,25.4099],[78.8215,25.4226],[78.803,25.4371],[78.7623,25.427],[78.7522,25.4469],[78.732,25.4576],[78.7381,25.4949],[78.7448,25.4995],[78.7475,25.4842],[78.768,25.4695],[78.7916,25.4833],[78.8182,25.4718],[78.8091,25.4536],[78.8205,25.4677],[78.841,25.4617],[78.8353,25.4547],[78.8548,25.4478],[78.8209,25.4388],[78.8441,25.4278],[78.8663,25.4657],[78.835,25.5059],[78.8845,25.5155],[78.8865,25.5325],[78.8744,25.5409],[78.8828,25.5539],[78.911,25.5551],[78.9235,25.536],[78.9383,25.5556],[78.9403,25.5559],[78.9528,25.5374],[78.9201,25.5155],[78.9201,25.5152],[78.9423,25.492],[78.9265,25.49],[78.943,25.4807],[78.9363,25.4617],[78.909,25.4423],[78.9383,25.4223],[78.9507,25.4405],[78.9672,25.4345],[78.9763,25.42],[78.9699,25.3902],[78.9894,25.374],[78.9753,25.3659],[78.9592,25.3714],[78.9386,25.3468],[78.9013,25.3616],[78.8966,25.374],[78.9161,25.3816],[78.9383,25.3749],[78.9575,25.3937],[78.9531,25.4001],[78.9178,25.3963],[78.9137,25.3842],[78.8801,25.3859],[78.8458,25.3555],[78.8461,25.3269],[78.8427,25.3364],[78.8192,25.3069],[78.7983,25.3139],[78.7879,25.2959],[78.799,25.2893],[78.8172,25.3067],[78.8286,25.3026],[78.8185,25.2988],[78.8094,25.2705],[78.8498,25.2289],[78.8666,25.2803],[78.8797,25.2858],[78.8744,25.3087],[78.8626,25.3145],[78.8676,25.3254],[78.8811,25.3249],[78.8821,25.3437],[78.9117,25.3327],[78.9225,25.3428],[78.9322,25.3359],[78.9279,25.324],[78.9605,25.3451],[78.9575,25.3023],[78.98,25.2792],[78.9555,25.2826],[78.9544,25.2612],[78.945,25.2595],[78.9171,25.2737],[78.8996,25.243],[78.8811,25.254],[78.8808,25.254],[78.871,25.2344],[78.8696,25.2312],[78.8707,25.23],[78.8905,25.2144],[78.8707,25.1869],[78.8804,25.1577]]]}}]}