{"type":"FeatureCollection","features":[{"type":"Feature","properties":{"district":"Churu","district_hi":"चूरू"},"geometry":{"type":"Polygon","coordinates":[[[75.4742,28.926],[75.4965,28.8962],[75.4984,28.849],[75.5203,28.834],[75.5035,28.7824],[75.5304,28.7473],[75.5429,28.7504],[75.5304,28.7383],[75.5398,28.7248],[75.5414,28.6606],[75.5609,28.6359],[75.5617,28.6134],[75.6218,28.6019],[75.6222,28.6016],[75.6335,28.5443],[75.6666,28.5329],[75.6709,28.5315],[75.669,28.5249],[75.6706,28.5187],[75.6702,28.519],[75.6639,28.5103],[75.6073,28.5083],[75.603,28.4493],[75.5855,28.4413],[75.6112,28.408],[75.5683,28.4128],[75.5675,28.3806],[75.5285,28.3851],[75.5285,28.374],[75.5129,28.3709],[75.5121,28.3476],[75.5008,28.3369],[75.4559,28.3403],[75.4418,28.3677],[75.4145,28.3643],[75.4184,28.3417],[75.3821,28.3379],[75.3805,28.3389],[75.3317,28.3667],[75.329,28.3951],[75.2994,28.4281],[75.2888,28.4253],[75.2767,28.452],[75.2611,28.451],[75.2482,28.4645],[75.2318,28.4569],[75.2338,28.4399],[75.217,28.4295],[75.2252,28.3951],[75.1916,28.3806],[75.1452,28.382],[75.1639,28.3448],[75.1479,28.3244],[75.1561,28.3122],[75.1479,28.2952],[75.1229,28.289],[75.0975,28.2657],[75.0761,28.2685],[75.0449,28.255],[75.0484,28.2283],[75.0257,28.2081],[75.0253,28.2054],[75.0249,28.2026],[75.0242,28.1984],[75.0113,28.1936],[75.0062,28.1988],[74.9453,28.1856],[74.9297,28.1963],[74.8872,28.1894],[74.8587,28.1339],[74.8263,28.1117],[74.7939,28.1155],[74.7849,28.0822],[74.8068,28.0624],[74.8032,28.0301],[74.7927,28.0246],[74.7919,28.0031],[74.7599,27.9888],[74.7849,27.9542],[74.8204,27.9417],[74.8329,27.9233],[74.8274,27.9087],[74.7935,27.8941],[74.7759,27.9007],[74.7357,27.8914],[74.7299,27.8764],[74.7412,27.8771],[74.7303,27.8726],[74.7369,27.8587],[74.7662,27.8584],[74.7794,27.8348],[74.7966,27.8404],[74.8185,27.8011],[74.7872,27.7751],[74.7424,27.7668],[74.733,27.756],[74.7271,27.7217],[74.7295,27.7213],[74.7381,27.7248],[74.7505,27.7151],[74.7474,27.6856],[74.7377,27.6773],[74.717,27.678],[74.7002,27.6787],[74.6436,27.6544],[74.6272,27.6488],[74.6046,27.6783],[74.626,27.695],[74.6241,27.6964],[74.6081,27.7078],[74.546,27.6634],[74.5265,27.6752],[74.4953,27.6669],[74.4918,27.6873],[74.4106,27.6887],[74.4035,27.6995],[74.3715,27.6828],[74.3407,27.6811],[74.3352,27.661],[74.3091,27.6492],[74.313,27.6367],[74.2779,27.6252],[74.2533,27.6013],[74.2576,27.5628],[74.2435,27.5562],[74.2392,27.525],[74.1951,27.4989],[74.1908,27.4812],[74.2088,27.4701],[74.2041,27.4223],[74.151,27.4153],[74.1451,27.4216],[74.144,27.4309],[74.1412,27.4521],[74.1186,27.459],[74.1116,27.474],[74.0815,27.4781],[74.0292,27.5354],[73.9914,27.5045],[73.9562,27.5104],[73.9082,27.4896],[73.8907,27.5003],[73.875,27.5378],[73.8758,27.5381],[73.877,27.5385],[73.8844,27.5593],[73.8743,27.5798],[73.8949,27.6023],[73.8575,27.6599],[73.8711,27.6634],[73.8657,27.687],[73.8766,27.6977],[73.8629,27.7342],[73.8672,27.7793],[73.8864,27.7911],[73.9223,27.7824],[73.9921,27.8109],[74.0038,27.7883],[74.0316,27.7678],[73.9906,27.7776],[73.991,27.7547],[74.0245,27.7612],[73.9972,27.7345],[74.0191,27.722],[74.0351,27.73],[74.0394,27.72],[74.0659,27.7307],[74.0866,27.7727],[74.119,27.7977],[74.1752,27.7949],[74.2263,27.8175],[74.2318,27.8351],[74.2181,27.8764],[74.222,27.9032],[74.2349,27.9056],[74.2513,27.934],[74.233,27.9639],[74.2447,27.9705],[74.2388,27.9989],[74.2962,28.0444],[74.2779,28.0916],[74.297,28.1197],[74.2943,28.145],[74.3407,28.1651],[74.3583,28.2054],[74.3212,28.2543],[74.279,28.2591],[74.2482,28.2466],[74.2107,28.2827],[74.199,28.2793],[74.1939,28.2872],[74.2111,28.3032],[74.1975,28.3313],[74.1498,28.3188],[74.1483,28.3375],[74.1268,28.3466],[74.0616,28.332],[74.0277,28.3764],[74.0296,28.4042],[74.0792,28.4236],[74.0589,28.4479],[74.0647,28.4954],[74.0542,28.5263],[74.1085,28.5853],[74.0792,28.6699],[74.1924,28.7095],[74.174,28.7366],[74.1389,28.7369],[74.151,28.7591],[74.1608,28.765],[74.16,28.7765],[74.1604,28.7768],[74.1697,28.7941],[74.1783,28.7994],[74.1838,28.8025],[74.1951,28.8094],[74.224,28.8122],[74.2252,28.8125],[74.2263,28.8125],[74.2459,28.8125],[74.2509,28.799],[74.254,28.7983],[74.2685,28.7962],[74.3614,28.8528],[74.3797,28.875],[74.4192,28.8851],[74.4371,28.8288],[74.4765,28.8153],[74.5238,28.8257],[74.5417,28.8167],[74.5823,28.8292],[74.5956,28.8115],[74.6315,28.8125],[74.635,28.8365],[74.6924,28.8334],[74.7201,28.8504],[74.7486,28.8535],[74.7529,28.8281],[74.7716,28.8223],[74.7986,28.8313],[74.7958,28.8563],[74.7677,28.8726],[74.7654,28.8889],[74.7806,28.9132],[74.8025,28.9291],[74.8598,28.944],[74.9012,28.9388],[74.8973,28.9267],[74.9239,28.892],[74.9414,28.8927],[74.9465,28.9066],[74.9949,28.9093],[75.0023,28.9305],[75.0359,28.9385],[75.0449,28.8955],[75.0292,28.8809],[75.0277,28.851],[75.1225,28.8767],[75.1475,28.8743],[75.1702,28.8472],[75.1838,28.8608],[75.1893,28.8677],[75.1904,28.8674],[75.2217,28.8583],[75.2193,28.8653],[75.2467,28.884],[75.2435,28.9312],[75.2763,28.9312],[75.2931,28.9177],[75.2997,28.9496],[75.3075,28.951],[75.2912,28.9694],[75.2947,28.9829],[75.3341,28.9819],[75.3575,28.9669],[75.3575,28.9475],[75.3552,28.9468],[75.3345,28.9395],[75.3345,28.9392],[75.3341,28.9381],[75.3329,28.9204],[75.3532,28.9149],[75.3665,28.9149],[75.3751,28.9208],[75.3774,28.9381],[75.3989,28.9409],[75.402,28.9701],[75.4274,28.9995],[75.4274,28.9999],[75.4508,28.9843],[75.4527,28.9544],[75.4742,28.926]]]}},{"type":"Feature","properties":{"district":"Jhunjhunu","district_hi":"झुंझुनूं"},"geometry":{"type":"Polygon","coordinates":[[[75.0249,28.2026],[75.0253,28.2054],[75.0257,28.2081],[75.0484,28.2283],[75.0449,28.255],[75.0761,28.2685],[75.0975,28.2657],[75.1229,28.289],[75.1479,28.2952],[75.1561,28.3122],[75.1479,28.3244],[75.1639,28.3448],[75.1452,28.382],[75.1916,28.3806],[75.2252,28.3951],[75.217,28.4295],[75.2338,28.4399],[75.2318,28.4569],[75.2482,28.4645],[75.2611,28.451],[75.2767,28.452],[75.2888,28.4253],[75.2994,28.4281],[75.329,28.3951],[75.3317,28.3667],[75.3805,28.3389],[75.3821,28.3379],[75.4184,28.3417],[75.4145,28.3643],[75.4418,28.3677],[75.4559,28.3403],[75.5008,28.3369],[75.5121,28.3476],[75.5129,28.3709],[75.5285,28.374],[75.5285,28.3851],[75.5675,28.3806],[75.5683,28.4128],[75.6112,28.408],[75.5855,28.4413],[75.603,28.4493],[75.6073,28.5083],[75.6639,28.5103],[75.6702,28.519],[75.6706,28.5187],[75.7018,28.4919],[75.7396,28.4847],[75.7357,28.4687],[75.7884,28.4534],[75.7884,28.4337],[75.7666,28.4142],[75.7767,28.4003],[75.7826,28.4017],[75.8189,28.4097],[75.856,28.3896],[75.8727,28.3865],[75.8927,28.3896],[75.8962,28.3899],[75.9005,28.3719],[75.9184,28.3719],[75.9329,28.3365],[75.9551,28.3337],[75.9578,28.314],[75.9727,28.3185],[75.9863,28.2931],[76.0261,28.2751],[76.016,28.2369],[76.0558,28.2203],[76.0472,28.1981],[76.0718,28.1943],[76.0886,28.1561],[76.0925,28.1471],[76.0948,28.1415],[76.0808,28.1415],[76.0652,28.1415],[76.0706,28.1651],[76.0316,28.1679],[76.0168,28.1502],[76.0074,28.1533],[75.9988,28.1228],[75.9766,28.1249],[75.9457,28.1072],[75.9387,28.0881],[75.9836,28.0815],[75.9883,28.0662],[75.975,28.051],[75.9844,28.0471],[76.0078,28.0589],[76.023,28.086],[76.041,28.0742],[76.0254,28.0541],[76.0082,28.0582],[76.0172,28.0527],[76.0164,28.0305],[75.9949,28.0385],[75.9937,28.0381],[75.9746,28.0249],[75.9711,28.0159],[75.9957,28.0069],[75.9898,27.9947],[75.9668,28.0],[75.9656,27.9836],[75.9996,27.9771],[75.982,27.9653],[75.9727,27.9326],[75.9469,27.9458],[75.9325,27.9302],[75.9329,27.9285],[75.9321,27.9299],[75.9301,27.9285],[75.909,27.916],[75.9087,27.9063],[75.8985,27.9132],[75.7681,27.831],[75.7119,27.7605],[75.7197,27.7474],[75.719,27.7456],[75.6866,27.6787],[75.6674,27.6769],[75.6616,27.6898],[75.6666,27.7158],[75.6436,27.7203],[75.6186,27.7026],[75.5929,27.7109],[75.5905,27.7026],[75.5691,27.6995],[75.5402,27.712],[75.5133,27.6919],[75.475,27.6943],[75.4645,27.6683],[75.4289,27.6415],[75.395,27.6631],[75.3751,27.6436],[75.3774,27.6818],[75.3645,27.6946],[75.3259,27.6974],[75.3212,27.7099],[75.2849,27.7189],[75.2591,27.7671],[75.2884,27.7744],[75.2865,27.8209],[75.2404,27.814],[75.2439,27.8462],[75.2295,27.8792],[75.21,27.8823],[75.2029,27.9097],[75.1916,27.9167],[75.1932,27.9583],[75.1655,27.959],[75.1436,28.0274],[75.1272,28.0256],[75.1061,28.0506],[75.0968,28.0718],[75.1136,28.0895],[75.1077,28.1155],[75.128,28.1214],[75.1268,28.1367],[75.0882,28.1623],[75.0527,28.1596],[75.0523,28.1686],[75.0831,28.1873],[75.0815,28.1884],[75.0812,28.189],[75.0718,28.1956],[75.0456,28.1911],[75.0277,28.2033],[75.0249,28.2026]]]}},{"type":"Feature","properties":{"district":"Jaisalmer","district_hi":"जैसलमेर"},"geometry":{"type":"Polygon","coordinates":[[[71.8801,27.9139],[71.8707,27.9042],[71.8828,27.8834],[71.8918,27.8685],[71.8988,27.8827],[71.9222,27.8671],[71.9234,27.8678],[71.9261,27.8688],[71.9355,27.8782],[71.9374,27.883],[71.9308,27.8914],[71.9624,27.9323],[71.9835,27.9292],[72.0065,27.9507],[72.0288,27.951],[72.0666,27.9299],[72.0881,27.9038],[72.1392,27.8799],[72.1494,27.8601],[72.1377,27.8469],[72.1498,27.8011],[72.1627,27.7914],[72.0998,27.7474],[72.0951,27.7442],[72.0944,27.7179],[72.0967,27.7154],[72.1404,27.7141],[72.1826,27.6988],[72.183,27.6984],[72.2142,27.6787],[72.2197,27.6606],[72.2938,27.7099],[72.3375,27.6936],[72.2977,27.5999],[72.2766,27.5687],[72.2563,27.561],[72.2798,27.5538],[72.2778,27.5527],[72.2684,27.5479],[72.2575,27.5423],[72.2458,27.5288],[72.2427,27.509],[72.2431,27.4878],[72.2427,27.484],[72.2388,27.4847],[72.2384,27.4809],[72.2099,27.4927],[72.2087,27.4802],[72.1748,27.4625],[72.1564,27.4767],[72.1595,27.4962],[72.1365,27.5229],[72.1431,27.5364],[72.1037,27.561],[72.1271,27.5815],[72.0491,27.6159],[72.0245,27.5971],[71.9991,27.5715],[71.9667,27.5531],[71.9238,27.5631],[71.8965,27.5291],[71.8918,27.4767],[71.8762,27.4875],[71.8324,27.4819],[71.809,27.4413],[71.8203,27.4011],[71.8168,27.3411],[71.841,27.3046],[71.8851,27.2915],[71.9132,27.2297],[71.9121,27.1797],[71.9531,27.1842],[71.9616,27.1412],[71.9917,27.135],[72.0417,27.1055],[72.0257,27.0555],[72.051,27.0396],[72.0323,27.0236],[72.0421,27.0181],[72.0495,26.9688],[72.0374,26.9355],[72.0787,26.9154],[72.1022,26.8869],[72.101,26.8584],[72.0877,26.8508],[72.0987,26.831],[72.0846,26.8085],[72.0553,26.804],[72.0452,26.7901],[72.0596,26.7828],[72.0581,26.7627],[72.0866,26.7315],[72.0858,26.7193],[72.0694,26.72],[72.0382,26.6815],[72.0647,26.6478],[72.0588,26.6416],[72.0975,26.602],[72.0276,26.5004],[72.0772,26.4532],[72.0713,26.3505],[72.0647,26.3505],[72.0389,26.3508],[72.0206,26.346],[71.9816,26.3186],[71.8926,26.2981],[71.8828,26.3394],[71.8379,26.3741],[71.8172,26.3585],[71.8129,26.3338],[71.802,26.3335],[71.7872,26.3463],[71.7552,26.3484],[71.7516,26.3626],[71.7161,26.3866],[71.7021,26.3925],[71.6751,26.3835],[71.6342,26.4046],[71.6224,26.4171],[71.6314,26.4303],[71.6127,26.4813],[71.5904,26.5018],[71.5729,26.5059],[71.5198,26.4869],[71.4878,26.4577],[71.4679,26.474],[71.4503,26.5125],[71.4433,26.5073],[71.4359,26.4969],[71.3266,26.4209],[71.3071,26.4359],[71.2961,26.464],[71.2833,26.4671],[71.2126,26.4428],[71.1822,26.4074],[71.1892,26.3848],[71.1404,26.3078],[71.126,26.303],[71.0752,26.3227],[71.0588,26.3127],[71.0701,26.2946],[71.0553,26.2835],[71.0112,26.2801],[70.9987,26.2599],[70.9491,26.2443],[70.9405,26.2239],[71.0073,26.2232],[71.0108,26.1996],[71.0389,26.1725],[71.0498,26.1392],[71.0237,26.1139],[70.9987,26.1128],[70.9398,26.0795],[70.9675,26.033],[70.9581,26.0178],[70.9405,26.0292],[70.9398,26.0538],[70.8676,26.1312],[70.7415,26.1413],[70.7103,26.1656],[70.7153,26.2103],[70.6806,26.211],[70.654,26.1964],[70.5604,26.1982],[70.4991,26.1722],[70.4304,26.1746],[70.4241,26.1926],[70.4077,26.1978],[70.3625,26.1423],[70.2992,26.1444],[70.2899,26.1552],[70.2707,26.1538],[70.2688,26.1635],[70.2497,26.1569],[70.2208,26.1191],[70.2208,26.1187],[70.2005,26.1461],[70.1408,26.1559],[70.1751,26.2513],[70.1634,26.295],[70.1853,26.3744],[70.1739,26.5514],[70.1173,26.5871],[70.0561,26.6007],[69.8859,26.5788],[69.8223,26.5892],[69.7918,26.5982],[69.7196,26.6548],[69.51,26.7436],[69.4842,26.805],[69.5131,27.0101],[69.5869,27.1836],[69.702,27.2838],[69.8628,27.4021],[69.9335,27.4979],[70.0256,27.5628],[70.1322,27.8057],[70.2259,27.9007],[70.2957,27.9358],[70.3718,28.0117],[70.5069,28.0367],[70.5892,28.0104],[70.6771,27.9219],[70.6841,27.8282],[70.759,27.7213],[70.8715,27.7057],[70.9058,27.7095],[71.2052,27.8355],[71.3828,27.8726],[71.6662,27.8778],[71.875,27.9548],[71.8801,27.9139]]]}},{"type":"Feature","properties":{"district":"Sikar","district_hi":"सीकर"},"geometry":{"type":"Polygon","coordinates":[[[74.717,27.678],[74.7377,27.6773],[74.7474,27.6856],[74.7505,27.7151],[74.7381,27.7248],[74.7295,27.7213],[74.7271,27.7217],[74.733,27.756],[74.7424,27.7668],[74.7872,27.7751],[74.8185,27.8011],[74.7966,27.8404],[74.7794,27.8348],[74.7662,27.8584],[74.7369,27.8587],[74.7303,27.8726],[74.7412,27.8771],[74.7299,27.8764],[74.7357,27.8914],[74.7759,27.9007],[74.7935,27.8941],[74.8274,27.9087],[74.8329,27.9233],[74.8204,27.9417],[74.7849,27.9542],[74.7599,27.9888],[74.7919,28.0031],[74.7927,28.0246],[74.8032,28.0301],[74.8068,28.0624],[74.7849,28.0822],[74.7939,28.1155],[74.8263,28.1117],[74.8587,28.1339],[74.8872,28.1894],[74.9297,28.1963],[74.9453,28.1856],[75.0062,28.1988],[75.0113,28.1936],[75.0242,28.1984],[75.0249,28.2026],[75.0277,28.2033],[75.0456,28.1911],[75.0718,28.1956],[75.0812,28.189],[75.0815,28.1884],[75.0831,28.1873],[75.0523,28.1686],[75.0527,28.1596],[75.0882,28.1623],[75.1268,28.1367],[75.128,28.1214],[75.1077,28.1155],[75.1136,28.0895],[75.0968,28.0718],[75.1061,28.0506],[75.1272,28.0256],[75.1436,28.0274],[75.1655,27.959],[75.1932,27.9583],[75.1916,27.9167],[75.2029,27.9097],[75.21,27.8823],[75.2295,27.8792],[75.2439,27.8462],[75.2404,27.814],[75.2865,27.8209],[75.2884,27.7744],[75.2591,27.7671],[75.2849,27.7189],[75.3212,27.7099],[75.3259,27.6974],[75.3645,27.6946],[75.3774,27.6818],[75.3751,27.6436],[75.395,27.6631],[75.4289,27.6415],[75.4645,27.6683],[75.475,27.6943],[75.5133,27.6919],[75.5402,27.712],[75.5691,27.6995],[75.5905,27.7026],[75.5929,27.7109],[75.6186,27.7026],[75.6436,27.7203],[75.6666,27.7158],[75.6616,27.6898],[75.6674,27.6769],[75.6866,27.6787],[75.719,27.7456],[75.7197,27.7474],[75.7119,27.7605],[75.7681,27.831],[75.8985,27.9132],[75.9087,27.9063],[75.909,27.916],[75.9301,27.9285],[75.9321,27.9299],[75.9329,27.9285],[75.9371,27.9174],[75.9875,27.9042],[75.9754,27.8938],[75.9844,27.8827],[75.9715,27.8525],[75.9871,27.8417],[76.048,27.8351],[76.0605,27.8483],[76.0749,27.8438],[76.0761,27.8417],[76.0745,27.841],[76.0792,27.8376],[76.0898,27.822],[76.0898,27.8178],[76.0859,27.8088],[76.0761,27.8029],[76.0667,27.7678],[76.0515,27.7692],[76.0289,27.7196],[75.9898,27.6922],[75.9781,27.6537],[75.9571,27.6374],[75.9637,27.6225],[75.9403,27.6193],[75.9446,27.5916],[75.9625,27.5996],[75.9668,27.5916],[75.9426,27.5708],[75.9524,27.5624],[75.9383,27.4972],[75.984,27.4962],[75.9859,27.4684],[75.9532,27.4715],[75.918,27.4514],[75.8884,27.4531],[75.8704,27.4171],[75.8837,27.3973],[75.8751,27.3879],[75.8478,27.3997],[75.8271,27.3865],[75.8126,27.4008],[75.7962,27.3758],[75.7795,27.3806],[75.7767,27.3983],[75.74,27.3997],[75.7201,27.3779],[75.7229,27.3615],[75.6725,27.3633],[75.6604,27.331],[75.628,27.3345],[75.6182,27.3112],[75.6003,27.3012],[75.5706,27.3033],[75.5796,27.3241],[75.5636,27.3393],[75.5265,27.3359],[75.475,27.2824],[75.4574,27.2807],[75.4414,27.2922],[75.3786,27.2887],[75.3922,27.279],[75.3891,27.229],[75.3271,27.211],[75.3259,27.2089],[75.32,27.1985],[75.3126,27.1849],[75.3154,27.144],[75.3157,27.1437],[75.2978,27.1398],[75.2974,27.126],[75.283,27.1214],[75.2673,27.1298],[75.1971,27.126],[75.1928,27.1381],[75.1709,27.1391],[75.1768,27.1558],[75.1276,27.1666],[75.1163,27.1787],[75.121,27.2117],[75.0694,27.2158],[75.0862,27.2436],[75.0999,27.2436],[75.1331,27.2807],[75.1557,27.2783],[75.1647,27.3036],[75.1616,27.3171],[75.1069,27.3355],[75.1151,27.3772],[75.0776,27.3858],[75.0456,27.3775],[75.0351,27.3546],[74.9473,27.3497],[74.9399,27.3383],[74.8989,27.331],[74.8993,27.3154],[74.8801,27.3098],[74.8673,27.3352],[74.8805,27.3449],[74.8751,27.372],[74.8473,27.3772],[74.8743,27.4112],[74.8598,27.4497],[74.8013,27.4497],[74.7974,27.4868],[74.772,27.4941],[74.7552,27.4875],[74.7505,27.5003],[74.7314,27.493],[74.7213,27.5014],[74.7193,27.5392],[74.7623,27.5656],[74.7615,27.5815],[74.7568,27.593],[74.7424,27.5846],[74.7314,27.6089],[74.7057,27.5964],[74.701,27.6221],[74.7135,27.6388],[74.6815,27.6693],[74.717,27.678]]]}},{"type":"Feature","properties":{"district":"Alwar","district_hi":"अलवर"},"geometry":{"type":"Polygon","coordinates":[[[76.2252,27.8334],[76.2088,27.84],[76.2115,27.8449],[76.194,27.8594],[76.2014,27.8927],[76.1682,27.9035],[76.1866,27.9656],[76.1635,27.9736],[76.16,27.9975],[76.1768,28.0215],[76.1967,28.0156],[76.2166,28.0353],[76.1959,28.0305],[76.1799,28.0544],[76.2381,28.0496],[76.2428,28.0645],[76.2611,28.0676],[76.2935,28.0492],[76.2923,28.026],[76.3189,28.0156],[76.3415,28.0301],[76.3548,28.0683],[76.3013,28.0978],[76.3017,28.0978],[76.3013,28.0978],[76.3091,28.1082],[76.3365,28.1027],[76.3599,28.1249],[76.3208,28.1485],[76.2974,28.1491],[76.3044,28.1592],[76.2806,28.1655],[76.281,28.1658],[76.2923,28.1793],[76.3115,28.1779],[76.3247,28.1731],[76.3454,28.1693],[76.3579,28.1609],[76.3568,28.1436],[76.3716,28.1373],[76.3911,28.1394],[76.3997,28.145],[76.4196,28.1426],[76.4485,28.1457],[76.4692,28.1512],[76.4703,28.1481],[76.4735,28.1398],[76.4754,28.1332],[76.4801,28.1308],[76.4918,28.1297],[76.4899,28.1256],[76.502,28.119],[76.4992,28.0995],[76.4637,28.1089],[76.4477,28.0891],[76.5016,28.06],[76.4895,28.0527],[76.4614,28.0586],[76.4547,28.0423],[76.4973,28.0433],[76.5102,28.0298],[76.5293,28.0402],[76.5437,28.0343],[76.5386,27.9746],[76.5425,27.9673],[76.5515,27.9666],[76.5675,27.9739],[76.5886,27.9979],[76.6682,28.0138],[76.6542,28.0346],[76.6573,28.0895],[76.6874,28.0877],[76.7159,28.1276],[76.7436,28.121],[76.7623,28.1426],[76.7947,28.1485],[76.8006,28.1623],[76.7924,28.1842],[76.8123,28.1908],[76.8084,28.2109],[76.831,28.2092],[76.8501,28.2213],[76.8529,28.221],[76.8747,28.2178],[76.8728,28.2057],[76.9067,28.2005],[76.8927,28.1835],[76.9321,28.153],[76.9508,28.1498],[76.9481,28.1422],[76.9703,28.1384],[76.9309,27.9937],[76.938,27.983],[76.9317,27.9226],[76.9516,27.9184],[76.9504,27.8959],[76.9376,27.8966],[76.9422,27.8428],[76.9356,27.8292],[76.9138,27.832],[76.9098,27.8154],[76.9188,27.8043],[76.8923,27.7324],[76.8942,27.7179],[76.9243,27.6998],[76.8974,27.6977],[76.8935,27.6974],[76.9059,27.6863],[76.8981,27.6776],[76.9138,27.6551],[76.9329,27.6561],[76.9426,27.6735],[76.943,27.6738],[76.9723,27.6575],[76.9782,27.654],[76.9785,27.654],[76.9801,27.6419],[76.9832,27.6197],[76.9446,27.6169],[76.9668,27.6114],[76.9344,27.6034],[76.9461,27.586],[76.9395,27.5767],[76.9614,27.576],[76.9579,27.5593],[76.9454,27.5597],[76.9598,27.5437],[76.9723,27.552],[76.9953,27.5336],[77.0172,27.5378],[77.0199,27.5465],[76.9973,27.5583],[76.9992,27.5704],[77.05,27.5614],[77.05,27.561],[77.0465,27.5489],[77.0316,27.5517],[77.0672,27.5375],[77.0668,27.5368],[77.059,27.527],[77.0383,27.5309],[77.0363,27.5139],[77.0215,27.5166],[77.018,27.5045],[77.0515,27.4847],[77.0593,27.4469],[77.0472,27.4389],[77.0348,27.4452],[77.0484,27.4608],[77.0328,27.4688],[77.0172,27.4511],[76.9664,27.4629],[76.9668,27.476],[76.9368,27.4882],[76.9282,27.5173],[76.9044,27.5215],[76.9075,27.5288],[76.9239,27.525],[76.9259,27.5378],[76.8974,27.5375],[76.8794,27.509],[76.8958,27.4917],[76.9114,27.4996],[76.9231,27.4934],[76.9059,27.4642],[76.9434,27.4476],[76.9602,27.4195],[76.9625,27.4195],[76.9887,27.4285],[77.0094,27.4178],[77.0082,27.3966],[77.0328,27.4021],[77.0266,27.3893],[77.0574,27.382],[77.0601,27.382],[77.0707,27.3949],[77.1159,27.3608],[77.1304,27.3556],[77.1382,27.3536],[77.1928,27.3612],[77.1932,27.3608],[77.194,27.3608],[77.2088,27.3536],[77.2088,27.3518],[77.2084,27.3466],[77.2084,27.3414],[77.2045,27.3393],[77.1628,27.3168],[77.1456,27.3206],[77.1198,27.2571],[77.091,27.2498],[77.0769,27.2328],[77.0484,27.2384],[77.041,27.2228],[77.0874,27.1995],[77.0804,27.1801],[77.1007,27.1714],[77.0953,27.162],[77.0535,27.1582],[77.0266,27.1652],[77.0238,27.177],[76.9672,27.1822],[76.9551,27.1589],[76.9594,27.144],[76.9567,27.1433],[76.9262,27.1364],[76.8935,27.1613],[76.8954,27.1752],[76.9098,27.1804],[76.8942,27.2318],[76.8868,27.2207],[76.8669,27.2304],[76.8572,27.2096],[76.8415,27.2075],[76.8497,27.1908],[76.8462,27.1808],[76.84,27.1627],[76.8259,27.1631],[76.8232,27.1322],[76.8279,27.118],[76.8388,27.1194],[76.8283,27.0753],[76.8099,27.0805],[76.8006,27.1027],[76.8107,27.1232],[76.7927,27.1391],[76.7838,27.1124],[76.7201,27.1065],[76.6807,27.1142],[76.6647,27.092],[76.6358,27.0923],[76.6214,27.1076],[76.6269,27.1235],[76.6171,27.1273],[76.6456,27.1641],[76.5839,27.1766],[76.5531,27.1721],[76.5465,27.1253],[76.5383,27.1308],[76.5109,27.1138],[76.4871,27.1135],[76.4547,27.0756],[76.4325,27.0881],[76.4247,27.1284],[76.4149,27.1294],[76.397,27.1235],[76.3907,27.0788],[76.3813,27.0812],[76.3513,27.0545],[76.2802,27.0645],[76.2799,27.0645],[76.281,27.1496],[76.2666,27.1797],[76.2642,27.1842],[76.258,27.1773],[76.2436,27.1627],[76.224,27.1423],[76.1971,27.1145],[76.1838,27.1176],[76.1725,27.1287],[76.1764,27.1836],[76.1479,27.1804],[76.153,27.2165],[76.1417,27.22],[76.1296,27.1953],[76.1198,27.1943],[76.1319,27.2235],[76.1159,27.2339],[76.1362,27.2804],[76.1429,27.2797],[76.1495,27.3112],[76.1674,27.3092],[76.1749,27.339],[76.1971,27.3626],[76.192,27.3744],[76.2131,27.4042],[76.2233,27.4032],[76.224,27.4479],[76.2502,27.4413],[76.2127,27.4545],[76.2369,27.4743],[76.2404,27.5038],[76.2268,27.5132],[76.2342,27.5239],[76.2049,27.534],[76.2119,27.5489],[76.1928,27.6141],[76.2045,27.6249],[76.2287,27.6207],[76.2443,27.6294],[76.2475,27.6565],[76.2342,27.6676],[76.2478,27.6696],[76.2393,27.6846],[76.2529,27.6915],[76.2361,27.755],[76.2576,27.763],[76.2681,27.7821],[76.2635,27.7984],[76.2865,27.8001],[76.2545,27.8213],[76.2619,27.8324],[76.2373,27.848],[76.2272,27.8327],[76.2252,27.8334]]]}},{"type":"Feature","properties":{"district":"Jaipur","district_hi":"जयपुर"},"geometry":{"type":"Polygon","coordinates":[[[75.3157,27.1437],[75.3154,27.144],[75.3126,27.1849],[75.32,27.1985],[75.3259,27.2089],[75.3271,27.211],[75.3891,27.229],[75.3922,27.279],[75.3786,27.2887],[75.4414,27.2922],[75.4574,27.2807],[75.475,27.2824],[75.5265,27.3359],[75.5636,27.3393],[75.5796,27.3241],[75.5706,27.3033],[75.6003,27.3012],[75.6182,27.3112],[75.628,27.3345],[75.6604,27.331],[75.6725,27.3633],[75.7229,27.3615],[75.7201,27.3779],[75.74,27.3997],[75.7767,27.3983],[75.7795,27.3806],[75.7962,27.3758],[75.8126,27.4008],[75.8271,27.3865],[75.8478,27.3997],[75.8751,27.3879],[75.8837,27.3973],[75.8704,27.4171],[75.8884,27.4531],[75.918,27.4514],[75.9532,27.4715],[75.9859,27.4684],[75.984,27.4962],[75.9383,27.4972],[75.9524,27.5624],[75.9426,27.5708],[75.9668,27.5916],[75.9625,27.5996],[75.9446,27.5916],[75.9403,27.6193],[75.9637,27.6225],[75.9571,27.6374],[75.9781,27.6537],[75.9898,27.6922],[76.0289,27.7196],[76.0515,27.7692],[76.0667,27.7678],[76.0761,27.8029],[76.0859,27.8088],[76.0898,27.8178],[76.0898,27.822],[76.0792,27.8376],[76.0745,27.841],[76.0761,27.8417],[76.0855,27.8449],[76.089,27.8605],[76.1233,27.8511],[76.1354,27.8393],[76.1323,27.8244],[76.1538,27.8199],[76.1764,27.7994],[76.1994,27.8216],[76.2174,27.8168],[76.2252,27.8334],[76.2272,27.8327],[76.2373,27.848],[76.2619,27.8324],[76.2545,27.8213],[76.2865,27.8001],[76.2635,27.7984],[76.2681,27.7821],[76.2576,27.763],[76.2361,27.755],[76.2529,27.6915],[76.2393,27.6846],[76.2478,27.6696],[76.2342,27.6676],[76.2475,27.6565],[76.2443,27.6294],[76.2287,27.6207],[76.2045,27.6249],[76.1928,27.6141],[76.2119,27.5489],[76.2049,27.534],[76.2342,27.5239],[76.2268,27.5132],[76.2404,27.5038],[76.2369,27.4743],[76.2127,27.4545],[76.2502,27.4413],[76.224,27.4479],[76.2233,27.4032],[76.2131,27.4042],[76.192,27.3744],[76.1971,27.3626],[76.1749,27.339],[76.1674,27.3092],[76.1495,27.3112],[76.1429,27.2797],[76.1362,27.2804],[76.1159,27.2339],[76.1319,27.2235],[76.1198,27.1943],[76.1296,27.1953],[76.1417,27.22],[76.153,27.2165],[76.1479,27.1804],[76.1764,27.1836],[76.1725,27.1287],[76.1838,27.1176],[76.1971,27.1145],[76.224,27.1423],[76.2436,27.1627],[76.258,27.1773],[76.2642,27.1842],[76.2666,27.1797],[76.281,27.1496],[76.2799,27.0645],[76.2802,27.0645],[76.2799,27.0611],[76.2795,27.0486],[76.2775,27.0468],[76.26,27.0323],[76.2557,27.0285],[76.2459,27.0205],[76.2389,27.0142],[76.2279,26.9899],[76.2225,26.9587],[76.2221,26.9549],[76.2478,26.9466],[76.233,26.9448],[76.2369,26.9254],[76.217,26.9088],[76.2361,26.8942],[76.2377,26.8775],[76.2603,26.8727],[76.2397,26.8446],[76.2603,26.8342],[76.2478,26.8127],[76.2545,26.8036],[76.2389,26.7988],[76.2256,26.8095],[76.2034,26.8012],[76.1936,26.7693],[76.1784,26.7578],[76.1924,26.753],[76.187,26.7422],[76.1975,26.7377],[76.1807,26.7287],[76.2096,26.7214],[76.1893,26.7113],[76.1788,26.6874],[76.1702,26.6905],[76.1752,26.7148],[76.1674,26.7179],[76.1436,26.6943],[76.1827,26.6128],[76.1671,26.6031],[76.1557,26.5743],[76.1538,26.5215],[76.153,26.5219],[76.1448,26.5243],[76.1007,26.5389],[76.0835,26.5226],[76.071,26.5278],[76.0632,26.5091],[76.0246,26.5212],[76.0086,26.5],[75.9715,26.5073],[75.9602,26.4862],[75.9274,26.5091],[75.8142,26.5209],[75.7935,26.5302],[75.8037,26.5417],[75.7958,26.5507],[75.7716,26.5431],[75.7689,26.5309],[75.7791,26.524],[75.7592,26.5177],[75.7716,26.4719],[75.7467,26.4692],[75.74,26.4473],[75.7264,26.4667],[75.7084,26.4466],[75.6522,26.466],[75.6456,26.4428],[75.614,26.44],[75.5687,26.4483],[75.5714,26.4761],[75.5484,26.4872],[75.5203,26.464],[75.5004,26.4823],[75.4539,26.4962],[75.4328,26.4827],[75.4079,26.4952],[75.4094,26.4834],[75.3657,26.4889],[75.3337,26.5222],[75.3278,26.5615],[75.2896,26.5573],[75.2849,26.5642],[75.2513,26.5448],[75.2513,26.5313],[75.2018,26.5177],[75.199,26.4813],[75.1823,26.4848],[75.1705,26.4636],[75.1678,26.4633],[75.1674,26.4633],[75.1608,26.4629],[75.1608,26.474],[75.1452,26.4702],[75.146,26.4733],[75.1506,26.5004],[75.1491,26.5014],[75.1128,26.5236],[75.1175,26.5528],[75.0956,26.5601],[75.0737,26.5451],[75.0609,26.5552],[75.0804,26.6083],[75.0605,26.6249],[75.0644,26.6551],[75.0199,26.6642],[75.0105,26.6902],[74.9769,26.6749],[74.9699,26.6798],[74.968,26.6815],[74.9637,26.6843],[74.9637,26.7214],[74.9418,26.7242],[74.9418,26.7335],[74.9434,26.7332],[74.9996,26.7322],[75.0078,26.753],[74.9824,26.7665],[74.9375,26.7499],[74.9375,26.78],[74.9242,26.7925],[74.9141,26.8359],[74.9137,26.838],[74.936,26.8442],[74.9531,26.8505],[74.9539,26.8661],[74.975,26.8911],[74.975,26.8914],[74.9762,26.8911],[74.9898,26.89],[75.0101,26.8952],[75.0097,26.9462],[75.1608,26.933],[75.1584,26.9723],[75.2002,26.9754],[75.201,27.0083],[75.2396,27.0139],[75.2541,27.0312],[75.2189,27.0524],[75.2182,27.0805],[75.3302,27.0923],[75.3634,27.0836],[75.3626,27.1058],[75.361,27.1062],[75.3563,27.1079],[75.3438,27.1117],[75.3388,27.1308],[75.3388,27.1319],[75.338,27.1329],[75.3353,27.1353],[75.3278,27.1433],[75.3193,27.1423],[75.3157,27.1437]]]}},{"type":"Feature","properties":{"district":"Jodhpur","district_hi":"जोधपुर"},"geometry":{"type":"MultiPolygon","coordinates":[[[[72.0647,26.3505],[72.0713,26.3505],[72.0772,26.4532],[72.0276,26.5004],[72.0975,26.602],[72.0588,26.6416],[72.0647,26.6478],[72.0382,26.6815],[72.0694,26.72],[72.0858,26.7193],[72.0866,26.7315],[72.0581,26.7627],[72.0596,26.7828],[72.0452,26.7901],[72.0553,26.804],[72.0846,26.8085],[72.0987,26.831],[72.0877,26.8508],[72.101,26.8584],[72.1022,26.8869],[72.0787,26.9154],[72.0374,26.9355],[72.0495,26.9688],[72.0421,27.0181],[72.0323,27.0236],[72.051,27.0396],[72.0257,27.0555],[72.0417,27.1055],[71.9917,27.135],[71.9616,27.1412],[71.9531,27.1842],[71.9121,27.1797],[71.9132,27.2297],[71.8851,27.2915],[71.841,27.3046],[71.8168,27.3411],[71.8203,27.4011],[71.809,27.4413],[71.8324,27.4819],[71.8762,27.4875],[71.8918,27.4767],[71.8965,27.5291],[71.9238,27.5631],[71.9667,27.5531],[71.9991,27.5715],[72.0245,27.5971],[72.0491,27.6159],[72.1271,27.5815],[72.1037,27.561],[72.1431,27.5364],[72.1365,27.5229],[72.1595,27.4962],[72.1564,27.4767],[72.1748,27.4625],[72.2087,27.4802],[72.2099,27.4927],[72.2384,27.4809],[72.2388,27.4847],[72.2427,27.484],[72.2415,27.476],[72.2517,27.4625],[72.2642,27.458],[72.3235,27.517],[72.359,27.4937],[72.3649,27.5305],[72.3871,27.5499],[72.4027,27.5468],[72.4378,27.5687],[72.446,27.5892],[72.4991,27.5871],[72.5534,27.6204],[72.5635,27.6089],[72.5991,27.6079],[72.6174,27.593],[72.6205,27.5732],[72.6553,27.5368],[72.6896,27.6055],[72.7119,27.5895],[72.7267,27.5503],[72.7614,27.5253],[72.7735,27.5402],[72.7661,27.5652],[72.8262,27.585],[72.843,27.5569],[72.8364,27.5316],[72.8126,27.518],[72.8172,27.4781],[72.8254,27.4684],[72.8731,27.4767],[72.8539,27.4459],[72.8528,27.4441],[72.8879,27.4507],[72.8949,27.4153],[72.932,27.4486],[72.9422,27.4032],[72.9792,27.382],[73.0327,27.4216],[73.0733,27.4292],[73.0803,27.4278],[73.1049,27.4198],[73.1252,27.4011],[73.1338,27.3095],[73.1342,27.3095],[73.133,27.3074],[73.1088,27.2571],[73.085,27.2398],[73.1014,27.2228],[73.1151,27.17],[73.1166,27.1416],[73.0979,27.1176],[73.1381,27.0503],[73.108,27.0205],[73.1201,26.9899],[73.1073,26.9688],[73.1209,26.9414],[73.1537,26.9251],[73.1697,26.933],[73.1834,26.8841],[73.2021,26.8803],[73.2037,26.8685],[73.2384,26.8612],[73.2755,26.8619],[73.2907,26.8737],[73.3239,26.8543],[73.3536,26.8706],[73.3696,26.8689],[73.4004,26.8789],[73.4105,26.8859],[73.4215,26.8859],[73.4324,26.8859],[73.441,26.8859],[73.4472,26.8734],[73.4504,26.8741],[73.4984,26.8883],[73.5015,26.8855],[73.5331,26.8574],[73.5932,26.864],[73.6155,26.8394],[73.6291,26.8442],[73.6346,26.8064],[73.6572,26.8074],[73.6627,26.7773],[73.6787,26.7575],[73.651,26.7152],[73.6557,26.6936],[73.6728,26.6808],[73.6592,26.6506],[73.6822,26.6423],[73.6998,26.6031],[73.6998,26.5739],[73.7197,26.5392],[73.7669,26.5361],[73.7821,26.5125],[73.8161,26.5045],[73.8341,26.4751],[73.8547,26.4664],[73.8583,26.4435],[73.8629,26.4379],[73.8704,26.4293],[73.8442,26.4071],[73.8399,26.38],[73.8485,26.3751],[73.8106,26.356],[73.8056,26.3113],[73.7853,26.3182],[73.8013,26.3116],[73.8102,26.2863],[73.8075,26.2641],[73.786,26.2339],[73.8036,26.2003],[73.7829,26.1631],[73.7829,26.1489],[73.8106,26.1107],[73.7993,26.0924],[73.7521,26.0906],[73.731,26.1107],[73.7076,26.0944],[73.6939,26.0656],[73.6553,26.0698],[73.6459,26.0889],[73.6533,26.1184],[73.6276,26.1451],[73.6006,26.1246],[73.5737,26.1284],[73.5776,26.1125],[73.5577,26.1031],[73.5202,26.1],[73.5249,26.0615],[73.507,26.066],[73.4956,26.0847],[73.4629,26.084],[73.4305,26.1298],[73.4082,26.1236],[73.4016,26.1607],[73.3918,26.1586],[73.3742,26.1531],[73.375,26.1371],[73.3703,26.1343],[73.3403,26.1156],[73.3481,26.0872],[73.3625,26.0785],[73.3582,26.0622],[73.3282,26.0538],[73.3149,26.0362],[73.3192,26.0108],[73.3075,26.0139],[73.3079,26.0306],[73.2548,26.0545],[73.2493,26.0653],[73.2575,26.0698],[73.247,26.0691],[73.2384,26.0833],[73.2228,26.0719],[73.192,26.0826],[73.1931,26.0691],[73.1771,26.0538],[73.1845,26.0341],[73.1619,26.032],[73.1358,26.0462],[73.1143,26.0292],[73.0514,26.0146],[73.0425,25.965],[73.0245,25.9532],[72.9956,25.9546],[72.9921,25.94],[72.9722,25.9338],[72.9734,25.9199],[72.9582,25.9005],[72.8731,25.889],[72.8645,25.8949],[72.8489,25.8939],[72.8442,25.8915],[72.8399,25.8786],[72.8387,25.8661],[72.8348,25.8644],[72.8348,25.8637],[72.8091,25.853],[72.7802,25.8842],[72.7528,25.8807],[72.7525,25.897],[72.7267,25.9206],[72.7177,25.9251],[72.6994,25.9345],[72.6787,25.9449],[72.6611,25.9539],[72.6201,25.9747],[72.6143,26.0035],[72.6935,26.0379],[72.6841,26.0542],[72.6892,26.0643],[72.6748,26.0702],[72.6986,26.1166],[72.6787,26.1729],[72.69,26.1853],[72.6334,26.2294],[72.5959,26.2773],[72.5948,26.2787],[72.5487,26.2648],[72.5214,26.287],[72.5054,26.2801],[72.4921,26.2967],[72.4578,26.3009],[72.4148,26.2766],[72.4257,26.2603],[72.4121,26.2367],[72.3746,26.2249],[72.3418,26.245],[72.2684,26.1975],[72.2115,26.2346],[72.1919,26.2658],[72.1588,26.2821],[72.1611,26.2998],[72.1342,26.3189],[72.14,26.3262],[72.1115,26.3179],[72.1014,26.3217],[72.0877,26.3321],[72.0647,26.3505]]],[[[72.2431,27.4878],[72.2427,27.509],[72.2458,27.5288],[72.2575,27.5423],[72.2684,27.5479],[72.2778,27.5527],[72.2911,27.5475],[72.2763,27.5173],[72.2458,27.5132],[72.2431,27.4878]]]]}},{"type":"Feature","properties":{"district":"Bharatpur","district_hi":"भरतपुर"},"geometry":{"type":"Polygon","coordinates":[[[76.9567,27.1433],[76.9594,27.144],[76.9551,27.1589],[76.9672,27.1822],[77.0238,27.177],[77.0266,27.1652],[77.0535,27.1582],[77.0953,27.162],[77.1007,27.1714],[77.0804,27.1801],[77.0874,27.1995],[77.041,27.2228],[77.0484,27.2384],[77.0769,27.2328],[77.091,27.2498],[77.1198,27.2571],[77.1456,27.3206],[77.1628,27.3168],[77.2045,27.3393],[77.2084,27.3414],[77.2084,27.3466],[77.2088,27.3518],[77.2088,27.3536],[77.194,27.3608],[77.1932,27.3608],[77.1928,27.3612],[77.1382,27.3536],[77.1304,27.3556],[77.1159,27.3608],[77.0707,27.3949],[77.0601,27.382],[77.0574,27.382],[77.0266,27.3893],[77.0328,27.4021],[77.0082,27.3966],[77.0094,27.4178],[76.9887,27.4285],[76.9625,27.4195],[76.9602,27.4195],[76.9434,27.4476],[76.9059,27.4642],[76.9231,27.4934],[76.9114,27.4996],[76.8958,27.4917],[76.8794,27.509],[76.8974,27.5375],[76.9259,27.5378],[76.9239,27.525],[76.9075,27.5288],[76.9044,27.5215],[76.9282,27.5173],[76.9368,27.4882],[76.9668,27.476],[76.9664,27.4629],[77.0172,27.4511],[77.0328,27.4688],[77.0484,27.4608],[77.0348,27.4452],[77.0472,27.4389],[77.0593,27.4469],[77.0515,27.4847],[77.018,27.5045],[77.0215,27.5166],[77.0363,27.5139],[77.0383,27.5309],[77.059,27.527],[77.0668,27.5368],[77.0672,27.5375],[77.0316,27.5517],[77.0465,27.5489],[77.05,27.561],[77.05,27.5614],[76.9992,27.5704],[76.9973,27.5583],[77.0199,27.5465],[77.0172,27.5378],[76.9953,27.5336],[76.9723,27.552],[76.9598,27.5437],[76.9454,27.5597],[76.9579,27.5593],[76.9614,27.576],[76.9395,27.5767],[76.9461,27.586],[76.9344,27.6034],[76.9668,27.6114],[76.9446,27.6169],[76.9832,27.6197],[76.9801,27.6419],[76.9785,27.654],[76.9782,27.654],[77.0,27.737],[77.0117,27.7318],[77.0199,27.7456],[77.0363,27.7488],[77.0597,27.7265],[77.0855,27.738],[77.0761,27.7664],[77.0597,27.7609],[77.0562,27.7713],[77.0266,27.7793],[77.0453,27.8213],[77.0746,27.8143],[77.1085,27.7862],[77.123,27.7935],[77.1351,27.7758],[77.1577,27.7876],[77.1593,27.8077],[77.1597,27.8171],[77.16,27.8171],[77.1897,27.8098],[77.169,27.7918],[77.1768,27.7862],[77.1987,27.7998],[77.1913,27.8098],[77.2022,27.8247],[77.2026,27.8233],[77.2108,27.8018],[77.2327,27.7973],[77.2401,27.7866],[77.2451,27.7883],[77.2686,27.815],[77.283,27.7994],[77.3103,27.7883],[77.308,27.7529],[77.3181,27.7359],[77.3193,27.7335],[77.3029,27.7259],[77.3041,27.7109],[77.3412,27.7033],[77.3525,27.6513],[77.317,27.6068],[77.3345,27.5912],[77.3443,27.5971],[77.3583,27.5888],[77.3373,27.5697],[77.338,27.5496],[77.349,27.543],[77.34,27.5267],[77.3872,27.5128],[77.4009,27.4972],[77.4017,27.4764],[77.438,27.4563],[77.4212,27.4219],[77.438,27.4091],[77.4399,27.3903],[77.4727,27.3772],[77.5071,27.3772],[77.5297,27.3518],[77.5457,27.3494],[77.548,27.3369],[77.5789,27.3227],[77.6226,27.3362],[77.6218,27.313],[77.5988,27.2974],[77.6167,27.2866],[77.6163,27.2578],[77.6323,27.2581],[77.6331,27.2581],[77.6343,27.2557],[77.6456,27.2425],[77.6429,27.2349],[77.6526,27.2349],[77.6468,27.2103],[77.6655,27.2089],[77.6811,27.1943],[77.6663,27.1787],[77.6585,27.17],[77.6425,27.1652],[77.6402,27.1645],[77.6378,27.1638],[77.6199,27.1735],[77.6101,27.1627],[77.6136,27.1506],[77.5988,27.1433],[77.598,27.118],[77.5504,27.1114],[77.5375,27.0982],[77.518,27.1024],[77.5059,27.092],[77.5262,27.0847],[77.5242,27.067],[77.5476,27.0694],[77.5683,27.0715],[77.5718,27.0718],[77.5718,27.0704],[77.5742,27.0614],[77.5754,27.0566],[77.5633,27.0295],[77.5793,27.0382],[77.6019,27.0226],[77.6234,27.0219],[77.6308,27.0111],[77.6421,27.0257],[77.6655,27.0174],[77.6796,27.0472],[77.68,27.0468],[77.6932,27.041],[77.6897,27.0267],[77.7116,26.9972],[77.7299,26.9938],[77.737,27.0264],[77.7377,27.0298],[77.7448,27.0295],[77.7494,27.0292],[77.751,27.0292],[77.7631,27.0069],[77.76,27.0056],[77.7502,27.0017],[77.7584,26.9969],[77.7455,26.9952],[77.7436,26.983],[77.7225,26.9879],[77.6761,26.9733],[77.6722,26.9601],[77.6608,26.9712],[77.6023,26.9334],[77.5921,26.9403],[77.5832,26.924],[77.4903,26.9004],[77.4602,26.8859],[77.459,26.8727],[77.4274,26.864],[77.4298,26.847],[77.3978,26.8303],[77.429,26.8015],[77.4325,26.7679],[77.4544,26.778],[77.4606,26.7727],[77.4649,26.7689],[77.4704,26.7648],[77.4587,26.7519],[77.4551,26.7429],[77.4497,26.7419],[77.4485,26.7412],[77.4376,26.7297],[77.3837,26.7061],[77.3474,26.7113],[77.3462,26.7117],[77.3505,26.7557],[77.3376,26.7665],[77.3579,26.7963],[77.3509,26.805],[77.3365,26.8081],[77.2932,26.7804],[77.2557,26.821],[77.2053,26.7797],[77.196,26.7967],[77.2088,26.8116],[77.1675,26.8335],[77.1573,26.8234],[77.137,26.8349],[77.1035,26.8741],[77.0976,26.8626],[77.0742,26.8588],[77.0582,26.8904],[77.0593,26.9143],[77.0398,26.9088],[77.0117,26.9324],[77.0246,26.9414],[77.0176,26.9736],[77.0063,26.975],[77.0059,27.0045],[76.9785,27.0302],[76.9828,27.0378],[77.0102,27.0351],[77.0113,27.043],[76.9938,27.0545],[76.9688,27.0711],[76.97,27.0819],[76.9871,27.0895],[76.9797,27.1044],[76.9926,27.111],[76.9582,27.1256],[76.9567,27.1433]]]}},{"type":"Feature","properties":{"district":"Nagaur","district_hi":"नागौर"},"geometry":{"type":"Polygon","coordinates":[[[73.875,27.5378],[73.8907,27.5003],[73.9082,27.4896],[73.9562,27.5104],[73.9914,27.5045],[74.0292,27.5354],[74.0815,27.4781],[74.1116,27.474],[74.1186,27.459],[74.1412,27.4521],[74.144,27.4309],[74.1451,27.4216],[74.151,27.4153],[74.2041,27.4223],[74.2088,27.4701],[74.1908,27.4812],[74.1951,27.4989],[74.2392,27.525],[74.2435,27.5562],[74.2576,27.5628],[74.2533,27.6013],[74.2779,27.6252],[74.313,27.6367],[74.3091,27.6492],[74.3352,27.661],[74.3407,27.6811],[74.3715,27.6828],[74.4035,27.6995],[74.4106,27.6887],[74.4918,27.6873],[74.4953,27.6669],[74.5265,27.6752],[74.546,27.6634],[74.6081,27.7078],[74.6241,27.6964],[74.626,27.695],[74.6046,27.6783],[74.6272,27.6488],[74.6436,27.6544],[74.7002,27.6787],[74.717,27.678],[74.6815,27.6693],[74.7135,27.6388],[74.701,27.6221],[74.7057,27.5964],[74.7314,27.6089],[74.7424,27.5846],[74.7568,27.593],[74.7615,27.5815],[74.7623,27.5656],[74.7193,27.5392],[74.7213,27.5014],[74.7314,27.493],[74.7505,27.5003],[74.7552,27.4875],[74.772,27.4941],[74.7974,27.4868],[74.8013,27.4497],[74.8598,27.4497],[74.8743,27.4112],[74.8473,27.3772],[74.8751,27.372],[74.8805,27.3449],[74.8673,27.3352],[74.8801,27.3098],[74.8993,27.3154],[74.8989,27.331],[74.9399,27.3383],[74.9473,27.3497],[75.0351,27.3546],[75.0456,27.3775],[75.0776,27.3858],[75.1151,27.3772],[75.1069,27.3355],[75.1616,27.3171],[75.1647,27.3036],[75.1557,27.2783],[75.1331,27.2807],[75.0999,27.2436],[75.0862,27.2436],[75.0694,27.2158],[75.121,27.2117],[75.1163,27.1787],[75.1276,27.1666],[75.1768,27.1558],[75.1709,27.1391],[75.1928,27.1381],[75.1971,27.126],[75.2673,27.1298],[75.283,27.1214],[75.2974,27.126],[75.2978,27.1398],[75.3157,27.1437],[75.3193,27.1423],[75.3278,27.1433],[75.3353,27.1353],[75.338,27.1329],[75.3388,27.1319],[75.3388,27.1308],[75.3438,27.1117],[75.3563,27.1079],[75.361,27.1062],[75.3626,27.1058],[75.3634,27.0836],[75.3302,27.0923],[75.2182,27.0805],[75.2189,27.0524],[75.2541,27.0312],[75.2396,27.0139],[75.201,27.0083],[75.2002,26.9754],[75.1584,26.9723],[75.1608,26.933],[75.0097,26.9462],[75.0101,26.8952],[74.9898,26.89],[74.9762,26.8911],[74.975,26.8914],[74.9723,26.8914],[74.9812,26.9435],[74.9633,26.9473],[74.9586,26.9611],[74.9168,26.9643],[74.9153,26.966],[74.9098,26.9709],[74.9043,26.9761],[74.8528,26.9788],[74.8255,26.9275],[74.813,26.8671],[74.7986,26.8539],[74.7685,26.8498],[74.7751,26.7901],[74.7584,26.7915],[74.7416,26.7696],[74.6979,26.7741],[74.6631,26.7152],[74.7213,26.7006],[74.7131,26.6662],[74.6928,26.6475],[74.6787,26.6118],[74.6733,26.6156],[74.6705,26.5961],[74.6545,26.5875],[74.6463,26.5937],[74.6155,26.568],[74.6147,26.6045],[74.5886,26.6295],[74.5105,26.5292],[74.498,26.5184],[74.4621,26.4872],[74.4422,26.5035],[74.4301,26.4865],[74.3692,26.4875],[74.3688,26.4761],[74.3317,26.4421],[74.3313,26.4417],[74.3142,26.4556],[74.2919,26.4487],[74.2911,26.4487],[74.2907,26.4483],[74.2365,26.4615],[74.1893,26.4379],[74.1912,26.4272],[74.1592,26.4102],[74.1565,26.4247],[74.1389,26.4306],[74.1217,26.457],[74.1018,26.4452],[74.1018,26.4161],[74.062,26.4247],[74.0347,26.413],[74.0277,26.4268],[73.9832,26.4234],[73.9691,26.4352],[73.9531,26.4195],[73.8805,26.4251],[73.8758,26.4286],[73.8704,26.4293],[73.8629,26.4379],[73.8583,26.4435],[73.8547,26.4664],[73.8341,26.4751],[73.8161,26.5045],[73.7821,26.5125],[73.7669,26.5361],[73.7197,26.5392],[73.6998,26.5739],[73.6998,26.6031],[73.6822,26.6423],[73.6592,26.6506],[73.6728,26.6808],[73.6557,26.6936],[73.651,26.7152],[73.6787,26.7575],[73.6627,26.7773],[73.6572,26.8074],[73.6346,26.8064],[73.6291,26.8442],[73.6155,26.8394],[73.5932,26.864],[73.5331,26.8574],[73.5015,26.8855],[73.4984,26.8883],[73.4504,26.8741],[73.4472,26.8734],[73.441,26.8859],[73.4324,26.8859],[73.4215,26.8859],[73.4105,26.8859],[73.4004,26.8789],[73.3696,26.8689],[73.3536,26.8706],[73.3239,26.8543],[73.2907,26.8737],[73.2755,26.8619],[73.2384,26.8612],[73.2037,26.8685],[73.2021,26.8803],[73.1834,26.8841],[73.1697,26.933],[73.1537,26.9251],[73.1209,26.9414],[73.1073,26.9688],[73.1201,26.9899],[73.108,27.0205],[73.1381,27.0503],[73.0979,27.1176],[73.1166,27.1416],[73.1151,27.17],[73.1014,27.2228],[73.085,27.2398],[73.1088,27.2571],[73.133,27.3074],[73.1818,27.2873],[73.1873,27.3147],[73.2275,27.3348],[73.2466,27.3116],[73.2396,27.2928],[73.2611,27.2686],[73.2579,27.2599],[73.2977,27.2196],[73.32,27.1967],[73.3258,27.1908],[73.3301,27.1863],[73.3313,27.1853],[73.352,27.2099],[73.3356,27.2193],[73.3528,27.254],[73.3582,27.2595],[73.4387,27.3126],[73.4956,27.3289],[73.4867,27.3577],[73.5218,27.3716],[73.5019,27.3907],[73.5003,27.4028],[73.5027,27.4337],[73.5222,27.4455],[73.5198,27.4636],[73.5237,27.4733],[73.5394,27.4913],[73.5448,27.4955],[73.5784,27.4819],[73.6112,27.4885],[73.6291,27.5173],[73.6159,27.5378],[73.6607,27.5645],[73.6701,27.5586],[73.7045,27.5194],[73.7587,27.535],[73.7954,27.4972],[73.8302,27.5062],[73.8731,27.5371],[73.875,27.5378]]]}},{"type":"Feature","properties":{"district":"Dausa","district_hi":"दौसा"},"geometry":{"type":"Polygon","coordinates":[[[76.2802,27.0645],[76.3513,27.0545],[76.3813,27.0812],[76.3907,27.0788],[76.397,27.1235],[76.4149,27.1294],[76.4247,27.1284],[76.4325,27.0881],[76.4547,27.0756],[76.4871,27.1135],[76.5109,27.1138],[76.5383,27.1308],[76.5465,27.1253],[76.5531,27.1721],[76.5839,27.1766],[76.6456,27.1641],[76.6171,27.1273],[76.6269,27.1235],[76.6214,27.1076],[76.6358,27.0923],[76.6647,27.092],[76.6807,27.1142],[76.7201,27.1065],[76.7838,27.1124],[76.7927,27.1391],[76.8107,27.1232],[76.8006,27.1027],[76.8099,27.0805],[76.8283,27.0753],[76.8388,27.1194],[76.8279,27.118],[76.8232,27.1322],[76.8259,27.1631],[76.84,27.1627],[76.8462,27.1808],[76.8497,27.1908],[76.8415,27.2075],[76.8572,27.2096],[76.8669,27.2304],[76.8868,27.2207],[76.8942,27.2318],[76.9098,27.1804],[76.8954,27.1752],[76.8935,27.1613],[76.9262,27.1364],[76.9567,27.1433],[76.9582,27.1256],[76.9926,27.111],[76.9797,27.1044],[76.9871,27.0895],[76.97,27.0819],[76.9688,27.0711],[76.9938,27.0545],[77.0113,27.043],[77.0102,27.0351],[76.9828,27.0378],[76.9785,27.0302],[77.0059,27.0045],[77.0063,26.975],[77.0176,26.9736],[77.0246,26.9414],[77.0117,26.9324],[77.0398,26.9088],[77.0593,26.9143],[77.0582,26.8904],[77.0742,26.8588],[77.0976,26.8626],[77.0753,26.8584],[76.9985,26.8713],[76.9852,26.8578],[76.961,26.8623],[76.9516,26.8723],[76.9516,26.9154],[76.9009,26.9716],[76.8322,26.9972],[76.8251,26.9997],[76.8224,26.9983],[76.7959,26.9847],[76.7931,26.9334],[76.7654,26.9081],[76.7725,26.8911],[76.6835,26.8442],[76.6132,26.7821],[76.5949,26.7783],[76.5749,26.788],[76.5695,26.7714],[76.5414,26.7727],[76.5355,26.7821],[76.4731,26.7183],[76.4727,26.7179],[76.4739,26.7172],[76.4524,26.6884],[76.4621,26.6694],[76.418,26.6076],[76.4028,26.5663],[76.4102,26.5451],[76.4473,26.5566],[76.4778,26.4997],[76.4641,26.4764],[76.4481,26.4726],[76.4415,26.4438],[76.4114,26.4161],[76.4028,26.38],[76.3396,26.4105],[76.338,26.4369],[76.3224,26.4567],[76.2478,26.4431],[76.242,26.4612],[76.178,26.4834],[76.1749,26.4858],[76.1752,26.4862],[76.1518,26.5042],[76.153,26.5219],[76.1538,26.5215],[76.1557,26.5743],[76.1671,26.6031],[76.1827,26.6128],[76.1436,26.6943],[76.1674,26.7179],[76.1752,26.7148],[76.1702,26.6905],[76.1788,26.6874],[76.1893,26.7113],[76.2096,26.7214],[76.1807,26.7287],[76.1975,26.7377],[76.187,26.7422],[76.1924,26.753],[76.1784,26.7578],[76.1936,26.7693],[76.2034,26.8012],[76.2256,26.8095],[76.2389,26.7988],[76.2545,26.8036],[76.2478,26.8127],[76.2603,26.8342],[76.2397,26.8446],[76.2603,26.8727],[76.2377,26.8775],[76.2361,26.8942],[76.217,26.9088],[76.2369,26.9254],[76.233,26.9448],[76.2478,26.9466],[76.2221,26.9549],[76.2225,26.9587],[76.2279,26.9899],[76.2389,27.0142],[76.2459,27.0205],[76.2557,27.0285],[76.26,27.0323],[76.2775,27.0468],[76.2795,27.0486],[76.2799,27.0611],[76.2802,27.0645]]]}},{"type":"Feature","properties":{"district":"Karauli","district_hi":"करौली"},"geometry":{"type":"Polygon","coordinates":[[[77.0976,26.8626],[77.1035,26.8741],[77.137,26.8349],[77.1573,26.8234],[77.1675,26.8335],[77.2088,26.8116],[77.196,26.7967],[77.2053,26.7797],[77.2557,26.821],[77.2932,26.7804],[77.3365,26.8081],[77.3509,26.805],[77.3579,26.7963],[77.3376,26.7665],[77.3505,26.7557],[77.3462,26.7117],[77.3474,26.7113],[77.3458,26.6912],[77.372,26.6562],[77.3513,26.6558],[77.3458,26.6416],[77.3576,26.6319],[77.3942,26.6326],[77.395,26.6326],[77.3896,26.6156],[77.3763,26.6187],[77.3552,26.592],[77.315,26.5802],[77.2892,26.5545],[77.2553,26.5549],[77.228,26.5295],[77.2424,26.4813],[77.2412,26.4796],[77.2444,26.4688],[77.2545,26.4338],[77.2553,26.432],[77.2721,26.4338],[77.3064,26.439],[77.3099,26.4383],[77.3248,26.4341],[77.3318,26.432],[77.3341,26.4289],[77.3431,26.4182],[77.3462,26.414],[77.3392,26.3959],[77.3552,26.397],[77.3572,26.3776],[77.37,26.3776],[77.3755,26.3658],[77.3751,26.3654],[77.3388,26.3477],[77.3213,26.3231],[77.3166,26.3113],[77.3041,26.2995],[77.2877,26.2839],[77.2705,26.2672],[77.2217,26.2402],[77.2092,26.2329],[77.2038,26.2301],[77.1772,26.2384],[77.1745,26.2388],[77.1721,26.2384],[77.1288,26.2277],[77.1195,26.2141],[77.1156,26.2173],[77.0976,26.1843],[77.0312,26.1725],[77.0063,26.151],[76.9988,26.1302],[76.9481,26.1028],[76.9009,26.0927],[76.9005,26.0927],[76.8853,26.0479],[76.8513,26.032],[76.849,26.0507],[76.8353,26.0649],[76.8337,26.0663],[76.8279,26.0726],[76.8103,26.0698],[76.7947,26.1031],[76.7717,26.1107],[76.7404,26.1552],[76.7244,26.1548],[76.7026,26.1801],[76.7022,26.1808],[76.6678,26.1663],[76.6557,26.1833],[76.6276,26.1843],[76.5769,26.2155],[76.5863,26.2228],[76.582,26.2329],[76.6038,26.2447],[76.6034,26.2728],[76.55,26.2672],[76.5679,26.2842],[76.5648,26.3182],[76.5839,26.3158],[76.6011,26.3359],[76.6304,26.3172],[76.637,26.3418],[76.6757,26.3519],[76.6874,26.3685],[76.6768,26.3845],[76.6842,26.3942],[76.7752,26.4404],[76.7838,26.4504],[76.7717,26.4605],[76.7791,26.4692],[76.8115,26.4851],[76.8271,26.4775],[76.8685,26.5094],[76.9052,26.5229],[76.9095,26.558],[76.9419,26.542],[76.9703,26.551],[76.9684,26.5715],[76.9352,26.575],[76.9352,26.5778],[76.9364,26.5816],[76.9758,26.6007],[76.9809,26.6031],[76.9813,26.6031],[76.9805,26.6041],[76.959,26.6256],[76.952,26.6694],[76.9516,26.6707],[76.9165,26.6836],[76.87,26.6694],[76.856,26.6471],[76.8314,26.6517],[76.7865,26.5986],[76.7787,26.5892],[76.7658,26.5743],[76.7576,26.568],[76.7346,26.5712],[76.7038,26.5781],[76.6694,26.609],[76.6386,26.61],[76.6374,26.6246],[76.6132,26.6433],[76.6171,26.6569],[76.6023,26.6645],[76.5867,26.6499],[76.4742,26.7172],[76.4739,26.7172],[76.4727,26.7179],[76.4731,26.7183],[76.5355,26.7821],[76.5414,26.7727],[76.5695,26.7714],[76.5749,26.788],[76.5949,26.7783],[76.6132,26.7821],[76.6835,26.8442],[76.7725,26.8911],[76.7654,26.9081],[76.7931,26.9334],[76.7959,26.9847],[76.8224,26.9983],[76.8251,26.9997],[76.8322,26.9972],[76.9009,26.9716],[76.9516,26.9154],[76.9516,26.8723],[76.961,26.8623],[76.9852,26.8578],[76.9985,26.8713],[77.0753,26.8584],[77.0976,26.8626]]]}},{"type":"Feature","properties":{"district":"Dholpur","district_hi":"धौलपुर"},"geometry":{"type":"Polygon","coordinates":[[[77.3474,26.7113],[77.3837,26.7061],[77.4376,26.7297],[77.4485,26.7412],[77.4497,26.7419],[77.4551,26.7429],[77.4547,26.7419],[77.4852,26.7481],[77.486,26.7488],[77.4965,26.7613],[77.5024,26.7686],[77.5024,26.7689],[77.4875,26.788],[77.5012,26.8446],[77.5207,26.8414],[77.5168,26.8258],[77.5258,26.8189],[77.5746,26.821],[77.6085,26.839],[77.6105,26.8286],[77.6202,26.8428],[77.6749,26.8574],[77.6866,26.8751],[77.6975,26.8675],[77.7065,26.8768],[77.7225,26.8744],[77.7249,26.9105],[77.7323,26.9202],[77.7533,26.9167],[77.7604,26.9324],[77.7932,26.9171],[77.8103,26.924],[77.8502,26.9129],[77.8966,26.8841],[77.9091,26.8907],[77.9064,26.9178],[77.9157,26.9074],[77.9395,26.9067],[77.9485,26.8935],[77.9712,26.906],[77.9872,26.8893],[78.0145,26.9029],[78.0301,26.8859],[78.0242,26.8727],[78.0356,26.8709],[78.0211,26.8574],[78.0266,26.8494],[78.027,26.8501],[78.0445,26.8699],[78.0559,26.8685],[78.0488,26.9101],[78.0812,26.9029],[78.098,26.899],[78.1101,26.8963],[78.1105,26.8959],[78.1113,26.8959],[78.1019,26.9178],[78.105,26.9268],[78.1214,26.9226],[78.1218,26.9226],[78.1222,26.9258],[78.1226,26.9327],[78.1226,26.9344],[78.116,26.9383],[78.1125,26.9407],[78.1136,26.9417],[78.1413,26.949],[78.1484,26.9487],[78.2096,26.9313],[78.21,26.9313],[78.2159,26.9372],[78.2245,26.9459],[78.2385,26.9268],[78.2545,26.9258],[78.2549,26.9348],[78.2596,26.931],[78.2709,26.9206],[78.2327,26.8744],[78.2085,26.8689],[78.1987,26.8786],[78.1964,26.881],[78.219,26.8335],[78.2221,26.8321],[78.2229,26.8307],[78.2186,26.83],[78.173,26.8248],[78.1714,26.822],[78.1702,26.8199],[78.1671,26.8154],[78.1843,26.7988],[78.1858,26.7967],[78.1839,26.7842],[78.1835,26.7839],[78.1179,26.7939],[78.1121,26.795],[78.1109,26.7915],[78.1039,26.7724],[78.1019,26.7669],[78.1031,26.7658],[78.1234,26.7471],[78.0961,26.7276],[78.0898,26.6753],[78.0742,26.6704],[78.0555,26.6839],[78.0004,26.695],[77.9536,26.6593],[77.9036,26.6589],[77.8946,26.6152],[77.847,26.6118],[77.8275,26.5961],[77.8357,26.5771],[77.8236,26.5503],[77.7834,26.5521],[77.7448,26.5382],[77.7264,26.5021],[77.6757,26.5032],[77.6331,26.4785],[77.6136,26.4529],[77.5586,26.4352],[77.5383,26.4112],[77.4376,26.4032],[77.4442,26.3616],[77.381,26.3619],[77.3798,26.3623],[77.3751,26.3654],[77.3755,26.3658],[77.37,26.3776],[77.3572,26.3776],[77.3552,26.397],[77.3392,26.3959],[77.3462,26.414],[77.3431,26.4182],[77.3341,26.4289],[77.3318,26.432],[77.3248,26.4341],[77.3099,26.4383],[77.3064,26.439],[77.2721,26.4338],[77.2553,26.432],[77.2545,26.4338],[77.2444,26.4688],[77.2412,26.4796],[77.2424,26.4813],[77.228,26.5295],[77.2553,26.5549],[77.2892,26.5545],[77.315,26.5802],[77.3552,26.592],[77.3763,26.6187],[77.3896,26.6156],[77.395,26.6326],[77.3942,26.6326],[77.3576,26.6319],[77.3458,26.6416],[77.3513,26.6558],[77.372,26.6562],[77.3458,26.6912],[77.3474,26.7113]]]}},{"type":"Feature","properties":{"district":"Barmer","district_hi":"बाड़मेर"},"geometry":{"type":"Polygon","coordinates":[[[70.1408,26.1559],[70.2005,26.1461],[70.2208,26.1187],[70.2208,26.1191],[70.2497,26.1569],[70.2688,26.1635],[70.2707,26.1538],[70.2899,26.1552],[70.2992,26.1444],[70.3625,26.1423],[70.4077,26.1978],[70.4241,26.1926],[70.4304,26.1746],[70.4991,26.1722],[70.5604,26.1982],[70.654,26.1964],[70.6806,26.211],[70.7153,26.2103],[70.7103,26.1656],[70.7415,26.1413],[70.8676,26.1312],[70.9398,26.0538],[70.9405,26.0292],[70.9581,26.0178],[70.9675,26.033],[70.9398,26.0795],[70.9987,26.1128],[71.0237,26.1139],[71.0498,26.1392],[71.0389,26.1725],[71.0108,26.1996],[71.0073,26.2232],[70.9405,26.2239],[70.9491,26.2443],[70.9987,26.2599],[71.0112,26.2801],[71.0553,26.2835],[71.0701,26.2946],[71.0588,26.3127],[71.0752,26.3227],[71.126,26.303],[71.1404,26.3078],[71.1892,26.3848],[71.1822,26.4074],[71.2126,26.4428],[71.2833,26.4671],[71.2961,26.464],[71.3071,26.4359],[71.3266,26.4209],[71.4359,26.4969],[71.4433,26.5073],[71.4503,26.5125],[71.4679,26.474],[71.4878,26.4577],[71.5198,26.4869],[71.5729,26.5059],[71.5904,26.5018],[71.6127,26.4813],[71.6314,26.4303],[71.6224,26.4171],[71.6342,26.4046],[71.6751,26.3835],[71.7021,26.3925],[71.7161,26.3866],[71.7516,26.3626],[71.7552,26.3484],[71.7872,26.3463],[71.802,26.3335],[71.8129,26.3338],[71.8172,26.3585],[71.8379,26.3741],[71.8828,26.3394],[71.8926,26.2981],[71.9816,26.3186],[72.0206,26.346],[72.0389,26.3508],[72.0647,26.3505],[72.0877,26.3321],[72.1014,26.3217],[72.1115,26.3179],[72.14,26.3262],[72.1342,26.3189],[72.1611,26.2998],[72.1588,26.2821],[72.1919,26.2658],[72.2115,26.2346],[72.2684,26.1975],[72.3418,26.245],[72.3746,26.2249],[72.4121,26.2367],[72.4257,26.2603],[72.4148,26.2766],[72.4578,26.3009],[72.4921,26.2967],[72.5054,26.2801],[72.5214,26.287],[72.5487,26.2648],[72.5948,26.2787],[72.5959,26.2773],[72.6334,26.2294],[72.69,26.1853],[72.6787,26.1729],[72.6986,26.1166],[72.6748,26.0702],[72.6892,26.0643],[72.6841,26.0542],[72.6935,26.0379],[72.6143,26.0035],[72.6201,25.9747],[72.6611,25.9539],[72.6787,25.9449],[72.6994,25.9345],[72.7177,25.9251],[72.7267,25.9206],[72.7525,25.897],[72.7528,25.8807],[72.7802,25.8842],[72.8091,25.853],[72.8348,25.8637],[72.8493,25.8394],[72.8356,25.8207],[72.8329,25.8169],[72.8293,25.8183],[72.8247,25.8165],[72.8032,25.8269],[72.779,25.8044],[72.777,25.8026],[72.7575,25.8099],[72.7513,25.7874],[72.7513,25.787],[72.7267,25.7759],[72.7263,25.7749],[72.7243,25.761],[72.7556,25.7405],[72.7595,25.7242],[72.6892,25.6711],[72.6865,25.6691],[72.6978,25.6444],[72.7181,25.6344],[72.7197,25.609],[72.7041,25.6007],[72.6763,25.6129],[72.6272,25.6118],[72.6213,25.6011],[72.5901,25.609],[72.5471,25.5629],[72.5448,25.5497],[72.5612,25.531],[72.5222,25.5046],[72.5089,25.5074],[72.5062,25.4893],[72.4851,25.4838],[72.4632,25.4564],[72.4515,25.4588],[72.4226,25.4394],[72.3816,25.4425],[72.3555,25.4588],[72.3539,25.4442],[72.3368,25.4397],[72.3207,25.3884],[72.2981,25.3859],[72.2501,25.4154],[72.2189,25.4033],[72.1615,25.4356],[72.1061,25.4199],[72.0881,25.4644],[72.0549,25.4824],[72.0327,25.4744],[71.9773,25.4258],[71.9757,25.4043],[71.916,25.3464],[71.9468,25.3166],[71.9328,25.2801],[71.8855,25.2562],[71.8992,25.2444],[71.8945,25.235],[71.8457,25.1993],[71.8348,25.1403],[71.8223,25.1191],[71.8047,25.1136],[71.8051,25.0969],[71.7903,25.0782],[71.804,25.0685],[71.8016,25.0542],[71.7665,25.0737],[71.7376,25.0681],[71.7267,25.0258],[71.6826,24.9866],[71.6338,25.0341],[71.5865,25.0223],[71.5549,24.9817],[71.5323,24.972],[71.5256,24.9987],[71.5038,25.0098],[71.4893,25.0057],[71.4847,24.9883],[71.471,24.9977],[71.4136,24.9699],[71.3871,24.9751],[71.3797,24.9609],[71.3395,24.9391],[71.3473,24.9116],[71.3289,24.8957],[71.3168,24.9044],[71.3047,24.8887],[71.3262,24.8686],[71.3266,24.8433],[71.3028,24.8225],[71.284,24.8256],[71.286,24.8176],[71.254,24.7951],[71.2438,24.8013],[71.2602,24.7507],[71.2095,24.6983],[71.1876,24.65],[71.1119,24.6757],[71.0651,24.7177],[71.0264,24.8089],[70.9374,24.9387],[70.8882,25.1483],[70.7512,25.278],[70.7364,25.3325],[70.6646,25.397],[70.6782,25.5258],[70.6669,25.5313],[70.6736,25.676],[70.6599,25.702],[70.647,25.7128],[70.6084,25.7152],[70.5299,25.6836],[70.3867,25.6739],[70.2684,25.7138],[70.2465,25.7624],[70.1739,25.8283],[70.0994,25.9383],[70.083,26.0833],[70.1408,26.1559]]]}},{"type":"Feature","properties":{"district":"Sawai Madhopur","district_hi":"सवाई माधोपुर"},"geometry":{"type":"Polygon","coordinates":[[[76.1749,26.4858],[76.178,26.4834],[76.242,26.4612],[76.2478,26.4431],[76.3224,26.4567],[76.338,26.4369],[76.3396,26.4105],[76.4028,26.38],[76.4114,26.4161],[76.4415,26.4438],[76.4481,26.4726],[76.4641,26.4764],[76.4778,26.4997],[76.4473,26.5566],[76.4102,26.5451],[76.4028,26.5663],[76.418,26.6076],[76.4621,26.6694],[76.4524,26.6884],[76.4739,26.7172],[76.4742,26.7172],[76.5867,26.6499],[76.6023,26.6645],[76.6171,26.6569],[76.6132,26.6433],[76.6374,26.6246],[76.6386,26.61],[76.6694,26.609],[76.7038,26.5781],[76.7346,26.5712],[76.7576,26.568],[76.7658,26.5743],[76.7787,26.5892],[76.7865,26.5986],[76.8314,26.6517],[76.856,26.6471],[76.87,26.6694],[76.9165,26.6836],[76.9516,26.6707],[76.952,26.6694],[76.959,26.6256],[76.9805,26.6041],[76.9813,26.6031],[76.9809,26.6031],[76.9758,26.6007],[76.9364,26.5816],[76.9352,26.5778],[76.9352,26.575],[76.9684,26.5715],[76.9703,26.551],[76.9419,26.542],[76.9095,26.558],[76.9052,26.5229],[76.8685,26.5094],[76.8271,26.4775],[76.8115,26.4851],[76.7791,26.4692],[76.7717,26.4605],[76.7838,26.4504],[76.7752,26.4404],[76.6842,26.3942],[76.6768,26.3845],[76.6874,26.3685],[76.6757,26.3519],[76.637,26.3418],[76.6304,26.3172],[76.6011,26.3359],[76.5839,26.3158],[76.5648,26.3182],[76.5679,26.2842],[76.55,26.2672],[76.6034,26.2728],[76.6038,26.2447],[76.582,26.2329],[76.5863,26.2228],[76.5769,26.2155],[76.6276,26.1843],[76.6557,26.1833],[76.6678,26.1663],[76.7022,26.1808],[76.7026,26.1801],[76.7244,26.1548],[76.7404,26.1552],[76.7717,26.1107],[76.7947,26.1031],[76.8103,26.0698],[76.8279,26.0726],[76.8337,26.0663],[76.8353,26.0649],[76.849,26.0507],[76.8513,26.032],[76.8505,26.0309],[76.84,26.0261],[76.8072,25.99],[76.8072,25.989],[76.8052,25.9869],[76.8041,25.9609],[76.8009,25.9563],[76.7877,25.9439],[76.7576,25.9404],[76.7494,25.9397],[76.7471,25.9393],[76.7541,25.9303],[76.7572,25.9241],[76.7545,25.9206],[76.7319,25.9085],[76.7155,25.9015],[76.6628,25.9057],[76.6421,25.9078],[76.6417,25.9071],[76.6214,25.8693],[76.5831,25.8703],[76.5824,25.8703],[76.58,25.8675],[76.5465,25.8391],[76.5461,25.8387],[76.4766,25.8415],[76.4785,25.8158],[76.4415,25.7735],[76.4055,25.7693],[76.4055,25.769],[76.4048,25.769],[76.3747,25.7516],[76.3665,25.7503],[76.3638,25.7454],[76.3564,25.7412],[76.322,25.7791],[76.313,25.8141],[76.3169,25.8172],[76.3111,25.8221],[76.3084,25.8242],[76.306,25.8259],[76.29,25.8207],[76.2787,25.837],[76.2697,25.8242],[76.2502,25.8471],[76.2486,25.8353],[76.2104,25.8609],[76.2088,25.9154],[76.2408,25.9189],[76.2408,26.0223],[76.226,26.0282],[76.217,26.0112],[76.1803,26.0157],[76.1725,25.9862],[76.1507,25.99],[76.1315,25.9678],[76.1304,25.9688],[76.1315,25.973],[76.0952,26.0011],[76.082,25.9869],[76.0613,25.9949],[76.0898,26.0337],[76.0886,26.0452],[76.1069,26.0493],[76.1077,26.0497],[76.1058,26.0587],[76.1054,26.0608],[76.1054,26.0611],[76.1046,26.0611],[76.0855,26.0615],[76.0835,26.0643],[76.0874,26.1003],[76.0882,26.1031],[76.0878,26.1038],[76.0859,26.1069],[76.0784,26.118],[76.0679,26.1264],[76.0636,26.1298],[76.0624,26.1309],[76.0542,26.1142],[76.0277,26.1097],[75.9937,26.1166],[75.9937,26.1614],[76.0016,26.1618],[76.0043,26.1857],[75.9797,26.1978],[75.9902,26.2214],[76.0277,26.2232],[76.0258,26.2527],[76.0991,26.2416],[76.1015,26.2412],[76.1167,26.2516],[76.1198,26.254],[76.1202,26.254],[76.1105,26.2762],[76.1448,26.3109],[76.1229,26.3439],[76.1405,26.3585],[76.1296,26.372],[76.151,26.4119],[76.153,26.4386],[76.153,26.4414],[76.1319,26.4601],[76.1702,26.483],[76.1749,26.4858]]]}},{"type":"Feature","properties":{"district":"Tonk","district_hi":"टोंक"},"geometry":{"type":"Polygon","coordinates":[[[75.1678,26.4633],[75.1705,26.4636],[75.1823,26.4848],[75.199,26.4813],[75.2018,26.5177],[75.2513,26.5313],[75.2513,26.5448],[75.2849,26.5642],[75.2896,26.5573],[75.3278,26.5615],[75.3337,26.5222],[75.3657,26.4889],[75.4094,26.4834],[75.4079,26.4952],[75.4328,26.4827],[75.4539,26.4962],[75.5004,26.4823],[75.5203,26.464],[75.5484,26.4872],[75.5714,26.4761],[75.5687,26.4483],[75.614,26.44],[75.6456,26.4428],[75.6522,26.466],[75.7084,26.4466],[75.7264,26.4667],[75.74,26.4473],[75.7467,26.4692],[75.7716,26.4719],[75.7592,26.5177],[75.7791,26.524],[75.7689,26.5309],[75.7716,26.5431],[75.7958,26.5507],[75.8037,26.5417],[75.7935,26.5302],[75.8142,26.5209],[75.9274,26.5091],[75.9602,26.4862],[75.9715,26.5073],[76.0086,26.5],[76.0246,26.5212],[76.0632,26.5091],[76.071,26.5278],[76.0835,26.5226],[76.1007,26.5389],[76.1448,26.5243],[76.153,26.5219],[76.1518,26.5042],[76.1752,26.4862],[76.1749,26.4858],[76.1702,26.483],[76.1319,26.4601],[76.153,26.4414],[76.153,26.4386],[76.151,26.4119],[76.1296,26.372],[76.1405,26.3585],[76.1229,26.3439],[76.1448,26.3109],[76.1105,26.2762],[76.1202,26.254],[76.1198,26.254],[76.1167,26.2516],[76.1015,26.2412],[76.0991,26.2416],[76.0258,26.2527],[76.0277,26.2232],[75.9902,26.2214],[75.9797,26.1978],[76.0043,26.1857],[76.0016,26.1618],[75.9937,26.1614],[75.9937,26.1166],[76.0277,26.1097],[76.0542,26.1142],[76.0624,26.1309],[76.0636,26.1298],[76.0679,26.1264],[76.0784,26.118],[76.0859,26.1069],[76.0878,26.1038],[76.0882,26.1031],[76.0874,26.1003],[76.0835,26.0643],[76.0855,26.0615],[76.1046,26.0611],[76.1054,26.0611],[76.1054,26.0608],[76.1058,26.0587],[76.1077,26.0497],[76.1069,26.0493],[76.0886,26.0452],[76.0898,26.0337],[76.0613,25.9949],[76.082,25.9869],[76.0952,26.0011],[76.1315,25.973],[76.1304,25.9688],[76.1315,25.9678],[76.1507,25.99],[76.1725,25.9862],[76.1803,26.0157],[76.217,26.0112],[76.226,26.0282],[76.2408,26.0223],[76.2408,25.9189],[76.2088,25.9154],[76.2104,25.8609],[76.2486,25.8353],[76.2502,25.8471],[76.2697,25.8242],[76.2787,25.837],[76.29,25.8207],[76.306,25.8259],[76.3084,25.8242],[76.3111,25.8221],[76.3169,25.8172],[76.313,25.8141],[76.2908,25.7981],[76.2861,25.7818],[76.267,25.8054],[76.2365,25.7947],[76.2162,25.8106],[76.2096,25.8356],[76.1877,25.8422],[76.1788,25.8196],[76.1631,25.8124],[76.1589,25.7572],[76.1378,25.785],[76.1069,25.787],[76.1054,25.8051],[76.0453,25.8127],[76.0523,25.8637],[76.0105,25.8665],[76.0078,25.8811],[75.9676,25.8675],[75.9297,25.8717],[75.925,25.8269],[75.8872,25.8186],[75.8821,25.8342],[75.893,25.8491],[75.863,25.8748],[75.8454,25.8575],[75.8189,25.8543],[75.8087,25.8051],[75.7904,25.8026],[75.7798,25.8259],[75.7662,25.8203],[75.7537,25.7572],[75.7193,25.7621],[75.701,25.7537],[75.6916,25.7614],[75.6542,25.7496],[75.6268,25.7058],[75.6358,25.6999],[75.6159,25.6805],[75.6155,25.6802],[75.5917,25.6875],[75.5859,25.7055],[75.5929,25.7124],[75.5601,25.6986],[75.5566,25.7003],[75.5328,25.7135],[75.532,25.7138],[75.532,25.7142],[75.5164,25.7496],[75.4855,25.7329],[75.473,25.7371],[75.4609,25.7211],[75.4586,25.7232],[75.4473,25.7333],[75.4379,25.7471],[75.4325,25.7468],[75.4012,25.7752],[75.3856,25.7499],[75.3716,25.7603],[75.3173,25.7669],[75.3368,25.8006],[75.336,25.821],[75.3501,25.8311],[75.3493,25.8314],[75.3314,25.8346],[75.3044,25.8599],[75.263,25.855],[75.2654,25.8852],[75.2439,25.9001],[75.2435,25.9081],[75.2467,25.9387],[75.2697,25.9511],[75.2997,25.9449],[75.304,25.9883],[75.3505,26.0115],[75.329,26.0556],[75.3025,26.0708],[75.3271,26.101],[75.3364,26.1319],[75.2892,26.1454],[75.2716,26.1347],[75.2611,26.0996],[75.2428,26.0802],[75.217,26.1076],[75.1865,26.1156],[75.1869,26.1597],[75.1569,26.1822],[75.1526,26.2211],[75.1401,26.2284],[75.1405,26.245],[75.1147,26.2586],[75.1112,26.2884],[75.1288,26.295],[75.1354,26.3172],[75.1237,26.3533],[75.1428,26.3741],[75.1288,26.4001],[75.1296,26.4029],[75.1674,26.4164],[75.169,26.4594],[75.1694,26.4605],[75.1682,26.4622],[75.1678,26.4633]]]}},{"type":"Feature","properties":{"district":"Pali","district_hi":"पाली"},"geometry":{"type":"Polygon","coordinates":[[[72.8348,25.8637],[72.8348,25.8644],[72.8387,25.8661],[72.8399,25.8786],[72.8442,25.8915],[72.8489,25.8939],[72.8645,25.8949],[72.8731,25.889],[72.9582,25.9005],[72.9734,25.9199],[72.9722,25.9338],[72.9921,25.94],[72.9956,25.9546],[73.0245,25.9532],[73.0425,25.965],[73.0514,26.0146],[73.1143,26.0292],[73.1358,26.0462],[73.1619,26.032],[73.1845,26.0341],[73.1771,26.0538],[73.1931,26.0691],[73.192,26.0826],[73.2228,26.0719],[73.2384,26.0833],[73.247,26.0691],[73.2575,26.0698],[73.2493,26.0653],[73.2548,26.0545],[73.3079,26.0306],[73.3075,26.0139],[73.3192,26.0108],[73.3149,26.0362],[73.3282,26.0538],[73.3582,26.0622],[73.3625,26.0785],[73.3481,26.0872],[73.3403,26.1156],[73.3703,26.1343],[73.375,26.1371],[73.3742,26.1531],[73.3918,26.1586],[73.4016,26.1607],[73.4082,26.1236],[73.4305,26.1298],[73.4629,26.084],[73.4956,26.0847],[73.507,26.066],[73.5249,26.0615],[73.5202,26.1],[73.5577,26.1031],[73.5776,26.1125],[73.5737,26.1284],[73.6006,26.1246],[73.6276,26.1451],[73.6533,26.1184],[73.6459,26.0889],[73.6553,26.0698],[73.6939,26.0656],[73.7076,26.0944],[73.731,26.1107],[73.7521,26.0906],[73.7993,26.0924],[73.8106,26.1107],[73.7829,26.1489],[73.7829,26.1631],[73.8036,26.2003],[73.786,26.2339],[73.8075,26.2641],[73.8102,26.2863],[73.8013,26.3116],[73.7853,26.3182],[73.8056,26.3113],[73.8106,26.356],[73.8485,26.3751],[73.8399,26.38],[73.8442,26.4071],[73.8704,26.4293],[73.8758,26.4286],[73.8805,26.4251],[73.9531,26.4195],[73.9691,26.4352],[73.9832,26.4234],[74.0277,26.4268],[74.0347,26.413],[74.062,26.4247],[74.1018,26.4161],[74.1018,26.4452],[74.1217,26.457],[74.1389,26.4306],[74.1565,26.4247],[74.1592,26.4102],[74.1912,26.4272],[74.1893,26.4379],[74.2365,26.4615],[74.2907,26.4483],[74.2911,26.4487],[74.2915,26.4483],[74.2868,26.413],[74.304,26.3828],[74.304,26.3293],[74.2513,26.2863],[74.2724,26.2606],[74.3013,26.2516],[74.3048,26.2516],[74.3598,26.2915],[74.3864,26.278],[74.3973,26.2651],[74.368,26.2405],[74.3743,26.2103],[74.3669,26.1912],[74.3395,26.1964],[74.3177,26.1819],[74.3001,26.1857],[74.2868,26.1694],[74.272,26.1739],[74.272,26.159],[74.3009,26.1333],[74.2439,26.0792],[74.2369,26.067],[74.2443,26.0538],[74.2252,26.0577],[74.1807,26.0327],[74.1764,26.0632],[74.1619,26.0684],[74.1522,26.0417],[74.1697,26.0101],[74.1264,25.9602],[74.1576,25.9567],[74.1479,25.9425],[74.1623,25.9255],[74.1627,25.9251],[74.1389,25.8887],[74.117,25.8807],[74.1077,25.8568],[74.1069,25.8547],[74.0538,25.8297],[74.0526,25.829],[74.039,25.8377],[73.9957,25.8658],[73.9679,25.8335],[73.9488,25.836],[73.9476,25.8342],[73.9441,25.8044],[73.9242,25.7919],[73.9309,25.7676],[73.9067,25.7409],[73.9149,25.6975],[73.9082,25.685],[73.902,25.6725],[73.8633,25.6503],[73.827,25.582],[73.8056,25.5109],[73.7533,25.4383],[73.7419,25.3936],[73.7314,25.3797],[73.7091,25.3814],[73.6978,25.3603],[73.6459,25.3235],[73.6479,25.3082],[73.6381,25.3131],[73.6291,25.3068],[73.6143,25.2919],[73.61,25.2853],[73.6209,25.2583],[73.6084,25.2496],[73.594,25.1934],[73.5725,25.1868],[73.5628,25.167],[73.498,25.1229],[73.4913,25.1101],[73.4886,25.1042],[73.4882,25.1039],[73.4843,25.1032],[73.409,25.0886],[73.3766,25.0438],[73.3715,25.0341],[73.3664,25.03],[73.3434,25.0109],[73.3454,24.9894],[73.3294,24.9738],[73.3497,24.9595],[73.3301,24.9064],[73.3184,24.9047],[73.2915,24.8693],[73.2821,24.8787],[73.2712,24.8742],[73.2689,24.8527],[73.24,24.8239],[73.2326,24.7847],[73.2091,24.7857],[73.1463,24.7489],[73.1709,24.7791],[73.1713,24.7885],[73.1685,24.8131],[73.1486,24.8457],[73.1256,24.8374],[73.1061,24.8582],[73.0788,24.861],[73.0565,24.8863],[73.0397,24.887],[72.9921,24.9221],[72.9964,24.9616],[73.0382,24.9724],[73.0538,25.0088],[73.1084,25.039],[73.1295,25.066],[73.1377,25.0973],[73.0432,25.1628],[73.0374,25.1427],[73.0475,25.1053],[73.0218,25.0893],[72.9995,25.1004],[72.996,25.1458],[72.9843,25.149],[72.9788,25.1375],[72.95,25.1427],[72.9425,25.1861],[72.9578,25.1819],[72.9589,25.1937],[72.9738,25.1934],[72.973,25.2201],[72.9695,25.2232],[72.9425,25.2184],[72.9355,25.2413],[72.9351,25.2433],[72.9382,25.2437],[72.9792,25.2485],[72.9855,25.2492],[72.9863,25.251],[72.9952,25.2843],[72.973,25.3349],[72.9367,25.3603],[72.9566,25.3748],[72.9749,25.371],[72.9925,25.3478],[73.0077,25.3568],[72.9909,25.3787],[72.9948,25.3849],[72.9984,25.3905],[72.9991,25.3918],[73.0175,25.38],[73.0351,25.3932],[73.0487,25.4113],[73.0604,25.4314],[73.0608,25.4324],[73.0534,25.4446],[73.0913,25.4671],[73.0835,25.4911],[73.0511,25.5084],[73.0511,25.5088],[73.0538,25.557],[72.98,25.6052],[72.9706,25.625],[72.9359,25.6358],[72.9379,25.6476],[72.9191,25.6705],[72.9316,25.685],[72.8926,25.6888],[72.8844,25.7017],[72.8988,25.71],[72.8902,25.736],[72.8239,25.7641],[72.7845,25.7992],[72.779,25.8044],[72.8032,25.8269],[72.8247,25.8165],[72.8293,25.8183],[72.8329,25.8169],[72.8356,25.8207],[72.8493,25.8394],[72.8348,25.8637]]]}},{"type":"Feature","properties":{"district":"Bhilwara","district_hi":"भीलवाड़ा"},"geometry":{"type":"Polygon","coordinates":[[[75.3173,25.7669],[75.3716,25.7603],[75.3856,25.7499],[75.4012,25.7752],[75.4325,25.7468],[75.4379,25.7471],[75.4473,25.7333],[75.4586,25.7232],[75.4559,25.7208],[75.4594,25.7156],[75.4215,25.6885],[75.4352,25.6559],[75.4305,25.624],[75.4305,25.6236],[75.3575,25.5379],[75.368,25.5039],[75.3618,25.4821],[75.3618,25.4817],[75.3236,25.4564],[75.3021,25.4206],[75.2841,25.4352],[75.2833,25.4345],[75.2619,25.4161],[75.2627,25.4099],[75.2662,25.4029],[75.2853,25.4029],[75.3029,25.3783],[75.3208,25.3634],[75.3419,25.3231],[75.3657,25.3179],[75.4446,25.2642],[75.4527,25.2021],[75.4473,25.1545],[75.4032,25.1025],[75.4512,25.0487],[75.4457,25.0234],[75.411,25.0202],[75.3517,25.015],[75.3513,25.0189],[75.3501,25.0334],[75.2951,25.0397],[75.208,25.0345],[75.1971,25.0338],[75.1924,25.0334],[75.192,25.0366],[75.1908,25.0372],[75.1916,25.0397],[75.1897,25.0546],[75.2041,25.0896],[75.1253,25.1049],[75.1233,25.1257],[75.08,25.1257],[75.0628,25.115],[75.0308,25.1229],[75.023,25.1344],[74.9734,25.1042],[74.9602,25.1399],[74.9395,25.1507],[74.9301,25.1233],[74.9192,25.1413],[74.8926,25.1424],[74.9102,25.1767],[74.8915,25.1864],[74.8594,25.1722],[74.8384,25.1445],[74.8001,25.1514],[74.7958,25.1524],[74.7974,25.159],[74.7923,25.1722],[74.7849,25.1753],[74.7802,25.2027],[74.7545,25.2156],[74.7412,25.175],[74.7158,25.174],[74.7291,25.1854],[74.7232,25.2059],[74.7123,25.2045],[74.6928,25.1771],[74.6584,25.1819],[74.6143,25.1406],[74.578,25.1486],[74.5644,25.1316],[74.537,25.1469],[74.5546,25.1774],[74.5089,25.1826],[74.5113,25.2021],[74.4957,25.2017],[74.4637,25.1649],[74.4492,25.1774],[74.3996,25.1878],[74.3977,25.1882],[74.3981,25.2041],[74.3739,25.1927],[74.3875,25.1809],[74.386,25.167],[74.3786,25.1535],[74.359,25.1573],[74.3454,25.1205],[74.3247,25.124],[74.2958,25.0976],[74.2841,25.1004],[74.274,25.0664],[74.2634,25.0657],[74.2587,25.0667],[74.2322,25.0678],[74.2248,25.0657],[74.2228,25.0629],[74.2259,25.0497],[74.1896,25.057],[74.1885,25.057],[74.1881,25.0883],[74.1803,25.09],[74.1889,25.0976],[74.1654,25.1268],[74.0991,25.1379],[74.0936,25.1514],[74.0601,25.1427],[74.0745,25.1805],[74.1006,25.1857],[74.1237,25.2426],[74.1061,25.2409],[74.0975,25.2336],[74.0819,25.2388],[74.069,25.243],[74.0499,25.2385],[74.0472,25.2374],[74.039,25.2617],[74.0386,25.2628],[74.0292,25.2624],[74.0366,25.2989],[74.0222,25.3166],[74.0448,25.3006],[74.0772,25.3002],[74.0807,25.3159],[74.0776,25.3218],[74.0718,25.3231],[74.0374,25.3304],[74.0214,25.3481],[74.0261,25.3648],[74.0117,25.3884],[74.012,25.3884],[74.0304,25.3866],[74.039,25.3988],[74.0741,25.4078],[74.0753,25.4092],[74.0558,25.4179],[74.0597,25.4394],[74.0183,25.438],[74.0163,25.4376],[74.0144,25.4522],[74.0269,25.4637],[74.053,25.4626],[74.0374,25.4734],[74.0413,25.4987],[74.0928,25.4918],[74.0839,25.5004],[74.1053,25.514],[74.0811,25.5289],[74.0843,25.5587],[74.0546,25.5691],[74.1202,25.608],[74.1135,25.6288],[74.1276,25.6469],[74.0792,25.677],[74.0835,25.7038],[74.1077,25.7225],[74.1955,25.7395],[74.1873,25.7648],[74.2084,25.7749],[74.1982,25.8009],[74.2127,25.8078],[74.1935,25.8196],[74.1709,25.8113],[74.1838,25.8481],[74.1826,25.8484],[74.1932,25.8533],[74.2123,25.8554],[74.2267,25.8432],[74.2841,25.8842],[74.2923,25.8901],[74.3067,25.8963],[74.3169,25.8866],[74.345,25.9015],[74.3466,25.9199],[74.3282,25.9227],[74.3286,25.9369],[74.3879,25.9629],[74.3914,25.9595],[74.4207,25.9341],[74.4289,25.9303],[74.4832,25.9286],[74.5242,25.9116],[74.5327,25.8842],[74.5238,25.8672],[74.5386,25.8731],[74.5425,25.8772],[74.548,25.8769],[74.5698,25.8762],[74.5761,25.888],[74.5573,25.9022],[74.5593,25.914],[74.6038,25.9154],[74.6163,25.905],[74.708,25.9213],[74.7997,25.8734],[74.8532,25.8804],[74.8876,25.8727],[74.9008,25.8821],[74.9414,25.8627],[74.9816,25.8637],[74.9941,25.8436],[75.0168,25.8595],[75.0406,25.8467],[75.0367,25.8318],[75.0086,25.8092],[75.0363,25.7867],[75.0749,25.7822],[75.0663,25.7402],[75.0886,25.7232],[75.0847,25.7045],[75.1077,25.6972],[75.1159,25.7076],[75.1378,25.7045],[75.144,25.7222],[75.1588,25.7246],[75.2096,25.692],[75.2509,25.6854],[75.2591,25.7041],[75.2748,25.7006],[75.2755,25.7235],[75.2755,25.7239],[75.3173,25.7669]]]}},{"type":"Feature","properties":{"district":"Jalore","district_hi":"जालोर"},"geometry":{"type":"Polygon","coordinates":[[[71.1876,24.65],[71.2095,24.6983],[71.2602,24.7507],[71.2438,24.8013],[71.254,24.7951],[71.286,24.8176],[71.284,24.8256],[71.3028,24.8225],[71.3266,24.8433],[71.3262,24.8686],[71.3047,24.8887],[71.3168,24.9044],[71.3289,24.8957],[71.3473,24.9116],[71.3395,24.9391],[71.3797,24.9609],[71.3871,24.9751],[71.4136,24.9699],[71.471,24.9977],[71.4847,24.9883],[71.4893,25.0057],[71.5038,25.0098],[71.5256,24.9987],[71.5323,24.972],[71.5549,24.9817],[71.5865,25.0223],[71.6338,25.0341],[71.6826,24.9866],[71.7267,25.0258],[71.7376,25.0681],[71.7665,25.0737],[71.8016,25.0542],[71.804,25.0685],[71.7903,25.0782],[71.8051,25.0969],[71.8047,25.1136],[71.8223,25.1191],[71.8348,25.1403],[71.8457,25.1993],[71.8945,25.235],[71.8992,25.2444],[71.8855,25.2562],[71.9328,25.2801],[71.9468,25.3166],[71.916,25.3464],[71.9757,25.4043],[71.9773,25.4258],[72.0327,25.4744],[72.0549,25.4824],[72.0881,25.4644],[72.1061,25.4199],[72.1615,25.4356],[72.2189,25.4033],[72.2501,25.4154],[72.2981,25.3859],[72.3207,25.3884],[72.3368,25.4397],[72.3539,25.4442],[72.3555,25.4588],[72.3816,25.4425],[72.4226,25.4394],[72.4515,25.4588],[72.4632,25.4564],[72.4851,25.4838],[72.5062,25.4893],[72.5089,25.5074],[72.5222,25.5046],[72.5612,25.531],[72.5448,25.5497],[72.5471,25.5629],[72.5901,25.609],[72.6213,25.6011],[72.6272,25.6118],[72.6763,25.6129],[72.7041,25.6007],[72.7197,25.609],[72.7181,25.6344],[72.6978,25.6444],[72.6865,25.6691],[72.6892,25.6711],[72.7595,25.7242],[72.7556,25.7405],[72.7243,25.761],[72.7263,25.7749],[72.7267,25.7759],[72.7513,25.787],[72.7513,25.7874],[72.7575,25.8099],[72.777,25.8026],[72.779,25.8044],[72.7845,25.7992],[72.8239,25.7641],[72.8902,25.736],[72.8988,25.71],[72.8844,25.7017],[72.8926,25.6888],[72.9316,25.685],[72.9191,25.6705],[72.9379,25.6476],[72.9359,25.6358],[72.9706,25.625],[72.98,25.6052],[73.0538,25.557],[73.0511,25.5088],[73.0511,25.5084],[73.0835,25.4911],[73.0913,25.4671],[73.0534,25.4446],[73.0608,25.4324],[73.0604,25.4314],[73.0487,25.4113],[73.0351,25.3932],[73.0175,25.38],[72.9991,25.3918],[72.9984,25.3905],[72.9948,25.3849],[72.9909,25.3787],[73.0077,25.3568],[72.9925,25.3478],[72.9749,25.371],[72.9566,25.3748],[72.9367,25.3603],[72.973,25.3349],[72.9952,25.2843],[72.9863,25.251],[72.9855,25.2492],[72.9792,25.2485],[72.9382,25.2437],[72.9351,25.2433],[72.9355,25.2413],[72.9168,25.2558],[72.8906,25.2465],[72.8863,25.2451],[72.8828,25.2479],[72.8703,25.2503],[72.8309,25.2839],[72.8149,25.2652],[72.8118,25.2562],[72.8075,25.2562],[72.7802,25.2232],[72.7802,25.1889],[72.7802,25.1885],[72.7685,25.1781],[72.7466,25.1583],[72.7388,25.1261],[72.7119,25.1073],[72.7044,25.0817],[72.6908,25.0754],[72.6888,25.0463],[72.6631,25.0459],[72.6486,25.0157],[72.6377,25.0161],[72.6342,25.0001],[72.5674,24.9356],[72.5171,24.9359],[72.4956,24.9172],[72.5034,24.8808],[72.4788,24.8711],[72.4976,24.819],[72.4886,24.8072],[72.4909,24.7597],[72.4902,24.7597],[72.4144,24.7545],[72.4,24.7756],[72.3731,24.7656],[72.3118,24.6736],[72.3161,24.6504],[72.3356,24.633],[72.3204,24.6178],[72.3028,24.6188],[72.2708,24.6375],[72.2548,24.6247],[72.231,24.64],[72.2302,24.6407],[72.1947,24.623],[72.1966,24.6146],[72.165,24.6212],[72.1502,24.6434],[72.1244,24.6386],[72.0897,24.6587],[72.0846,24.7062],[72.0846,24.7069],[72.0584,24.7125],[72.0124,24.6906],[71.9937,24.6948],[71.9839,24.6858],[71.9882,24.6573],[71.9398,24.6337],[71.9156,24.6493],[71.9187,24.6719],[71.8719,24.6816],[71.8578,24.6663],[71.8652,24.6306],[71.8524,24.6091],[71.8059,24.6268],[71.8106,24.6559],[71.7915,24.6771],[71.7364,24.6601],[71.7079,24.6615],[71.6552,24.6389],[71.608,24.6771],[71.5904,24.6674],[71.5733,24.684],[71.542,24.6761],[71.5307,24.6833],[71.4952,24.6809],[71.4776,24.6795],[71.4655,24.6729],[71.3773,24.6258],[71.3586,24.631],[71.3477,24.6608],[71.3137,24.648],[71.2879,24.616],[71.2875,24.616],[71.2719,24.6212],[71.1876,24.65]]]}},{"type":"Feature","properties":{"district":"Bundi","district_hi":"बूंदी"},"geometry":{"type":"Polygon","coordinates":[[[76.313,25.8141],[76.322,25.7791],[76.3564,25.7412],[76.3564,25.7409],[76.3404,25.7072],[76.3384,25.7027],[76.3376,25.7031],[76.3372,25.702],[76.299,25.6982],[76.2963,25.6954],[76.2974,25.6684],[76.3193,25.6493],[76.2916,25.6309],[76.2955,25.592],[76.2888,25.5813],[76.2869,25.5455],[76.2826,25.5393],[76.2826,25.5362],[76.265,25.5129],[76.2615,25.5084],[76.2615,25.5081],[76.235,25.5067],[76.2057,25.4866],[76.1909,25.5011],[76.1854,25.4987],[76.1823,25.4963],[76.1741,25.4432],[76.1589,25.4366],[76.1561,25.4165],[76.1327,25.4047],[76.153,25.3894],[76.1526,25.3891],[76.1354,25.3738],[76.1561,25.3603],[76.1542,25.3436],[76.1518,25.344],[76.1284,25.3478],[76.1073,25.3311],[76.0839,25.3523],[76.0667,25.3492],[76.0613,25.3266],[76.0218,25.3134],[76.0336,25.2798],[76.0004,25.2586],[75.9914,25.2322],[75.9895,25.234],[75.936,25.2871],[75.8661,25.2322],[75.8119,25.2315],[75.8029,25.2395],[75.8165,25.2451],[75.8087,25.2572],[75.7822,25.2655],[75.7681,25.2083],[75.724,25.175],[75.7353,25.15],[75.7158,25.1292],[75.7365,25.1157],[75.7432,25.1112],[75.7439,25.1108],[75.7408,25.1073],[75.6924,25.0536],[75.6764,25.0352],[75.6643,25.0327],[75.6389,25.0147],[75.6163,25.0244],[75.6167,25.0296],[75.594,25.0449],[75.5804,25.0497],[75.5406,25.0376],[75.5406,25.0372],[75.5367,25.0143],[75.4465,25.0223],[75.4512,25.0487],[75.4032,25.1025],[75.4473,25.1545],[75.4527,25.2021],[75.4446,25.2642],[75.3657,25.3179],[75.3419,25.3231],[75.3208,25.3634],[75.3029,25.3783],[75.2853,25.4029],[75.2662,25.4029],[75.2627,25.4099],[75.2619,25.4161],[75.2833,25.4345],[75.2841,25.4352],[75.3021,25.4206],[75.3236,25.4564],[75.3618,25.4817],[75.3618,25.4821],[75.368,25.5039],[75.3575,25.5379],[75.4305,25.6236],[75.4305,25.624],[75.4352,25.6559],[75.4215,25.6885],[75.4594,25.7156],[75.4559,25.7208],[75.4586,25.7232],[75.4609,25.7211],[75.473,25.7371],[75.4855,25.7329],[75.5164,25.7496],[75.532,25.7142],[75.532,25.7138],[75.5328,25.7135],[75.5566,25.7003],[75.5601,25.6986],[75.5929,25.7124],[75.5859,25.7055],[75.5917,25.6875],[75.6155,25.6802],[75.6159,25.6805],[75.6358,25.6999],[75.6268,25.7058],[75.6542,25.7496],[75.6916,25.7614],[75.701,25.7537],[75.7193,25.7621],[75.7537,25.7572],[75.7662,25.8203],[75.7798,25.8259],[75.7904,25.8026],[75.8087,25.8051],[75.8189,25.8543],[75.8454,25.8575],[75.863,25.8748],[75.893,25.8491],[75.8821,25.8342],[75.8872,25.8186],[75.925,25.8269],[75.9297,25.8717],[75.9676,25.8675],[76.0078,25.8811],[76.0105,25.8665],[76.0523,25.8637],[76.0453,25.8127],[76.1054,25.8051],[76.1069,25.787],[76.1378,25.785],[76.1589,25.7572],[76.1631,25.8124],[76.1788,25.8196],[76.1877,25.8422],[76.2096,25.8356],[76.2162,25.8106],[76.2365,25.7947],[76.267,25.8054],[76.2861,25.7818],[76.2908,25.7981],[76.313,25.8141]]]}},{"type":"Feature","properties":{"district":"Kota","district_hi":"कोटा"},"geometry":{"type":"Polygon","coordinates":[[[76.3564,25.7412],[76.3638,25.7454],[76.3665,25.7503],[76.3747,25.7516],[76.4048,25.769],[76.4055,25.769],[76.4055,25.7693],[76.4415,25.7735],[76.4785,25.8158],[76.4766,25.8415],[76.5461,25.8387],[76.5465,25.8391],[76.5636,25.8488],[76.5359,25.8117],[76.5207,25.7926],[76.5207,25.7915],[76.5223,25.7284],[76.5004,25.728],[76.4731,25.7093],[76.4742,25.7045],[76.4781,25.6881],[76.4793,25.6843],[76.4801,25.684],[76.4805,25.6829],[76.5039,25.6701],[76.4969,25.6427],[76.5109,25.6285],[76.5055,25.5795],[76.5199,25.5473],[76.5164,25.5275],[76.5554,25.4831],[76.5554,25.4533],[76.5558,25.4529],[76.5636,25.4481],[76.5859,25.4328],[76.5894,25.4248],[76.5941,25.4082],[76.573,25.4071],[76.5531,25.4213],[76.5207,25.4168],[76.4965,25.4304],[76.4965,25.43],[76.4899,25.4154],[76.4418,25.4082],[76.4379,25.3849],[76.3868,25.3932],[76.3778,25.3846],[76.3661,25.3953],[76.3427,25.3787],[76.3232,25.3818],[76.3228,25.3818],[76.2849,25.2496],[76.249,25.2413],[76.249,25.2392],[76.2482,25.1844],[76.2354,25.183],[76.2338,25.1649],[76.2115,25.1587],[76.2108,25.1573],[76.2073,25.1517],[76.2018,25.1431],[76.1963,25.1243],[76.2213,25.074],[76.3009,24.9602],[76.3244,24.9633],[76.3486,24.9873],[76.3938,24.9845],[76.3958,24.9685],[76.3962,24.9658],[76.3985,24.9706],[76.4094,24.9786],[76.4219,24.9713],[76.4379,24.9595],[76.4438,24.9332],[76.4692,24.9325],[76.4848,24.9012],[76.5027,24.8971],[76.5043,24.8877],[76.5035,24.8853],[76.4984,24.8832],[76.4906,24.8867],[76.4922,24.8801],[76.4824,24.8759],[76.4875,24.8596],[76.4399,24.8593],[76.4415,24.8312],[76.4184,24.8294],[76.4188,24.8391],[76.4161,24.8398],[76.413,24.8405],[76.4055,24.8426],[76.3989,24.8346],[76.3587,24.8707],[76.3318,24.8638],[76.3134,24.8364],[76.2869,24.8339],[76.2912,24.818],[76.2814,24.8069],[76.265,24.81],[76.2689,24.8423],[76.2514,24.8398],[76.2533,24.827],[76.2209,24.8291],[76.2272,24.8135],[76.2194,24.7808],[76.201,24.7548],[76.1522,24.7451],[76.1514,24.7458],[76.1397,24.7649],[76.1397,24.7729],[76.1526,24.7965],[76.137,24.8003],[76.1144,24.7645],[76.0644,24.743],[76.0597,24.734],[76.0581,24.7309],[76.0578,24.7298],[76.0999,24.6913],[76.0617,24.6681],[76.0554,24.6195],[76.0734,24.572],[76.0562,24.5626],[76.0457,24.5706],[76.0269,24.5508],[75.9629,24.5636],[75.952,24.5432],[75.9274,24.5477],[75.9208,24.5487],[75.9208,24.5432],[75.9176,24.5411],[75.911,24.5435],[75.9067,24.5466],[75.9149,24.5723],[75.8786,24.5834],[75.8716,24.6063],[75.8493,24.6108],[75.8357,24.5983],[75.8368,24.606],[75.8259,24.6136],[75.845,24.6271],[75.8489,24.6476],[75.8482,24.6632],[75.8251,24.6674],[75.8333,24.7281],[75.8337,24.7316],[75.8021,24.7566],[75.7904,24.7576],[75.7849,24.7618],[75.7919,24.7725],[75.8021,24.8058],[75.8099,24.8298],[75.813,24.8402],[75.8119,24.8704],[75.7494,24.8863],[75.7026,24.9179],[75.6737,24.938],[75.6483,24.9772],[75.6167,24.9904],[75.6104,25.0157],[75.5843,25.0241],[75.5367,25.0143],[75.5406,25.0372],[75.5406,25.0376],[75.5804,25.0497],[75.594,25.0449],[75.6167,25.0296],[75.6163,25.0244],[75.6389,25.0147],[75.6643,25.0327],[75.6764,25.0352],[75.6924,25.0536],[75.7408,25.1073],[75.7439,25.1108],[75.7432,25.1112],[75.7365,25.1157],[75.7158,25.1292],[75.7353,25.15],[75.724,25.175],[75.7681,25.2083],[75.7822,25.2655],[75.8087,25.2572],[75.8165,25.2451],[75.8029,25.2395],[75.8119,25.2315],[75.8661,25.2322],[75.936,25.2871],[75.9895,25.234],[75.9914,25.2322],[76.0004,25.2586],[76.0336,25.2798],[76.0218,25.3134],[76.0613,25.3266],[76.0667,25.3492],[76.0839,25.3523],[76.1073,25.3311],[76.1284,25.3478],[76.1518,25.344],[76.1542,25.3436],[76.1561,25.3603],[76.1354,25.3738],[76.1526,25.3891],[76.153,25.3894],[76.1327,25.4047],[76.1561,25.4165],[76.1589,25.4366],[76.1741,25.4432],[76.1823,25.4963],[76.1854,25.4987],[76.1909,25.5011],[76.2057,25.4866],[76.235,25.5067],[76.2615,25.5081],[76.2615,25.5084],[76.265,25.5129],[76.2826,25.5362],[76.2826,25.5393],[76.2869,25.5455],[76.2888,25.5813],[76.2955,25.592],[76.2916,25.6309],[76.3193,25.6493],[76.2974,25.6684],[76.2963,25.6954],[76.299,25.6982],[76.3372,25.702],[76.3376,25.7031],[76.3384,25.7027],[76.3404,25.7072],[76.3564,25.7409],[76.3564,25.7412]]]}},{"type":"Feature","properties":{"district":"Sirohi","district_hi":"सिरोही"},"geometry":{"type":"Polygon","coordinates":[[[72.9355,25.2413],[72.9425,25.2184],[72.9695,25.2232],[72.973,25.2201],[72.9738,25.1934],[72.9589,25.1937],[72.9578,25.1819],[72.9425,25.1861],[72.95,25.1427],[72.9788,25.1375],[72.9843,25.149],[72.996,25.1458],[72.9995,25.1004],[73.0218,25.0893],[73.0475,25.1053],[73.0374,25.1427],[73.0432,25.1628],[73.1377,25.0973],[73.1295,25.066],[73.1084,25.039],[73.0538,25.0088],[73.0382,24.9724],[72.9964,24.9616],[72.9921,24.9221],[73.0397,24.887],[73.0565,24.8863],[73.0788,24.861],[73.1061,24.8582],[73.1256,24.8374],[73.1486,24.8457],[73.1685,24.8131],[73.1713,24.7885],[73.1709,24.7791],[73.1463,24.7489],[73.142,24.6795],[73.0874,24.6313],[73.087,24.6046],[73.0733,24.5817],[73.0483,24.5411],[73.0214,24.5189],[73.0128,24.4915],[73.0003,24.4835],[73.0011,24.4807],[73.0011,24.4797],[72.9683,24.4512],[72.9679,24.4509],[72.9812,24.4339],[72.95,24.3988],[72.9566,24.3936],[72.9745,24.3825],[72.9745,24.3798],[72.9749,24.3749],[72.9749,24.3687],[72.9597,24.3614],[72.9593,24.361],[72.9109,24.3371],[72.891,24.3569],[72.8535,24.3714],[72.852,24.3711],[72.8496,24.3718],[72.7528,24.3655],[72.7286,24.3669],[72.6892,24.4117],[72.6834,24.4637],[72.576,24.4786],[72.5389,24.5196],[72.5335,24.5036],[72.5202,24.5002],[72.5046,24.4582],[72.4933,24.4589],[72.5003,24.4169],[72.4574,24.4148],[72.43,24.48],[72.4414,24.5151],[72.4164,24.521],[72.3887,24.5078],[72.3539,24.5636],[72.3309,24.5692],[72.3289,24.5522],[72.295,24.5466],[72.2856,24.565],[72.2649,24.5602],[72.2466,24.5855],[72.2759,24.6074],[72.2973,24.6088],[72.3137,24.5938],[72.336,24.5987],[72.3364,24.5994],[72.3473,24.6282],[72.3473,24.6285],[72.3465,24.6285],[72.3356,24.633],[72.3161,24.6504],[72.3118,24.6736],[72.3731,24.7656],[72.4,24.7756],[72.4144,24.7545],[72.4902,24.7597],[72.4909,24.7597],[72.4886,24.8072],[72.4976,24.819],[72.4788,24.8711],[72.5034,24.8808],[72.4956,24.9172],[72.5171,24.9359],[72.5674,24.9356],[72.6342,25.0001],[72.6377,25.0161],[72.6486,25.0157],[72.6631,25.0459],[72.6888,25.0463],[72.6908,25.0754],[72.7044,25.0817],[72.7119,25.1073],[72.7388,25.1261],[72.7466,25.1583],[72.7685,25.1781],[72.7802,25.1885],[72.7802,25.1889],[72.7802,25.2232],[72.8075,25.2562],[72.8118,25.2562],[72.8149,25.2652],[72.8309,25.2839],[72.8703,25.2503],[72.8828,25.2479],[72.8863,25.2451],[72.8906,25.2465],[72.9168,25.2558],[72.9355,25.2413]]]}},{"type":"Feature","properties":{"district":"Baran","district_hi":"बारां"},"geometry":{"type":"Polygon","coordinates":[[[76.4415,24.8312],[76.4399,24.8593],[76.4875,24.8596],[76.4824,24.8759],[76.4922,24.8801],[76.4906,24.8867],[76.4984,24.8832],[76.5035,24.8853],[76.5043,24.8877],[76.5027,24.8971],[76.4848,24.9012],[76.4692,24.9325],[76.4438,24.9332],[76.4379,24.9595],[76.4219,24.9713],[76.4094,24.9786],[76.3985,24.9706],[76.3962,24.9658],[76.3958,24.9685],[76.3938,24.9845],[76.3486,24.9873],[76.3244,24.9633],[76.3009,24.9602],[76.2213,25.074],[76.1963,25.1243],[76.2018,25.1431],[76.2073,25.1517],[76.2108,25.1573],[76.2115,25.1587],[76.2338,25.1649],[76.2354,25.183],[76.2482,25.1844],[76.249,25.2392],[76.249,25.2413],[76.2849,25.2496],[76.3228,25.3818],[76.3232,25.3818],[76.3427,25.3787],[76.3661,25.3953],[76.3778,25.3846],[76.3868,25.3932],[76.4379,25.3849],[76.4418,25.4082],[76.4899,25.4154],[76.4965,25.43],[76.4965,25.4304],[76.5207,25.4168],[76.5531,25.4213],[76.573,25.4071],[76.5941,25.4082],[76.5972,25.4082],[76.5984,25.3922],[76.6233,25.3766],[76.6401,25.3835],[76.6698,25.3488],[76.7006,25.3516],[76.7295,25.3287],[76.7619,25.3197],[76.8572,25.3329],[76.902,25.3235],[76.9294,25.303],[76.9231,25.2853],[76.9368,25.2832],[76.9458,25.2836],[76.959,25.2916],[76.9735,25.3002],[77.0316,25.2947],[77.0457,25.3193],[77.0711,25.3204],[77.0714,25.3207],[77.0832,25.3363],[77.1253,25.3304],[77.1647,25.3082],[77.2092,25.3061],[77.2057,25.3266],[77.2174,25.3294],[77.2151,25.3197],[77.2233,25.3186],[77.2346,25.3336],[77.2245,25.3353],[77.2342,25.379],[77.2487,25.3807],[77.2912,25.4227],[77.3142,25.4314],[77.3677,25.4102],[77.3693,25.4071],[77.3509,25.3853],[77.3509,25.3818],[77.3501,25.3804],[77.3513,25.3794],[77.3665,25.3606],[77.3423,25.3218],[77.3681,25.328],[77.37,25.3256],[77.3806,25.2947],[77.381,25.293],[77.3739,25.2746],[77.3544,25.2735],[77.3552,25.2635],[77.4114,25.2239],[77.4266,25.1878],[77.4001,25.184],[77.3931,25.1594],[77.3907,25.1229],[77.4067,25.1118],[77.3931,25.1195],[77.3576,25.0938],[77.3236,25.0865],[77.3146,25.0844],[77.3131,25.0806],[77.3111,25.0796],[77.2736,25.1125],[77.2697,25.1157],[77.2385,25.107],[77.1745,25.1118],[77.1671,25.0848],[77.1499,25.0865],[77.1479,25.0952],[77.1226,25.0667],[77.0956,25.0654],[77.0855,25.0549],[77.0004,25.0747],[76.9746,25.0664],[76.968,25.0508],[76.8763,25.0414],[76.8755,25.0074],[76.8568,25.0026],[76.8677,24.9835],[76.8618,24.9613],[76.8896,24.9339],[76.8903,24.9193],[76.92,24.9165],[76.9196,24.9141],[76.9126,24.8881],[76.9497,24.8693],[76.9298,24.8482],[76.9282,24.8478],[76.9262,24.8471],[76.8977,24.8384],[76.8283,24.8364],[76.7998,24.8246],[76.8041,24.8079],[76.8462,24.7701],[76.8466,24.7694],[76.8482,24.7652],[76.8556,24.7437],[76.8907,24.7468],[76.9067,24.7316],[76.9465,24.7586],[76.952,24.7579],[76.9559,24.7576],[76.9637,24.7566],[76.9743,24.7361],[76.9965,24.7323],[76.9988,24.7177],[77.032,24.709],[77.0348,24.7083],[77.0652,24.6438],[77.0656,24.6337],[77.0683,24.5616],[77.0687,24.5574],[77.0547,24.5265],[77.0367,24.5272],[77.032,24.5085],[77.0297,24.497],[77.0293,24.4967],[77.0117,24.4922],[77.0047,24.4762],[77.0039,24.4738],[76.9836,24.4727],[76.9778,24.4613],[76.9325,24.4727],[76.9259,24.4741],[76.9208,24.4793],[76.9184,24.4818],[76.9169,24.4832],[76.9177,24.5435],[76.9017,24.546],[76.8841,24.5217],[76.8622,24.5494],[76.8244,24.5362],[76.8166,24.5335],[76.8533,24.4668],[76.8451,24.4363],[76.8439,24.4363],[76.8177,24.4346],[76.8166,24.4266],[76.7604,24.4474],[76.7116,24.4033],[76.6776,24.4387],[76.6429,24.4134],[76.6077,24.4238],[76.5941,24.4533],[76.5742,24.4637],[76.5796,24.4908],[76.5472,24.4974],[76.5351,24.5109],[76.5355,24.5626],[76.518,24.5834],[76.5293,24.6601],[76.4887,24.6493],[76.4762,24.6591],[76.4746,24.6643],[76.445,24.7455],[76.4415,24.8308],[76.4415,24.8312]]]}},{"type":"Feature","properties":{"district":"Udaipur","district_hi":"उदयपुर"},"geometry":{"type":"Polygon","coordinates":[[[73.1463,24.7489],[73.2091,24.7857],[73.2326,24.7847],[73.24,24.8239],[73.2689,24.8527],[73.2712,24.8742],[73.2821,24.8787],[73.2915,24.8693],[73.3184,24.9047],[73.3301,24.9064],[73.3497,24.9595],[73.3294,24.9738],[73.3454,24.9894],[73.3434,25.0109],[73.3664,25.03],[73.3715,25.0341],[73.3766,25.0438],[73.409,25.0886],[73.4843,25.1032],[73.4882,25.1039],[73.4964,25.0983],[73.5019,25.0945],[73.5042,25.0785],[73.4718,25.0251],[73.4898,25.0057],[73.5027,25.023],[73.5315,25.0112],[73.507,24.9744],[73.5327,24.9536],[73.5366,24.9148],[73.5675,24.9134],[73.5682,24.8929],[73.5827,24.8992],[73.6084,24.87],[73.6455,24.8822],[73.6885,24.862],[73.6834,24.8381],[73.6647,24.835],[73.6475,24.7954],[73.6526,24.7784],[73.6717,24.7697],[73.6467,24.7496],[73.6545,24.7298],[73.6678,24.7264],[73.6658,24.7375],[73.6869,24.7448],[73.6967,24.7375],[73.6924,24.7479],[73.715,24.769],[73.6998,24.7767],[73.7045,24.7888],[73.733,24.759],[73.7435,24.7302],[73.7583,24.7281],[73.7607,24.7139],[73.7829,24.725],[73.7896,24.7434],[73.8079,24.7465],[73.8071,24.7534],[73.7896,24.7455],[73.7782,24.7548],[73.7837,24.7718],[73.7751,24.7795],[73.7884,24.8037],[73.811,24.802],[73.7997,24.8128],[73.8239,24.8329],[73.7962,24.8634],[73.8383,24.9071],[73.8965,24.8756],[73.9133,24.8922],[73.9285,24.8849],[73.9414,24.8468],[73.9594,24.8551],[73.9512,24.9012],[73.9945,24.921],[74.0195,24.8936],[74.055,24.9078],[74.0686,24.8717],[74.0995,24.8645],[74.1241,24.8849],[74.1248,24.8856],[74.1424,24.8811],[74.137,24.8582],[74.1046,24.862],[74.1295,24.8436],[74.1073,24.8083],[74.1069,24.7635],[74.1182,24.752],[74.1042,24.7347],[74.1705,24.7111],[74.1721,24.6868],[74.1549,24.6851],[74.1526,24.6667],[74.1713,24.6691],[74.183,24.6563],[74.2006,24.6629],[74.2056,24.6438],[74.1963,24.6143],[74.2127,24.6157],[74.2256,24.649],[74.2427,24.6403],[74.2521,24.616],[74.2138,24.615],[74.2154,24.5917],[74.2361,24.5997],[74.2443,24.5845],[74.2704,24.5765],[74.2619,24.5473],[74.2736,24.5359],[74.2693,24.5154],[74.2498,24.5154],[74.2505,24.5012],[74.2384,24.5036],[74.2427,24.4835],[74.2174,24.4814],[74.1982,24.4471],[74.2302,24.4287],[74.2505,24.455],[74.2611,24.453],[74.2611,24.4661],[74.2521,24.4651],[74.2564,24.4845],[74.2681,24.4779],[74.2685,24.454],[74.2833,24.4776],[74.2915,24.4637],[74.3087,24.4616],[74.3208,24.4845],[74.3411,24.4835],[74.329,24.4568],[74.3091,24.4415],[74.3087,24.4068],[74.3427,24.4162],[74.3614,24.4009],[74.3665,24.3718],[74.343,24.3693],[74.3434,24.352],[74.3333,24.344],[74.3598,24.3322],[74.368,24.3],[74.3778,24.2982],[74.3665,24.2836],[74.4254,24.2878],[74.4258,24.2868],[74.4277,24.2795],[74.4309,24.2705],[74.4309,24.258],[74.4301,24.2576],[74.379,24.2354],[74.3754,24.2278],[74.3965,24.1976],[74.3786,24.1719],[74.3559,24.1671],[74.2997,24.1966],[74.2388,24.207],[74.2166,24.2004],[74.2283,24.1646],[74.2568,24.1456],[74.2638,24.1254],[74.222,24.0994],[74.2338,24.0717],[74.263,24.0425],[74.2646,24.0408],[74.2685,24.022],[74.2408,23.9804],[74.2708,23.9488],[74.2669,23.9343],[74.2665,23.9339],[74.2295,23.9131],[74.2189,23.9072],[74.1986,23.9544],[74.1639,23.9731],[74.1541,24.0099],[74.1526,24.0109],[74.1131,23.9884],[74.0956,23.9912],[74.0718,23.9665],[74.0433,23.9797],[73.9968,23.9683],[73.9156,23.9856],[73.8672,23.9585],[73.8567,23.9363],[73.8383,23.9339],[73.7864,23.9485],[73.7755,23.9356],[73.7521,23.9485],[73.7353,23.9395],[73.6928,23.9575],[73.6709,23.9398],[73.6631,23.9502],[73.6502,23.9433],[73.6393,23.9471],[73.6303,23.9502],[73.5932,23.9631],[73.5827,23.9627],[73.5464,23.9367],[73.5444,23.9353],[73.5436,23.9346],[73.514,23.9301],[73.482,23.8697],[73.4707,23.8701],[73.4636,23.8402],[73.4301,23.8375],[73.402,23.8028],[73.3793,23.8073],[73.368,23.8142],[73.3653,23.8239],[73.3598,23.8444],[73.3563,23.8576],[73.3559,23.8593],[73.3641,23.8739],[73.3782,23.9034],[73.3785,23.9034],[73.3844,23.9103],[73.3875,23.9159],[73.3891,23.9159],[73.3906,23.918],[73.4152,23.9252],[73.4203,23.9301],[73.4199,23.9315],[73.4133,23.9391],[73.4148,23.9856],[73.3984,23.9901],[73.4078,24.0082],[73.4047,24.0411],[73.361,24.081],[73.3618,24.1046],[73.3383,24.0987],[73.3262,24.1095],[73.3169,24.0536],[73.2966,24.0439],[73.2825,24.0193],[73.2653,24.0203],[73.2427,24.0023],[73.2294,24.022],[73.1931,24.0408],[73.2138,24.0776],[73.1588,24.0984],[73.1541,24.1116],[73.1252,24.1247],[73.0764,24.1792],[73.0674,24.1945],[73.0792,24.2049],[73.0784,24.2191],[73.0971,24.2309],[73.0885,24.2347],[73.0877,24.2347],[73.0901,24.2378],[73.0998,24.2528],[73.1073,24.2639],[73.1217,24.2705],[73.1248,24.2729],[73.1354,24.3083],[73.1693,24.3003],[73.1764,24.3378],[73.1818,24.3433],[73.1986,24.3319],[73.2189,24.3641],[73.1986,24.377],[73.1709,24.3558],[73.1521,24.3544],[73.0764,24.3964],[73.103,24.4328],[73.1018,24.4707],[73.0913,24.4752],[73.0959,24.4901],[73.087,24.4977],[73.0347,24.4641],[73.0034,24.4665],[73.003,24.4665],[73.0011,24.4797],[73.0011,24.4807],[73.0003,24.4835],[73.0128,24.4915],[73.0214,24.5189],[73.0483,24.5411],[73.0733,24.5817],[73.087,24.6046],[73.0874,24.6313],[73.142,24.6795],[73.1463,24.7489]]]}},{"type":"Feature","properties":{"district":"Jhalawar","district_hi":"झालावाड़"},"geometry":{"type":"Polygon","coordinates":[[[75.9208,24.5432],[75.9208,24.5487],[75.9274,24.5477],[75.952,24.5432],[75.9629,24.5636],[76.0269,24.5508],[76.0457,24.5706],[76.0562,24.5626],[76.0734,24.572],[76.0554,24.6195],[76.0617,24.6681],[76.0999,24.6913],[76.0578,24.7298],[76.0581,24.7309],[76.0597,24.734],[76.0644,24.743],[76.1144,24.7645],[76.137,24.8003],[76.1526,24.7965],[76.1397,24.7729],[76.1397,24.7649],[76.1514,24.7458],[76.1522,24.7451],[76.201,24.7548],[76.2194,24.7808],[76.2272,24.8135],[76.2209,24.8291],[76.2533,24.827],[76.2514,24.8398],[76.2689,24.8423],[76.265,24.81],[76.2814,24.8069],[76.2912,24.818],[76.2869,24.8339],[76.3134,24.8364],[76.3318,24.8638],[76.3587,24.8707],[76.3989,24.8346],[76.4055,24.8426],[76.413,24.8405],[76.4161,24.8398],[76.4188,24.8391],[76.4184,24.8294],[76.4415,24.8312],[76.4415,24.8308],[76.445,24.7455],[76.4746,24.6643],[76.4762,24.6591],[76.4887,24.6493],[76.5293,24.6601],[76.518,24.5834],[76.5355,24.5626],[76.5351,24.5109],[76.5472,24.4974],[76.5796,24.4908],[76.5742,24.4637],[76.5941,24.4533],[76.6077,24.4238],[76.6429,24.4134],[76.6776,24.4387],[76.7116,24.4033],[76.7604,24.4474],[76.8166,24.4266],[76.8177,24.4346],[76.8439,24.4363],[76.8505,24.4235],[76.8376,24.4086],[76.8517,24.3707],[76.8326,24.3582],[76.8415,24.3225],[76.8564,24.3045],[76.863,24.2732],[76.8888,24.2448],[76.9122,24.2378],[76.9223,24.2115],[76.9473,24.2011],[76.9356,24.1837],[76.9161,24.1875],[76.9013,24.1282],[76.881,24.1303],[76.8806,24.1313],[76.8696,24.1334],[76.8021,24.1164],[76.7564,24.1692],[76.726,24.1685],[76.7194,24.1587],[76.6987,24.1685],[76.676,24.191],[76.7022,24.2413],[76.6956,24.2826],[76.6667,24.2625],[76.6433,24.2694],[76.6335,24.2576],[76.6163,24.258],[76.6112,24.2382],[76.5847,24.2437],[76.5949,24.2229],[76.5703,24.2091],[76.564,24.191],[76.5769,24.1778],[76.5277,24.157],[76.5137,24.1657],[76.5047,24.2032],[76.4805,24.208],[76.4707,24.2261],[76.452,24.2091],[76.4165,24.2208],[76.4208,24.2084],[76.4126,24.2004],[76.3575,24.2396],[76.3216,24.2455],[76.2873,24.2299],[76.281,24.2066],[76.2276,24.2149],[76.2123,24.2097],[76.1948,24.2732],[76.2045,24.3],[76.1991,24.3076],[76.1854,24.3294],[76.1741,24.3072],[76.1647,24.3069],[76.1624,24.2847],[76.1432,24.283],[76.1366,24.2708],[76.1483,24.2316],[76.1175,24.1945],[76.1163,24.1851],[76.114,24.166],[76.121,24.1605],[76.1245,24.1591],[76.1245,24.1577],[76.1249,24.1574],[76.1311,24.1168],[76.1261,24.1129],[76.1272,24.088],[76.0421,24.0658],[76.0094,24.0245],[75.9633,24.0186],[75.9672,23.9912],[75.9848,23.9738],[75.9813,23.9291],[75.9555,23.9207],[75.9375,23.8968],[75.895,23.8895],[75.886,23.8791],[75.8708,23.8905],[75.8532,23.8874],[75.8407,23.8746],[75.8329,23.8798],[75.8181,23.868],[75.7939,23.8669],[75.7822,23.8489],[75.7658,23.8506],[75.7646,23.8753],[75.7529,23.8874],[75.7353,23.8985],[75.7061,23.8992],[75.7018,23.8728],[75.7365,23.8565],[75.7193,23.8413],[75.7217,23.8118],[75.6901,23.8135],[75.7018,23.7865],[75.6901,23.7472],[75.6901,23.7469],[75.6756,23.7819],[75.6596,23.7844],[75.6545,23.7982],[75.5835,23.7948],[75.589,23.8097],[75.5663,23.8094],[75.5593,23.8187],[75.5617,23.8323],[75.5796,23.835],[75.5644,23.8565],[75.5051,23.8878],[75.4996,23.8954],[75.4723,23.9121],[75.4621,23.9145],[75.4629,23.9176],[75.4738,23.9808],[75.4738,23.9818],[75.5211,24.0245],[75.5956,23.9901],[75.6401,23.9981],[75.6709,24.0182],[75.6725,24.0165],[75.6877,24.0054],[75.6869,23.9887],[75.6987,23.988],[75.7018,23.9665],[75.7174,23.9669],[75.7412,23.9769],[75.7424,23.9925],[75.7654,23.9929],[75.7627,24.0099],[75.7736,24.0075],[75.783,24.0217],[75.783,24.0432],[75.8368,24.0571],[75.8349,24.0918],[75.8165,24.0855],[75.8056,24.0994],[75.7931,24.0918],[75.7826,24.1161],[75.7705,24.1154],[75.751,24.1435],[75.774,24.1806],[75.7763,24.2084],[75.8302,24.2333],[75.8146,24.2444],[75.8185,24.2805],[75.8107,24.2958],[75.7666,24.2982],[75.74,24.3326],[75.7381,24.3347],[75.74,24.377],[75.7291,24.378],[75.7279,24.3964],[75.7553,24.4065],[75.7474,24.4242],[75.7861,24.4533],[75.7892,24.4717],[75.8138,24.4616],[75.8099,24.4339],[75.8357,24.4148],[75.9005,24.4422],[75.9114,24.4911],[75.9118,24.4918],[75.8884,24.5078],[75.888,24.5078],[75.8907,24.5185],[75.9094,24.5137],[75.9126,24.5158],[75.9208,24.53],[75.9208,24.5369],[75.9208,24.5432]]]}},{"type":"Feature","properties":{"district":"Dungarpur","district_hi":"डूंगरपुर"},"geometry":{"type":"Polygon","coordinates":[[[73.368,23.8142],[73.3793,23.8073],[73.402,23.8028],[73.4301,23.8375],[73.4636,23.8402],[73.4707,23.8701],[73.482,23.8697],[73.514,23.9301],[73.5436,23.9346],[73.5444,23.9353],[73.5464,23.9367],[73.5827,23.9627],[73.5932,23.9631],[73.6303,23.9502],[73.6393,23.9471],[73.6502,23.9433],[73.6631,23.9502],[73.6709,23.9398],[73.6928,23.9575],[73.7353,23.9395],[73.7521,23.9485],[73.7755,23.9356],[73.7864,23.9485],[73.8383,23.9339],[73.8567,23.9363],[73.8672,23.9585],[73.9156,23.9856],[73.9968,23.9683],[74.0433,23.9797],[74.0718,23.9665],[74.0956,23.9912],[74.1131,23.9884],[74.1526,24.0109],[74.1541,24.0099],[74.1639,23.9731],[74.1986,23.9544],[74.2189,23.9072],[74.2295,23.9131],[74.2665,23.9339],[74.2669,23.9343],[74.2708,23.9488],[74.272,23.9495],[74.2837,23.9547],[74.3001,23.9624],[74.3169,23.9408],[74.3633,23.9367],[74.3762,23.9044],[74.3602,23.9016],[74.3575,23.9013],[74.3575,23.9009],[74.359,23.8846],[74.336,23.878],[74.306,23.8527],[74.2716,23.8323],[74.2338,23.8135],[74.2033,23.7989],[74.1475,23.7837],[74.1463,23.7833],[74.1459,23.7819],[74.1397,23.7691],[74.1323,23.7538],[74.1358,23.7365],[74.1186,23.7216],[74.1338,23.6917],[74.1264,23.6768],[74.1346,23.6439],[74.1241,23.6366],[74.1221,23.6092],[74.0694,23.5998],[74.0671,23.5679],[74.0382,23.5491],[74.0199,23.5075],[74.0105,23.469],[74.0179,23.4423],[73.9664,23.3854],[73.9594,23.3809],[73.9379,23.368],[73.934,23.3396],[73.9336,23.3385],[73.9188,23.3375],[73.8914,23.3357],[73.8899,23.3354],[73.8899,23.3396],[73.877,23.3698],[73.8302,23.4263],[73.8286,23.4475],[73.7864,23.4301],[73.7556,23.4544],[73.7209,23.41],[73.7056,23.4398],[73.6982,23.4551],[73.6963,23.4561],[73.6475,23.4364],[73.6272,23.4485],[73.6408,23.4964],[73.6565,23.5075],[73.633,23.5287],[73.6365,23.5644],[73.6498,23.5679],[73.6432,23.5942],[73.6557,23.6213],[73.6155,23.6522],[73.5725,23.6536],[73.523,23.6067],[73.4937,23.6324],[73.5089,23.6442],[73.4968,23.6491],[73.5073,23.7028],[73.4734,23.7053],[73.4714,23.7195],[73.4492,23.7348],[73.4476,23.7528],[73.4242,23.7615],[73.4133,23.7792],[73.4004,23.7851],[73.3707,23.7653],[73.3703,23.7656],[73.352,23.7913],[73.368,23.8142]]]}},{"type":"Feature","properties":{"district":"Banswara","district_hi":"बांसवाड़ा"},"geometry":{"type":"Polygon","coordinates":[[[73.9594,23.3809],[73.9664,23.3854],[74.0179,23.4423],[74.0105,23.469],[74.0199,23.5075],[74.0382,23.5491],[74.0671,23.5679],[74.0694,23.5998],[74.1221,23.6092],[74.1241,23.6366],[74.1346,23.6439],[74.1264,23.6768],[74.1338,23.6917],[74.1186,23.7216],[74.1358,23.7365],[74.1323,23.7538],[74.1397,23.7691],[74.1459,23.7819],[74.1463,23.7833],[74.1475,23.7837],[74.2033,23.7989],[74.2338,23.8135],[74.2716,23.8323],[74.306,23.8527],[74.336,23.878],[74.359,23.8846],[74.3575,23.9009],[74.3575,23.9013],[74.3602,23.9016],[74.3762,23.9044],[74.377,23.9023],[74.395,23.903],[74.4402,23.9131],[74.4473,23.92],[74.48,23.9252],[74.4851,23.9228],[74.4879,23.9214],[74.4902,23.9204],[74.489,23.9048],[74.5304,23.8784],[74.5167,23.834],[74.5476,23.8284],[74.5441,23.8059],[74.5608,23.8048],[74.5519,23.7563],[74.5624,23.7386],[74.5261,23.7306],[74.5394,23.7073],[74.5394,23.6737],[74.5183,23.6355],[74.6073,23.6411],[74.6202,23.6553],[74.6495,23.6445],[74.6623,23.6758],[74.6627,23.6768],[74.6647,23.6754],[74.6752,23.6685],[74.6908,23.6581],[74.6998,23.6348],[74.7365,23.6144],[74.7482,23.614],[74.7634,23.5994],[74.7744,23.589],[74.7767,23.5869],[74.7751,23.5852],[74.7623,23.5717],[74.7767,23.5512],[74.7771,23.5502],[74.7689,23.5564],[74.7708,23.5422],[74.7724,23.5429],[74.7619,23.5214],[74.7334,23.5217],[74.7271,23.4954],[74.7018,23.504],[74.701,23.5044],[74.6998,23.5033],[74.6811,23.4874],[74.6779,23.4846],[74.6518,23.4624],[74.6331,23.4697],[74.6323,23.4617],[74.6042,23.4575],[74.61,23.4516],[74.5991,23.4287],[74.5726,23.4208],[74.569,23.3763],[74.5577,23.3618],[74.5398,23.3618],[74.5398,23.3347],[74.514,23.3281],[74.5148,23.316],[74.53,23.3208],[74.5468,23.2771],[74.5745,23.2952],[74.585,23.2768],[74.6092,23.2823],[74.6389,23.2553],[74.6768,23.274],[74.6998,23.2684],[74.715,23.2369],[74.6916,23.2258],[74.7021,23.2143],[74.7326,23.2174],[74.7338,23.2209],[74.7486,23.224],[74.749,23.2244],[74.7482,23.2237],[74.7154,23.1907],[74.6713,23.2001],[74.6065,23.1425],[74.5394,23.1293],[74.5448,23.1092],[74.5058,23.0852],[74.464,23.0818],[74.4324,23.105],[74.386,23.1116],[74.3415,23.0679],[74.32,23.0592],[74.3192,23.0655],[74.2845,23.0932],[74.2845,23.0939],[74.2931,23.1172],[74.2701,23.1623],[74.247,23.1845],[74.2029,23.1904],[74.1811,23.1515],[74.151,23.1654],[74.128,23.1761],[74.1272,23.1824],[74.1264,23.1925],[74.1256,23.2043],[74.1409,23.223],[74.1389,23.266],[74.0921,23.2979],[74.0382,23.2934],[74.0448,23.3087],[74.0331,23.3059],[74.0288,23.3316],[73.982,23.3378],[73.9761,23.367],[73.966,23.377],[73.9594,23.3809]]]}},{"type":"Feature","properties":{"district":"Ajmer","district_hi":"अजमेर"},"geometry":{"type":"MultiPolygon","coordinates":[[[[73.9082,25.685],[73.9149,25.6975],[73.9067,25.7409],[73.9309,25.7676],[73.9242,25.7919],[73.9441,25.8044],[73.9476,25.8342],[73.9488,25.836],[73.9679,25.8335],[73.9957,25.8658],[74.039,25.8377],[74.0526,25.829],[74.0538,25.8297],[74.0593,25.8183],[74.0889,25.7898],[74.0925,25.769],[74.048,25.7534],[74.0347,25.7575],[74.0078,25.7423],[73.9769,25.7117],[74.012,25.7062],[74.0117,25.7034],[74.0113,25.7017],[74.0109,25.6975],[73.9925,25.6854],[73.9894,25.6826],[73.9863,25.6666],[73.948,25.6514],[73.9437,25.65],[73.9324,25.6781],[73.9082,25.685]]],[[[74.975,26.8914],[74.975,26.8911],[74.9539,26.8661],[74.9531,26.8505],[74.936,26.8442],[74.9137,26.838],[74.9141,26.8359],[74.9242,26.7925],[74.9375,26.78],[74.9375,26.7499],[74.9824,26.7665],[75.0078,26.753],[74.9996,26.7322],[74.9434,26.7332],[74.9418,26.7335],[74.9418,26.7242],[74.9637,26.7214],[74.9637,26.6843],[74.968,26.6815],[74.9699,26.6798],[74.9769,26.6749],[75.0105,26.6902],[75.0199,26.6642],[75.0644,26.6551],[75.0605,26.6249],[75.0804,26.6083],[75.0609,26.5552],[75.0737,26.5451],[75.0956,26.5601],[75.1175,26.5528],[75.1128,26.5236],[75.1491,26.5014],[75.1506,26.5004],[75.146,26.4733],[75.1452,26.4702],[75.1608,26.474],[75.1608,26.4629],[75.1674,26.4633],[75.1678,26.4633],[75.1682,26.4622],[75.1694,26.4605],[75.169,26.4594],[75.1674,26.4164],[75.1296,26.4029],[75.1288,26.4001],[75.1428,26.3741],[75.1237,26.3533],[75.1354,26.3172],[75.1288,26.295],[75.1112,26.2884],[75.1147,26.2586],[75.1405,26.245],[75.1401,26.2284],[75.1526,26.2211],[75.1569,26.1822],[75.1869,26.1597],[75.1865,26.1156],[75.217,26.1076],[75.2428,26.0802],[75.2611,26.0996],[75.2716,26.1347],[75.2892,26.1454],[75.3364,26.1319],[75.3271,26.101],[75.3025,26.0708],[75.329,26.0556],[75.3505,26.0115],[75.304,25.9883],[75.2997,25.9449],[75.2697,25.9511],[75.2467,25.9387],[75.2435,25.9081],[75.2439,25.9001],[75.2654,25.8852],[75.263,25.855],[75.3044,25.8599],[75.3314,25.8346],[75.3493,25.8314],[75.3501,25.8311],[75.336,25.821],[75.3368,25.8006],[75.3173,25.7669],[75.2755,25.7239],[75.2755,25.7235],[75.2748,25.7006],[75.2591,25.7041],[75.2509,25.6854],[75.2096,25.692],[75.1588,25.7246],[75.144,25.7222],[75.1378,25.7045],[75.1159,25.7076],[75.1077,25.6972],[75.0847,25.7045],[75.0886,25.7232],[75.0663,25.7402],[75.0749,25.7822],[75.0363,25.7867],[75.0086,25.8092],[75.0367,25.8318],[75.0406,25.8467],[75.0168,25.8595],[74.9941,25.8436],[74.9816,25.8637],[74.9414,25.8627],[74.9008,25.8821],[74.8876,25.8727],[74.8532,25.8804],[74.7997,25.8734],[74.708,25.9213],[74.6163,25.905],[74.6038,25.9154],[74.5593,25.914],[74.5573,25.9022],[74.5761,25.888],[74.5698,25.8762],[74.548,25.8769],[74.5425,25.8772],[74.5386,25.8731],[74.5238,25.8672],[74.5327,25.8842],[74.5242,25.9116],[74.4832,25.9286],[74.4289,25.9303],[74.4207,25.9341],[74.3914,25.9595],[74.3879,25.9629],[74.3875,25.9633],[74.3856,26.0056],[74.3544,26.0188],[74.3286,26.015],[74.322,26.0119],[74.3208,25.9997],[74.2818,25.9616],[74.2993,25.9151],[74.2876,25.9123],[74.2763,25.9511],[74.2658,25.9341],[74.2279,25.9348],[74.265,25.8741],[74.2841,25.8842],[74.2267,25.8432],[74.2552,25.8693],[74.2244,25.8946],[74.2181,25.8932],[74.1932,25.8533],[74.1826,25.8484],[74.1787,25.8464],[74.1327,25.8602],[74.1209,25.863],[74.1077,25.8568],[74.117,25.8807],[74.1389,25.8887],[74.1627,25.9251],[74.1623,25.9255],[74.1479,25.9425],[74.1576,25.9567],[74.1264,25.9602],[74.1697,26.0101],[74.1522,26.0417],[74.1619,26.0684],[74.1764,26.0632],[74.1807,26.0327],[74.2252,26.0577],[74.2443,26.0538],[74.2369,26.067],[74.2439,26.0792],[74.3009,26.1333],[74.272,26.159],[74.272,26.1739],[74.2868,26.1694],[74.3001,26.1857],[74.3177,26.1819],[74.3395,26.1964],[74.3669,26.1912],[74.3743,26.2103],[74.368,26.2405],[74.3973,26.2651],[74.3864,26.278],[74.3598,26.2915],[74.3048,26.2516],[74.3013,26.2516],[74.2724,26.2606],[74.2513,26.2863],[74.304,26.3293],[74.304,26.3828],[74.2868,26.413],[74.2915,26.4483],[74.2911,26.4487],[74.2919,26.4487],[74.3142,26.4556],[74.3313,26.4417],[74.3317,26.4421],[74.3688,26.4761],[74.3692,26.4875],[74.4301,26.4865],[74.4422,26.5035],[74.4621,26.4872],[74.498,26.5184],[74.5105,26.5292],[74.5886,26.6295],[74.6147,26.6045],[74.6155,26.568],[74.6463,26.5937],[74.6545,26.5875],[74.6705,26.5961],[74.6733,26.6156],[74.6787,26.6118],[74.6928,26.6475],[74.7131,26.6662],[74.7213,26.7006],[74.6631,26.7152],[74.6979,26.7741],[74.7416,26.7696],[74.7584,26.7915],[74.7751,26.7901],[74.7685,26.8498],[74.7986,26.8539],[74.813,26.8671],[74.8255,26.9275],[74.8528,26.9788],[74.9043,26.9761],[74.9098,26.9709],[74.9153,26.966],[74.9168,26.9643],[74.9586,26.9611],[74.9633,26.9473],[74.9812,26.9435],[74.9723,26.8914],[74.975,26.8914]]]]}},{"type":"Feature","properties":{"district":"Rajsamand","district_hi":"राजसमंद"},"geometry":{"type":"MultiPolygon","coordinates":[[[[74.0538,25.8297],[74.1069,25.8547],[74.1077,25.8568],[74.1209,25.863],[74.1327,25.8602],[74.1787,25.8464],[74.1826,25.8484],[74.1838,25.8481],[74.1709,25.8113],[74.1935,25.8196],[74.2127,25.8078],[74.1982,25.8009],[74.2084,25.7749],[74.1873,25.7648],[74.1955,25.7395],[74.1077,25.7225],[74.0835,25.7038],[74.0792,25.677],[74.1276,25.6469],[74.1135,25.6288],[74.1202,25.608],[74.0546,25.5691],[74.0843,25.5587],[74.0811,25.5289],[74.1053,25.514],[74.0839,25.5004],[74.0928,25.4918],[74.0413,25.4987],[74.0374,25.4734],[74.053,25.4626],[74.0269,25.4637],[74.0144,25.4522],[74.0163,25.4376],[74.0183,25.438],[74.0597,25.4394],[74.0558,25.4179],[74.0753,25.4092],[74.0741,25.4078],[74.039,25.3988],[74.0304,25.3866],[74.012,25.3884],[74.0117,25.3884],[74.0261,25.3648],[74.0214,25.3481],[74.0374,25.3304],[74.0718,25.3231],[74.0776,25.3218],[74.0807,25.3159],[74.0772,25.3002],[74.0448,25.3006],[74.0222,25.3166],[74.0366,25.2989],[74.0292,25.2624],[74.0386,25.2628],[74.039,25.2617],[74.0472,25.2374],[74.0499,25.2385],[74.069,25.243],[74.0819,25.2388],[74.0975,25.2336],[74.1061,25.2409],[74.1237,25.2426],[74.1006,25.1857],[74.0745,25.1805],[74.0601,25.1427],[74.0936,25.1514],[74.0991,25.1379],[74.1654,25.1268],[74.1889,25.0976],[74.1803,25.09],[74.1881,25.0883],[74.1885,25.057],[74.1896,25.057],[74.2259,25.0497],[74.2228,25.0629],[74.2248,25.0657],[74.2322,25.0678],[74.2587,25.0667],[74.2634,25.0657],[74.2615,25.0657],[74.2786,25.0601],[74.2841,25.056],[74.2943,25.0376],[74.3173,25.032],[74.3185,25.03],[74.3036,24.9921],[74.2911,25.0015],[74.2611,24.9821],[74.2345,24.9956],[74.1955,24.9866],[74.1947,24.9543],[74.1791,24.9245],[74.1576,24.9151],[74.1475,24.8867],[74.1424,24.8811],[74.1248,24.8856],[74.1241,24.8849],[74.0995,24.8645],[74.0686,24.8717],[74.055,24.9078],[74.0195,24.8936],[73.9945,24.921],[73.9512,24.9012],[73.9594,24.8551],[73.9414,24.8468],[73.9285,24.8849],[73.9133,24.8922],[73.8965,24.8756],[73.8383,24.9071],[73.7962,24.8634],[73.8239,24.8329],[73.7997,24.8128],[73.811,24.802],[73.7884,24.8037],[73.7751,24.7795],[73.7837,24.7718],[73.7782,24.7548],[73.7896,24.7455],[73.8071,24.7534],[73.8079,24.7465],[73.7896,24.7434],[73.7829,24.725],[73.7607,24.7139],[73.7583,24.7281],[73.7435,24.7302],[73.733,24.759],[73.7045,24.7888],[73.6998,24.7767],[73.715,24.769],[73.6924,24.7479],[73.6967,24.7375],[73.6869,24.7448],[73.6658,24.7375],[73.6678,24.7264],[73.6545,24.7298],[73.6467,24.7496],[73.6717,24.7697],[73.6526,24.7784],[73.6475,24.7954],[73.6647,24.835],[73.6834,24.8381],[73.6885,24.862],[73.6455,24.8822],[73.6084,24.87],[73.5827,24.8992],[73.5682,24.8929],[73.5675,24.9134],[73.5366,24.9148],[73.5327,24.9536],[73.507,24.9744],[73.5315,25.0112],[73.5027,25.023],[73.4898,25.0057],[73.4718,25.0251],[73.5042,25.0785],[73.5019,25.0945],[73.4964,25.0983],[73.4882,25.1039],[73.4886,25.1042],[73.4913,25.1101],[73.498,25.1229],[73.5628,25.167],[73.5725,25.1868],[73.594,25.1934],[73.6084,25.2496],[73.6209,25.2583],[73.61,25.2853],[73.6143,25.2919],[73.6291,25.3068],[73.6381,25.3131],[73.6479,25.3082],[73.6459,25.3235],[73.6978,25.3603],[73.7091,25.3814],[73.7314,25.3797],[73.7419,25.3936],[73.7533,25.4383],[73.8056,25.5109],[73.827,25.582],[73.8633,25.6503],[73.902,25.6725],[73.9082,25.685],[73.9324,25.6781],[73.9437,25.65],[73.948,25.6514],[73.9863,25.6666],[73.9894,25.6826],[73.9925,25.6854],[74.0109,25.6975],[74.0113,25.7017],[74.0117,25.7034],[74.012,25.7062],[73.9769,25.7117],[74.0078,25.7423],[74.0347,25.7575],[74.048,25.7534],[74.0925,25.769],[74.0889,25.7898],[74.0593,25.8183],[74.0538,25.8297]]],[[[74.2267,25.8432],[74.2123,25.8554],[74.1932,25.8533],[74.2181,25.8932],[74.2244,25.8946],[74.2552,25.8693],[74.2267,25.8432]]],[[[74.3879,25.9629],[74.3286,25.9369],[74.3282,25.9227],[74.3466,25.9199],[74.345,25.9015],[74.3169,25.8866],[74.3067,25.8963],[74.2923,25.8901],[74.2841,25.8842],[74.265,25.8741],[74.2279,25.9348],[74.2658,25.9341],[74.2763,25.9511],[74.2876,25.9123],[74.2993,25.9151],[74.2818,25.9616],[74.3208,25.9997],[74.322,26.0119],[74.3286,26.015],[74.3544,26.0188],[74.3856,26.0056],[74.3875,25.9633],[74.3879,25.9629]]]]}},{"type":"Feature","properties":{"district":"Chittorgarh","district_hi":"चित्तौड़गढ़"},"geometry":{"type":"MultiPolygon","coordinates":[[[[75.3513,25.0189],[75.3517,25.015],[75.411,25.0202],[75.4457,25.0234],[75.4512,25.0487],[75.4465,25.0223],[75.5367,25.0143],[75.5843,25.0241],[75.6104,25.0157],[75.6167,24.9904],[75.6483,24.9772],[75.6737,24.938],[75.7026,24.9179],[75.7494,24.8863],[75.8119,24.8704],[75.813,24.8402],[75.8099,24.8298],[75.8021,24.8058],[75.7919,24.7725],[75.7849,24.7618],[75.7576,24.7614],[75.7572,24.7614],[75.6834,24.7243],[75.6577,24.6934],[75.6518,24.6913],[75.63,24.6837],[75.6268,24.6823],[75.6093,24.6816],[75.5831,24.7132],[75.5496,24.7031],[75.5339,24.7121],[75.4898,24.6872],[75.4555,24.6806],[75.2646,24.7173],[75.2283,24.7177],[75.2193,24.7024],[75.2178,24.7056],[75.1975,24.7434],[75.1846,24.7486],[75.2158,24.8024],[75.2525,24.8131],[75.249,24.8301],[75.2252,24.8343],[75.2244,24.844],[75.2783,24.8402],[75.3111,24.801],[75.3286,24.819],[75.4086,24.8499],[75.4204,24.8631],[75.4239,24.8752],[75.4215,24.8825],[75.3735,24.8676],[75.3267,24.8749],[75.3091,24.8558],[75.2634,24.8749],[75.267,24.8992],[75.2943,24.9089],[75.2591,24.9609],[75.2853,24.9658],[75.2818,24.9529],[75.3048,24.9283],[75.3138,24.8853],[75.336,24.9529],[75.3161,24.9769],[75.3142,24.9793],[75.3134,24.98],[75.3138,24.9817],[75.3173,25.0043],[75.3177,25.0078],[75.3204,25.0091],[75.3247,25.0116],[75.3384,25.0185],[75.3513,25.0189]]],[[[74.2634,25.0657],[74.274,25.0664],[74.2841,25.1004],[74.2958,25.0976],[74.3247,25.124],[74.3454,25.1205],[74.359,25.1573],[74.3786,25.1535],[74.386,25.167],[74.3875,25.1809],[74.3739,25.1927],[74.3981,25.2041],[74.3977,25.1882],[74.3996,25.1878],[74.4492,25.1774],[74.4637,25.1649],[74.4957,25.2017],[74.5113,25.2021],[74.5089,25.1826],[74.5546,25.1774],[74.537,25.1469],[74.5644,25.1316],[74.578,25.1486],[74.6143,25.1406],[74.6584,25.1819],[74.6928,25.1771],[74.7123,25.2045],[74.7232,25.2059],[74.7291,25.1854],[74.7158,25.174],[74.7412,25.175],[74.7545,25.2156],[74.7802,25.2027],[74.7849,25.1753],[74.7923,25.1722],[74.7974,25.159],[74.7958,25.1524],[74.8001,25.1514],[74.8384,25.1445],[74.8594,25.1722],[74.8915,25.1864],[74.9102,25.1767],[74.8926,25.1424],[74.9192,25.1413],[74.9301,25.1233],[74.9395,25.1507],[74.9602,25.1399],[74.9734,25.1042],[75.023,25.1344],[75.0308,25.1229],[75.0628,25.115],[75.08,25.1257],[75.1233,25.1257],[75.1253,25.1049],[75.2041,25.0896],[75.1897,25.0546],[75.1916,25.0397],[75.1908,25.0372],[75.1908,25.0366],[75.1744,25.0463],[75.1534,25.0324],[75.1666,25.0029],[75.1323,24.9835],[75.1417,24.9783],[75.1296,24.9692],[75.1136,24.9668],[75.1167,24.878],[75.0874,24.8707],[75.0886,24.8787],[75.0765,24.8808],[75.0659,24.8683],[75.0558,24.8721],[75.0601,24.8634],[75.039,24.8454],[74.9586,24.8582],[74.9481,24.8645],[74.9531,24.8804],[74.9321,24.8752],[74.9164,24.886],[74.9028,24.93],[74.8813,24.9373],[74.87,24.9248],[74.8591,24.9627],[74.8431,24.9689],[74.8337,24.9595],[74.8259,24.8992],[74.8587,24.8402],[74.8587,24.8391],[74.8606,24.8128],[74.861,24.8055],[74.838,24.7972],[74.8466,24.7808],[74.8505,24.7763],[74.861,24.7791],[74.861,24.7985],[74.8797,24.7972],[74.9145,24.769],[74.9305,24.7788],[74.9336,24.7777],[74.9352,24.7784],[74.9777,24.7649],[74.9879,24.7673],[75.0023,24.7708],[75.007,24.7718],[75.0164,24.7319],[74.9922,24.7316],[74.9922,24.6934],[75.0015,24.6865],[74.9602,24.6788],[74.9613,24.6563],[74.9422,24.6473],[74.9434,24.6379],[74.9051,24.641],[74.9016,24.6327],[74.8946,24.6441],[74.8887,24.6337],[74.836,24.7062],[74.8091,24.7808],[74.7997,24.7791],[74.804,24.735],[74.7794,24.7312],[74.7872,24.7038],[74.7716,24.6615],[74.8103,24.6663],[74.8107,24.6657],[74.8142,24.6604],[74.8157,24.6577],[74.8138,24.6559],[74.7794,24.6153],[74.7865,24.5859],[74.7435,24.5713],[74.7556,24.5345],[74.7443,24.5324],[74.7447,24.5133],[74.7193,24.5074],[74.715,24.5026],[74.6975,24.4832],[74.6963,24.4818],[74.6939,24.4825],[74.6401,24.4977],[74.6424,24.4859],[74.6288,24.4755],[74.6186,24.5054],[74.6151,24.5064],[74.5929,24.5092],[74.5651,24.4894],[74.5644,24.4887],[74.5569,24.4276],[74.5183,24.4224],[74.5324,24.3586],[74.5281,24.2857],[74.5183,24.2861],[74.4855,24.2261],[74.4797,24.2233],[74.4719,24.2191],[74.4687,24.2177],[74.4664,24.2195],[74.4422,24.242],[74.4305,24.2524],[74.4301,24.2576],[74.4309,24.258],[74.4309,24.2705],[74.4277,24.2795],[74.4258,24.2868],[74.4254,24.2878],[74.3665,24.2836],[74.3778,24.2982],[74.368,24.3],[74.3598,24.3322],[74.3333,24.344],[74.3434,24.352],[74.343,24.3693],[74.3665,24.3718],[74.3614,24.4009],[74.3427,24.4162],[74.3087,24.4068],[74.3091,24.4415],[74.329,24.4568],[74.3411,24.4835],[74.3208,24.4845],[74.3087,24.4616],[74.2915,24.4637],[74.2833,24.4776],[74.2685,24.454],[74.2681,24.4779],[74.2564,24.4845],[74.2521,24.4651],[74.2611,24.4661],[74.2611,24.453],[74.2505,24.455],[74.2302,24.4287],[74.1982,24.4471],[74.2174,24.4814],[74.2427,24.4835],[74.2384,24.5036],[74.2505,24.5012],[74.2498,24.5154],[74.2693,24.5154],[74.2736,24.5359],[74.2619,24.5473],[74.2704,24.5765],[74.2443,24.5845],[74.2361,24.5997],[74.2154,24.5917],[74.2138,24.615],[74.2521,24.616],[74.2427,24.6403],[74.2256,24.649],[74.2127,24.6157],[74.1963,24.6143],[74.2056,24.6438],[74.2006,24.6629],[74.183,24.6563],[74.1713,24.6691],[74.1526,24.6667],[74.1549,24.6851],[74.1721,24.6868],[74.1705,24.7111],[74.1042,24.7347],[74.1182,24.752],[74.1069,24.7635],[74.1073,24.8083],[74.1295,24.8436],[74.1046,24.862],[74.137,24.8582],[74.1424,24.8811],[74.1475,24.8867],[74.1576,24.9151],[74.1791,24.9245],[74.1947,24.9543],[74.1955,24.9866],[74.2345,24.9956],[74.2611,24.9821],[74.2911,25.0015],[74.3036,24.9921],[74.3185,25.03],[74.3173,25.032],[74.2943,25.0376],[74.2841,25.056],[74.2786,25.0601],[74.2615,25.0657],[74.2634,25.0657]]]]}},{"type":"Feature","properties":{"district":"Ganganagar","district_hi":"श्रीगंगानगर"},"geometry":{"type":"Polygon","coordinates":[[[74.0409,29.0096],[74.0261,28.994],[74.0195,28.9871],[74.0214,28.9735],[74.0265,28.9333],[73.9718,28.9017],[73.9578,28.944],[73.9679,28.9756],[73.909,28.9596],[73.8782,28.9392],[73.8462,28.9367],[73.8524,28.9496],[73.843,28.968],[73.8309,28.9652],[73.8247,28.986],[73.7981,29.0048],[73.8005,29.036],[73.7708,29.0495],[73.7404,29.0034],[73.7369,29.0183],[73.7033,29.0231],[73.6908,29.036],[73.6666,29.0152],[73.6174,29.0342],[73.5628,28.9982],[73.5198,28.9933],[73.482,29.0054],[73.4675,28.9822],[73.4621,29.003],[73.336,29.0127],[73.3376,29.0034],[73.3063,28.9711],[73.2794,28.9673],[73.281,28.9357],[73.2396,28.9357],[73.2341,28.9177],[73.2087,28.9215],[73.2087,28.8927],[73.1904,28.8882],[73.2212,28.8792],[73.213,28.8722],[73.2263,28.8677],[73.2111,28.8677],[73.2056,28.8497],[73.1842,28.8497],[73.1775,28.8361],[73.151,28.8427],[73.1561,28.8229],[73.1354,28.8111],[73.1408,28.7792],[73.0991,28.7813],[73.1022,28.7657],[73.071,28.7678],[73.0706,28.7511],[73.0319,28.7477],[73.037,28.7317],[73.0089,28.7248],[72.8571,28.7248],[72.8571,28.7383],[72.893,28.7386],[72.893,28.7542],[72.8469,28.7588],[72.7927,28.7837],[72.7489,28.7837],[72.7431,28.7973],[72.7544,28.816],[72.713,28.8177],[72.708,28.8358],[72.6873,28.8288],[72.6869,28.8486],[72.6771,28.8486],[72.6767,28.8878],[72.6615,28.8923],[72.6615,28.91],[72.7325,28.9475],[72.9453,29.0277],[73.0042,29.1529],[73.0846,29.2358],[73.2825,29.572],[73.3969,29.9457],[73.5971,30.0189],[73.8063,30.0678],[73.9675,30.1938],[73.9726,30.198],[73.975,30.1199],[73.9039,30.0501],[73.8864,30.012],[73.8946,29.9738],[74.2966,29.9554],[74.297,29.9544],[74.2982,29.9544],[74.2974,29.9252],[74.2794,29.9204],[74.2533,29.8933],[74.258,29.8697],[74.2767,29.8749],[74.2818,29.8423],[74.2287,29.8413],[74.2322,29.8083],[74.2099,29.8014],[74.2088,29.7712],[74.1986,29.7702],[74.1998,29.7351],[74.1814,29.7278],[74.1842,29.75],[74.135,29.75],[74.1319,29.7171],[74.1194,29.7164],[74.1116,29.7302],[74.0804,29.7323],[74.0804,29.7396],[74.0519,29.7285],[74.0417,29.7379],[74.0183,29.7191],[73.9793,29.7191],[73.9793,29.7015],[73.959,29.7011],[73.9586,29.6723],[73.9476,29.665],[73.9379,29.6789],[73.925,29.6789],[73.9375,29.6668],[73.8887,29.6713],[73.8313,29.6557],[73.8313,29.6425],[73.8575,29.6255],[73.8606,29.6078],[73.8477,29.589],[73.8805,29.5894],[73.9094,29.6102],[73.9328,29.5939],[73.9363,29.6137],[73.9469,29.6116],[73.943,29.5876],[73.9605,29.5876],[73.9613,29.5682],[73.9133,29.5682],[73.9129,29.5592],[73.959,29.5578],[73.9414,29.5297],[73.9562,29.5162],[73.9426,29.5106],[73.9625,29.504],[73.9672,29.4839],[73.957,29.4745],[73.9488,29.4839],[73.9515,29.4575],[73.9414,29.4575],[73.9418,29.4492],[73.886,29.4489],[73.8864,29.4208],[73.9067,29.4138],[73.8977,29.3732],[73.9402,29.3705],[73.9843,29.4003],[74.0035,29.3337],[74.0195,29.3281],[74.0187,29.2868],[74.0452,29.2868],[74.0917,29.2577],[74.1077,29.2948],[74.1401,29.2952],[74.1643,29.3118],[74.1666,29.3257],[74.2029,29.3299],[74.2056,29.3413],[74.2392,29.3274],[74.2466,29.3021],[74.2166,29.2976],[74.1873,29.2785],[74.2162,29.2428],[74.2127,29.2317],[74.1928,29.2254],[74.2099,29.2167],[74.199,29.1855],[74.2068,29.1727],[74.2025,29.1498],[74.1658,29.139],[74.1627,29.1113],[74.1346,29.0825],[74.1323,29.0679],[74.1319,29.0651],[74.112,29.0644],[74.0815,29.0287],[74.0409,29.0096]]]}},{"type":"Feature","properties":{"district":"Hanumangarh","district_hi":"हनुमानगढ़"},"geometry":{"type":"Polygon","coordinates":[[[75.4742,28.926],[75.4527,28.9544],[75.4508,28.9843],[75.4274,28.9999],[75.4274,28.9995],[75.402,28.9701],[75.3989,28.9409],[75.3774,28.9381],[75.3751,28.9208],[75.3665,28.9149],[75.3532,28.9149],[75.3329,28.9204],[75.3341,28.9381],[75.3345,28.9392],[75.3345,28.9395],[75.3552,28.9468],[75.3575,28.9475],[75.3575,28.9669],[75.3341,28.9819],[75.2947,28.9829],[75.2912,28.9694],[75.3075,28.951],[75.2997,28.9496],[75.2931,28.9177],[75.2763,28.9312],[75.2435,28.9312],[75.2467,28.884],[75.2193,28.8653],[75.2217,28.8583],[75.1904,28.8674],[75.1893,28.8677],[75.1838,28.8608],[75.1702,28.8472],[75.1475,28.8743],[75.1225,28.8767],[75.0277,28.851],[75.0292,28.8809],[75.0449,28.8955],[75.0359,28.9385],[75.0023,28.9305],[74.9949,28.9093],[74.9465,28.9066],[74.9414,28.8927],[74.9239,28.892],[74.8973,28.9267],[74.9012,28.9388],[74.8598,28.944],[74.8025,28.9291],[74.7806,28.9132],[74.7654,28.8889],[74.7677,28.8726],[74.7958,28.8563],[74.7986,28.8313],[74.7716,28.8223],[74.7529,28.8281],[74.7486,28.8535],[74.7201,28.8504],[74.6924,28.8334],[74.635,28.8365],[74.6315,28.8125],[74.5956,28.8115],[74.5823,28.8292],[74.5417,28.8167],[74.5238,28.8257],[74.4765,28.8153],[74.4371,28.8288],[74.4192,28.8851],[74.3797,28.875],[74.3614,28.8528],[74.2685,28.7962],[74.254,28.7983],[74.2509,28.799],[74.2459,28.8125],[74.2263,28.8125],[74.2252,28.8125],[74.224,28.8122],[74.1951,28.8094],[74.1838,28.8025],[74.1783,28.7994],[74.1697,28.7941],[74.1604,28.7768],[74.16,28.7765],[74.16,28.7796],[74.1385,28.7973],[74.1373,28.7969],[74.0573,28.7771],[74.0925,28.8271],[74.1268,28.8406],[74.1272,28.841],[74.1186,28.8472],[74.1323,28.8764],[74.1225,28.8982],[74.1127,28.8965],[74.1151,28.9392],[74.0675,28.9354],[74.0761,28.9638],[74.055,28.9989],[74.0409,28.9982],[74.0409,29.0096],[74.0815,29.0287],[74.112,29.0644],[74.1319,29.0651],[74.1323,29.0679],[74.1346,29.0825],[74.1627,29.1113],[74.1658,29.139],[74.2025,29.1498],[74.2068,29.1727],[74.199,29.1855],[74.2099,29.2167],[74.1928,29.2254],[74.2127,29.2317],[74.2162,29.2428],[74.1873,29.2785],[74.2166,29.2976],[74.2466,29.3021],[74.2392,29.3274],[74.2056,29.3413],[74.2029,29.3299],[74.1666,29.3257],[74.1643,29.3118],[74.1401,29.2952],[74.1077,29.2948],[74.0917,29.2577],[74.0452,29.2868],[74.0187,29.2868],[74.0195,29.3281],[74.0035,29.3337],[73.9843,29.4003],[73.9402,29.3705],[73.8977,29.3732],[73.9067,29.4138],[73.8864,29.4208],[73.886,29.4489],[73.9418,29.4492],[73.9414,29.4575],[73.9515,29.4575],[73.9488,29.4839],[73.957,29.4745],[73.9672,29.4839],[73.9625,29.504],[73.9426,29.5106],[73.9562,29.5162],[73.9414,29.5297],[73.959,29.5578],[73.9129,29.5592],[73.9133,29.5682],[73.9613,29.5682],[73.9605,29.5876],[73.943,29.5876],[73.9469,29.6116],[73.9363,29.6137],[73.9328,29.5939],[73.9094,29.6102],[73.8805,29.5894],[73.8477,29.589],[73.8606,29.6078],[73.8575,29.6255],[73.8313,29.6425],[73.8313,29.6557],[73.8887,29.6713],[73.9375,29.6668],[73.925,29.6789],[73.9379,29.6789],[73.9476,29.665],[73.9586,29.6723],[73.959,29.7011],[73.9793,29.7015],[73.9793,29.7191],[74.0183,29.7191],[74.0417,29.7379],[74.0519,29.7285],[74.0804,29.7396],[74.0804,29.7323],[74.1116,29.7302],[74.1194,29.7164],[74.1319,29.7171],[74.135,29.75],[74.1842,29.75],[74.1814,29.7278],[74.1998,29.7351],[74.1986,29.7702],[74.2088,29.7712],[74.2099,29.8014],[74.2322,29.8083],[74.2287,29.8413],[74.2818,29.8423],[74.2767,29.8749],[74.258,29.8697],[74.2533,29.8933],[74.2794,29.9204],[74.2974,29.9252],[74.2982,29.9544],[74.2982,29.9554],[74.448,29.9471],[74.4488,29.9471],[74.5273,29.9429],[74.5265,29.9412],[74.5101,29.9082],[74.5437,29.9013],[74.5608,29.8697],[74.539,29.8406],[74.5078,29.833],[74.4851,29.8146],[74.475,29.7729],[74.4761,29.7601],[74.48,29.7452],[74.5339,29.7403],[74.5624,29.7556],[74.5761,29.7483],[74.5874,29.767],[74.6163,29.7521],[74.5854,29.6546],[74.5913,29.6397],[74.5815,29.6272],[74.5749,29.5644],[74.6229,29.5311],[74.6217,29.5221],[74.6011,29.5009],[74.5847,29.4586],[74.5413,29.4634],[74.5386,29.4568],[74.5366,29.4246],[74.5663,29.4204],[74.578,29.3885],[74.603,29.3649],[74.5991,29.3274],[74.6545,29.333],[74.658,29.3718],[74.7193,29.3701],[74.7392,29.3541],[74.7623,29.3545],[74.7876,29.3614],[74.8204,29.3972],[74.8505,29.4038],[74.9383,29.3621],[74.9399,29.3399],[74.9609,29.3201],[74.9484,29.3014],[74.9613,29.2806],[74.9988,29.2705],[75.0199,29.2861],[75.0499,29.2861],[75.0819,29.2278],[75.1194,29.223],[75.1245,29.24],[75.1627,29.2442],[75.1744,29.2511],[75.1686,29.2587],[75.1881,29.2681],[75.21,29.2348],[75.2385,29.2303],[75.2396,29.2594],[75.2451,29.2504],[75.2841,29.249],[75.2884,29.2733],[75.3068,29.2747],[75.3228,29.2896],[75.3458,29.2834],[75.3282,29.2355],[75.3509,29.2251],[75.3759,29.2553],[75.4055,29.2605],[75.4075,29.2556],[75.409,29.2511],[75.4122,29.2428],[75.3969,29.2174],[75.4086,29.2133],[75.4145,29.1845],[75.4067,29.1699],[75.3813,29.1689],[75.3786,29.1422],[75.3716,29.1411],[75.3716,29.1408],[75.3759,29.138],[75.4012,29.1227],[75.4059,29.1203],[75.4001,29.1151],[75.3911,29.0627],[75.4418,29.0575],[75.452,29.0391],[75.4457,29.0082],[75.4727,29.0141],[75.5012,29.0082],[75.5164,29.0051],[75.5218,29.0037],[75.5273,28.9711],[75.5273,28.9708],[75.5261,28.9697],[75.5234,28.9669],[75.5109,28.9454],[75.5117,28.942],[75.509,28.9416],[75.5058,28.9361],[75.4773,28.9347],[75.4742,28.926]]]}},{"type":"Feature","properties":{"district":"Bikaner","district_hi":"बीकानेर"},"geometry":{"type":"Polygon","coordinates":[[[74.16,28.7765],[74.1608,28.765],[74.151,28.7591],[74.1389,28.7369],[74.174,28.7366],[74.1924,28.7095],[74.0792,28.6699],[74.1085,28.5853],[74.0542,28.5263],[74.0647,28.4954],[74.0589,28.4479],[74.0792,28.4236],[74.0296,28.4042],[74.0277,28.3764],[74.0616,28.332],[74.1268,28.3466],[74.1483,28.3375],[74.1498,28.3188],[74.1975,28.3313],[74.2111,28.3032],[74.1939,28.2872],[74.199,28.2793],[74.2107,28.2827],[74.2482,28.2466],[74.279,28.2591],[74.3212,28.2543],[74.3583,28.2054],[74.3407,28.1651],[74.2943,28.145],[74.297,28.1197],[74.2779,28.0916],[74.2962,28.0444],[74.2388,27.9989],[74.2447,27.9705],[74.233,27.9639],[74.2513,27.934],[74.2349,27.9056],[74.222,27.9032],[74.2181,27.8764],[74.2318,27.8351],[74.2263,27.8175],[74.1752,27.7949],[74.119,27.7977],[74.0866,27.7727],[74.0659,27.7307],[74.0394,27.72],[74.0351,27.73],[74.0191,27.722],[73.9972,27.7345],[74.0245,27.7612],[73.991,27.7547],[73.9906,27.7776],[74.0316,27.7678],[74.0038,27.7883],[73.9921,27.8109],[73.9223,27.7824],[73.8864,27.7911],[73.8672,27.7793],[73.8629,27.7342],[73.8766,27.6977],[73.8657,27.687],[73.8711,27.6634],[73.8575,27.6599],[73.8949,27.6023],[73.8743,27.5798],[73.8844,27.5593],[73.877,27.5385],[73.8758,27.5381],[73.875,27.5378],[73.8731,27.5371],[73.8302,27.5062],[73.7954,27.4972],[73.7587,27.535],[73.7045,27.5194],[73.6701,27.5586],[73.6607,27.5645],[73.6159,27.5378],[73.6291,27.5173],[73.6112,27.4885],[73.5784,27.4819],[73.5448,27.4955],[73.5394,27.4913],[73.5237,27.4733],[73.5198,27.4636],[73.5222,27.4455],[73.5027,27.4337],[73.5003,27.4028],[73.5019,27.3907],[73.5218,27.3716],[73.4867,27.3577],[73.4956,27.3289],[73.4387,27.3126],[73.3582,27.2595],[73.3528,27.254],[73.3356,27.2193],[73.352,27.2099],[73.3313,27.1853],[73.3301,27.1863],[73.3258,27.1908],[73.32,27.1967],[73.2977,27.2196],[73.2579,27.2599],[73.2611,27.2686],[73.2396,27.2928],[73.2466,27.3116],[73.2275,27.3348],[73.1873,27.3147],[73.1818,27.2873],[73.133,27.3074],[73.1342,27.3095],[73.1338,27.3095],[73.1252,27.4011],[73.1049,27.4198],[73.0803,27.4278],[73.0733,27.4292],[73.0327,27.4216],[72.9792,27.382],[72.9422,27.4032],[72.932,27.4486],[72.8949,27.4153],[72.8879,27.4507],[72.8528,27.4441],[72.8539,27.4459],[72.8731,27.4767],[72.8254,27.4684],[72.8172,27.4781],[72.8126,27.518],[72.8364,27.5316],[72.843,27.5569],[72.8262,27.585],[72.7661,27.5652],[72.7735,27.5402],[72.7614,27.5253],[72.7267,27.5503],[72.7119,27.5895],[72.6896,27.6055],[72.6553,27.5368],[72.6205,27.5732],[72.6174,27.593],[72.5991,27.6079],[72.5635,27.6089],[72.5534,27.6204],[72.4991,27.5871],[72.446,27.5892],[72.4378,27.5687],[72.4027,27.5468],[72.3871,27.5499],[72.3649,27.5305],[72.359,27.4937],[72.3235,27.517],[72.2642,27.458],[72.2517,27.4625],[72.2415,27.476],[72.2427,27.484],[72.2431,27.4878],[72.2458,27.5132],[72.2763,27.5173],[72.2911,27.5475],[72.2778,27.5527],[72.2798,27.5538],[72.2563,27.561],[72.2766,27.5687],[72.2977,27.5999],[72.3375,27.6936],[72.2938,27.7099],[72.2197,27.6606],[72.2142,27.6787],[72.183,27.6984],[72.1826,27.6988],[72.1404,27.7141],[72.0967,27.7154],[72.0944,27.7179],[72.0951,27.7442],[72.0998,27.7474],[72.1627,27.7914],[72.1498,27.8011],[72.1377,27.8469],[72.1494,27.8601],[72.1392,27.8799],[72.0881,27.9038],[72.0666,27.9299],[72.0288,27.951],[72.0065,27.9507],[71.9835,27.9292],[71.9624,27.9323],[71.9308,27.8914],[71.9374,27.883],[71.9355,27.8782],[71.9261,27.8688],[71.9234,27.8678],[71.9222,27.8671],[71.8988,27.8827],[71.8918,27.8685],[71.8828,27.8834],[71.8707,27.9042],[71.8801,27.9139],[71.875,27.9559],[71.8984,27.9614],[71.9277,28.1217],[71.996,28.2081],[72.1322,28.3129],[72.206,28.3941],[72.2993,28.6696],[72.4035,28.7834],[72.4792,28.8122],[72.6615,28.9097],[72.6615,28.8923],[72.6767,28.8878],[72.6771,28.8486],[72.6869,28.8486],[72.6873,28.8288],[72.708,28.8358],[72.713,28.8177],[72.7544,28.816],[72.7431,28.7973],[72.7489,28.7837],[72.7927,28.7837],[72.8469,28.7588],[72.893,28.7542],[72.893,28.7386],[72.8571,28.7383],[72.8571,28.7248],[73.0089,28.7248],[73.037,28.7317],[73.0319,28.7477],[73.0706,28.7511],[73.071,28.7678],[73.1022,28.7657],[73.0991,28.7813],[73.1408,28.7792],[73.1354,28.8111],[73.1561,28.8229],[73.151,28.8427],[73.1775,28.8361],[73.1842,28.8497],[73.2056,28.8497],[73.2111,28.8677],[73.2263,28.8677],[73.213,28.8722],[73.2212,28.8792],[73.1904,28.8882],[73.2087,28.8927],[73.2087,28.9215],[73.2341,28.9177],[73.2396,28.9357],[73.281,28.9357],[73.2794,28.9673],[73.3063,28.9711],[73.3376,29.0034],[73.336,29.0127],[73.4621,29.003],[73.4675,28.9822],[73.482,29.0054],[73.5198,28.9933],[73.5628,28.9982],[73.6174,29.0342],[73.6666,29.0152],[73.6908,29.036],[73.7033,29.0231],[73.7369,29.0183],[73.7404,29.0034],[73.7708,29.0495],[73.8005,29.036],[73.7981,29.0048],[73.8247,28.986],[73.8309,28.9652],[73.843,28.968],[73.8524,28.9496],[73.8462,28.9367],[73.8782,28.9392],[73.909,28.9596],[73.9679,28.9756],[73.9578,28.944],[73.9718,28.9017],[74.0265,28.9333],[74.0214,28.9735],[74.0195,28.9871],[74.0261,28.994],[74.0409,29.0096],[74.0409,28.9982],[74.055,28.9989],[74.0761,28.9638],[74.0675,28.9354],[74.1151,28.9392],[74.1127,28.8965],[74.1225,28.8982],[74.1323,28.8764],[74.1186,28.8472],[74.1272,28.841],[74.1268,28.8406],[74.0925,28.8271],[74.0573,28.7771],[74.1373,28.7969],[74.1385,28.7973],[74.16,28.7796],[74.16,28.7765]]]}},{"type":"Feature","properties":{"district":"Pratapgarh","district_hi":"प्रतापगढ़"},"geometry":{"type":"Polygon","coordinates":[[[74.2708,23.9488],[74.2408,23.9804],[74.2685,24.022],[74.2646,24.0408],[74.263,24.0425],[74.2338,24.0717],[74.222,24.0994],[74.2638,24.1254],[74.2568,24.1456],[74.2283,24.1646],[74.2166,24.2004],[74.2388,24.207],[74.2997,24.1966],[74.3559,24.1671],[74.3786,24.1719],[74.3965,24.1976],[74.3754,24.2278],[74.379,24.2354],[74.4301,24.2576],[74.4305,24.2524],[74.4422,24.242],[74.4664,24.2195],[74.4687,24.2177],[74.4719,24.2191],[74.4797,24.2233],[74.4855,24.2261],[74.5183,24.2861],[74.5281,24.2857],[74.5324,24.3586],[74.5183,24.4224],[74.5569,24.4276],[74.5644,24.4887],[74.5651,24.4894],[74.5929,24.5092],[74.6151,24.5064],[74.6186,24.5054],[74.6288,24.4755],[74.6424,24.4859],[74.6401,24.4977],[74.6939,24.4825],[74.6963,24.4818],[74.6975,24.4832],[74.7275,24.4887],[74.7443,24.4686],[74.7767,24.4603],[74.7868,24.472],[74.815,24.4686],[74.822,24.453],[74.8138,24.4367],[74.852,24.4439],[74.8544,24.4446],[74.8548,24.4318],[74.8552,24.4256],[74.8552,24.4242],[74.8251,24.3999],[74.8216,24.3794],[74.8071,24.3808],[74.8021,24.3586],[74.781,24.3385],[74.7814,24.2899],[74.7814,24.2892],[74.7498,24.2562],[74.7545,24.242],[74.8676,24.2431],[74.8969,24.2271],[74.8973,24.2198],[74.9079,24.2115],[74.9075,24.2111],[74.8794,24.1737],[74.8961,24.1577],[74.9032,24.1091],[74.918,24.0977],[74.9207,24.0776],[74.9402,24.0699],[74.9395,24.054],[74.9738,24.0397],[74.9824,24.0259],[74.9652,24.0068],[74.959,23.9721],[74.9313,23.9575],[74.916,23.9308],[74.9207,23.9193],[74.9024,23.8732],[74.9137,23.8423],[74.9036,23.7941],[74.9242,23.7965],[74.9402,23.7646],[74.9242,23.7563],[74.9363,23.7296],[74.9203,23.7195],[74.9215,23.6949],[74.8997,23.6841],[74.9012,23.6831],[74.9219,23.6664],[74.9363,23.6286],[74.9149,23.6182],[74.9028,23.6244],[74.9028,23.6248],[74.8473,23.5519],[74.8029,23.5325],[74.7943,23.5509],[74.7728,23.5439],[74.7724,23.5429],[74.7708,23.5422],[74.7689,23.5564],[74.7771,23.5502],[74.7767,23.5512],[74.7623,23.5717],[74.7751,23.5852],[74.7767,23.5869],[74.7744,23.589],[74.7634,23.5994],[74.7482,23.614],[74.7365,23.6144],[74.6998,23.6348],[74.6908,23.6581],[74.6752,23.6685],[74.6647,23.6754],[74.6627,23.6768],[74.6623,23.6758],[74.6495,23.6445],[74.6202,23.6553],[74.6073,23.6411],[74.5183,23.6355],[74.5394,23.6737],[74.5394,23.7073],[74.5261,23.7306],[74.5624,23.7386],[74.5519,23.7563],[74.5608,23.8048],[74.5441,23.8059],[74.5476,23.8284],[74.5167,23.834],[74.5304,23.8784],[74.489,23.9048],[74.4902,23.9204],[74.4879,23.9214],[74.4851,23.9228],[74.48,23.9252],[74.4473,23.92],[74.4402,23.9131],[74.395,23.903],[74.377,23.9023],[74.3762,23.9044],[74.3633,23.9367],[74.3169,23.9408],[74.3001,23.9624],[74.2837,23.9547],[74.272,23.9495],[74.2708,23.9488]]]}}]}